ChampionA,ChampionB,Games,Wins,WinRate
Briar,Janna,196,106,0.5408163265306123
Briar,Kaisa,718,391,0.5445682451253482
Briar,Swain,462,239,0.5173160173160173
Briar,Trundle,213,110,0.5164319248826291
Janna,Kaisa,376,164,0.43617021276595747
Janna,Swain,168,92,0.5476190476190477
Janna,Trundle,174,89,0.5114942528735632
Kaisa,Swain,667,333,0.4992503748125937
Kaisa,Trundle,546,270,0.4945054945054945
Swain,Trundle,379,199,0.525065963060686
LeeSin,Nasus,245,118,0.4816326530612245
LeeSin,Rell,153,83,0.5424836601307189
LeeSin,Xayah,263,124,0.4714828897338403
LeeSin,Xerath,353,166,0.4702549575070821
Nasus,Rell,135,70,0.5185185185185185
Nasus,Xayah,240,121,0.5041666666666667
Nasus,Xerath,323,167,0.5170278637770898
Rell,Xayah,133,79,0.5939849624060151
Rell,Xerath,113,55,0.48672566371681414
Xayah,Xerath,286,163,0.5699300699300699
Ahri,MasterYi,755,384,0.5086092715231788
Ahri,Nami,805,430,0.5341614906832298
Ahri,Yorick,479,237,0.49478079331941544
Ahri,Yunara,658,308,0.46808510638297873
MasterYi,Nami,634,323,0.5094637223974764
MasterYi,Yorick,416,232,0.5576923076923077
MasterYi,Yunara,553,268,0.484629294755877
Nami,Yorick,406,232,0.5714285714285714
Nami,Yunara,593,296,0.4991568296795953
Yorick,Yunara,303,171,0.5643564356435643
Aatrox,Aphelios,360,170,0.4722222222222222
Aatrox,Malzahar,513,257,0.5009746588693957
Aatrox,Nocturne,286,148,0.5174825174825175
Aatrox,Soraka,386,187,0.4844559585492228
Aphelios,Malzahar,332,172,0.5180722891566265
Aphelios,Nocturne,214,115,0.5373831775700935
Aphelios,Soraka,384,195,0.5078125
Malzahar,Nocturne,396,209,0.5277777777777778
Malzahar,Soraka,458,244,0.5327510917030568
Nocturne,Soraka,228,118,0.5175438596491229
Aphelios,Irelia,242,105,0.43388429752066116
Aphelios,Lulu,346,166,0.4797687861271676
Aphelios,Rammus,145,84,0.5793103448275863
Aphelios,Vladimir,240,107,0.44583333333333336
Irelia,Lulu,278,127,0.4568345323741007
Irelia,Rammus,126,62,0.49206349206349204
Irelia,Vladimir,167,73,0.437125748502994
Lulu,Rammus,167,64,0.38323353293413176
Lulu,Vladimir,297,144,0.48484848484848486
Rammus,Vladimir,146,70,0.4794520547945205
Aatrox,Diana,500,247,0.494
Aatrox,Katarina,381,185,0.48556430446194226
Aatrox,Kayle,224,121,0.5401785714285714
Aatrox,Twitch,418,201,0.48086124401913877
Diana,Katarina,255,141,0.5529411764705883
Diana,Kayle,426,232,0.5446009389671361
Diana,Twitch,473,251,0.5306553911205074
Katarina,Kayle,245,118,0.4816326530612245
Katarina,Twitch,360,180,0.5
Kayle,Twitch,378,192,0.5079365079365079
Corki,Hwei,127,58,0.4566929133858268
Corki,MonkeyKing,127,59,0.4645669291338583
Corki,Sett,193,100,0.5181347150259067
Corki,Sivir,81,36,0.4444444444444444
Hwei,MonkeyKing,236,118,0.5
Hwei,Sett,421,242,0.5748218527315915
Hwei,Sivir,307,149,0.48534201954397393
MonkeyKing,Sett,299,151,0.5050167224080268
MonkeyKing,Sivir,257,143,0.556420233463035
Sett,Sivir,462,244,0.5281385281385281
Bard,Graves,232,109,0.4698275862068966
Bard,Heimerdinger,169,87,0.514792899408284
Bard,Ornn,185,91,0.4918918918918919
Bard,Samira,162,77,0.47530864197530864
Graves,Heimerdinger,205,102,0.4975609756097561
Graves,Ornn,211,100,0.47393364928909953
Graves,Samira,205,97,0.47317073170731705
Heimerdinger,Ornn,148,73,0.49324324324324326
Heimerdinger,Samira,206,107,0.5194174757281553
Ornn,Samira,230,105,0.45652173913043476
FiddleSticks,Galio,259,141,0.5444015444015444
FiddleSticks,Rammus,100,52,0.52
FiddleSticks,Renata,109,45,0.41284403669724773
FiddleSticks,Rengar,107,48,0.4485981308411215
FiddleSticks,TahmKench,227,120,0.5286343612334802
FiddleSticks,Twitch,277,139,0.5018050541516246
FiddleSticks,Zed,294,140,0.47619047619047616
Galio,Rammus,178,93,0.5224719101123596
Galio,Renata,120,57,0.475
Galio,Rengar,242,109,0.45041322314049587
Galio,TahmKench,265,144,0.5433962264150943
Galio,Twitch,394,198,0.5025380710659898
Galio,Zed,265,124,0.4679245283018868
Rammus,Renata,78,34,0.4358974358974359
Rammus,Rengar,65,25,0.38461538461538464
Rammus,TahmKench,152,75,0.4934210526315789
Rammus,Twitch,185,89,0.4810810810810811
Rammus,Zed,161,82,0.5093167701863354
Renata,Rengar,77,34,0.44155844155844154
Renata,TahmKench,115,54,0.46956521739130436
Renata,Twitch,164,84,0.5121951219512195
Renata,Zed,143,70,0.48951048951048953
Rengar,TahmKench,189,80,0.42328042328042326
Rengar,Twitch,273,139,0.5091575091575091
Rengar,Zed,198,94,0.47474747474747475
TahmKench,Twitch,315,150,0.47619047619047616
TahmKench,Zed,346,147,0.42485549132947975
Twitch,Zed,437,207,0.47368421052631576
Ahri,Gangplank,263,125,0.4752851711026616
Ahri,Leona,656,354,0.5396341463414634
Ahri,Neeko,375,200,0.5333333333333333
Ahri,Rammus,267,125,0.4681647940074906
Ahri,Samira,478,249,0.5209205020920502
Ahri,Smolder,851,442,0.5193889541715628
Ahri,Taliyah,138,72,0.5217391304347826
Gangplank,Leona,230,106,0.4608695652173913
Gangplank,Neeko,158,74,0.46835443037974683
Gangplank,Rammus,106,46,0.4339622641509434
Gangplank,Samira,152,76,0.5
Gangplank,Smolder,325,149,0.4584615384615385
Gangplank,Taliyah,95,41,0.43157894736842106
Leona,Neeko,216,122,0.5648148148148148
Leona,Rammus,209,99,0.47368421052631576
Leona,Samira,617,322,0.5218800648298217
Leona,Smolder,624,305,0.48878205128205127
Leona,Taliyah,182,91,0.5
Neeko,Rammus,137,67,0.48905109489051096
Neeko,Samira,254,131,0.515748031496063
Neeko,Smolder,452,227,0.5022123893805309
Neeko,Taliyah,117,46,0.39316239316239315
Rammus,Samira,144,74,0.5138888888888888
Rammus,Smolder,279,145,0.5197132616487455
Rammus,Taliyah,81,46,0.5679012345679012
Samira,Smolder,200,90,0.45
Samira,Taliyah,133,65,0.48872180451127817
Smolder,Taliyah,230,113,0.49130434782608695
Hwei,Shen,288,144,0.5
Hwei,Teemo,464,237,0.5107758620689655
MonkeyKing,Shen,171,86,0.5029239766081871
MonkeyKing,Teemo,306,148,0.48366013071895425
Shen,Sivir,322,167,0.5186335403726708
Shen,Teemo,357,181,0.5070028011204482
Sivir,Teemo,576,331,0.5746527777777778
Ahri,Caitlyn,1380,663,0.48043478260869565
Ahri,Rengar,390,177,0.45384615384615384
Ahri,Soraka,503,239,0.47514910536779326
Ahri,Zaahen,930,500,0.5376344086021505
Caitlyn,Rengar,522,227,0.43486590038314177
Caitlyn,Soraka,765,391,0.5111111111111111
Caitlyn,Zaahen,1423,735,0.516514406184118
Rengar,Soraka,241,114,0.4730290456431535
Rengar,Zaahen,342,159,0.4649122807017544
Soraka,Zaahen,549,309,0.5628415300546448
Graves,Irelia,195,104,0.5333333333333333
Graves,Lulu,247,112,0.4534412955465587
Graves,Senna,315,148,0.46984126984126984
Graves,Udyr,108,47,0.4351851851851852
Irelia,Senna,319,153,0.47962382445141066
Irelia,Udyr,163,88,0.5398773006134969
Lulu,Senna,155,72,0.4645161290322581
Lulu,Udyr,225,104,0.4622222222222222
Senna,Udyr,288,152,0.5277777777777778
Anivia,Bard,160,73,0.45625
Anivia,Caitlyn,500,229,0.458
Anivia,Jayce,145,65,0.4482758620689655
Anivia,Milio,190,103,0.5421052631578948
Bard,Caitlyn,702,343,0.4886039886039886
Bard,Jayce,162,85,0.5246913580246914
Bard,Milio,61,21,0.3442622950819672
Caitlyn,Jayce,407,188,0.4619164619164619
Caitlyn,Milio,933,487,0.5219721329046088
Jayce,Milio,180,93,0.5166666666666667
Blitzcrank,Jhin,783,357,0.4559386973180077
Blitzcrank,Riven,305,132,0.43278688524590164
Blitzcrank,Warwick,465,237,0.5096774193548387
Blitzcrank,Yone,480,224,0.4666666666666667
Jhin,Riven,625,311,0.4976
Jhin,Warwick,1188,625,0.5260942760942761
Jhin,Yone,1121,544,0.4852809991079393
Riven,Warwick,308,159,0.5162337662337663
Riven,Yone,274,134,0.48905109489051096
Warwick,Yone,693,365,0.5266955266955267
Briar,Nilah,170,91,0.5352941176470588
Briar,TahmKench,355,185,0.5211267605633803
Briar,Vex,294,152,0.5170068027210885
Briar,Zaahen,548,293,0.5346715328467153
Nilah,TahmKench,141,72,0.5106382978723404
Nilah,Vex,112,56,0.5
Nilah,Zaahen,210,127,0.6047619047619047
TahmKench,Vex,217,109,0.5023041474654378
TahmKench,Zaahen,404,212,0.5247524752475248
Vex,Zaahen,359,188,0.5236768802228412
Draven,Gwen,238,108,0.453781512605042
Draven,Qiyana,150,59,0.3933333333333333
Draven,Rell,140,67,0.4785714285714286
Draven,Sylas,420,204,0.4857142857142857
Gwen,Qiyana,217,103,0.47465437788018433
Gwen,Rell,167,76,0.4550898203592814
Gwen,Sylas,368,166,0.45108695652173914
Qiyana,Rell,97,48,0.4948453608247423
Qiyana,Sylas,243,105,0.43209876543209874
Rell,Sylas,249,121,0.4859437751004016
Akshan,Mel,296,157,0.5304054054054054
Akshan,Nami,284,135,0.4753521126760563
Akshan,Shyvana,99,33,0.3333333333333333
Akshan,Warwick,283,144,0.508833922261484
Mel,Nami,738,406,0.5501355013550135
Mel,Shyvana,246,120,0.4878048780487805
Mel,Warwick,955,486,0.5089005235602094
Nami,Shyvana,194,103,0.5309278350515464
Nami,Warwick,693,354,0.5108225108225108
Shyvana,Warwick,117,57,0.48717948717948717
Akshan,Hecarim,118,58,0.4915254237288136
Akshan,Jax,276,153,0.5543478260869565
Akshan,Jhin,444,199,0.44819819819819817
Akshan,Maokai,157,74,0.4713375796178344
Akshan,Morgana,399,199,0.49874686716791977
Akshan,Rammus,101,46,0.45544554455445546
Akshan,Tristana,229,106,0.462882096069869
Hecarim,Jax,188,106,0.5638297872340425
Hecarim,Jhin,425,193,0.4541176470588235
Hecarim,Maokai,122,61,0.5
Hecarim,Morgana,344,174,0.5058139534883721
Hecarim,Rammus,65,28,0.4307692307692308
Hecarim,Tristana,232,118,0.5086206896551724
Jax,Jhin,1149,594,0.5169712793733682
Jax,Maokai,260,124,0.47692307692307695
Jax,Morgana,902,484,0.5365853658536586
Jax,Rammus,182,94,0.5164835164835165
Jax,Tristana,618,312,0.5048543689320388
Jhin,Maokai,478,231,0.48326359832635984
Jhin,Morgana,1659,863,0.5201928872814949
Jhin,Rammus,384,201,0.5234375
Jhin,Tristana,306,159,0.5196078431372549
Maokai,Morgana,271,127,0.46863468634686345
Maokai,Rammus,99,48,0.48484848484848486
Maokai,Tristana,302,154,0.5099337748344371
Morgana,Rammus,289,144,0.4982698961937716
Morgana,Tristana,806,431,0.5347394540942928
Rammus,Tristana,231,115,0.49783549783549785
Ashe,Draven,174,79,0.4540229885057471
Ashe,Kalista,110,46,0.41818181818181815
Ashe,Malzahar,1049,548,0.5224022878932316
Ashe,MonkeyKing,514,261,0.5077821011673151
Ashe,Nautilus,932,431,0.4624463519313305
Ashe,Sion,781,400,0.5121638924455826
Ashe,Zilean,377,200,0.5305039787798409
Draven,Kalista,53,23,0.4339622641509434
Draven,Malzahar,323,163,0.5046439628482973
Draven,MonkeyKing,173,88,0.5086705202312138
Draven,Nautilus,512,245,0.478515625
Draven,Sion,272,142,0.5220588235294118
Draven,Zilean,122,51,0.4180327868852459
Kalista,Malzahar,168,91,0.5416666666666666
Kalista,MonkeyKing,88,48,0.5454545454545454
Kalista,Nautilus,231,97,0.4199134199134199
Kalista,Sion,124,71,0.5725806451612904
Kalista,Zilean,73,34,0.4657534246575342
Malzahar,MonkeyKing,329,174,0.5288753799392097
Malzahar,Nautilus,649,330,0.5084745762711864
Malzahar,Sion,490,273,0.5571428571428572
Malzahar,Zilean,235,123,0.5234042553191489
MonkeyKing,Nautilus,319,160,0.5015673981191222
MonkeyKing,Sion,242,134,0.5537190082644629
MonkeyKing,Zilean,129,69,0.5348837209302325
Nautilus,Sion,407,189,0.4643734643734644
Nautilus,Zilean,137,74,0.5401459854014599
Sion,Zilean,206,112,0.5436893203883495
Caitlyn,Cassiopeia,306,137,0.4477124183006536
Caitlyn,DrMundo,1390,672,0.48345323741007196
Caitlyn,Ivern,318,147,0.46226415094339623
Caitlyn,Ziggs,424,209,0.49292452830188677
Cassiopeia,DrMundo,208,106,0.5096153846153846
Cassiopeia,Ivern,68,32,0.47058823529411764
Cassiopeia,Ziggs,110,55,0.5
DrMundo,Ivern,177,96,0.5423728813559322
DrMundo,Ziggs,420,238,0.5666666666666667
Ivern,Ziggs,86,44,0.5116279069767442
Jinx,Khazix,580,294,0.506896551724138
Jinx,Lulu,1174,601,0.5119250425894378
Jinx,Teemo,1321,695,0.526116578349735
Jinx,Vladimir,652,300,0.4601226993865031
Khazix,Lulu,241,104,0.4315352697095436
Khazix,Teemo,378,202,0.5343915343915344
Khazix,Vladimir,246,121,0.491869918699187
Lulu,Teemo,397,190,0.47858942065491183
Teemo,Vladimir,321,163,0.5077881619937694
Akali,Caitlyn,1043,488,0.4678811121764142
Akali,Karthus,152,73,0.48026315789473684
Akali,Neeko,307,147,0.4788273615635179
Akali,Ornn,280,134,0.4785714285714286
Caitlyn,Karthus,357,187,0.5238095238095238
Caitlyn,Neeko,780,363,0.4653846153846154
Caitlyn,Ornn,616,295,0.4788961038961039
Karthus,Neeko,124,61,0.49193548387096775
Karthus,Ornn,134,62,0.4626865671641791
Neeko,Ornn,226,112,0.49557522123893805
Malphite,Pantheon,694,358,0.515850144092219
Malphite,Xerath,498,262,0.5261044176706827
Malphite,Yunara,608,307,0.5049342105263158
Malphite,Zilean,284,148,0.5211267605633803
Pantheon,Xerath,541,269,0.49722735674676527
Pantheon,Yunara,630,321,0.5095238095238095
Pantheon,Zilean,208,114,0.5480769230769231
Xerath,Yunara,347,181,0.521613832853026
Xerath,Zilean,145,65,0.4482758620689655
Yunara,Zilean,215,107,0.49767441860465117
Cassiopeia,Nilah,69,33,0.4782608695652174
Cassiopeia,TwistedFate,77,38,0.4935064935064935
Cassiopeia,Twitch,171,80,0.4678362573099415
Cassiopeia,Yasuo,155,77,0.4967741935483871
Nilah,TwistedFate,130,63,0.4846153846153846
Nilah,Twitch,74,40,0.5405405405405406
Nilah,Yasuo,228,111,0.4868421052631579
TwistedFate,Twitch,317,153,0.48264984227129337
TwistedFate,Yasuo,256,130,0.5078125
Twitch,Yasuo,576,310,0.5381944444444444
Kaisa,Lulu,539,248,0.4601113172541744
Kaisa,Sejuani,250,125,0.5
Kaisa,Vex,399,212,0.531328320802005
Kaisa,Yuumi,468,217,0.4636752136752137
Lulu,Sejuani,143,73,0.5104895104895105
Lulu,Vex,229,119,0.519650655021834
Lulu,Yuumi,74,30,0.40540540540540543
Sejuani,Vex,123,71,0.5772357723577236
Sejuani,Yuumi,132,54,0.4090909090909091
Vex,Yuumi,191,88,0.4607329842931937
Amumu,Fiora,248,134,0.5403225806451613
Amumu,Mel,780,419,0.5371794871794872
Amumu,Swain,470,277,0.5893617021276596
Amumu,Xayah,321,166,0.5171339563862928
Fiora,Mel,352,156,0.4431818181818182
Fiora,Swain,228,114,0.5
Fiora,Xayah,163,83,0.50920245398773
Mel,Swain,608,304,0.5
Mel,Xayah,454,229,0.5044052863436124
Swain,Xayah,318,166,0.5220125786163522
Elise,Jhin,350,169,0.4828571428571429
Elise,Ornn,115,55,0.4782608695652174
Elise,TwistedFate,130,64,0.49230769230769234
Elise,Vi,100,52,0.52
Jhin,Ornn,648,312,0.48148148148148145
Jhin,TwistedFate,559,279,0.4991055456171735
Jhin,Vi,593,306,0.5160202360876898
Ornn,TwistedFate,376,125,0.3324468085106383
Ornn,Vi,187,90,0.48128342245989303
TwistedFate,Vi,211,106,0.5023696682464455
Jinx,Lux,2130,1101,0.5169014084507042
Jinx,Maokai,472,256,0.5423728813559322
Jinx,Shaco,857,455,0.5309218203033839
Jinx,Yorick,696,382,0.5488505747126436
Lux,Maokai,346,169,0.4884393063583815
Lux,Shaco,879,454,0.5164960182025028
Lux,Yorick,883,487,0.551528878822197
Maokai,Shaco,227,105,0.46255506607929514
Maokai,Yorick,161,90,0.5590062111801242
Shaco,Yorick,332,172,0.5180722891566265
Ashe,Leona,808,398,0.49257425742574257
Ashe,Mordekaiser,1264,631,0.49920886075949367
Ashe,Udyr,439,226,0.5148063781321185
Ashe,Yasuo,1161,615,0.5297157622739018
Leona,Mordekaiser,597,303,0.507537688442211
Leona,Udyr,262,133,0.5076335877862596
Leona,Yasuo,643,312,0.48522550544323484
Mordekaiser,Udyr,255,140,0.5490196078431373
Mordekaiser,Yasuo,995,542,0.5447236180904522
Udyr,Yasuo,373,187,0.5013404825737265
Nasus,Thresh,470,232,0.49361702127659574
Nasus,Viego,331,152,0.459214501510574
Nasus,Yunara,354,166,0.4689265536723164
Thresh,Viego,629,330,0.5246422893481717
Thresh,Xerath,356,161,0.45224719101123595
Thresh,Yunara,570,274,0.4807017543859649
Viego,Xerath,496,248,0.5
Viego,Yunara,530,266,0.5018867924528302
Ezreal,Garen,766,338,0.4412532637075718
Ezreal,Soraka,517,211,0.4081237911025145
Ezreal,Vladimir,420,176,0.41904761904761906
Ezreal,XinZhao,435,190,0.4367816091954023
Garen,Soraka,481,246,0.5114345114345115
Garen,Vladimir,333,168,0.5045045045045045
Garen,XinZhao,458,236,0.5152838427947598
Soraka,Vladimir,277,131,0.4729241877256318
Soraka,XinZhao,292,163,0.5582191780821918
Vladimir,XinZhao,266,148,0.556390977443609
Ashe,Briar,850,448,0.5270588235294118
Ashe,Samira,204,101,0.4950980392156863
Ashe,Teemo,1347,689,0.5115070527097253
Ashe,Yone,1097,557,0.5077484047402006
Briar,Samira,333,173,0.5195195195195195
Briar,Teemo,635,326,0.5133858267716536
Briar,Yone,537,297,0.553072625698324
Samira,Teemo,535,292,0.5457943925233645
Samira,Yone,420,213,0.5071428571428571
Teemo,Yone,780,424,0.5435897435897435
Brand,Galio,437,261,0.597254004576659
Brand,Swain,410,235,0.573170731707317
Brand,Tristana,597,315,0.5276381909547738
Brand,Volibear,653,349,0.5344563552833078
Galio,Swain,354,201,0.5677966101694916
Galio,Tristana,449,223,0.49665924276169265
Galio,Volibear,443,233,0.5259593679458239
Swain,Tristana,548,325,0.593065693430657
Swain,Volibear,588,291,0.49489795918367346
Tristana,Volibear,638,333,0.5219435736677116
Lucian,Sylas,657,334,0.5083713850837138
Lucian,Thresh,555,285,0.5135135135135135
Lucian,Warwick,501,245,0.48902195608782434
Lucian,Yasuo,571,283,0.4956217162872154
Sylas,Thresh,761,364,0.4783180026281209
Sylas,Warwick,515,244,0.47378640776699027
Sylas,Yasuo,784,389,0.4961734693877551
Thresh,Warwick,661,322,0.48714069591527986
Thresh,Yasuo,884,455,0.5147058823529411
Warwick,Yasuo,829,444,0.5355850422195416
Graves,Milio,267,130,0.4868913857677903
Graves,Pantheon,309,140,0.45307443365695793
Graves,Sion,271,138,0.5092250922509225
Graves,Smolder,409,190,0.46454767726161367
Milio,Pantheon,334,167,0.5
Milio,Sion,356,200,0.5617977528089888
Milio,Smolder,691,366,0.5296671490593343
Pantheon,Sion,474,253,0.5337552742616034
Pantheon,Smolder,807,392,0.4857496902106567
Sion,Smolder,649,329,0.5069337442218799
Briar,Gwen,306,140,0.45751633986928103
Briar,Lux,1115,598,0.536322869955157
Briar,Yasuo,658,356,0.541033434650456
Gwen,Kaisa,544,244,0.4485294117647059
Gwen,Lux,818,407,0.49755501222493886
Gwen,Yasuo,601,318,0.5291181364392679
Kaisa,Lux,1469,734,0.4996596324029952
Kaisa,Yasuo,1068,517,0.48408239700374533
Lux,Yasuo,1356,693,0.5110619469026548
Ahri,MissFortune,1441,739,0.5128383067314365
Ahri,Nocturne,487,240,0.4928131416837782
Ahri,Sett,847,441,0.5206611570247934
MissFortune,Neeko,818,410,0.5012224938875306
MissFortune,Nocturne,773,406,0.5252263906856404
MissFortune,Sett,1344,729,0.5424107142857143
Neeko,Nocturne,237,97,0.4092827004219409
Neeko,Sett,449,221,0.4922048997772829
Nocturne,Sett,391,215,0.5498721227621484
Hecarim,Lux,521,239,0.45873320537428025
Hecarim,Swain,231,120,0.5194805194805194
Hecarim,Urgot,161,74,0.45962732919254656
Hecarim,Yone,266,120,0.45112781954887216
Lux,Swain,671,384,0.5722801788375559
Lux,Urgot,686,392,0.5714285714285714
Lux,Yone,1293,660,0.5104408352668214
Swain,Urgot,325,183,0.563076923076923
Swain,Yone,579,301,0.5198618307426598
Urgot,Yone,258,133,0.5155038759689923
Ashe,Katarina,725,369,0.5089655172413793
Ashe,Olaf,318,183,0.5754716981132075
Ashe,Yuumi,446,187,0.4192825112107623
Katarina,Olaf,146,78,0.5342465753424658
Katarina,Teemo,464,241,0.5193965517241379
Katarina,Yuumi,284,130,0.45774647887323944
Olaf,Teemo,179,103,0.5754189944134078
Olaf,Yuumi,175,76,0.4342857142857143
Teemo,Yuumi,424,200,0.4716981132075472
Amumu,Gwen,323,174,0.5386996904024768
Amumu,Leona,482,273,0.5663900414937759
Amumu,Malzahar,514,279,0.5428015564202334
Amumu,Vayne,634,349,0.5504731861198738
Gwen,Leona,378,187,0.4947089947089947
Gwen,Malzahar,393,205,0.5216284987277354
Gwen,Vayne,460,233,0.5065217391304347
Leona,Malzahar,537,279,0.5195530726256983
Leona,Vayne,583,294,0.5042881646655232
Malzahar,Vayne,708,386,0.5451977401129944
Ambessa,Graves,209,99,0.47368421052631576
Ambessa,Mel,570,270,0.47368421052631576
Ambessa,Nami,393,194,0.49363867684478374
Ambessa,Veigar,371,193,0.5202156334231806
Graves,Mel,506,260,0.5138339920948617
Graves,Nami,412,196,0.47572815533980584
Graves,Veigar,398,198,0.49748743718592964
Mel,Veigar,621,309,0.4975845410628019
Nami,Veigar,578,296,0.5121107266435986
Ezreal,FiddleSticks,380,181,0.4763157894736842
Ezreal,Pantheon,715,322,0.45034965034965035
Ezreal,Sett,698,358,0.5128939828080229
Ezreal,Teemo,821,408,0.49695493300852617
FiddleSticks,Pantheon,339,181,0.5339233038348082
FiddleSticks,Sett,385,212,0.5506493506493506
FiddleSticks,Teemo,349,173,0.49570200573065903
Pantheon,Sett,636,332,0.5220125786163522
Pantheon,Teemo,771,401,0.5201037613488976
Sett,Teemo,526,291,0.5532319391634981
Aatrox,Fizz,333,182,0.5465465465465466
Aatrox,Khazix,231,116,0.5021645021645021
Aatrox,Mel,731,348,0.47606019151846785
Aatrox,Seraphine,459,223,0.485838779956427
Fizz,Khazix,221,96,0.4343891402714932
Fizz,Mel,381,185,0.48556430446194226
Fizz,Seraphine,389,173,0.44473007712082263
Khazix,Mel,438,219,0.5
Khazix,Seraphine,300,137,0.45666666666666667
Mel,Seraphine,757,370,0.48877146631439894
Ekko,Leblanc,184,89,0.483695652173913
Ekko,Malzahar,307,165,0.5374592833876222
Ekko,TwistedFate,205,80,0.3902439024390244
Ekko,Xerath,262,136,0.5190839694656488
Leblanc,Malzahar,131,65,0.4961832061068702
Leblanc,TwistedFate,132,51,0.38636363636363635
Leblanc,Xerath,181,81,0.44751381215469616
Malzahar,TwistedFate,181,84,0.46408839779005523
Malzahar,Xerath,284,158,0.5563380281690141
TwistedFate,Xerath,182,86,0.4725274725274725
Jax,MissFortune,1330,688,0.5172932330827068
Jax,Nautilus,655,331,0.5053435114503817
Jax,Renekton,224,124,0.5535714285714286
Jax,Vex,347,183,0.5273775216138329
MissFortune,Nautilus,1268,654,0.5157728706624606
MissFortune,Renekton,623,298,0.478330658105939
MissFortune,Vex,629,329,0.5230524642289348
Nautilus,Renekton,305,142,0.46557377049180326
Nautilus,Vex,345,162,0.46956521739130436
Renekton,Vex,180,91,0.5055555555555555
Kayn,Lucian,487,233,0.4784394250513347
Kayn,Malzahar,625,346,0.5536
Kayn,Nami,654,358,0.5474006116207951
Kayn,Vex,318,154,0.48427672955974843
Lucian,Malzahar,523,274,0.5239005736137667
Lucian,Nami,1770,935,0.5282485875706214
Lucian,Vex,285,137,0.4807017543859649
Malzahar,Nami,631,341,0.5404120443740095
Malzahar,Vex,113,53,0.4690265486725664
Nami,Vex,332,177,0.5331325301204819
Ashe,Fiora,417,212,0.5083932853717026
Ashe,Milio,894,502,0.5615212527964206
Ashe,Zoe,560,271,0.48392857142857143
Briar,Fiora,207,100,0.4830917874396135
Briar,Milio,361,187,0.518005540166205
Briar,Zoe,290,156,0.5379310344827586
Fiora,Milio,206,113,0.5485436893203883
Fiora,Zoe,156,76,0.48717948717948717
Milio,Zoe,213,106,0.49765258215962443
Ashe,Brand,951,511,0.53732912723449
Ashe,Chogath,1007,518,0.5143992055610725
Ashe,MissFortune,596,309,0.5184563758389261
Ashe,Warwick,1181,624,0.5283657917019475
Brand,Chogath,650,345,0.5307692307692308
Brand,MissFortune,1105,591,0.534841628959276
Brand,Warwick,666,394,0.5915915915915916
Chogath,MissFortune,1120,563,0.5026785714285714
Chogath,Warwick,624,316,0.5064102564102564
MissFortune,Warwick,1438,783,0.5445062586926287
Aphelios,DrMundo,433,244,0.5635103926096998
Aphelios,Mordekaiser,420,230,0.5476190476190477
Aphelios,Teemo,423,226,0.5342789598108747
Aphelios,Vayne,164,69,0.42073170731707316
DrMundo,Mordekaiser,470,251,0.5340425531914894
DrMundo,Teemo,688,374,0.5436046511627907
DrMundo,Vayne,729,362,0.49657064471879286
Mordekaiser,Teemo,556,300,0.539568345323741
Mordekaiser,Vayne,673,364,0.5408618127786032
Teemo,Vayne,824,411,0.4987864077669903
Akali,Akshan,141,52,0.36879432624113473
Akali,Amumu,461,239,0.5184381778741866
Akali,KogMaw,199,92,0.4623115577889447
Akali,Yuumi,318,151,0.4748427672955975
Akshan,Amumu,243,141,0.5802469135802469
Akshan,KogMaw,119,58,0.48739495798319327
Akshan,Yuumi,187,90,0.48128342245989303
Amumu,KogMaw,251,144,0.5737051792828686
Amumu,Yuumi,289,131,0.4532871972318339
KogMaw,Yuumi,160,80,0.5
Ahri,Jinx,1241,646,0.5205479452054794
Ahri,Seraphine,687,357,0.519650655021834
Ahri,Trundle,498,273,0.5481927710843374
Ahri,Vladimir,258,129,0.5
Jinx,Seraphine,920,447,0.48586956521739133
Jinx,Trundle,664,346,0.5210843373493976
Seraphine,Trundle,406,185,0.45566502463054187
Seraphine,Vladimir,298,127,0.4261744966442953
Trundle,Vladimir,231,112,0.48484848484848486
Ambessa,Galio,313,151,0.48242811501597443
Ambessa,Lux,645,342,0.5302325581395348
Ambessa,Nocturne,175,89,0.5085714285714286
Ambessa,Sivir,255,130,0.5098039215686274
Galio,Lux,687,362,0.5269286754002911
Galio,Nocturne,337,190,0.5637982195845698
Galio,Sivir,332,171,0.5150602409638554
Lux,Nocturne,808,429,0.530940594059406
Lux,Sivir,805,411,0.5105590062111801
Nocturne,Sivir,279,138,0.4946236559139785
Anivia,Kindred,152,77,0.506578947368421
Anivia,Mel,277,136,0.49097472924187724
Anivia,Pantheon,292,157,0.5376712328767124
Anivia,Seraphine,204,103,0.5049019607843137
Kindred,Mel,464,219,0.47198275862068967
Kindred,Pantheon,276,124,0.4492753623188406
Kindred,Seraphine,305,145,0.47540983606557374
Mel,Pantheon,943,458,0.48568398727465534
Pantheon,Seraphine,504,240,0.47619047619047616
Jhin,Renekton,559,288,0.5152057245080501
Jhin,Vex,565,292,0.5168141592920354
Jhin,Volibear,1087,564,0.5188592456301748
Jhin,Zilean,464,228,0.49137931034482757
Renekton,Volibear,249,128,0.5140562248995983
Renekton,Zilean,154,82,0.5324675324675324
Vex,Volibear,321,146,0.45482866043613707
Vex,Zilean,127,65,0.5118110236220472
Volibear,Zilean,268,142,0.5298507462686567
Caitlyn,JarvanIV,784,421,0.5369897959183674
Caitlyn,KSante,385,173,0.44935064935064933
Caitlyn,Seraphine,1011,518,0.5123639960435212
JarvanIV,KSante,121,52,0.4297520661157025
JarvanIV,Seraphine,383,195,0.5091383812010444
JarvanIV,Ziggs,268,144,0.5373134328358209
KSante,Seraphine,202,90,0.44554455445544555
KSante,Ziggs,133,67,0.5037593984962406
Seraphine,Ziggs,339,154,0.45427728613569324
Ahri,Darius,783,407,0.5197956577266922
Ahri,Mel,590,287,0.4864406779661017
Ahri,XinZhao,449,228,0.5077951002227171
Darius,Mel,932,473,0.5075107296137339
Darius,Nami,643,322,0.5007776049766719
Darius,XinZhao,360,188,0.5222222222222223
Mel,XinZhao,556,281,0.5053956834532374
Nami,XinZhao,393,198,0.5038167938931297
Blitzcrank,Hwei,306,156,0.5098039215686274
Blitzcrank,Lucian,436,204,0.46788990825688076
Blitzcrank,Naafiri,249,118,0.4738955823293173
Blitzcrank,Volibear,501,270,0.5389221556886228
Hwei,Lucian,357,174,0.48739495798319327
Hwei,Naafiri,190,97,0.5105263157894737
Hwei,Volibear,434,231,0.532258064516129
Lucian,Naafiri,246,116,0.4715447154471545
Lucian,Volibear,564,282,0.5
Naafiri,Volibear,292,144,0.4931506849315068
Irelia,JarvanIV,247,112,0.4534412955465587
Irelia,Jhin,711,327,0.459915611814346
Irelia,Sona,224,111,0.4955357142857143
Irelia,Yuumi,271,142,0.5239852398523985
JarvanIV,Jhin,693,369,0.5324675324675324
JarvanIV,Sona,252,143,0.5674603174603174
JarvanIV,Yuumi,228,121,0.5307017543859649
Jhin,Sona,609,303,0.4975369458128079
Jhin,Yuumi,486,207,0.42592592592592593
Sona,Yuumi,103,38,0.36893203883495146
Ahri,Gragas,277,125,0.45126353790613716
Ahri,Shen,529,255,0.4820415879017013
Ahri,Shyvana,236,126,0.5338983050847458
Ahri,Vayne,841,414,0.49227110582639716
Gragas,Shen,125,65,0.52
Gragas,Shyvana,75,31,0.41333333333333333
Gragas,Vayne,282,138,0.48936170212765956
Shen,Shyvana,133,70,0.5263157894736842
Shen,Vayne,470,244,0.5191489361702127
Shyvana,Vayne,212,89,0.419811320754717
Kaisa,Riven,473,213,0.4503171247357294
Kaisa,Yone,993,472,0.47532729103726085
Kaisa,Zed,835,397,0.4754491017964072
Lux,Riven,707,328,0.4639321074964639
Lux,Zed,914,470,0.5142231947483589
Riven,Zed,269,113,0.4200743494423792
Yone,Zed,366,185,0.505464480874317
Fizz,Gragas,178,75,0.42134831460674155
Fizz,Irelia,215,102,0.4744186046511628
Fizz,Jhin,789,399,0.5057034220532319
Fizz,Viego,408,197,0.48284313725490197
Gragas,Irelia,154,66,0.42857142857142855
Gragas,Jhin,499,244,0.48897795591182364
Gragas,Viego,226,118,0.5221238938053098
Irelia,Viego,417,199,0.47721822541966424
Jhin,Viego,1049,531,0.5061963775023832
Caitlyn,Mordekaiser,1346,718,0.5334323922734027
Caitlyn,Morgana,2193,1163,0.5303237574099408
Caitlyn,Veigar,1171,614,0.5243381725021349
Caitlyn,Yorick,814,434,0.5331695331695332
Mordekaiser,Morgana,972,506,0.5205761316872428
Mordekaiser,Veigar,691,368,0.532561505065123
Mordekaiser,Yorick,219,114,0.5205479452054794
Morgana,Veigar,831,440,0.529482551143201
Morgana,Yorick,572,328,0.5734265734265734
Veigar,Yorick,439,254,0.5785876993166287
Hwei,MasterYi,415,209,0.5036144578313253
Hwei,Nami,395,200,0.5063291139240507
Hwei,Renekton,235,113,0.4808510638297872
Hwei,Twitch,325,177,0.5446153846153846
MasterYi,Renekton,296,146,0.49324324324324326
MasterYi,Twitch,499,257,0.5150300601202404
Nami,Renekton,381,204,0.5354330708661418
Nami,Twitch,538,303,0.5631970260223048
Renekton,Twitch,251,132,0.5258964143426295
Belveth,Chogath,202,103,0.5099009900990099
Belveth,Kassadin,60,27,0.45
Belveth,Mordekaiser,240,130,0.5416666666666666
Belveth,Nidalee,59,34,0.576271186440678
Belveth,XinZhao,67,34,0.5074626865671642
Belveth,Yone,197,105,0.5329949238578681
Chogath,Kassadin,176,84,0.4772727272727273
Chogath,Mordekaiser,410,224,0.5463414634146342
Chogath,Nidalee,271,134,0.4944649446494465
Chogath,XinZhao,398,235,0.5904522613065326
Chogath,Yone,551,283,0.5136116152450091
Kassadin,Mordekaiser,174,84,0.4827586206896552
Kassadin,Nidalee,78,27,0.34615384615384615
Kassadin,XinZhao,145,67,0.46206896551724136
Kassadin,Yone,130,68,0.5230769230769231
Mordekaiser,Mordekaiser,57,37,0.6491228070175439
Mordekaiser,Nidalee,251,129,0.5139442231075697
Mordekaiser,XinZhao,406,217,0.5344827586206896
Mordekaiser,Yone,724,381,0.5262430939226519
Nidalee,XinZhao,103,52,0.5048543689320388
Nidalee,Yone,332,158,0.4759036144578313
XinZhao,Yone,398,189,0.4748743718592965
Cassiopeia,Ezreal,239,110,0.4602510460251046
Cassiopeia,Galio,108,55,0.5092592592592593
Cassiopeia,Gangplank,80,32,0.4
Cassiopeia,Kaisa,249,120,0.4819277108433735
Cassiopeia,LeeSin,138,66,0.4782608695652174
Cassiopeia,Ornn,106,44,0.41509433962264153
Ezreal,Galio,528,268,0.5075757575757576
Ezreal,Gangplank,300,132,0.44
Ezreal,Kaisa,282,133,0.4716312056737589
Ezreal,LeeSin,494,204,0.41295546558704455
Ezreal,Nilah,90,36,0.4
Ezreal,Ornn,370,163,0.44054054054054054
Galio,Gangplank,181,83,0.4585635359116022
Galio,Kaisa,686,356,0.5189504373177842
Galio,LeeSin,318,147,0.46226415094339623
Galio,Nilah,161,92,0.5714285714285714
Galio,Ornn,244,112,0.45901639344262296
Gangplank,Kaisa,378,181,0.47883597883597884
Gangplank,LeeSin,191,89,0.46596858638743455
Gangplank,Nilah,76,35,0.4605263157894737
Gangplank,Ornn,124,53,0.4274193548387097
Kaisa,LeeSin,656,294,0.4481707317073171
Kaisa,Nilah,91,44,0.4835164835164835
Kaisa,Ornn,490,231,0.4714285714285714
LeeSin,Nilah,130,54,0.4153846153846154
LeeSin,Ornn,255,110,0.43137254901960786
Nilah,Ornn,136,66,0.4852941176470588
AurelionSol,Heimerdinger,157,85,0.5414012738853503
AurelionSol,MasterYi,361,184,0.5096952908587258
AurelionSol,Nami,317,155,0.4889589905362776
AurelionSol,Teemo,386,201,0.5207253886010362
Heimerdinger,MasterYi,379,191,0.503957783641161
Heimerdinger,Nami,278,149,0.5359712230215827
Heimerdinger,Teemo,390,207,0.5307692307692308
MasterYi,Teemo,756,387,0.5119047619047619
Nami,Teemo,646,343,0.5309597523219814
Kayn,Lux,1390,718,0.516546762589928
Kayn,Mel,1015,535,0.5270935960591133
Kayn,Trundle,229,111,0.4847161572052402
Lux,Malzahar,921,514,0.5580890336590663
Lux,Mel,1328,656,0.4939759036144578
Lux,Trundle,840,460,0.5476190476190477
Malzahar,Mel,499,278,0.5571142284569138
Malzahar,Trundle,454,245,0.539647577092511
Mel,Trundle,546,271,0.49633699633699635
Chogath,Nasus,292,154,0.5273972602739726
Chogath,Taliyah,181,100,0.5524861878453039
Chogath,Varus,457,225,0.4923413566739606
Chogath,Zoe,319,147,0.4608150470219436
Nasus,Taliyah,123,60,0.4878048780487805
Nasus,Varus,308,143,0.4642857142857143
Nasus,Zoe,210,107,0.5095238095238095
Taliyah,Varus,166,74,0.4457831325301205
Taliyah,Zoe,90,43,0.4777777777777778
Varus,Zoe,278,122,0.43884892086330934
Akali,Aurora,118,56,0.4745762711864407
Akali,Lux,772,396,0.5129533678756477
Akali,Pantheon,542,261,0.48154981549815495
Akali,Sona,286,150,0.5244755244755245
Aurora,Lux,514,272,0.5291828793774319
Aurora,Pantheon,395,210,0.5316455696202531
Aurora,Sona,222,113,0.509009009009009
Lux,Pantheon,1138,587,0.515817223198594
Lux,Sona,396,230,0.5808080808080808
Pantheon,Sona,321,163,0.5077881619937694
Kayle,Orianna,231,116,0.5021645021645021
Kayle,Seraphine,402,210,0.5223880597014925
Kayle,Sett,328,173,0.5274390243902439
Kayle,Talon,210,108,0.5142857142857142
Orianna,Seraphine,305,152,0.49836065573770494
Orianna,Sett,364,183,0.5027472527472527
Orianna,Talon,104,48,0.46153846153846156
Seraphine,Sett,640,322,0.503125
Seraphine,Talon,316,144,0.45569620253164556
Sett,Talon,284,156,0.5492957746478874
Akali,Galio,204,103,0.5049019607843137
Akali,Gangplank,179,94,0.5251396648044693
Akali,Lucian,462,225,0.487012987012987
Akali,Olaf,170,87,0.5117647058823529
Galio,Lucian,408,215,0.5269607843137255
Galio,Olaf,165,90,0.5454545454545454
Gangplank,Lucian,212,108,0.5094339622641509
Gangplank,Olaf,75,35,0.4666666666666667
Lucian,Olaf,179,86,0.48044692737430167
Cassiopeia,Poppy,105,49,0.4666666666666667
Cassiopeia,XinZhao,137,68,0.49635036496350365
DrMundo,Poppy,321,162,0.5046728971962616
DrMundo,XinZhao,332,173,0.5210843373493976
Ivern,Poppy,90,44,0.4888888888888889
Ivern,XinZhao,83,51,0.6144578313253012
Poppy,XinZhao,206,96,0.46601941747572817
Camille,Nautilus,201,92,0.4577114427860697
Camille,Neeko,117,67,0.5726495726495726
Camille,Orianna,109,57,0.5229357798165137
Camille,Senna,146,65,0.4452054794520548
Nautilus,Neeko,251,123,0.4900398406374502
Nautilus,Orianna,381,189,0.49606299212598426
Nautilus,Senna,330,132,0.4
Neeko,Orianna,188,97,0.5159574468085106
Neeko,Senna,285,134,0.47017543859649125
Orianna,Senna,326,162,0.49693251533742333
Amumu,Blitzcrank,418,199,0.47607655502392343
Amumu,Ekko,345,184,0.5333333333333333
Amumu,Zaahen,510,281,0.5509803921568628
Amumu,Zeri,197,95,0.48223350253807107
Blitzcrank,Ekko,378,188,0.4973544973544973
Blitzcrank,Zaahen,556,291,0.5233812949640287
Blitzcrank,Zeri,202,98,0.48514851485148514
Ekko,Zaahen,543,282,0.5193370165745856
Ekko,Zeri,216,99,0.4583333333333333
Zaahen,Zeri,298,141,0.47315436241610737
Brand,Evelynn,208,105,0.5048076923076923
Brand,Irelia,367,192,0.5231607629427792
Brand,Katarina,359,195,0.5431754874651811
Brand,Zaahen,720,402,0.5583333333333333
Evelynn,Irelia,210,98,0.4666666666666667
Evelynn,Katarina,144,81,0.5625
Evelynn,Zaahen,234,110,0.4700854700854701
Irelia,Katarina,177,89,0.5028248587570622
Irelia,Zaahen,270,134,0.4962962962962963
Katarina,Zaahen,535,278,0.5196261682242991
Belveth,Leona,188,92,0.48936170212765956
Belveth,Malphite,231,121,0.5238095238095238
Belveth,Rumble,50,23,0.46
Belveth,Yasuo,265,141,0.5320754716981132
Leona,Malphite,561,289,0.5151515151515151
Leona,Rumble,167,90,0.5389221556886228
Malphite,Rumble,164,87,0.5304878048780488
Malphite,Yasuo,1306,755,0.5781010719754976
Rumble,Yasuo,233,120,0.5150214592274678
Akali,Draven,328,143,0.43597560975609756
Akali,Tristana,479,243,0.5073068893528184
Akali,Veigar,280,127,0.45357142857142857
Caitlyn,Draven,138,60,0.43478260869565216
Caitlyn,Tristana,306,147,0.4803921568627451
Draven,Tristana,123,63,0.5121951219512195
Draven,Veigar,336,170,0.5059523809523809
Tristana,Veigar,613,329,0.5367047308319739
Jhin,Karthus,410,224,0.5463414634146342
Jhin,Nidalee,455,206,0.45274725274725275
Jhin,Vayne,366,172,0.46994535519125685
Jhin,XinZhao,646,318,0.49226006191950467
Karthus,Nidalee,104,53,0.5096153846153846
Karthus,Vayne,228,117,0.5131578947368421
Karthus,XinZhao,115,57,0.4956521739130435
Nidalee,Vayne,301,157,0.521594684385382
Vayne,XinZhao,447,236,0.5279642058165548
Kaisa,Lucian,233,111,0.47639484978540775
Kaisa,Soraka,625,306,0.4896
Kaisa,Veigar,722,373,0.5166204986149584
Kaisa,Zilean,303,154,0.5082508250825083
Lucian,Soraka,320,162,0.50625
Lucian,Veigar,488,247,0.5061475409836066
Lucian,Zilean,233,121,0.51931330472103
Soraka,Veigar,447,250,0.5592841163310962
Soraka,Zilean,90,40,0.4444444444444444
Veigar,Zilean,266,125,0.4699248120300752
Chogath,Ekko,452,224,0.49557522123893805
Chogath,Swain,550,301,0.5472727272727272
Chogath,Twitch,548,274,0.5
Ekko,Swain,356,188,0.5280898876404494
Ekko,Twitch,418,205,0.4904306220095694
Ekko,XinZhao,218,103,0.4724770642201835
Swain,Twitch,414,239,0.5772946859903382
Swain,XinZhao,391,216,0.5524296675191815
Twitch,XinZhao,312,162,0.5192307692307693
Akshan,Blitzcrank,246,118,0.4796747967479675
Akshan,Kaisa,344,165,0.4796511627906977
Akshan,LeeSin,192,89,0.4635416666666667
Akshan,Zaahen,306,155,0.5065359477124183
Blitzcrank,Kaisa,794,377,0.4748110831234257
Blitzcrank,LeeSin,385,189,0.4909090909090909
Kaisa,Zaahen,1039,552,0.5312800769971127
LeeSin,Zaahen,380,204,0.5368421052631579
Aatrox,Blitzcrank,393,190,0.48346055979643765
Aatrox,Graves,246,111,0.45121951219512196
Aatrox,Kalista,100,49,0.49
Blitzcrank,Graves,327,157,0.4801223241590214
Blitzcrank,Kalista,150,77,0.5133333333333333
Blitzcrank,Malzahar,479,237,0.49478079331941544
Graves,Kalista,97,47,0.4845360824742268
Graves,Malzahar,347,175,0.5043227665706052
Ahri,Bard,427,217,0.5081967213114754
Ahri,Rumble,180,87,0.48333333333333334
Ahri,Tristana,645,325,0.5038759689922481
Bard,Rumble,112,53,0.4732142857142857
Bard,Taliyah,133,64,0.48120300751879697
Bard,Tristana,280,150,0.5357142857142857
Rumble,Taliyah,50,21,0.42
Rumble,Tristana,215,108,0.5023255813953489
Taliyah,Tristana,196,105,0.5357142857142857
Morgana,Pantheon,734,395,0.5381471389645777
Morgana,Sylas,791,402,0.5082174462705437
Morgana,Taliyah,206,90,0.4368932038834951
Morgana,Vayne,911,471,0.5170142700329309
Pantheon,Sylas,729,372,0.5102880658436214
Pantheon,Taliyah,275,147,0.5345454545454545
Pantheon,Vayne,735,353,0.48027210884353744
Sylas,Taliyah,169,82,0.48520710059171596
Sylas,Vayne,800,404,0.505
Taliyah,Vayne,208,103,0.4951923076923077
Aatrox,Ezreal,552,252,0.45652173913043476
Aatrox,Riven,131,55,0.4198473282442748
Aatrox,Trundle,193,95,0.49222797927461137
Blitzcrank,Ezreal,566,250,0.4416961130742049
Blitzcrank,Trundle,310,156,0.5032258064516129
Ezreal,Riven,386,160,0.41450777202072536
Ezreal,Trundle,429,206,0.4801864801864802
Riven,Trundle,150,73,0.4866666666666667
Blitzcrank,JarvanIV,307,162,0.5276872964169381
Blitzcrank,Karma,208,93,0.44711538461538464
Blitzcrank,Vayne,545,291,0.5339449541284403
Blitzcrank,Yunara,416,211,0.5072115384615384
JarvanIV,Karma,292,146,0.5
JarvanIV,Vayne,462,236,0.5108225108225108
JarvanIV,Yunara,355,180,0.5070422535211268
Karma,Vayne,487,230,0.4722792607802875
Karma,Yunara,341,201,0.5894428152492669
Vayne,Yunara,239,106,0.4435146443514644
Brand,Draven,295,144,0.488135593220339
Brand,Urgot,325,177,0.5446153846153846
Brand,Varus,488,228,0.4672131147540984
Brand,Yone,659,368,0.5584218512898331
Draven,Urgot,183,91,0.4972677595628415
Draven,Varus,118,61,0.5169491525423728
Draven,Yone,321,153,0.4766355140186916
Urgot,Varus,223,108,0.484304932735426
Varus,Yone,477,235,0.49266247379454925
Darius,Jhin,1072,516,0.48134328358208955
Darius,Kayn,555,281,0.5063063063063064
Darius,Lulu,455,221,0.4857142857142857
Darius,Yone,485,235,0.4845360824742268
Jhin,Kayn,1204,599,0.49750830564784054
Jhin,Lulu,431,185,0.42923433874709976
Kayn,Lulu,428,214,0.5
Kayn,Yone,679,320,0.47128129602356406
Lulu,Yone,420,221,0.5261904761904762
Aurora,Ezreal,365,161,0.4410958904109589
Aurora,Quinn,131,57,0.4351145038167939
Aurora,Trundle,241,120,0.4979253112033195
Aurora,Zyra,196,105,0.5357142857142857
Ezreal,Quinn,265,127,0.47924528301886793
Ezreal,Zyra,480,241,0.5020833333333333
Quinn,Trundle,136,78,0.5735294117647058
Quinn,Zyra,212,104,0.49056603773584906
Trundle,Zyra,279,162,0.5806451612903226
Kayle,MissFortune,916,499,0.5447598253275109
Kayle,Viktor,236,118,0.5
Kayle,Ziggs,260,135,0.5192307692307693
MissFortune,Viktor,626,311,0.4968051118210863
MissFortune,Ziggs,437,211,0.482837528604119
Sett,Viktor,377,187,0.4960212201591512
Sett,Ziggs,445,257,0.5775280898876405
Viktor,Ziggs,125,63,0.504
Caitlyn,Kennen,330,163,0.49393939393939396
Caitlyn,Lulu,543,249,0.4585635359116022
Caitlyn,Sivir,184,101,0.5489130434782609
Caitlyn,Yasuo,1344,668,0.49702380952380953
Kennen,Lulu,133,61,0.45864661654135336
Kennen,Sivir,150,81,0.54
Kennen,Yasuo,227,110,0.4845814977973568
Lulu,Sivir,352,170,0.48295454545454547
Lulu,Yasuo,541,280,0.5175600739371534
Sivir,Yasuo,478,251,0.5251046025104602
Alistar,Kaisa,493,233,0.4726166328600406
Alistar,Smolder,395,188,0.4759493670886076
Alistar,Teemo,356,170,0.47752808988764045
Alistar,Viego,272,137,0.5036764705882353
Kaisa,Smolder,371,160,0.431266846361186
Kaisa,Teemo,971,498,0.5128733264675592
Kaisa,Viego,918,478,0.5206971677559913
Smolder,Teemo,959,511,0.5328467153284672
Smolder,Viego,736,374,0.5081521739130435
Teemo,Viego,679,360,0.5301914580265096
Lucian,Qiyana,204,96,0.47058823529411764
Lucian,Renekton,317,153,0.48264984227129337
Lucian,Swain,423,206,0.48699763593380613
Lucian,Taliyah,172,72,0.4186046511627907
Qiyana,Renekton,141,54,0.3829787234042553
Qiyana,Swain,226,99,0.43805309734513276
Qiyana,Taliyah,95,46,0.4842105263157895
Renekton,Swain,293,160,0.5460750853242321
Renekton,Taliyah,119,55,0.46218487394957986
Swain,Taliyah,140,73,0.5214285714285715
Annie,Blitzcrank,227,125,0.5506607929515418
Annie,Lux,393,179,0.455470737913486
Annie,Malphite,284,149,0.5246478873239436
Annie,Sett,326,181,0.5552147239263804
Blitzcrank,Lux,535,285,0.5327102803738317
Blitzcrank,Malphite,531,269,0.5065913370998116
Blitzcrank,Sett,556,300,0.539568345323741
Lux,Malphite,1246,637,0.5112359550561798
Lux,Sett,1408,784,0.5568181818181818
Malphite,Sett,426,231,0.5422535211267606
Morgana,Ryze,315,152,0.48253968253968255
Morgana,Shaco,619,324,0.5234248788368336
Morgana,Thresh,485,244,0.5030927835051546
Morgana,Viego,804,417,0.5186567164179104
Ryze,Shaco,245,124,0.5061224489795918
Ryze,Thresh,325,156,0.48
Ryze,Viego,301,131,0.43521594684385384
Shaco,Thresh,483,231,0.4782608695652174
Shaco,Viego,238,129,0.542016806722689
Ashe,Bard,514,246,0.4785992217898833
Ashe,Veigar,1093,550,0.5032021957913998
Bard,Nautilus,148,64,0.43243243243243246
Bard,Teemo,361,182,0.5041551246537396
Bard,Veigar,322,151,0.468944099378882
Nautilus,Teemo,774,383,0.49483204134366926
Nautilus,Veigar,654,338,0.5168195718654435
Teemo,Veigar,777,415,0.5341055341055341
Aphelios,Garen,425,220,0.5176470588235295
Aphelios,Gragas,172,82,0.47674418604651164
Aphelios,Karma,297,161,0.5420875420875421
Aphelios,KogMaw,84,35,0.4166666666666667
Garen,Gragas,205,90,0.43902439024390244
Garen,Karma,476,229,0.4810924369747899
Garen,KogMaw,268,141,0.5261194029850746
Gragas,Karma,215,105,0.4883720930232558
Gragas,KogMaw,136,68,0.5
Karma,KogMaw,203,102,0.5024630541871922
Lux,Tryndamere,700,366,0.5228571428571429
Lux,Veigar,1052,547,0.5199619771863118
Lux,Vi,701,372,0.5306704707560628
Lux,Zoe,564,291,0.5159574468085106
Tryndamere,Veigar,378,203,0.5370370370370371
Tryndamere,Vi,214,123,0.5747663551401869
Tryndamere,Zoe,167,90,0.5389221556886228
Veigar,Vi,402,211,0.5248756218905473
Veigar,Zoe,217,94,0.43317972350230416
Vi,Zoe,198,107,0.5404040404040404
Illaoi,Kindred,163,82,0.5030674846625767
Illaoi,MissFortune,539,313,0.5807050092764379
Illaoi,Senna,282,144,0.5106382978723404
Illaoi,Vex,185,94,0.5081081081081081
Kindred,MissFortune,485,225,0.4639175257731959
Kindred,Senna,248,103,0.4153225806451613
Kindred,Vex,172,83,0.48255813953488375
MissFortune,Senna,823,424,0.5151883353584447
Senna,Vex,316,164,0.5189873417721519
Lulu,Lux,372,187,0.5026881720430108
Lulu,Rumble,130,73,0.5615384615384615
Lulu,Xerath,185,81,0.43783783783783786
Lux,Rumble,292,138,0.4726027397260274
Lux,Vex,465,233,0.5010752688172043
Lux,Xerath,596,314,0.5268456375838926
Rumble,Vex,88,50,0.5681818181818182
Rumble,Xerath,113,48,0.4247787610619469
Vex,Xerath,162,87,0.5370370370370371
Karma,MasterYi,386,189,0.4896373056994819
Karma,Nautilus,217,102,0.4700460829493088
Karma,TwistedFate,255,108,0.4235294117647059
Karma,Zaahen,470,243,0.5170212765957447
MasterYi,Nautilus,628,304,0.4840764331210191
MasterYi,TwistedFate,342,184,0.5380116959064327
MasterYi,Zaahen,635,344,0.5417322834645669
Nautilus,TwistedFate,381,194,0.5091863517060368
Nautilus,Zaahen,659,332,0.503793626707132
TwistedFate,Zaahen,363,186,0.512396694214876
Bard,Irelia,201,103,0.5124378109452736
Bard,Poppy,111,59,0.5315315315315315
Bard,Viktor,244,122,0.5
Bard,Zaahen,428,222,0.5186915887850467
Irelia,Poppy,194,88,0.4536082474226804
Irelia,Viktor,169,87,0.514792899408284
Poppy,Viktor,206,99,0.48058252427184467
Poppy,Zaahen,326,164,0.5030674846625767
Viktor,Zaahen,375,213,0.568
Amumu,Caitlyn,1075,551,0.5125581395348837
Amumu,Pantheon,517,269,0.5203094777562862
Amumu,Taliyah,153,79,0.5163398692810458
Caitlyn,Pantheon,1253,622,0.49640861931364727
Caitlyn,Taliyah,339,157,0.4631268436578171
Caitlyn,Vayne,432,203,0.4699074074074074
Ahri,Blitzcrank,602,321,0.5332225913621262
Ahri,Morgana,886,453,0.5112866817155757
Ahri,Urgot,406,224,0.5517241379310345
Blitzcrank,Morgana,417,207,0.49640287769784175
Blitzcrank,Urgot,279,141,0.5053763440860215
Blitzcrank,XinZhao,338,178,0.5266272189349113
Morgana,Urgot,490,280,0.5714285714285714
Morgana,XinZhao,564,299,0.5301418439716312
Urgot,XinZhao,183,115,0.6284153005464481
FiddleSticks,Katarina,215,114,0.5302325581395348
FiddleSticks,Soraka,202,104,0.5148514851485149
FiddleSticks,Zeri,141,53,0.375886524822695
Katarina,Soraka,343,186,0.5422740524781341
Katarina,Zeri,156,64,0.41025641025641024
Soraka,Twitch,365,190,0.5205479452054794
Soraka,Zeri,195,96,0.49230769230769234
Twitch,Zeri,101,43,0.42574257425742573
Jax,Kindred,235,107,0.4553191489361702
Jax,Mel,991,509,0.513622603430878
Jax,Nami,715,400,0.5594405594405595
Jax,Smolder,800,396,0.495
Kindred,Nami,303,148,0.4884488448844885
Kindred,Smolder,335,161,0.48059701492537316
Mel,Smolder,973,485,0.4984583761562179
Nami,Smolder,930,510,0.5483870967741935
Azir,Jinx,364,175,0.4807692307692308
Azir,Lillia,121,60,0.49586776859504134
Azir,Nasus,152,63,0.4144736842105263
Azir,Zyra,159,67,0.42138364779874216
Jinx,Lillia,632,356,0.5632911392405063
Jinx,Nasus,690,347,0.5028985507246376
Jinx,Zyra,732,382,0.5218579234972678
Lillia,Nasus,249,130,0.5220883534136547
Lillia,Zyra,252,126,0.5
Nasus,Zyra,357,199,0.5574229691876751
Camille,Maokai,68,34,0.5
Camille,MissFortune,325,168,0.5169230769230769
Camille,Volibear,149,66,0.4429530201342282
Camille,Yasuo,213,105,0.49295774647887325
Maokai,MissFortune,594,312,0.5252525252525253
Maokai,Volibear,226,122,0.5398230088495575
Maokai,Yasuo,334,179,0.5359281437125748
MissFortune,Volibear,1228,633,0.5154723127035831
MissFortune,Yasuo,1381,719,0.5206372194062274
Volibear,Yasuo,790,404,0.5113924050632911
Katarina,Nami,448,239,0.5334821428571429
Katarina,Shyvana,131,60,0.4580152671755725
Katarina,Smolder,479,236,0.49269311064718163
Katarina,Udyr,193,97,0.5025906735751295
Nami,Udyr,365,189,0.5178082191780822
Shyvana,Smolder,259,122,0.47104247104247104
Shyvana,Udyr,64,31,0.484375
Smolder,Udyr,394,216,0.5482233502538071
Bard,Gwen,266,131,0.4924812030075188
Bard,Hecarim,171,89,0.52046783625731
Bard,Morgana,248,127,0.5120967741935484
Caitlyn,Gwen,822,412,0.5012165450121655
Caitlyn,Hecarim,489,227,0.46421267893660534
Gwen,Hecarim,155,72,0.4645161290322581
Gwen,Morgana,555,295,0.5315315315315315
Aphelios,AurelionSol,195,87,0.4461538461538462
Aphelios,Sona,227,111,0.4889867841409692
Aphelios,Twitch,124,68,0.5483870967741935
Aphelios,Veigar,393,203,0.5165394402035624
AurelionSol,Sona,235,117,0.4978723404255319
AurelionSol,Twitch,254,125,0.4921259842519685
AurelionSol,Veigar,248,136,0.5483870967741935
Sona,Twitch,305,152,0.49836065573770494
Sona,Veigar,375,197,0.5253333333333333
Twitch,Veigar,510,247,0.4843137254901961
Alistar,Rengar,161,73,0.453416149068323
Alistar,Senna,183,89,0.48633879781420764
Alistar,Talon,135,74,0.5481481481481482
Alistar,Yuumi,104,47,0.4519230769230769
Rengar,Senna,293,146,0.49829351535836175
Rengar,Talon,90,38,0.4222222222222222
Rengar,Yuumi,212,91,0.42924528301886794
Senna,Talon,226,115,0.5088495575221239
Senna,Yuumi,160,68,0.425
Talon,Yuumi,151,67,0.44370860927152317
Fiora,Hwei,195,97,0.49743589743589745
Fiora,MonkeyKing,101,49,0.48514851485148514
Fiora,Singed,75,36,0.48
Fiora,Zed,208,92,0.4423076923076923
Hwei,Singed,186,96,0.5161290322580645
Hwei,Zed,239,109,0.4560669456066946
MonkeyKing,Singed,136,76,0.5588235294117647
MonkeyKing,Zed,216,105,0.4861111111111111
Singed,Zed,317,164,0.5173501577287066
Ezreal,Graves,392,158,0.4030612244897959
Ezreal,Leblanc,363,151,0.41597796143250687
Ezreal,Nami,634,312,0.4921135646687697
Graves,Leblanc,253,103,0.40711462450592883
Graves,Sett,369,194,0.5257452574525745
Leblanc,Nami,311,154,0.49517684887459806
Leblanc,Sett,376,193,0.5132978723404256
Nami,Sett,682,372,0.5454545454545454
Briar,Galio,400,215,0.5375
Briar,Lucian,415,213,0.5132530120481927
Briar,Renekton,258,134,0.5193798449612403
Briar,Taric,162,90,0.5555555555555556
Galio,Renekton,236,132,0.559322033898305
Galio,Taric,117,62,0.5299145299145299
Lucian,Taric,171,89,0.52046783625731
Renekton,Taric,112,55,0.49107142857142855
Fiora,Fizz,184,99,0.5380434782608695
Fiora,Neeko,156,77,0.4935897435897436
Fiora,Teemo,183,105,0.5737704918032787
Fiora,Trundle,126,58,0.4603174603174603
Fizz,Neeko,246,126,0.5121951219512195
Fizz,Teemo,508,265,0.5216535433070866
Fizz,Trundle,270,145,0.5370370370370371
Neeko,Teemo,458,236,0.5152838427947598
Neeko,Trundle,256,118,0.4609375
Teemo,Trundle,421,227,0.5391923990498813
Evelynn,Khazix,42,13,0.30952380952380953
Evelynn,Riven,120,63,0.525
Evelynn,Shyvana,47,27,0.574468085106383
Evelynn,Xayah,153,74,0.48366013071895425
Khazix,Riven,188,73,0.3882978723404255
Khazix,Shyvana,50,23,0.46
Khazix,Xayah,196,90,0.45918367346938777
Riven,Shyvana,91,43,0.4725274725274725
Riven,Xayah,198,92,0.46464646464646464
Shyvana,Xayah,117,55,0.4700854700854701
Kaisa,Mordekaiser,841,414,0.49227110582639716
Kaisa,Sona,471,226,0.47983014861995754
Mordekaiser,Sona,405,199,0.49135802469135803
Mordekaiser,Viego,691,360,0.5209840810419681
Sona,Viego,348,170,0.4885057471264368
Sona,Yone,400,198,0.495
Viego,Yone,585,287,0.4905982905982906
Aatrox,Sylas,600,322,0.5366666666666666
Aatrox,Xerath,398,200,0.5025125628140703
Aatrox,Yasuo,577,279,0.48353552859618715
Ezreal,Sylas,767,358,0.4667535853976532
Ezreal,Xerath,590,285,0.4830508474576271
Ezreal,Yasuo,730,369,0.5054794520547945
Sylas,Xerath,380,189,0.49736842105263157
Xerath,Yasuo,436,234,0.536697247706422
Caitlyn,Lux,3291,1702,0.517168034032209
Caitlyn,MasterYi,1198,573,0.4782971619365609
Caitlyn,Shyvana,344,159,0.4622093023255814
Lux,MasterYi,1370,697,0.5087591240875913
Lux,Morgana,1232,644,0.5227272727272727
Lux,Shyvana,343,172,0.5014577259475219
MasterYi,Morgana,947,515,0.5438225976768744
MasterYi,Shyvana,104,53,0.5096153846153846
Morgana,Shyvana,256,127,0.49609375
MasterYi,Mel,982,489,0.4979633401221996
MasterYi,Pantheon,582,289,0.4965635738831615
MasterYi,Taric,233,129,0.5536480686695279
MasterYi,Yasuo,762,398,0.5223097112860893
Mel,Taric,224,115,0.5133928571428571
Mel,Yasuo,871,452,0.5189437428243399
Pantheon,Taric,181,94,0.5193370165745856
Pantheon,Yasuo,716,346,0.48324022346368717
Taric,Yasuo,224,111,0.4955357142857143
Blitzcrank,Ornn,293,130,0.44368600682593856
Blitzcrank,Veigar,515,266,0.516504854368932
Blitzcrank,Yasuo,670,338,0.5044776119402985
Ornn,Veigar,425,191,0.44941176470588234
Ornn,Volibear,277,120,0.4332129963898917
Ornn,Yasuo,437,215,0.4919908466819222
Veigar,Volibear,695,371,0.5338129496402878
Veigar,Yasuo,555,292,0.5261261261261261
Caitlyn,Chogath,1160,544,0.4689655172413793
Caitlyn,Nasus,799,417,0.5219023779724656
Caitlyn,Thresh,1244,618,0.4967845659163987
Chogath,Thresh,631,325,0.5150554675118859
Chogath,Vayne,632,314,0.49683544303797467
Nasus,Vayne,425,218,0.5129411764705882
Thresh,Vayne,783,385,0.49169859514687103
Elise,Gragas,79,35,0.4430379746835443
Elise,Lux,294,143,0.48639455782312924
Elise,MissFortune,322,162,0.5031055900621118
Elise,Shen,136,55,0.40441176470588236
Gragas,Lux,395,194,0.4911392405063291
Gragas,MissFortune,459,209,0.4553376906318083
Lux,MissFortune,2553,1287,0.5041128084606346
Lux,Shen,771,386,0.5006485084306096
MissFortune,Shen,749,383,0.5113484646194927
DrMundo,Jhin,1241,664,0.5350523771152297
DrMundo,Kayn,606,316,0.5214521452145214
DrMundo,Sett,436,240,0.5504587155963303
DrMundo,TahmKench,400,205,0.5125
Jhin,Sett,1135,605,0.5330396475770925
Jhin,TahmKench,721,365,0.5062413314840499
Kayn,Sett,695,378,0.543884892086331
Kayn,TahmKench,438,217,0.4954337899543379
Sett,TahmKench,416,209,0.5024038461538461
Jax,Milio,522,280,0.5363984674329502
Jax,Mordekaiser,497,273,0.5492957746478874
Jax,TwistedFate,387,181,0.46770025839793283
Jhin,Milio,612,304,0.49673202614379086
Jhin,Mordekaiser,1221,615,0.5036855036855037
Milio,Mordekaiser,545,279,0.5119266055045871
Milio,TwistedFate,263,125,0.4752851711026616
Mordekaiser,TwistedFate,361,167,0.4626038781163435
Akshan,Diana,244,119,0.48770491803278687
Akshan,Sivir,171,94,0.5497076023391813
Akshan,Sona,209,105,0.5023923444976076
Akshan,Udyr,142,70,0.49295774647887325
Diana,Sivir,473,245,0.5179704016913319
Diana,Sona,354,168,0.4745762711864407
Diana,Udyr,156,75,0.4807692307692308
Sivir,Sona,306,168,0.5490196078431373
Sivir,Udyr,189,93,0.49206349206349204
Sona,Udyr,208,125,0.6009615384615384
Camille,Morgana,243,114,0.4691358024691358
Camille,Syndra,143,60,0.4195804195804196
Camille,Vayne,203,96,0.4729064039408867
Camille,Warwick,172,74,0.43023255813953487
Morgana,Syndra,402,186,0.4626865671641791
Morgana,Warwick,1003,553,0.551345962113659
Syndra,Vayne,427,227,0.531615925058548
Syndra,Warwick,375,203,0.5413333333333333
Vayne,Warwick,735,370,0.5034013605442177
Karthus,MasterYi,194,98,0.5051546391752577
Karthus,Sona,150,91,0.6066666666666667
Karthus,Teemo,230,111,0.4826086956521739
Karthus,Veigar,226,101,0.4469026548672566
MasterYi,Sona,372,200,0.5376344086021505
MasterYi,Veigar,732,391,0.5341530054644809
Sona,Teemo,411,214,0.5206812652068127
Hwei,Kaisa,524,247,0.4713740458015267
Hwei,Leblanc,123,52,0.42276422764227645
Hwei,Zaahen,455,240,0.5274725274725275
Kaisa,Leblanc,514,230,0.4474708171206226
Kaisa,Volibear,924,424,0.4588744588744589
Leblanc,Volibear,346,167,0.48265895953757226
Leblanc,Zaahen,351,165,0.4700854700854701
Volibear,Zaahen,361,203,0.5623268698060941
MissFortune,Sion,897,462,0.5150501672240803
MissFortune,Swain,973,544,0.5590955806783144
MissFortune,Zed,942,455,0.4830148619957537
Sion,Swain,489,251,0.5132924335378323
Sion,Volibear,413,204,0.4939467312348668
Sion,Zed,383,186,0.4856396866840731
Swain,Zed,436,225,0.5160550458715596
Volibear,Zed,505,254,0.502970297029703
Fiora,Jinx,414,214,0.5169082125603864
Fiora,Seraphine,250,119,0.476
Fiora,Sylas,339,157,0.4631268436578171
Fiora,Vex,144,66,0.4583333333333333
Jinx,Sylas,1114,603,0.5412926391382405
Jinx,Vex,554,287,0.5180505415162455
Seraphine,Sylas,590,296,0.5016949152542373
Seraphine,Vex,287,121,0.42160278745644597
Sylas,Vex,189,101,0.5343915343915344
Anivia,Briar,245,124,0.5061224489795918
Anivia,Irelia,136,68,0.5
Anivia,Quinn,149,75,0.5033557046979866
Anivia,Smolder,330,164,0.49696969696969695
Briar,Irelia,328,144,0.43902439024390244
Briar,Quinn,201,94,0.46766169154228854
Briar,Smolder,636,350,0.550314465408805
Irelia,Quinn,100,34,0.34
Irelia,Smolder,471,241,0.5116772823779193
Quinn,Smolder,314,154,0.49044585987261147
Amumu,Jinx,973,519,0.5334018499486125
Amumu,Sona,349,201,0.5759312320916905
Amumu,Yone,683,363,0.5314787701317716
Amumu,Zed,439,210,0.4783599088838269
Jinx,Sona,685,353,0.5153284671532846
Jinx,Yone,1033,482,0.4666021297192643
Jinx,Zed,853,429,0.5029308323563892
Sona,Zed,345,170,0.4927536231884058
Ezreal,Jayce,311,159,0.5112540192926045
Ezreal,Taric,192,86,0.4479166666666667
Ezreal,Twitch,284,129,0.45422535211267606
Jayce,Soraka,204,94,0.46078431372549017
Jayce,Taric,82,42,0.5121951219512195
Jayce,Twitch,204,97,0.47549019607843135
Soraka,Taric,60,30,0.5
Taric,Twitch,191,93,0.4869109947643979
Akali,Corki,168,81,0.48214285714285715
Akali,Heimerdinger,231,120,0.5194805194805194
Akali,Janna,227,110,0.4845814977973568
Akali,Sion,380,179,0.4710526315789474
Corki,Heimerdinger,112,54,0.48214285714285715
Corki,Janna,87,44,0.5057471264367817
Corki,Sion,186,103,0.553763440860215
Heimerdinger,Janna,150,68,0.4533333333333333
Heimerdinger,Sion,233,119,0.5107296137339056
Janna,Sion,186,93,0.5
AurelionSol,Smolder,414,199,0.4806763285024155
AurelionSol,Syndra,106,56,0.5283018867924528
AurelionSol,Volibear,388,222,0.5721649484536082
AurelionSol,Yasuo,275,139,0.5054545454545455
Smolder,Syndra,437,209,0.4782608695652174
Smolder,Volibear,821,407,0.49573690621193667
Smolder,Yasuo,780,408,0.5230769230769231
Syndra,Volibear,343,170,0.4956268221574344
Syndra,Yasuo,276,146,0.5289855072463768
FiddleSticks,Lucian,298,136,0.4563758389261745
FiddleSticks,Nami,293,161,0.5494880546075085
FiddleSticks,Nocturne,109,62,0.5688073394495413
FiddleSticks,Viktor,183,89,0.48633879781420764
Lucian,Nocturne,320,155,0.484375
Lucian,Viktor,333,172,0.5165165165165165
Nami,Nocturne,385,214,0.5558441558441558
Nami,Viktor,418,226,0.5406698564593302
Nocturne,Viktor,213,111,0.5211267605633803
AurelionSol,Aurora,106,48,0.4528301886792453
AurelionSol,Draven,177,82,0.4632768361581921
AurelionSol,Lux,487,256,0.5256673511293635
AurelionSol,Quinn,146,72,0.4931506849315068
Aurora,Draven,230,100,0.43478260869565216
Draven,Lux,579,298,0.5146804835924007
Draven,Quinn,114,55,0.4824561403508772
Lux,Quinn,513,264,0.5146198830409356
Gangplank,Jayce,92,40,0.43478260869565216
Gangplank,Jinx,409,195,0.4767726161369193
Gangplank,Nocturne,146,72,0.4931506849315068
Gangplank,Zac,134,62,0.4626865671641791
Jayce,Jinx,415,195,0.46987951807228917
Jayce,Nocturne,120,55,0.4583333333333333
Jayce,Zac,130,71,0.5461538461538461
Jinx,Nocturne,641,350,0.5460218408736349
Jinx,Zac,416,215,0.5168269230769231
Nocturne,Zac,84,48,0.5714285714285714
MasterYi,Seraphine,619,303,0.4894991922455573
Seraphine,Twitch,392,186,0.4744897959183674
Seraphine,Veigar,525,257,0.4895238095238095
Seraphine,Yorick,414,203,0.49033816425120774
Twitch,Yorick,281,134,0.47686832740213525
Ashe,Gragas,441,218,0.4943310657596372
Ashe,Poppy,510,257,0.503921568627451
Ashe,Pyke,713,294,0.4123422159887798
Gragas,Katarina,160,69,0.43125
Gragas,Poppy,170,70,0.4117647058823529
Gragas,Pyke,230,91,0.39565217391304347
Katarina,Poppy,244,117,0.47950819672131145
Katarina,Pyke,338,156,0.46153846153846156
Poppy,Pyke,188,92,0.48936170212765956
Aatrox,Brand,427,237,0.5550351288056206
Aatrox,Chogath,295,154,0.5220338983050847
Aatrox,Thresh,562,258,0.45907473309608543
Aatrox,Viego,449,217,0.48329621380846327
Brand,Thresh,399,208,0.5213032581453634
Brand,Viego,584,319,0.5462328767123288
Chogath,Viego,515,272,0.5281553398058253
Aurora,Caitlyn,616,335,0.5438311688311688
Aurora,Lillia,179,95,0.5307262569832403
Aurora,Sett,335,193,0.5761194029850746
Caitlyn,Lillia,684,341,0.49853801169590645
Caitlyn,Sett,1246,640,0.5136436597110754
Lillia,Lux,643,346,0.5381026438569206
Lillia,Sett,476,286,0.6008403361344538
Amumu,Anivia,258,121,0.4689922480620155
Amumu,Illaoi,331,170,0.513595166163142
Amumu,Xerath,423,234,0.5531914893617021
Anivia,Illaoi,154,76,0.4935064935064935
Anivia,Jinx,452,240,0.5309734513274337
Anivia,Xerath,149,66,0.4429530201342282
Illaoi,Jinx,505,270,0.5346534653465347
Illaoi,Xerath,260,138,0.5307692307692308
Jinx,Xerath,784,412,0.5255102040816326
Leona,Sejuani,166,86,0.5180722891566265
Leona,Syndra,344,189,0.5494186046511628
Leona,Twitch,398,222,0.5577889447236181
Sejuani,Syndra,132,62,0.4696969696969697
Sejuani,Twitch,182,94,0.5164835164835165
Sejuani,Yasuo,299,165,0.5518394648829431
Syndra,Twitch,285,133,0.4666666666666667
FiddleSticks,Garen,392,212,0.5408163265306123
FiddleSticks,Nautilus,324,177,0.5462962962962963
FiddleSticks,Varus,272,138,0.5073529411764706
FiddleSticks,Yone,432,220,0.5092592592592593
Garen,Nautilus,702,328,0.4672364672364672
Garen,Varus,468,226,0.4829059829059829
Garen,Yone,523,253,0.4837476099426386
Nautilus,Varus,459,198,0.43137254901960786
Nautilus,Yone,704,336,0.4772727272727273
Akali,Fiora,205,103,0.5024390243902439
Akali,Kindred,268,147,0.5485074626865671
Akali,Milio,403,221,0.5483870967741935
Akali,Zeri,212,101,0.47641509433962265
Fiora,Kindred,112,53,0.4732142857142857
Fiora,Zeri,116,61,0.5258620689655172
Kindred,Milio,229,128,0.5589519650655022
Kindred,Zeri,105,38,0.3619047619047619
Milio,Zeri,203,108,0.5320197044334976
Fizz,LeeSin,286,136,0.4755244755244755
Fizz,Lulu,269,127,0.4721189591078067
Fizz,Malphite,416,203,0.4879807692307692
Fizz,Yunara,320,148,0.4625
LeeSin,Lulu,300,138,0.46
LeeSin,Malphite,411,194,0.4720194647201946
LeeSin,Yunara,355,174,0.49014084507042255
Lulu,Malphite,448,219,0.4888392857142857
Lulu,Yunara,531,243,0.4576271186440678
Jayce,Leblanc,135,62,0.45925925925925926
Jayce,Nami,283,135,0.47703180212014135
Jayce,Smolder,286,134,0.46853146853146854
Jayce,Warwick,219,100,0.45662100456621
Leblanc,Smolder,408,193,0.4730392156862745
Leblanc,Warwick,359,178,0.4958217270194986
Smolder,Warwick,858,451,0.5256410256410257
Ahri,Irelia,313,153,0.48881789137380194
Ahri,Kindred,346,156,0.4508670520231214
Irelia,Kindred,176,85,0.48295454545454547
Irelia,Soraka,305,140,0.45901639344262296
Irelia,Yunara,366,180,0.4918032786885246
Kindred,Soraka,222,105,0.47297297297297297
Kindred,Yunara,251,116,0.46215139442231074
Soraka,Yunara,432,224,0.5185185185185185
Ahri,Khazix,389,188,0.4832904884318766
Ahri,TahmKench,508,243,0.47834645669291337
Ahri,Yasuo,506,272,0.5375494071146245
Khazix,Soraka,240,113,0.4708333333333333
Khazix,TahmKench,238,106,0.44537815126050423
Khazix,Yasuo,402,187,0.4651741293532338
Soraka,TahmKench,191,81,0.42408376963350786
Soraka,Yasuo,545,295,0.5412844036697247
TahmKench,Yasuo,553,288,0.5207956600361664
KSante,Kayn,226,98,0.4336283185840708
KSante,MissFortune,336,156,0.4642857142857143
KSante,Renata,51,20,0.39215686274509803
KSante,Yone,174,70,0.40229885057471265
Kayn,MissFortune,1334,652,0.48875562218890556
Kayn,Renata,155,67,0.432258064516129
MissFortune,Renata,262,135,0.5152671755725191
MissFortune,Yone,1343,663,0.4936708860759494
Renata,Yone,186,93,0.5
Amumu,Milio,342,188,0.5497076023391813
Amumu,Quinn,254,130,0.5118110236220472
Amumu,Yunara,422,222,0.5260663507109005
Malzahar,Milio,492,304,0.6178861788617886
Malzahar,Quinn,224,129,0.5758928571428571
Malzahar,Yunara,497,255,0.5130784708249497
Milio,Quinn,184,106,0.5760869565217391
Milio,Yunara,617,320,0.5186385737439222
Quinn,Yunara,209,108,0.5167464114832536
Kaisa,Leona,891,438,0.49158249158249157
Kaisa,Sylas,1068,483,0.45224719101123595
Leona,Sylas,590,292,0.49491525423728816
Leona,Zaahen,625,354,0.5664
Sejuani,Sylas,166,80,0.4819277108433735
Sejuani,Zaahen,197,110,0.5583756345177665
Sylas,Zaahen,865,467,0.5398843930635838
Khazix,MissFortune,632,311,0.4920886075949367
Khazix,Shaco,183,78,0.4262295081967213
Khazix,Viktor,237,116,0.48945147679324896
Khazix,Warwick,137,68,0.49635036496350365
MissFortune,Shaco,1004,507,0.5049800796812749
Shaco,Viktor,297,130,0.4377104377104377
Shaco,Warwick,360,185,0.5138888888888888
Viktor,Warwick,381,206,0.5406824146981627
DrMundo,Jax,527,271,0.5142314990512334
DrMundo,Nautilus,729,359,0.4924554183813443
DrMundo,Zaahen,637,333,0.5227629513343799
Jax,Zaahen,501,281,0.5608782435129741
Jhin,Nautilus,1037,518,0.49951783992285437
Jhin,Zaahen,1334,668,0.5007496251874063
Janna,Karthus,116,64,0.5517241379310345
Janna,Ornn,155,65,0.41935483870967744
Janna,Renekton,155,70,0.45161290322580644
Janna,Senna,150,69,0.46
Karthus,Renekton,145,79,0.5448275862068965
Karthus,Senna,280,145,0.5178571428571429
Ornn,Renekton,100,55,0.55
Ornn,Senna,353,185,0.5240793201133145
Renekton,Senna,299,147,0.4916387959866221
Ashe,Gangplank,396,186,0.4696969696969697
Ashe,Tristana,345,170,0.4927536231884058
Ashe,TwistedFate,545,247,0.45321100917431195
Ashe,Zac,453,223,0.4922737306843267
Gangplank,Tristana,231,108,0.4675324675324675
Gangplank,TwistedFate,192,91,0.4739583333333333
Tristana,TwistedFate,336,162,0.48214285714285715
Tristana,Zac,284,130,0.45774647887323944
TwistedFate,Zac,169,75,0.4437869822485207
Illaoi,Lulu,199,94,0.4723618090452261
Illaoi,Malzahar,349,189,0.5415472779369628
Illaoi,Nocturne,156,76,0.48717948717948717
Lulu,Malzahar,403,194,0.4813895781637717
Lulu,MissFortune,495,234,0.4727272727272727
Lulu,Nocturne,230,119,0.5173913043478261
Malzahar,MissFortune,1219,642,0.5266611977030353
Blitzcrank,Janna,117,62,0.5299145299145299
Blitzcrank,Khazix,305,152,0.49836065573770494
Blitzcrank,Lissandra,152,72,0.47368421052631576
Blitzcrank,Rammus,172,80,0.46511627906976744
Janna,Khazix,160,74,0.4625
Janna,Lissandra,98,46,0.46938775510204084
Janna,Rammus,82,24,0.2926829268292683
Khazix,Lissandra,116,56,0.4827586206896552
Khazix,Rammus,52,22,0.4230769230769231
Lissandra,Rammus,87,42,0.4827586206896552
Ezreal,Kayle,566,267,0.4717314487632509
Ezreal,Nautilus,578,255,0.4411764705882353
Ezreal,Rengar,312,145,0.46474358974358976
Ezreal,Zed,557,259,0.4649910233393178
Kayle,Nautilus,517,281,0.5435203094777563
Kayle,Rengar,234,112,0.47863247863247865
Kayle,Zed,406,195,0.4802955665024631
Nautilus,Rengar,293,131,0.447098976109215
Nautilus,Zed,502,247,0.49203187250996017
AurelionSol,Caitlyn,608,289,0.4753289473684211
AurelionSol,Fiora,168,74,0.44047619047619047
AurelionSol,Jax,362,190,0.5248618784530387
AurelionSol,Leona,313,158,0.5047923322683706
Caitlyn,Fiora,465,234,0.5032258064516129
Caitlyn,Jax,1265,662,0.5233201581027668
Caitlyn,Leona,931,451,0.48442534908700324
Fiora,Jax,200,108,0.54
Fiora,Leona,232,120,0.5172413793103449
Jax,Leona,606,323,0.533003300330033
Karthus,Maokai,137,64,0.46715328467153283
Karthus,MissFortune,388,214,0.5515463917525774
Karthus,Singed,143,84,0.5874125874125874
Karthus,Zed,230,98,0.4260869565217391
Maokai,Singed,153,79,0.5163398692810458
Maokai,Zed,263,133,0.5057034220532319
MissFortune,Singed,565,313,0.5539823008849557
Garen,Kaisa,938,452,0.48187633262260127
Garen,Kayn,709,352,0.49647390691114246
Garen,Shen,261,148,0.5670498084291188
Garen,Yuumi,432,203,0.4699074074074074
Kaisa,Kayn,892,409,0.4585201793721973
Kaisa,Shen,648,332,0.5123456790123457
Kayn,Shen,429,223,0.5198135198135199
Kayn,Yuumi,399,191,0.47869674185463656
Shen,Yuumi,243,131,0.5390946502057613
Cassiopeia,Hwei,79,35,0.4430379746835443
Cassiopeia,Nami,174,88,0.5057471264367817
Cassiopeia,Nidalee,92,37,0.40217391304347827
Cassiopeia,Shen,124,69,0.5564516129032258
Hwei,Nidalee,164,68,0.4146341463414634
Nami,Nidalee,242,117,0.4834710743801653
Nami,Shen,395,222,0.5620253164556962
Nidalee,Shen,183,83,0.453551912568306
Alistar,Fizz,187,85,0.45454545454545453
Alistar,Gragas,162,71,0.4382716049382716
Alistar,Kindred,136,58,0.4264705882352941
Alistar,TwistedFate,199,94,0.4723618090452261
Fizz,Kindred,217,111,0.511520737327189
Fizz,TwistedFate,158,73,0.4620253164556962
Gragas,Kindred,139,65,0.4676258992805755
Gragas,TwistedFate,184,68,0.3695652173913043
Kindred,TwistedFate,161,71,0.4409937888198758
Anivia,KSante,107,42,0.3925233644859813
Anivia,Swain,205,110,0.5365853658536586
Anivia,Warwick,308,157,0.5097402597402597
Anivia,Zeri,137,66,0.48175182481751827
KSante,Swain,197,94,0.47715736040609136
KSante,Warwick,189,89,0.4708994708994709
KSante,Zeri,87,40,0.45977011494252873
Swain,Warwick,610,342,0.5606557377049181
Swain,Zeri,222,109,0.49099099099099097
Warwick,Zeri,258,115,0.44573643410852715
Ashe,MasterYi,1095,535,0.4885844748858447
Ashe,Tryndamere,547,277,0.506398537477148
Ashe,Twitch,391,161,0.4117647058823529
Leona,MasterYi,586,285,0.4863481228668942
Leona,Tryndamere,312,172,0.5512820512820513
MasterYi,Tryndamere,331,171,0.5166163141993958
Tryndamere,Twitch,282,136,0.48226950354609927
Gangplank,Lux,445,226,0.5078651685393258
Gangplank,Sett,158,84,0.5316455696202531
Gangplank,Sivir,182,77,0.4230769230769231
Gangplank,Vi,148,72,0.4864864864864865
Sett,Vi,370,209,0.5648648648648649
Sivir,Vi,240,128,0.5333333333333333
Hecarim,Nasus,180,86,0.4777777777777778
Hecarim,Nautilus,266,136,0.5112781954887218
Hecarim,Nilah,82,49,0.5975609756097561
Hecarim,Pyke,212,90,0.42452830188679247
Nasus,Nautilus,437,208,0.4759725400457666
Nasus,Nilah,165,82,0.49696969696969695
Nasus,Pyke,362,179,0.494475138121547
Nautilus,Nilah,209,104,0.49760765550239233
Nautilus,Pyke,228,95,0.4166666666666667
Nilah,Pyke,195,96,0.49230769230769234
Fiora,Sion,123,57,0.4634146341463415
Fiora,Vayne,250,119,0.476
Fiora,Veigar,237,116,0.48945147679324896
Sion,Vayne,512,260,0.5078125
Sion,Veigar,549,292,0.5318761384335154
Swain,Vayne,647,338,0.5224111282843895
Swain,Veigar,467,221,0.4732334047109208
Vayne,Veigar,710,364,0.5126760563380282
Malzahar,Olaf,188,105,0.5585106382978723
Malzahar,Seraphine,525,262,0.4990476190476191
Malzahar,Viego,637,332,0.521193092621664
Olaf,Seraphine,167,84,0.5029940119760479
Olaf,Viego,142,79,0.5563380281690141
Olaf,Xerath,165,89,0.5393939393939394
Seraphine,Viego,598,308,0.5150501672240803
Seraphine,Xerath,316,156,0.4936708860759494
Gnar,Hwei,137,70,0.5109489051094891
Gnar,Kaisa,328,150,0.4573170731707317
Gnar,Shaco,163,76,0.4662576687116564
Gnar,Volibear,159,69,0.4339622641509434
Hwei,Shaco,332,156,0.46987951807228917
Kaisa,Shaco,685,314,0.4583941605839416
Shaco,Volibear,372,189,0.5080645161290323
Garen,Morgana,1026,571,0.5565302144249513
Garen,Xerath,580,320,0.5517241379310345
Karma,Kayn,396,195,0.49242424242424243
Karma,Morgana,330,185,0.5606060606060606
Karma,Xerath,228,108,0.47368421052631576
Kayn,Morgana,942,462,0.49044585987261147
Kayn,Xerath,580,311,0.5362068965517242
Morgana,Xerath,482,257,0.533195020746888
Hwei,KogMaw,168,85,0.5059523809523809
Hwei,Lulu,273,140,0.5128205128205128
Hwei,Rammus,134,69,0.5149253731343284
KogMaw,Lulu,490,264,0.5387755102040817
KogMaw,Rammus,109,63,0.5779816513761468
KogMaw,Sett,281,162,0.5765124555160143
Lulu,Sett,398,202,0.507537688442211
Rammus,Sett,264,143,0.5416666666666666
Aphelios,Aurora,223,121,0.5426008968609866
Aphelios,FiddleSticks,205,113,0.551219512195122
Aphelios,Milio,422,230,0.5450236966824644
Aurora,DrMundo,369,172,0.46612466124661245
Aurora,FiddleSticks,182,90,0.4945054945054945
Aurora,Milio,262,142,0.5419847328244275
DrMundo,FiddleSticks,322,172,0.5341614906832298
DrMundo,Milio,513,283,0.5516569200779727
FiddleSticks,Milio,189,104,0.5502645502645502
Aatrox,AurelionSol,266,157,0.5902255639097744
Aatrox,DrMundo,333,161,0.48348348348348347
Aatrox,Jhin,819,420,0.5128205128205128
AurelionSol,DrMundo,370,197,0.5324324324324324
AurelionSol,Jhin,535,263,0.491588785046729
AurelionSol,Seraphine,291,128,0.43986254295532645
DrMundo,Seraphine,666,339,0.509009009009009
Jhin,Seraphine,968,487,0.503099173553719
Darius,LeeSin,349,161,0.46131805157593125
Darius,Lucian,524,242,0.4618320610687023
Darius,Sylas,713,381,0.5343618513323983
LeeSin,Lucian,388,180,0.4639175257731959
LeeSin,Nami,436,208,0.47706422018348627
LeeSin,Sylas,443,209,0.4717832957110609
Nami,Sylas,741,378,0.5101214574898786
Graves,Gwen,220,106,0.4818181818181818
Graves,Lucian,291,147,0.5051546391752577
Graves,Malphite,387,198,0.5116279069767442
Gwen,Lucian,371,190,0.5121293800539084
Gwen,Malphite,338,173,0.5118343195266272
Gwen,Nami,504,264,0.5238095238095238
Lucian,Malphite,605,303,0.5008264462809917
Malphite,Nami,684,360,0.5263157894736842
Ekko,Morgana,606,296,0.4884488448844885
Ekko,Nidalee,182,98,0.5384615384615384
Ekko,Qiyana,188,82,0.43617021276595747
Ekko,Tristana,522,266,0.5095785440613027
Morgana,Nidalee,316,163,0.5158227848101266
Morgana,Qiyana,300,135,0.45
Nidalee,Qiyana,106,34,0.32075471698113206
Nidalee,Tristana,280,143,0.5107142857142857
Qiyana,Tristana,234,105,0.44871794871794873
Ambessa,Ashe,625,318,0.5088
Ambessa,Lulu,262,119,0.4541984732824427
Ambessa,Nidalee,150,69,0.46
Ambessa,Yone,272,128,0.47058823529411764
Ashe,Lulu,689,343,0.49782293178519593
Ashe,Nidalee,461,206,0.44685466377440347
Lulu,Nidalee,170,58,0.3411764705882353
Bard,Katarina,245,113,0.46122448979591835
Bard,Lillia,207,105,0.5072463768115942
Bard,MissFortune,671,323,0.481371087928465
Bard,Singed,187,69,0.3689839572192513
Katarina,Lillia,226,105,0.4646017699115044
Katarina,MissFortune,801,406,0.5068664169787765
Katarina,Singed,190,95,0.5
Lillia,MissFortune,678,354,0.5221238938053098
Lillia,Singed,212,119,0.5613207547169812
Hwei,MissFortune,710,365,0.5140845070422535
Hwei,Rell,150,69,0.46
Hwei,Riven,266,120,0.45112781954887216
MasterYi,MissFortune,1321,701,0.5306585919757759
MasterYi,Rell,230,121,0.5260869565217391
MasterYi,Riven,293,142,0.48464163822525597
MissFortune,Rell,546,262,0.47985347985347987
MissFortune,Riven,712,341,0.4789325842696629
Rell,Riven,112,63,0.5625
Bard,KSante,127,56,0.4409448818897638
Bard,Xerath,188,94,0.5
Caitlyn,Graves,606,281,0.4636963696369637
Caitlyn,Xerath,935,484,0.5176470588235295
Graves,KSante,148,60,0.40540540540540543
Graves,Xerath,297,140,0.4713804713804714
KSante,Xerath,185,92,0.4972972972972973
AurelionSol,Diana,204,106,0.5196078431372549
AurelionSol,Zaahen,360,207,0.575
Diana,Quinn,284,146,0.5140845070422535
Diana,Veigar,410,206,0.5024390243902439
Diana,Zaahen,690,372,0.5391304347826087
Quinn,Veigar,282,150,0.5319148936170213
Quinn,Zaahen,171,95,0.5555555555555556
Veigar,Zaahen,670,373,0.5567164179104478
Amumu,Cassiopeia,181,82,0.4530386740331492
Amumu,Lux,1093,585,0.535224153705398
Amumu,Sivir,400,226,0.565
Cassiopeia,Lux,249,123,0.4939759036144578
Cassiopeia,Pantheon,191,101,0.5287958115183246
Cassiopeia,Sivir,119,56,0.47058823529411764
Pantheon,Sivir,432,234,0.5416666666666666
Gnar,MonkeyKing,91,45,0.4945054945054945
Gnar,Thresh,243,115,0.4732510288065844
Gnar,Varus,146,73,0.5
Kaisa,MonkeyKing,466,222,0.47639484978540775
Kaisa,Thresh,1120,563,0.5026785714285714
Kaisa,Varus,301,145,0.48172757475083056
MonkeyKing,Thresh,333,169,0.5075075075075075
MonkeyKing,Varus,215,118,0.5488372093023256
Thresh,Varus,525,261,0.49714285714285716
Heimerdinger,Kalista,97,48,0.4948453608247423
Heimerdinger,Taliyah,96,40,0.4166666666666667
Heimerdinger,Yasuo,369,203,0.5501355013550135
Heimerdinger,Zaahen,272,161,0.5919117647058824
Kalista,Taliyah,55,21,0.38181818181818183
Kalista,Yasuo,159,83,0.5220125786163522
Kalista,Zaahen,176,102,0.5795454545454546
Taliyah,Yasuo,204,105,0.5147058823529411
Taliyah,Zaahen,226,126,0.5575221238938053
Yasuo,Zaahen,883,466,0.5277463193657984
Blitzcrank,Orianna,287,143,0.49825783972125437
Blitzcrank,Samira,415,212,0.5108433734939759
Blitzcrank,Viego,500,263,0.526
Morgana,Orianna,394,190,0.48223350253807107
Morgana,Samira,557,292,0.5242369838420108
Orianna,Samira,229,118,0.5152838427947598
Orianna,Viego,328,171,0.5213414634146342
Samira,Viego,382,175,0.4581151832460733
DrMundo,Neeko,436,221,0.5068807339449541
DrMundo,Smolder,942,481,0.5106157112526539
DrMundo,Syndra,415,206,0.4963855421686747
Mordekaiser,Neeko,412,203,0.49271844660194175
Mordekaiser,Smolder,836,441,0.527511961722488
Mordekaiser,Syndra,363,179,0.4931129476584022
Neeko,Syndra,214,101,0.4719626168224299
Annie,Ashe,421,239,0.5676959619952494
Annie,DrMundo,318,170,0.5345911949685535
Annie,Senna,243,141,0.5802469135802469
Annie,Viego,244,125,0.5122950819672131
Ashe,DrMundo,1215,622,0.5119341563786008
Ashe,Senna,794,405,0.5100755667506297
Ashe,Viego,1050,551,0.5247619047619048
DrMundo,Senna,658,323,0.4908814589665654
DrMundo,Viego,555,291,0.5243243243243243
Senna,Viego,516,251,0.48643410852713176
Diana,Garen,813,426,0.5239852398523985
Diana,KogMaw,215,114,0.5302325581395348
Diana,TahmKench,400,204,0.51
Diana,Vi,198,113,0.5707070707070707
Garen,TahmKench,384,192,0.5
Garen,Vi,367,203,0.553133514986376
KogMaw,TahmKench,183,81,0.4426229508196721
KogMaw,Vi,154,81,0.525974025974026
TahmKench,Vi,234,118,0.5042735042735043
Aurora,Darius,345,191,0.553623188405797
Aurora,MasterYi,291,155,0.5326460481099656
Aurora,Rell,135,69,0.5111111111111111
Caitlyn,Darius,1199,595,0.4962468723936614
Caitlyn,Rell,366,164,0.44808743169398907
Darius,MasterYi,607,307,0.5057660626029654
Darius,Rell,252,124,0.49206349206349204
Akali,MissFortune,1095,539,0.4922374429223744
Akali,Sett,584,306,0.523972602739726
Akali,Volibear,582,293,0.5034364261168385
Akali,Yone,361,175,0.48476454293628807
Sett,Volibear,568,300,0.528169014084507
Sett,Yone,492,270,0.5487804878048781
Volibear,Yone,670,355,0.5298507462686567
Graves,Vayne,347,160,0.4610951008645533
Leblanc,Malphite,339,179,0.528023598820059
Leblanc,Vayne,357,172,0.48179271708683474
Malphite,Vayne,749,381,0.5086782376502003
Nami,Vayne,781,432,0.5531370038412292
Braum,Gnar,116,57,0.49137931034482757
Braum,Jinx,637,316,0.49607535321821034
Braum,Vex,145,80,0.5517241379310345
Braum,Viego,297,151,0.5084175084175084
Gnar,Jinx,326,161,0.4938650306748466
Gnar,Vex,103,55,0.5339805825242718
Gnar,Viego,202,91,0.4504950495049505
Jinx,Viego,1021,502,0.49167482859941236
Vex,Viego,309,157,0.5080906148867314
Diana,Jhin,1135,606,0.533920704845815
Diana,Leblanc,232,112,0.4827586206896552
Diana,Seraphine,554,276,0.4981949458483754
Diana,Teemo,683,352,0.5153733528550513
Jhin,Leblanc,579,292,0.5043177892918825
Jhin,Teemo,1376,745,0.5414244186046512
Leblanc,Seraphine,252,119,0.4722222222222222
Leblanc,Teemo,353,169,0.47875354107648727
Seraphine,Teemo,638,318,0.49843260188087773
Ashe,Galio,726,384,0.5289256198347108
Ashe,KSante,330,141,0.42727272727272725
Ashe,Sona,597,307,0.5142378559463987
Ashe,Vi,562,303,0.5391459074733096
Galio,KSante,144,65,0.4513888888888889
Galio,Sona,269,150,0.5576208178438662
Galio,Vi,283,159,0.5618374558303887
KSante,Sona,133,59,0.44360902255639095
KSante,Vi,128,62,0.484375
Sona,Vi,218,114,0.5229357798165137
Caitlyn,Malphite,1340,675,0.503731343283582
Caitlyn,Poppy,592,280,0.47297297297297297
Caitlyn,Syndra,751,398,0.5299600532623169
Jax,Malphite,582,277,0.47594501718213056
Jax,Poppy,294,160,0.54421768707483
Jax,Syndra,429,229,0.5337995337995338
Malphite,Poppy,306,156,0.5098039215686274
Malphite,Syndra,409,205,0.5012224938875306
Poppy,Syndra,232,134,0.5775862068965517
Jinx,MasterYi,1023,523,0.5112414467253177
Jinx,Milio,1035,556,0.5371980676328503
Jinx,TwistedFate,561,277,0.49376114081996436
MasterYi,Milio,459,233,0.5076252723311547
MasterYi,Sylas,536,271,0.5055970149253731
Milio,Sylas,537,264,0.49162011173184356
Sylas,TwistedFate,253,113,0.44664031620553357
Kaisa,Morgana,1059,516,0.48725212464589235
Kaisa,Talon,397,175,0.44080604534005036
Mordekaiser,Talon,332,189,0.5692771084337349
Mordekaiser,Vex,332,165,0.49698795180722893
Morgana,Talon,334,168,0.5029940119760479
Morgana,Vex,365,202,0.5534246575342465
Talon,Vex,125,62,0.496
Heimerdinger,Illaoi,137,70,0.5109489051094891
Heimerdinger,Jinx,487,272,0.5585215605749486
Heimerdinger,Lillia,174,85,0.4885057471264368
Heimerdinger,Zeri,120,62,0.5166666666666667
Illaoi,Lillia,207,122,0.5893719806763285
Illaoi,Zeri,125,63,0.504
Jinx,Zeri,114,43,0.37719298245614036
Lillia,Zeri,167,74,0.4431137724550898
Ashe,Malphite,1245,660,0.5301204819277109
Ashe,Smolder,521,237,0.45489443378119004
Katarina,Malphite,432,219,0.5069444444444444
Katarina,Warwick,422,203,0.48104265402843605
Malphite,Smolder,905,472,0.5215469613259669
Malphite,Warwick,618,345,0.558252427184466
Illaoi,Jhin,547,277,0.506398537477148
Illaoi,Sona,219,130,0.593607305936073
Illaoi,Udyr,189,108,0.5714285714285714
Jhin,Lillia,715,387,0.5412587412587413
Jhin,Udyr,500,259,0.518
Lillia,Sona,233,122,0.5236051502145923
Lillia,Udyr,115,61,0.5304347826086957
Azir,Braum,109,48,0.44036697247706424
Azir,JarvanIV,156,69,0.4423076923076923
Azir,Kaisa,299,97,0.32441471571906355
Azir,Sion,180,65,0.3611111111111111
Braum,JarvanIV,185,99,0.5351351351351351
Braum,Kaisa,472,229,0.4851694915254237
Braum,Sion,210,100,0.47619047619047616
JarvanIV,Kaisa,665,336,0.5052631578947369
JarvanIV,Sion,290,149,0.5137931034482759
Kaisa,Sion,730,356,0.4876712328767123
Hwei,Talon,176,84,0.4772727272727273
Hwei,Taric,127,64,0.5039370078740157
Hwei,Tryndamere,237,126,0.5316455696202531
Sivir,Talon,195,105,0.5384615384615384
Sivir,Taric,139,76,0.5467625899280576
Sivir,Tryndamere,244,143,0.5860655737704918
Talon,Taric,84,47,0.5595238095238095
Talon,Tryndamere,127,52,0.4094488188976378
Taric,Tryndamere,114,54,0.47368421052631576
Chogath,FiddleSticks,309,172,0.5566343042071198
Chogath,Jhin,1098,544,0.49544626593806923
Chogath,Lux,1120,574,0.5125
Chogath,Zed,546,270,0.4945054945054945
FiddleSticks,Jhin,579,301,0.5198618307426598
FiddleSticks,Lux,521,266,0.510556621880998
Jhin,Lux,2426,1274,0.5251442704039572
Jhin,Zed,854,421,0.4929742388758782
Ahri,Nautilus,758,352,0.46437994722955145
Ahri,Varus,513,245,0.4775828460038986
Ahri,Volibear,754,398,0.5278514588859416
Nautilus,Rammus,186,77,0.41397849462365593
Nautilus,Volibear,634,294,0.4637223974763407
Rammus,Varus,153,79,0.5163398692810458
Rammus,Volibear,157,77,0.49044585987261147
Varus,Volibear,434,209,0.4815668202764977
Caitlyn,Diana,1341,673,0.5018642803877703
Caitlyn,Teemo,1513,814,0.5380039656311963
Caitlyn,Vex,583,300,0.5145797598627787
Diana,Neeko,358,169,0.4720670391061452
Diana,Vex,227,123,0.5418502202643172
Neeko,Vex,178,81,0.4550561797752809
Teemo,Vex,405,216,0.5333333333333333
Darius,Draven,352,174,0.4943181818181818
Darius,Illaoi,158,81,0.5126582278481012
Darius,Lux,1297,662,0.5104086353122591
Darius,Qiyana,242,106,0.4380165289256198
Draven,Illaoi,162,82,0.5061728395061729
Illaoi,Lux,641,336,0.5241809672386896
Illaoi,Qiyana,122,59,0.48360655737704916
Lux,Qiyana,422,179,0.42417061611374407
Ekko,Hecarim,165,92,0.5575757575757576
Ekko,Kayn,385,179,0.4649350649350649
Ekko,Kindred,184,95,0.5163043478260869
Ekko,Olaf,161,86,0.5341614906832298
Ekko,Vayne,622,324,0.5209003215434084
Ekko,Yasuo,580,296,0.5103448275862069
Hecarim,Kayn,82,43,0.524390243902439
Hecarim,Kindred,52,25,0.4807692307692308
Hecarim,Olaf,97,56,0.5773195876288659
Hecarim,Vayne,308,145,0.4707792207792208
Hecarim,Yasuo,321,161,0.5015576323987538
Kayn,Kindred,110,46,0.41818181818181815
Kayn,Olaf,177,87,0.4915254237288136
Kayn,Vayne,749,389,0.5193591455273698
Kayn,Yasuo,877,434,0.49486887115165334
Kindred,Morgana,404,204,0.504950495049505
Kindred,Olaf,85,38,0.4470588235294118
Kindred,Vayne,297,141,0.47474747474747475
Kindred,Yasuo,355,192,0.5408450704225352
Morgana,Olaf,280,168,0.6
Morgana,Yasuo,974,495,0.5082135523613963
Olaf,Vayne,205,109,0.5317073170731708
Olaf,Yasuo,214,126,0.5887850467289719
Vayne,Yasuo,829,418,0.5042219541616405
Blitzcrank,Fizz,341,171,0.501466275659824
Blitzcrank,Jax,512,250,0.48828125
Blitzcrank,Kayn,518,269,0.5193050193050193
Blitzcrank,Nami,163,85,0.5214723926380368
Blitzcrank,Nunu,313,159,0.5079872204472844
Blitzcrank,TahmKench,191,87,0.45549738219895286
Fizz,Hwei,140,66,0.4714285714285714
Fizz,Jax,417,196,0.47002398081534774
Fizz,Kayn,446,239,0.5358744394618834
Fizz,Nami,469,247,0.5266524520255863
Fizz,Nunu,238,113,0.47478991596638653
Fizz,TahmKench,253,117,0.4624505928853755
Hwei,Jax,455,223,0.4901098901098901
Hwei,Kayn,490,250,0.5102040816326531
Hwei,Nunu,230,126,0.5478260869565217
Hwei,TahmKench,251,124,0.4940239043824701
Jax,Kayn,414,198,0.4782608695652174
Jax,Nunu,296,158,0.5337837837837838
Jax,TahmKench,388,187,0.48195876288659795
Kayn,Nunu,138,69,0.5
Nami,Nunu,405,202,0.49876543209876545
Nami,TahmKench,225,106,0.4711111111111111
Nunu,TahmKench,251,109,0.4342629482071713
Karma,Sion,345,179,0.518840579710145
Karma,Sivir,371,187,0.5040431266846361
Karma,Teemo,406,199,0.49014778325123154
Karma,XinZhao,282,140,0.49645390070921985
Sion,Sivir,353,177,0.5014164305949008
Sion,Teemo,483,252,0.5217391304347826
Sion,XinZhao,309,169,0.5469255663430421
Sivir,XinZhao,285,155,0.543859649122807
Teemo,XinZhao,483,267,0.5527950310559007
Blitzcrank,Gnar,176,88,0.5
Blitzcrank,Zed,442,216,0.48868778280542985
Gnar,Kayn,212,115,0.5424528301886793
Gnar,Zed,155,72,0.4645161290322581
Kayn,Zed,416,181,0.43509615384615385
Caitlyn,Volibear,1233,614,0.49797242497972427
Chogath,Gwen,277,139,0.5018050541516246
Chogath,Volibear,458,242,0.5283842794759825
Gwen,Thresh,490,232,0.47346938775510206
Gwen,Volibear,287,155,0.5400696864111498
Thresh,Volibear,656,315,0.4801829268292683
Fizz,MissFortune,833,434,0.5210084033613446
Fizz,Ryze,117,52,0.4444444444444444
Fizz,Senna,401,207,0.516209476309227
Malphite,MissFortune,1582,788,0.49810366624525915
Malphite,Ryze,300,156,0.52
Malphite,Senna,651,336,0.5161290322580645
MissFortune,Ryze,493,258,0.5233265720081136
Ryze,Senna,298,137,0.4597315436241611
Ekko,Nasus,360,191,0.5305555555555556
Ekko,Quinn,229,127,0.5545851528384279
Malzahar,Nasus,388,205,0.5283505154639175
Malzahar,Nidalee,229,119,0.519650655021834
Nasus,Nidalee,176,86,0.48863636363636365
Nasus,Quinn,126,65,0.5158730158730159
Nidalee,Quinn,140,63,0.45
Kaisa,Kalista,82,30,0.36585365853658536
Kaisa,Nautilus,1296,620,0.4783950617283951
Kaisa,Zeri,113,42,0.37168141592920356
Kalista,Zeri,43,20,0.46511627906976744
Nautilus,Yasuo,915,475,0.5191256830601093
Nautilus,Zeri,233,117,0.5021459227467812
Yasuo,Zeri,267,127,0.4756554307116105
Nocturne,Sona,229,116,0.5065502183406113
Nocturne,Vex,207,112,0.5410628019323671
Nocturne,Yorick,268,158,0.5895522388059702
Sona,Vex,215,106,0.4930232558139535
Sona,Yorick,243,126,0.5185185185185185
Vex,Yorick,193,95,0.49222797927461137
Chogath,Shen,312,153,0.49038461538461536
Chogath,Zaahen,498,285,0.572289156626506
Chogath,Zeri,248,127,0.5120967741935484
Chogath,Zyra,399,218,0.5463659147869674
Shen,Zaahen,280,160,0.5714285714285714
Shen,Zeri,169,87,0.514792899408284
Shen,Zyra,276,152,0.5507246376811594
Zaahen,Zyra,532,282,0.5300751879699248
Zeri,Zyra,167,82,0.49101796407185627
Ahri,Brand,566,303,0.5353356890459364
Ahri,Evelynn,275,127,0.4618181818181818
Ahri,Twitch,548,282,0.5145985401459854
Brand,Darius,642,355,0.5529595015576324
Brand,Twitch,508,273,0.5374015748031497
Darius,Evelynn,223,118,0.5291479820627802
Darius,Twitch,497,233,0.4688128772635815
Evelynn,Twitch,219,109,0.4977168949771689
Gwen,Sion,280,146,0.5214285714285715
Gwen,Swain,385,201,0.522077922077922
Gwen,Talon,191,93,0.4869109947643979
Lux,Sion,937,482,0.5144076840981857
Lux,Talon,499,227,0.45490981963927857
Sion,Talon,182,90,0.4945054945054945
Swain,Talon,247,132,0.5344129554655871
Kennen,Sion,152,78,0.5131578947368421
Kennen,Warwick,181,95,0.5248618784530387
Kennen,Yuumi,129,61,0.4728682170542636
Kennen,Zed,187,89,0.47593582887700536
Sion,Warwick,463,248,0.5356371490280778
Sion,Yuumi,323,164,0.5077399380804953
Warwick,Yuumi,430,186,0.4325581395348837
Warwick,Zed,430,223,0.5186046511627908
Yuumi,Zed,337,144,0.42729970326409494
Lillia,Milio,281,160,0.5693950177935944
Lillia,Tristana,412,235,0.5703883495145631
Lillia,Viktor,187,97,0.5187165775401069
Lillia,Yone,466,246,0.5278969957081545
Milio,Tristana,410,216,0.526829268292683
Milio,Viktor,280,148,0.5285714285714286
Milio,Yone,467,208,0.44539614561027835
Tristana,Viktor,340,181,0.5323529411764706
Tristana,Yone,592,312,0.527027027027027
Viktor,Yone,253,145,0.5731225296442688
Nocturne,Pantheon,327,156,0.47706422018348627
Nocturne,Samira,230,121,0.5260869565217391
Nocturne,Sion,292,153,0.523972602739726
Nocturne,Vladimir,279,135,0.4838709677419355
Pantheon,Samira,498,260,0.5220883534136547
Pantheon,Vladimir,424,202,0.47641509433962265
Samira,Sion,324,165,0.5092592592592593
Samira,Vladimir,246,121,0.491869918699187
Sion,Vladimir,277,135,0.48736462093862815
Katarina,Rammus,146,79,0.541095890410959
MissFortune,Rammus,419,220,0.5250596658711217
MissFortune,Yuumi,544,254,0.46691176470588236
MissFortune,Zaahen,1765,916,0.5189801699716714
Rammus,Yuumi,184,110,0.5978260869565217
Rammus,Zaahen,250,159,0.636
Yuumi,Zaahen,484,253,0.5227272727272727
Ezreal,Heimerdinger,311,153,0.4919614147909968
Ezreal,Kayn,732,334,0.4562841530054645
Ezreal,Morgana,871,410,0.4707233065442021
Ezreal,Seraphine,629,272,0.43243243243243246
Heimerdinger,Kayn,344,183,0.5319767441860465
Heimerdinger,Morgana,393,202,0.5139949109414759
Heimerdinger,Seraphine,299,158,0.5284280936454849
Kayn,Seraphine,647,323,0.4992272024729521
Morgana,Seraphine,444,239,0.5382882882882883
Garen,Leblanc,379,198,0.5224274406332454
Garen,MissFortune,1441,761,0.5281054823039556
Garen,Sylas,751,366,0.4873501997336884
Garen,Warwick,673,345,0.512630014858841
Leblanc,MissFortune,593,272,0.45868465430016864
Leblanc,Sylas,217,98,0.45161290322580644
MissFortune,Sylas,1276,643,0.5039184952978056
Aurora,Kaisa,442,217,0.49095022624434387
Aurora,Kassadin,50,22,0.44
Aurora,Kayn,350,171,0.48857142857142855
Aurora,Yasuo,291,149,0.5120274914089347
Kaisa,Kassadin,253,105,0.4150197628458498
Kassadin,Kayn,199,98,0.49246231155778897
Kassadin,Yasuo,129,61,0.4728682170542636
Ekko,Ezreal,582,264,0.4536082474226804
Ekko,Jayce,225,107,0.47555555555555556
Ekko,Lucian,436,205,0.4701834862385321
Ekko,Neeko,297,135,0.45454545454545453
Ezreal,Lucian,226,105,0.4646017699115044
Ezreal,Neeko,437,214,0.4897025171624714
Jayce,Lucian,217,88,0.4055299539170507
Jayce,Neeko,174,92,0.5287356321839081
Lucian,Neeko,305,147,0.4819672131147541
Brand,Lux,753,386,0.5126162018592297
Brand,MonkeyKing,310,177,0.5709677419354838
Lux,MonkeyKing,628,309,0.49203821656050956
MissFortune,MonkeyKing,603,337,0.5588723051409619
MonkeyKing,Yone,291,159,0.5463917525773195
Ashe,Evelynn,392,174,0.44387755102040816
Ashe,Pantheon,1071,510,0.47619047619047616
Ashe,Sylas,1128,571,0.5062056737588653
Evelynn,Leona,228,108,0.47368421052631576
Evelynn,Pantheon,244,125,0.5122950819672131
Evelynn,Sylas,157,77,0.49044585987261147
Leona,Pantheon,451,224,0.49667405764966743
Ahri,Garen,871,434,0.49827784156142363
Ahri,Graves,467,243,0.5203426124197003
Ahri,Sivir,537,275,0.5121042830540037
Ahri,Swain,522,269,0.5153256704980843
Garen,Graves,371,182,0.49056603773584906
Garen,Sivir,513,255,0.49707602339181284
Garen,Swain,581,325,0.5593803786574871
Graves,Sivir,273,122,0.4468864468864469
Graves,Swain,329,179,0.5440729483282675
Sivir,Swain,336,181,0.5386904761904762
Caitlyn,FiddleSticks,620,316,0.5096774193548387
Caitlyn,Garen,1287,645,0.5011655011655012
Caitlyn,MissFortune,468,233,0.49786324786324787
FiddleSticks,MissFortune,618,317,0.5129449838187702
FiddleSticks,Zaahen,389,212,0.5449871465295629
Garen,Zaahen,345,182,0.527536231884058
Brand,Kaisa,751,391,0.5206391478029294
Brand,Syndra,289,152,0.5259515570934256
Brand,Vayne,688,370,0.5377906976744186
Brand,XinZhao,432,253,0.5856481481481481
Kaisa,Syndra,505,246,0.4871287128712871
Kaisa,Vayne,349,163,0.4670487106017192
Kaisa,XinZhao,527,264,0.5009487666034156
Syndra,XinZhao,243,118,0.48559670781893005
Aurora,Briar,291,163,0.5601374570446735
Aurora,Nautilus,346,179,0.5173410404624278
Aurora,Smolder,404,241,0.5965346534653465
Briar,Nautilus,547,297,0.5429616087751371
Milio,Nautilus,152,72,0.47368421052631576
Nautilus,Smolder,721,378,0.5242718446601942
Irelia,Kaisa,575,262,0.45565217391304347
Irelia,MonkeyKing,145,74,0.5103448275862069
Irelia,Zyra,318,153,0.4811320754716981
Kaisa,Katarina,578,291,0.5034602076124568
Kaisa,Zyra,576,301,0.5225694444444444
Katarina,MonkeyKing,242,117,0.4834710743801653
Katarina,Zyra,282,152,0.5390070921985816
MonkeyKing,Zyra,235,145,0.6170212765957447
Caitlyn,Kled,298,135,0.45302013422818793
Caitlyn,Mel,1682,840,0.4994054696789536
Caitlyn,Samira,168,77,0.4583333333333333
Caitlyn,Sejuani,352,172,0.48863636363636365
Kled,Mel,205,116,0.5658536585365853
Kled,Samira,105,48,0.45714285714285713
Kled,Sejuani,57,25,0.43859649122807015
Mel,Samira,491,236,0.48065173116089616
Mel,Sejuani,278,123,0.44244604316546765
Samira,Sejuani,133,70,0.5263157894736842
Chogath,Soraka,389,193,0.4961439588688946
Mordekaiser,Soraka,500,279,0.558
Mordekaiser,Zaahen,371,213,0.5741239892183289
Gwen,Nasus,183,78,0.4262295081967213
Gwen,Seraphine,389,182,0.46786632390745503
Gwen,Sivir,274,149,0.5437956204379562
Lux,Nasus,876,451,0.5148401826484018
Lux,Seraphine,707,331,0.4681753889674682
Nasus,Seraphine,415,211,0.5084337349397591
Nasus,Sivir,322,172,0.5341614906832298
Seraphine,Sivir,415,212,0.5108433734939759
Fizz,Graves,232,117,0.5043103448275862
Fizz,Pyke,357,165,0.46218487394957986
Graves,MissFortune,561,281,0.5008912655971479
Graves,Pyke,322,139,0.43167701863354035
Graves,TwistedFate,246,114,0.4634146341463415
MissFortune,Pyke,1003,507,0.5054835493519442
MissFortune,TwistedFate,607,291,0.4794069192751236
Pyke,TwistedFate,324,128,0.3950617283950617
Amumu,Ezreal,583,282,0.483704974271012
Amumu,Rumble,161,87,0.5403726708074534
Amumu,Sylas,392,225,0.5739795918367347
Ezreal,Rumble,196,93,0.4744897959183674
Pantheon,Rumble,206,107,0.5194174757281553
Rumble,Sylas,157,82,0.5222929936305732
Blitzcrank,Jinx,849,446,0.525323910482921
Blitzcrank,Mordekaiser,535,275,0.514018691588785
Blitzcrank,Xerath,281,147,0.5231316725978647
Jinx,Kayn,1150,596,0.5182608695652174
Jinx,Mordekaiser,1188,586,0.49326599326599324
Kayn,Mordekaiser,677,344,0.5081240768094535
Mordekaiser,Xerath,479,264,0.5511482254697286
Darius,Irelia,250,119,0.476
Darius,Pyke,532,246,0.462406015037594
Darius,Trundle,289,131,0.4532871972318339
Darius,Veigar,703,375,0.5334281650071123
Irelia,Pyke,317,136,0.42902208201892744
Irelia,Trundle,178,80,0.449438202247191
Irelia,Veigar,342,144,0.42105263157894735
Pyke,Trundle,325,160,0.49230769230769234
Pyke,Veigar,569,299,0.5254833040421792
Trundle,Veigar,484,254,0.5247933884297521
Ambessa,Hecarim,147,67,0.4557823129251701
Ambessa,Kaisa,574,285,0.4965156794425087
Ambessa,Nautilus,357,172,0.48179271708683474
Ambessa,Viktor,218,108,0.4954128440366973
Hecarim,Kaisa,402,191,0.47512437810945274
Hecarim,Viktor,155,76,0.49032258064516127
Kaisa,Viktor,507,248,0.4891518737672584
Nautilus,Viktor,378,187,0.4947089947089947
Garen,Kayle,287,146,0.5087108013937283
Garen,Smolder,771,390,0.5058365758754864
Garen,Sona,416,186,0.44711538461538464
Kayle,Smolder,552,272,0.4927536231884058
Kayle,Sona,309,179,0.5792880258899676
Kayle,XinZhao,306,154,0.5032679738562091
Smolder,Sona,578,291,0.5034602076124568
Smolder,XinZhao,438,222,0.5068493150684932
Sona,XinZhao,239,127,0.5313807531380753
Lillia,Swain,320,170,0.53125
Lillia,Veigar,375,177,0.472
Lillia,Viego,106,57,0.5377358490566038
MissFortune,Veigar,1234,639,0.5178282009724473
MissFortune,Viego,1175,610,0.5191489361702127
Swain,Viego,535,278,0.5196261682242991
Veigar,Viego,615,306,0.4975609756097561
Kaisa,Nami,838,427,0.5095465393794749
Kaisa,Warwick,883,455,0.5152887882219706
Nami,Yasuo,946,531,0.5613107822410148
Blitzcrank,Darius,494,236,0.4777327935222672
Blitzcrank,Tryndamere,295,160,0.5423728813559322
Darius,Malzahar,610,323,0.5295081967213114
Darius,Tryndamere,185,100,0.5405405405405406
Malzahar,Tryndamere,358,195,0.5446927374301676
Malzahar,XinZhao,391,204,0.5217391304347826
Tryndamere,XinZhao,184,97,0.5271739130434783
Akshan,Garen,284,130,0.45774647887323944
Akshan,Karma,196,90,0.45918367346938777
Akshan,Kayn,259,128,0.4942084942084942
Akshan,Ornn,168,72,0.42857142857142855
Garen,Ornn,224,100,0.44642857142857145
Karma,Ornn,297,133,0.4478114478114478
Kayn,Ornn,341,159,0.4662756598240469
AurelionSol,Kayle,228,109,0.4780701754385965
AurelionSol,MissFortune,603,312,0.5174129353233831
AurelionSol,Shyvana,110,48,0.43636363636363634
AurelionSol,Sion,303,162,0.5346534653465347
Kayle,Shyvana,157,80,0.5095541401273885
Kayle,Sion,295,148,0.5016949152542373
MissFortune,Shyvana,361,164,0.45429362880886426
Shyvana,Sion,146,64,0.4383561643835616
Ahri,Kayn,818,382,0.4669926650366748
Ahri,Pantheon,787,381,0.4841168996188056
Ahri,Yone,502,245,0.48804780876494025
Kayn,Pantheon,540,250,0.46296296296296297
Kayn,Swain,605,308,0.509090909090909
Pantheon,Swain,527,285,0.540796963946869
Pantheon,Yone,570,310,0.543859649122807
Corki,FiddleSticks,121,59,0.48760330578512395
Corki,Qiyana,94,35,0.3723404255319149
Corki,Rengar,98,48,0.4897959183673469
FiddleSticks,Qiyana,123,55,0.44715447154471544
Qiyana,Rengar,94,29,0.30851063829787234
Qiyana,Sett,242,98,0.4049586776859504
Rengar,Sett,323,165,0.5108359133126935
Aatrox,Gragas,149,70,0.4697986577181208
Aatrox,Kindred,206,75,0.3640776699029126
Aatrox,Varus,387,183,0.4728682170542636
Aatrox,Velkoz,363,196,0.5399449035812672
Gragas,Varus,235,96,0.4085106382978723
Gragas,Velkoz,170,88,0.5176470588235295
Kindred,Varus,238,108,0.453781512605042
Kindred,Velkoz,211,120,0.5687203791469194
Varus,Velkoz,399,199,0.49874686716791977
Kled,MissFortune,256,127,0.49609375
Kled,Morgana,208,106,0.5096153846153846
Kled,Nocturne,85,50,0.5882352941176471
Kled,Pyke,120,43,0.35833333333333334
MissFortune,Morgana,1935,1010,0.5219638242894057
Morgana,Nocturne,539,279,0.5176252319109462
Morgana,Pyke,375,166,0.44266666666666665
Nocturne,Pyke,284,137,0.4823943661971831
Ahri,Lux,1111,583,0.5247524752475248
Caitlyn,Kindred,481,233,0.48440748440748443
Caitlyn,Trundle,762,391,0.5131233595800525
Kindred,Lux,631,318,0.5039619651347068
Kindred,Trundle,128,61,0.4765625
Kaisa,Karma,619,290,0.46849757673667203
Karma,Viktor,280,132,0.4714285714285714
Karma,Volibear,444,236,0.5315315315315315
Ornn,Viktor,220,99,0.45
Viktor,Volibear,377,183,0.4854111405835544
Ahri,Gwen,495,260,0.5252525252525253
Gwen,Nocturne,219,111,0.5068493150684932
Gwen,Tristana,439,217,0.49430523917995445
Leona,Nocturne,375,201,0.536
Leona,Tristana,600,300,0.5
Nocturne,Tristana,368,182,0.4945652173913043
Ambessa,Jinx,607,306,0.5041186161449753
Ambessa,Khazix,162,68,0.41975308641975306
Ambessa,Leona,356,175,0.49157303370786515
Jinx,Leona,858,428,0.4988344988344988
Jinx,Mel,1434,750,0.5230125523012552
Khazix,Leona,331,162,0.48942598187311176
Leona,Mel,580,298,0.5137931034482759
Ahri,Anivia,135,61,0.45185185185185184
Ahri,Viktor,162,87,0.5370370370370371
Anivia,Tristana,259,128,0.4942084942084942
Anivia,Viktor,82,41,0.5
Anivia,XinZhao,172,86,0.5
Tristana,XinZhao,370,187,0.5054054054054054
Viktor,XinZhao,224,108,0.48214285714285715
Amumu,Graves,148,82,0.5540540540540541
Amumu,Jayce,229,115,0.5021834061135371
Amumu,Neeko,337,175,0.5192878338278932
Graves,Jayce,150,75,0.5
Graves,Jinx,521,240,0.46065259117082535
Graves,Neeko,211,99,0.46919431279620855
Jinx,Neeko,583,298,0.5111492281303602
Brand,Ezreal,674,322,0.47774480712166173
Brand,Kayle,469,241,0.5138592750533049
Brand,Lucian,465,236,0.5075268817204301
Brand,TahmKench,354,184,0.519774011299435
Ezreal,TahmKench,437,201,0.459954233409611
Kayle,Lucian,394,202,0.5126903553299492
Kayle,TahmKench,262,115,0.4389312977099237
Lucian,TahmKench,280,112,0.4
Ambessa,Blitzcrank,314,155,0.49363057324840764
Ambessa,Lillia,209,114,0.5454545454545454
Ambessa,MissFortune,679,319,0.4698085419734904
Ambessa,Yasuo,381,202,0.5301837270341208
Blitzcrank,Lillia,315,168,0.5333333333333333
Blitzcrank,MissFortune,949,493,0.5194942044257113
Lillia,Yasuo,520,282,0.5423076923076923
Chogath,Riven,219,111,0.5068493150684932
Chogath,Vex,270,143,0.5296296296296297
Jhin,Thresh,1124,542,0.4822064056939502
Riven,Thresh,385,170,0.44155844155844154
Riven,Vex,181,92,0.5082872928176796
Thresh,Vex,320,152,0.475
Corki,Katarina,143,64,0.44755244755244755
Corki,Leblanc,105,47,0.44761904761904764
Corki,Morgana,262,125,0.4770992366412214
Corki,Nidalee,126,57,0.4523809523809524
Katarina,Leblanc,86,33,0.38372093023255816
Katarina,Morgana,489,252,0.5153374233128835
Katarina,Nidalee,169,72,0.4260355029585799
Leblanc,Morgana,418,212,0.507177033492823
Leblanc,Nidalee,144,63,0.4375
Garen,Kindred,326,156,0.4785276073619632
Garen,Rammus,267,145,0.5430711610486891
Garen,Veigar,720,368,0.5111111111111111
Garen,Zilean,265,128,0.4830188679245283
Kindred,Rammus,72,37,0.5138888888888888
Kindred,Veigar,323,157,0.48606811145510836
Kindred,Zilean,135,62,0.45925925925925926
Rammus,Veigar,269,134,0.49814126394052044
Rammus,Zilean,103,59,0.5728155339805825
Qiyana,Rakan,118,43,0.3644067796610169
Qiyana,Veigar,204,87,0.4264705882352941
Qiyana,Xayah,147,61,0.41496598639455784
Qiyana,Yorick,127,61,0.48031496062992124
Rakan,Veigar,227,115,0.5066079295154186
Rakan,Xayah,1097,504,0.4594348222424795
Rakan,Yorick,135,63,0.4666666666666667
Veigar,Xayah,382,190,0.4973821989528796
Xayah,Yorick,209,102,0.4880382775119617
Illaoi,Rammus,107,56,0.5233644859813084
Illaoi,Swain,292,150,0.5136986301369864
Illaoi,Vayne,309,168,0.5436893203883495
Malzahar,Rammus,241,125,0.5186721991701245
Malzahar,Swain,454,256,0.5638766519823789
Rammus,Swain,198,110,0.5555555555555556
Rammus,Vayne,245,125,0.5102040816326531
Gwen,Riven,183,97,0.5300546448087432
Gwen,Twitch,394,187,0.4746192893401015
Gwen,Xayah,255,110,0.43137254901960786
Gwen,Ziggs,193,96,0.49740932642487046
Riven,Twitch,313,144,0.46006389776357826
Riven,Ziggs,236,116,0.4915254237288136
Twitch,Xayah,154,75,0.487012987012987
Twitch,Ziggs,273,131,0.47985347985347987
Xayah,Ziggs,157,77,0.49044585987261147
Graves,Rell,160,73,0.45625
Graves,Thresh,405,202,0.49876543209876545
Graves,Yone,343,168,0.4897959183673469
Rell,Thresh,73,35,0.4794520547945205
Rell,Yone,269,133,0.4944237918215613
Thresh,Yone,692,354,0.5115606936416185
Xerath,Yone,394,202,0.5126903553299492
Ekko,Jax,480,233,0.48541666666666666
Ekko,Lillia,191,107,0.5602094240837696
Ekko,Malphite,498,231,0.463855421686747
Ekko,Shaco,315,150,0.47619047619047616
Ekko,Sona,289,146,0.5051903114186851
Jax,Jax,44,31,0.7045454545454546
Jax,Lillia,258,137,0.5310077519379846
Jax,Shaco,434,217,0.5
Jax,Sona,418,218,0.5215311004784688
Lillia,Malphite,348,190,0.5459770114942529
Lillia,Morgana,466,240,0.5150214592274678
Lillia,Shaco,184,94,0.5108695652173914
Malphite,Morgana,898,496,0.5523385300668151
Malphite,Shaco,580,302,0.5206896551724138
Malphite,Sona,429,221,0.5151515151515151
Morgana,Sona,267,145,0.5430711610486891
Shaco,Sona,287,152,0.5296167247386759
AurelionSol,Nautilus,353,192,0.5439093484419264
AurelionSol,Pantheon,347,190,0.547550432276657
AurelionSol,TahmKench,219,104,0.4748858447488584
AurelionSol,Viego,278,142,0.5107913669064749
Draven,Pantheon,426,188,0.4413145539906103
Draven,Shyvana,126,57,0.4523809523809524
Draven,Smolder,146,65,0.4452054794520548
Draven,TahmKench,244,114,0.4672131147540984
Draven,Viego,315,139,0.44126984126984126
Nautilus,Pantheon,522,244,0.4674329501915709
Nautilus,Shyvana,196,93,0.4744897959183674
Nautilus,TahmKench,250,116,0.464
Nautilus,Viego,635,293,0.46141732283464565
Pantheon,Shyvana,177,87,0.4915254237288136
Pantheon,TahmKench,338,170,0.5029585798816568
Pantheon,Viego,552,286,0.5181159420289855
Shyvana,TahmKench,142,69,0.4859154929577465
Shyvana,Viego,71,33,0.4647887323943662
Smolder,TahmKench,540,272,0.5037037037037037
TahmKench,Viego,384,202,0.5260416666666666
Ekko,Kalista,131,49,0.37404580152671757
Ekko,Seraphine,445,208,0.46741573033707867
Kalista,Seraphine,127,63,0.49606299212598426
Kalista,Vayne,95,38,0.4
Seraphine,Vayne,591,294,0.49746192893401014
Seraphine,Yasuo,717,355,0.49511854951185497
Garen,MasterYi,685,357,0.5211678832116788
Garen,Mel,964,499,0.5176348547717843
MasterYi,Sivir,445,221,0.4966292134831461
Mel,Sivir,598,307,0.5133779264214047
Mel,Sylas,682,346,0.5073313782991202
Sivir,Sylas,482,261,0.5414937759336099
Cassiopeia,Heimerdinger,61,28,0.45901639344262296
Cassiopeia,Leona,159,84,0.5283018867924528
Cassiopeia,Lucian,160,61,0.38125
Cassiopeia,Warwick,188,102,0.5425531914893617
Heimerdinger,Leona,296,136,0.4594594594594595
Heimerdinger,Lucian,299,159,0.5317725752508361
Heimerdinger,Warwick,388,214,0.5515463917525774
Leona,Lucian,430,218,0.5069767441860465
Leona,Warwick,572,284,0.4965034965034965
Darius,Sion,282,127,0.450354609929078
Lulu,Mel,390,198,0.5076923076923077
Lulu,Sion,319,148,0.46394984326018807
Lulu,Tryndamere,233,108,0.463519313304721
Mel,Sion,681,346,0.5080763582966226
Mel,Tryndamere,451,238,0.5277161862527716
Sion,Tryndamere,172,92,0.5348837209302325
Ashe,Caitlyn,543,255,0.4696132596685083
Ashe,Karthus,345,171,0.4956521739130435
Ashe,Maokai,420,214,0.5095238095238095
Ashe,Thresh,996,488,0.4899598393574297
Caitlyn,Maokai,498,248,0.4979919678714859
Karthus,Thresh,278,150,0.539568345323741
Maokai,Thresh,172,73,0.42441860465116277
Briar,FiddleSticks,152,78,0.5131578947368421
Briar,KogMaw,224,132,0.5892857142857143
Briar,Singed,317,189,0.5962145110410094
Briar,Vi,142,86,0.6056338028169014
FiddleSticks,KogMaw,151,92,0.609271523178808
FiddleSticks,Singed,170,88,0.5176470588235295
FiddleSticks,Vi,137,73,0.5328467153284672
KogMaw,Singed,162,83,0.5123456790123457
Singed,Vi,208,116,0.5576923076923077
Ekko,Mel,526,261,0.49619771863117873
Ekko,Renekton,328,160,0.4878048780487805
Ekko,Veigar,376,188,0.5
Ekko,Zac,170,82,0.4823529411764706
Mel,Renekton,466,227,0.4871244635193133
Mel,Zac,360,172,0.4777777777777778
Renekton,Veigar,338,169,0.5
Renekton,Zac,130,77,0.5923076923076923
Veigar,Zac,275,129,0.4690909090909091
Ahri,Amumu,615,317,0.5154471544715448
Amumu,Nami,534,297,0.5561797752808989
Amumu,Sett,608,340,0.5592105263157895
Jinx,Nami,1064,579,0.5441729323308271
Jinx,Sett,1153,644,0.5585429314830876
Brand,Milio,219,117,0.5342465753424658
Brand,Sett,675,382,0.5659259259259259
Brand,Yunara,437,220,0.5034324942791762
Milio,Sett,464,251,0.540948275862069
Milio,Viego,488,249,0.5102459016393442
Sett,Viego,646,337,0.521671826625387
Sett,Yunara,585,289,0.49401709401709404
Aphelios,Kayn,423,213,0.5035460992907801
Aphelios,Pyke,281,135,0.4804270462633452
Aphelios,Shen,257,125,0.48638132295719844
Kayn,Pyke,519,241,0.464354527938343
Malzahar,Pyke,519,256,0.4932562620423892
Malzahar,Shen,426,253,0.5938967136150235
Pyke,Shen,301,154,0.5116279069767442
Briar,Fizz,357,204,0.5714285714285714
Briar,Garen,613,346,0.564437194127243
Briar,Morgana,806,438,0.543424317617866
Briar,Neeko,324,170,0.5246913580246914
Fizz,Garen,467,251,0.5374732334047109
Fizz,Morgana,519,259,0.49903660886319845
Garen,Neeko,422,222,0.5260663507109005
Morgana,Neeko,336,168,0.5
Brand,FiddleSticks,263,139,0.5285171102661597
Brand,JarvanIV,376,209,0.5558510638297872
Brand,Shaco,461,261,0.5661605206073753
FiddleSticks,JarvanIV,111,48,0.43243243243243246
FiddleSticks,Shaco,202,99,0.4900990099009901
JarvanIV,MissFortune,836,435,0.5203349282296651
JarvanIV,Shaco,187,76,0.40641711229946526
Belveth,Hecarim,52,23,0.4423076923076923
Belveth,Olaf,71,35,0.49295774647887325
Belveth,Shen,136,67,0.49264705882352944
Belveth,Talon,64,31,0.484375
Belveth,Thresh,223,114,0.5112107623318386
Belveth,Zoe,121,52,0.4297520661157025
Hecarim,Kassadin,73,26,0.3561643835616438
Hecarim,Shen,159,72,0.4528301886792453
Hecarim,Talon,73,36,0.4931506849315068
Hecarim,Thresh,279,137,0.4910394265232975
Hecarim,Zoe,134,60,0.44776119402985076
Kassadin,Olaf,68,32,0.47058823529411764
Kassadin,Shen,111,47,0.42342342342342343
Kassadin,Talon,77,36,0.4675324675324675
Kassadin,Thresh,182,83,0.45604395604395603
Kassadin,Zoe,53,21,0.39622641509433965
Olaf,Shen,108,64,0.5925925925925926
Olaf,Talon,67,28,0.417910447761194
Olaf,Thresh,200,101,0.505
Olaf,Zoe,108,54,0.5
Shen,Talon,199,99,0.49748743718592964
Shen,Thresh,347,176,0.5072046109510087
Shen,Zoe,224,105,0.46875
Talon,Thresh,308,147,0.4772727272727273
Talon,Zoe,137,69,0.5036496350364964
Thresh,Zoe,321,149,0.46417445482866043
Ahri,Azir,110,50,0.45454545454545453
Ahri,Quinn,269,134,0.49814126394052044
Ahri,Singed,414,220,0.5314009661835749
Ahri,Sylas,436,221,0.5068807339449541
Ahri,Viego,735,393,0.5346938775510204
Azir,Brand,185,86,0.4648648648648649
Azir,Caitlyn,367,179,0.4877384196185286
Azir,Quinn,95,44,0.4631578947368421
Azir,Singed,127,56,0.4409448818897638
Azir,Sylas,164,72,0.43902439024390244
Azir,Viego,224,94,0.41964285714285715
Brand,Caitlyn,1067,554,0.5192127460168697
Brand,Quinn,255,125,0.49019607843137253
Brand,Singed,341,181,0.530791788856305
Brand,Sylas,500,261,0.522
Caitlyn,Quinn,435,209,0.4804597701149425
Caitlyn,Singed,566,290,0.5123674911660777
Caitlyn,Sylas,1332,672,0.5045045045045045
Caitlyn,Viego,1205,604,0.5012448132780083
Quinn,Singed,120,57,0.475
Quinn,Sylas,270,136,0.5037037037037037
Quinn,Viego,226,115,0.5088495575221239
Singed,Sylas,295,156,0.5288135593220339
Singed,Viego,306,161,0.5261437908496732
Sylas,Viego,529,264,0.499054820415879
DrMundo,Ekko,553,296,0.5352622061482821
DrMundo,Kaisa,967,483,0.49948293691830403
DrMundo,LeeSin,369,184,0.4986449864498645
DrMundo,Leona,611,289,0.47299509001636664
DrMundo,Zyra,535,307,0.5738317757009346
Ekko,Kaisa,738,376,0.5094850948509485
Ekko,LeeSin,263,120,0.45627376425855515
Ekko,Leona,473,234,0.49471458773784355
Ekko,Teemo,511,268,0.5244618395303327
Ekko,Zyra,349,173,0.49570200573065903
LeeSin,Leona,365,190,0.5205479452054794
LeeSin,Teemo,510,254,0.4980392156862745
LeeSin,XinZhao,145,71,0.4896551724137931
LeeSin,Zyra,287,150,0.5226480836236934
Leona,Teemo,646,329,0.5092879256965944
Leona,XinZhao,306,150,0.49019607843137253
Leona,Zyra,217,112,0.5161290322580645
Teemo,Zyra,525,271,0.5161904761904762
XinZhao,Zyra,303,177,0.5841584158415841
Darius,Karma,440,225,0.5113636363636364
Darius,Sona,386,194,0.5025906735751295
Darius,Swain,596,327,0.5486577181208053
Darius,Taric,168,86,0.5119047619047619
Darius,Varus,418,196,0.4688995215311005
Darius,Volibear,542,293,0.540590405904059
Darius,Warwick,570,273,0.4789473684210526
Karma,Sona,142,73,0.5140845070422535
Karma,Swain,260,135,0.5192307692307693
Karma,Taric,101,46,0.45544554455445546
Karma,Varus,364,174,0.47802197802197804
Karma,Warwick,419,222,0.5298329355608592
Sona,Swain,260,136,0.5230769230769231
Sona,Taric,86,47,0.5465116279069767
Sona,Varus,279,121,0.4336917562724014
Sona,Volibear,373,195,0.5227882037533512
Sona,Warwick,395,207,0.5240506329113924
Swain,Taric,136,72,0.5294117647058824
Swain,Varus,404,206,0.5099009900990099
Taric,Varus,143,66,0.46153846153846156
Taric,Volibear,210,111,0.5285714285714286
Taric,Warwick,201,106,0.527363184079602
Varus,Warwick,447,197,0.4407158836689038
Volibear,Warwick,428,209,0.4883177570093458
Leona,Senna,262,145,0.5534351145038168
Leona,Viego,482,243,0.504149377593361
Malzahar,Senna,576,293,0.5086805555555556
Darius,Kayle,302,161,0.5331125827814569
Darius,Nunu,330,157,0.47575757575757577
Darius,Zoe,322,151,0.468944099378882
Jhin,Kayle,811,419,0.5166461159062885
Jhin,Nunu,642,304,0.4735202492211838
Jhin,Zoe,589,262,0.44482173174872663
Kayle,Nunu,307,151,0.49185667752442996
Kayle,Zoe,219,105,0.4794520547945205
Nunu,Zoe,208,90,0.4326923076923077
Caitlyn,Senna,852,412,0.4835680751173709
Caitlyn,Sion,904,443,0.49004424778761063
Caitlyn,Velkoz,865,467,0.5398843930635838
Lux,Senna,751,387,0.5153129161118508
Lux,Velkoz,511,256,0.5009784735812133
Senna,Sion,487,238,0.4887063655030801
Senna,Velkoz,342,180,0.5263157894736842
Sion,Velkoz,359,170,0.4735376044568245
DrMundo,TwistedFate,394,190,0.48223350253807107
DrMundo,Varus,528,267,0.5056818181818182
DrMundo,Volibear,559,294,0.5259391771019678
DrMundo,Yasuo,831,447,0.5379061371841155
TwistedFate,Varus,274,139,0.5072992700729927
TwistedFate,Volibear,309,143,0.4627831715210356
Varus,Yasuo,503,253,0.5029821073558648
Jhin,Nami,1037,520,0.5014464802314368
Nami,Zed,577,299,0.5181975736568457
Teemo,Warwick,815,438,0.5374233128834356
Teemo,Zed,681,362,0.5315712187958884
Alistar,Brand,241,117,0.4854771784232365
Alistar,Nocturne,173,88,0.5086705202312138
Alistar,Singed,220,106,0.4818181818181818
Alistar,Xerath,170,82,0.4823529411764706
Brand,Nocturne,379,197,0.5197889182058048
Brand,Xerath,329,179,0.5440729483282675
Nocturne,Singed,206,114,0.5533980582524272
Nocturne,Xerath,307,166,0.5407166123778502
Singed,Xerath,219,117,0.5342465753424658
Ekko,Jhin,951,451,0.47423764458464773
Ekko,Nautilus,578,276,0.47750865051903113
Ekko,Trundle,301,163,0.5415282392026578
Ekko,Warwick,449,210,0.46770601336302897
Jhin,Trundle,669,353,0.5276532137518685
Nautilus,Trundle,406,193,0.4753694581280788
Nautilus,Warwick,681,339,0.4977973568281938
Trundle,Warwick,269,139,0.516728624535316
Braum,Khazix,174,86,0.4942528735632184
Braum,Naafiri,161,74,0.45962732919254656
Braum,Teemo,375,178,0.4746666666666667
Braum,Twitch,267,131,0.49063670411985016
Khazix,Naafiri,113,56,0.49557522123893805
Khazix,Twitch,288,139,0.4826388888888889
Naafiri,Teemo,439,235,0.5353075170842825
Naafiri,Twitch,249,120,0.4819277108433735
Teemo,Twitch,650,352,0.5415384615384615
Amumu,Bard,235,115,0.48936170212765956
Amumu,Teemo,685,353,0.5153284671532846
Amumu,Varus,351,176,0.5014245014245015
Bard,Varus,284,138,0.4859154929577465
Bard,Yunara,323,152,0.47058823529411764
Teemo,Varus,520,257,0.49423076923076925
Teemo,Yunara,652,329,0.504601226993865
Varus,Yunara,171,63,0.3684210526315789
Chogath,Jinx,996,533,0.535140562248996
Chogath,Karma,405,201,0.4962962962962963
Chogath,MonkeyKing,309,148,0.47896440129449835
Chogath,Yasuo,781,437,0.559539052496799
Jinx,Karma,711,357,0.5021097046413502
Jinx,MonkeyKing,516,264,0.5116279069767442
Jinx,Yasuo,1112,568,0.5107913669064749
Karma,MonkeyKing,257,149,0.5797665369649806
Karma,Yasuo,458,232,0.5065502183406113
MonkeyKing,Yasuo,450,241,0.5355555555555556
Jax,Lucian,590,306,0.5186440677966102
Jax,Sylas,651,340,0.522273425499232
Jax,Tryndamere,260,140,0.5384615384615384
Jax,Zyra,493,273,0.5537525354969574
Lucian,Tryndamere,272,137,0.5036764705882353
Lucian,Zyra,351,183,0.5213675213675214
Sylas,Tryndamere,379,180,0.47493403693931396
Sylas,Zyra,446,261,0.5852017937219731
Tryndamere,Zyra,262,142,0.5419847328244275
Jinx,Nautilus,1081,522,0.482886216466235
Jinx,Soraka,818,417,0.5097799511002445
Jinx,Thresh,1310,672,0.5129770992366413
Nautilus,Shaco,477,214,0.44863731656184486
Nautilus,Soraka,183,74,0.40437158469945356
Nautilus,Thresh,220,85,0.38636363636363635
Shaco,Soraka,286,159,0.5559440559440559
Soraka,Thresh,141,60,0.425531914893617
Camille,Leona,161,76,0.4720496894409938
Camille,Lux,351,173,0.4928774928774929
Camille,Nunu,97,42,0.4329896907216495
Camille,Samira,115,56,0.48695652173913045
Leona,Lux,547,293,0.5356489945155393
Leona,Nunu,281,149,0.5302491103202847
Lux,Nunu,662,332,0.5015105740181269
Lux,Samira,701,375,0.5349500713266762
Nunu,Samira,235,120,0.5106382978723404
Smolder,Tryndamere,413,199,0.48184019370460046
Smolder,Zoe,426,202,0.47417840375586856
Smolder,Zyra,573,296,0.5165794066317626
Tryndamere,Viego,258,121,0.4689922480620155
Viego,Zoe,323,146,0.4520123839009288
Viego,Zyra,417,215,0.5155875299760192
Zoe,Zyra,201,108,0.5373134328358209
Akshan,Jinx,424,219,0.5165094339622641
Akshan,Vi,129,68,0.5271317829457365
Jax,Jinx,1108,565,0.509927797833935
Jax,Vi,273,148,0.5421245421245421
Jinx,Vi,577,298,0.5164644714038128
Nami,Vi,356,171,0.4803370786516854
Karthus,MonkeyKing,113,63,0.5575221238938053
Karthus,Shyvana,63,25,0.3968253968253968
Karthus,Talon,110,52,0.4727272727272727
Karthus,Viego,128,63,0.4921875
MonkeyKing,Shyvana,74,39,0.527027027027027
MonkeyKing,Talon,107,44,0.411214953271028
MonkeyKing,Viego,145,65,0.4482758620689655
Shyvana,Talon,77,37,0.4805194805194805
Talon,Viego,122,61,0.5
Briar,Camille,149,72,0.48322147651006714
Briar,Kalista,132,71,0.5378787878787878
Briar,Nasus,335,182,0.5432835820895522
Briar,Rammus,99,55,0.5555555555555556
Briar,Ryze,246,137,0.556910569105691
Briar,Ziggs,288,162,0.5625
Camille,Kalista,58,27,0.46551724137931033
Camille,Nasus,68,34,0.5
Camille,Rammus,75,38,0.5066666666666667
Camille,Ryze,99,45,0.45454545454545453
Camille,Vi,114,56,0.49122807017543857
Camille,Ziggs,127,61,0.48031496062992124
Kalista,Nasus,98,48,0.4897959183673469
Kalista,Rammus,68,32,0.47058823529411764
Kalista,Ryze,92,41,0.44565217391304346
Kalista,Vi,98,52,0.5306122448979592
Kalista,Ziggs,80,38,0.475
Nasus,Rammus,157,78,0.4968152866242038
Nasus,Ryze,187,103,0.5508021390374331
Nasus,Vi,264,146,0.553030303030303
Nasus,Ziggs,278,140,0.5035971223021583
Rammus,Ryze,125,66,0.528
Rammus,Vi,102,51,0.5
Rammus,Ziggs,133,58,0.43609022556390975
Ryze,Vi,186,83,0.44623655913978494
Ryze,Ziggs,154,84,0.5454545454545454
Vi,Ziggs,220,111,0.5045454545454545
Aurora,Kayle,222,116,0.5225225225225225
Aurora,Leona,329,170,0.5167173252279635
Aurora,Mordekaiser,308,154,0.5
Aurora,Swain,247,121,0.4898785425101215
Aurora,TwistedFate,128,57,0.4453125
Aurora,Xerath,155,78,0.5032258064516129
Aurora,Zoe,131,58,0.44274809160305345
Kayle,Leona,431,225,0.5220417633410673
Kayle,Mordekaiser,315,177,0.5619047619047619
Kayle,Swain,363,183,0.5041322314049587
Kayle,TwistedFate,253,120,0.4743083003952569
Kayle,Xerath,308,178,0.577922077922078
Leona,Swain,349,186,0.5329512893982808
Leona,TwistedFate,318,141,0.44339622641509435
Leona,Xerath,314,175,0.5573248407643312
Leona,Zoe,252,108,0.42857142857142855
Mordekaiser,Swain,563,318,0.5648312611012434
Mordekaiser,Zoe,349,162,0.46418338108882523
Swain,TwistedFate,286,130,0.45454545454545453
Swain,Xerath,298,166,0.5570469798657718
Swain,Zoe,248,121,0.4879032258064516
TwistedFate,Zoe,141,57,0.40425531914893614
Xerath,Zoe,161,70,0.43478260869565216
Caitlyn,Sona,664,331,0.49849397590361444
Caitlyn,Zoe,646,307,0.47523219814241485
Garen,Nasus,244,112,0.45901639344262296
Garen,Zoe,381,190,0.49868766404199477
Nasus,Sona,272,154,0.5661764705882353
Sona,Zoe,193,96,0.49740932642487046
Darius,Leona,577,269,0.4662045060658579
Darius,Shaco,538,261,0.4851301115241636
Darius,Ziggs,381,199,0.5223097112860893
Leona,Qiyana,232,105,0.4525862068965517
Leona,Shaco,380,189,0.49736842105263157
Leona,Ziggs,298,156,0.5234899328859061
Qiyana,Shaco,175,75,0.42857142857142855
Qiyana,Ziggs,142,71,0.5
Shaco,Ziggs,317,164,0.5173501577287066
JarvanIV,Jax,312,172,0.5512820512820513
JarvanIV,LeeSin,119,62,0.5210084033613446
JarvanIV,Ornn,222,118,0.5315315315315315
JarvanIV,Vex,216,123,0.5694444444444444
Jax,LeeSin,299,153,0.5117056856187291
Jax,Ornn,272,136,0.5
LeeSin,Vex,225,113,0.5022222222222222
Ornn,Vex,195,98,0.5025641025641026
Draven,Gragas,163,82,0.5030674846625767
Draven,Jayce,148,72,0.4864864864864865
Draven,Leona,355,156,0.4394366197183099
Draven,Yasuo,429,210,0.48951048951048953
Gragas,Jayce,115,49,0.4260869565217391
Gragas,Leona,242,101,0.41735537190082644
Gragas,Yasuo,485,262,0.5402061855670103
Jayce,Leona,217,104,0.4792626728110599
Jayce,Yasuo,231,113,0.48917748917748916
Akali,Viego,552,282,0.5108695652173914
Caitlyn,Yuumi,546,238,0.4358974358974359
Pantheon,Yuumi,303,152,0.5016501650165016
Viego,Yuumi,352,163,0.4630681818181818
Bard,FiddleSticks,147,81,0.5510204081632653
Bard,Jinx,554,274,0.49458483754512633
Bard,Sylas,396,203,0.5126262626262627
Bard,Vayne,409,195,0.4767726161369193
FiddleSticks,Jinx,571,313,0.5481611208406305
FiddleSticks,Sylas,249,134,0.5381526104417671
FiddleSticks,Vayne,356,192,0.5393258426966292
Jinx,Vayne,363,180,0.49586776859504134
Braum,Orianna,182,86,0.4725274725274725
Braum,Rumble,115,54,0.46956521739130436
Braum,Shen,182,84,0.46153846153846156
Jinx,Orianna,568,292,0.5140845070422535
Jinx,Rumble,310,161,0.5193548387096775
Jinx,Shen,732,360,0.4918032786885246
Orianna,Rumble,86,37,0.43023255813953487
Orianna,Shen,250,125,0.5
Rumble,Shen,96,51,0.53125
Katarina,Urgot,225,120,0.5333333333333333
Katarina,Viego,407,201,0.49385749385749383
Soraka,Urgot,239,128,0.5355648535564853
Soraka,Viego,408,221,0.5416666666666666
Twitch,Urgot,260,140,0.5384615384615384
Twitch,Viego,447,214,0.47874720357941836
Urgot,Viego,323,165,0.5108359133126935
Annie,FiddleSticks,132,72,0.5454545454545454
Annie,Irelia,151,69,0.45695364238410596
Annie,Karma,195,102,0.5230769230769231
Annie,Varus,194,93,0.4793814432989691
FiddleSticks,Irelia,200,106,0.53
FiddleSticks,Karma,181,95,0.5248618784530387
Irelia,Karma,261,128,0.4904214559386973
Irelia,Varus,284,126,0.44366197183098594
JarvanIV,Lux,767,403,0.5254237288135594
JarvanIV,Thresh,432,223,0.5162037037037037
Jax,Lux,1353,697,0.5151515151515151
Jax,Thresh,682,336,0.49266862170087977
Lux,Thresh,677,357,0.5273264401772526
Akali,Ashe,899,454,0.5050055617352615
Akali,JarvanIV,358,178,0.4972067039106145
Akali,Karma,359,165,0.4596100278551532
Ashe,JarvanIV,621,307,0.4943639291465378
Ashe,Karma,658,332,0.5045592705167173
Ashe,Ornn,556,274,0.49280575539568344
MasterYi,Naafiri,229,126,0.5502183406113537
MasterYi,Rumble,177,81,0.4576271186440678
MasterYi,Smolder,707,358,0.5063649222065064
Naafiri,Rumble,119,55,0.46218487394957986
Naafiri,Seraphine,311,153,0.4919614147909968
Naafiri,Smolder,374,202,0.5401069518716578
Rumble,Seraphine,144,68,0.4722222222222222
Rumble,Smolder,254,124,0.4881889763779528
Seraphine,Smolder,698,317,0.45415472779369626
MasterYi,Nidalee,190,83,0.4368421052631579
MasterYi,Qiyana,156,62,0.3974358974358974
MasterYi,Tristana,601,275,0.45757071547420963
Nidalee,Teemo,279,117,0.41935483870967744
Qiyana,Teemo,293,135,0.46075085324232085
Teemo,Tristana,719,372,0.5173852573018081
Ashe,Illaoi,509,254,0.49901768172888017
Ashe,Sejuani,349,167,0.4785100286532951
Illaoi,Pyke,273,142,0.5201465201465202
Illaoi,Sejuani,99,54,0.5454545454545454
Illaoi,Sylas,332,177,0.5331325301204819
Pyke,Sejuani,205,102,0.4975609756097561
Pyke,Sylas,591,290,0.4906937394247039
Braum,Lux,297,150,0.5050505050505051
Braum,Malphite,296,154,0.5202702702702703
Braum,Tristana,302,151,0.5
Braum,Trundle,184,89,0.483695652173913
Lux,Tristana,1067,554,0.5192127460168697
Malphite,Tristana,701,374,0.5335235378031383
Malphite,Trundle,332,175,0.5271084337349398
Tristana,Trundle,370,187,0.5054054054054054
Jinx,Malzahar,1088,587,0.5395220588235294
Jinx,Warwick,1196,636,0.5317725752508361
Malzahar,Shaco,502,265,0.5278884462151394
Malzahar,Warwick,687,353,0.5138282387190685
Malzahar,Zeri,227,121,0.5330396475770925
Shaco,Zeri,223,90,0.40358744394618834
Ezreal,Jhin,361,153,0.42382271468144045
Galio,Jayce,182,92,0.5054945054945055
Galio,Jhin,786,414,0.5267175572519084
Galio,Nami,485,255,0.5257731958762887
Jayce,Jhin,411,207,0.5036496350364964
Aatrox,Lulu,344,153,0.44476744186046513
Aatrox,MissFortune,945,478,0.5058201058201058
Aatrox,Orianna,286,128,0.44755244755244755
Lulu,Orianna,242,103,0.4256198347107438
MissFortune,Orianna,625,304,0.4864
Orianna,Yasuo,277,141,0.5090252707581228
Hwei,Malphite,434,217,0.5
Hwei,Nocturne,271,146,0.5387453874538746
Hwei,Senna,393,204,0.5190839694656488
Hwei,Seraphine,315,142,0.4507936507936508
Malphite,Nocturne,383,197,0.5143603133159269
Malphite,Seraphine,585,301,0.5145299145299145
Nocturne,Senna,363,189,0.5206611570247934
Nocturne,Seraphine,351,177,0.5042735042735043
Senna,Seraphine,345,171,0.4956521739130435
Ashe,Heimerdinger,534,278,0.5205992509363296
Heimerdinger,Mordekaiser,259,131,0.5057915057915058
Heimerdinger,Nautilus,329,168,0.5106382978723404
Heimerdinger,Yone,303,148,0.4884488448844885
Mordekaiser,Nautilus,682,367,0.5381231671554252
Brand,Orianna,262,136,0.5190839694656488
MonkeyKing,Orianna,208,97,0.46634615384615385
MonkeyKing,Vayne,342,168,0.49122807017543857
Orianna,Varus,263,128,0.4866920152091255
Orianna,Vayne,367,200,0.5449591280653951
Varus,Vayne,243,104,0.4279835390946502
Chogath,Garen,397,202,0.5088161209068011
Chogath,Leblanc,288,134,0.4652777777777778
Chogath,Samira,346,176,0.5086705202312138
Chogath,Syndra,313,151,0.48242811501597443
Garen,Samira,403,207,0.5136476426799007
Garen,Syndra,436,216,0.4954128440366973
Leblanc,Samira,210,95,0.4523809523809524
Leblanc,Syndra,101,45,0.44554455445544555
Samira,Syndra,225,114,0.5066666666666667
Ezreal,Velkoz,568,274,0.4823943661971831
Garen,Pantheon,596,317,0.5318791946308725
Garen,Riven,156,77,0.4935897435897436
Garen,Velkoz,573,309,0.5392670157068062
Pantheon,Riven,312,148,0.47435897435897434
Pantheon,Velkoz,428,224,0.5233644859813084
Riven,Velkoz,249,125,0.5020080321285141
Annie,Ivern,112,53,0.4732142857142857
Annie,Jhin,439,229,0.5216400911161732
Annie,Renekton,137,75,0.5474452554744526
Ivern,Jhin,333,160,0.4804804804804805
Ivern,Lux,305,144,0.4721311475409836
Ivern,Renekton,110,46,0.41818181818181815
Lux,Renekton,651,319,0.49001536098310294
Caitlyn,Kayn,1242,612,0.4927536231884058
Caitlyn,Orianna,639,287,0.4491392801251956
Kayn,Orianna,369,184,0.4986449864498645
Morgana,Ornn,447,228,0.5100671140939598
Orianna,Ornn,213,103,0.4835680751173709
Jhin,Nocturne,687,330,0.48034934497816595
Jhin,Yasuo,1287,642,0.4988344988344988
Nocturne,Yasuo,427,226,0.5292740046838408
Sett,Yasuo,741,390,0.5263157894736842
Ahri,Senna,683,339,0.49633967789165445
Ahri,Thresh,791,410,0.5183312262958281
Senna,Thresh,317,155,0.4889589905362776
Seraphine,Thresh,187,84,0.44919786096256686
KSante,Lucian,169,73,0.4319526627218935
KSante,Malzahar,199,109,0.5477386934673367
KSante,TahmKench,120,50,0.4166666666666667
KSante,Udyr,105,42,0.4
Lucian,Udyr,299,159,0.5317725752508361
Malzahar,TahmKench,395,204,0.5164556962025316
Malzahar,Udyr,289,177,0.6124567474048442
TahmKench,Udyr,187,82,0.4385026737967914
Darius,Lillia,384,199,0.5182291666666666
Darius,MissFortune,1250,634,0.5072
Darius,Nautilus,622,300,0.48231511254019294
Darius,Zed,481,229,0.4760914760914761
Lillia,Nautilus,399,191,0.47869674185463656
Lillia,Zed,335,182,0.5432835820895522
Lucian,Shaco,449,218,0.48552338530066813
Lucian,Urgot,294,132,0.4489795918367347
Nami,Shaco,415,200,0.4819277108433735
Nami,Taliyah,243,114,0.4691358024691358
Nami,Urgot,367,187,0.5095367847411444
Shaco,Taliyah,147,66,0.4489795918367347
Shaco,Urgot,280,136,0.4857142857142857
Taliyah,Urgot,103,49,0.47572815533980584
Caitlyn,Galio,871,439,0.5040183696900115
Caitlyn,Nautilus,1128,575,0.5097517730496454
Caitlyn,Yone,1221,610,0.4995904995904996
Galio,Kayn,520,278,0.5346153846153846
Galio,Nautilus,416,200,0.4807692307692308
Galio,Yone,356,197,0.5533707865168539
Kayn,Nautilus,604,294,0.4867549668874172
Garen,Hecarim,285,121,0.4245614035087719
Garen,Hwei,474,244,0.5147679324894515
Garen,Jhin,1234,630,0.5105348460291734
Garen,Milio,511,281,0.5499021526418787
Hecarim,Hwei,188,94,0.5
Hecarim,Milio,158,79,0.5
Hwei,Jhin,732,401,0.5478142076502732
Hwei,Milio,291,151,0.5189003436426117
Blitzcrank,Galio,336,178,0.5297619047619048
Ezreal,Malphite,764,382,0.5
Ezreal,Nunu,417,195,0.4676258992805755
Galio,Malphite,471,269,0.5711252653927813
Galio,Nunu,255,123,0.4823529411764706
Malphite,Nunu,354,182,0.5141242937853108
Aphelios,Nasus,230,117,0.508695652173913
Aphelios,Yuumi,195,95,0.48717948717948717
Aurora,Nasus,213,105,0.49295774647887325
Aurora,Twitch,282,136,0.48226950354609927
Aurora,Yuumi,238,109,0.4579831932773109
Nasus,Twitch,392,203,0.5178571428571429
Nasus,Yuumi,276,122,0.4420289855072464
Twitch,Yuumi,558,291,0.521505376344086
Braum,Chogath,283,132,0.4664310954063604
Braum,MasterYi,326,154,0.4723926380368098
Braum,Morgana,226,124,0.5486725663716814
Braum,Yone,309,145,0.4692556634304207
Braum,Yunara,319,157,0.49216300940438873
Chogath,Chogath,128,71,0.5546875
Chogath,Kaisa,829,418,0.5042219541616405
Chogath,MasterYi,613,316,0.5154975530179445
Chogath,Morgana,845,459,0.5431952662721894
Chogath,Yunara,465,211,0.45376344086021503
Kaisa,MasterYi,802,384,0.47880299251870323
Kaisa,Yunara,180,76,0.4222222222222222
MasterYi,Yone,637,317,0.4976452119309262
Morgana,Yone,907,444,0.4895259095920617
Morgana,Yunara,737,362,0.49118046132971505
Yone,Yunara,579,282,0.48704663212435234
Alistar,Fiora,135,51,0.37777777777777777
Alistar,Kayle,296,129,0.4358108108108108
Alistar,Nautilus,144,61,0.4236111111111111
Alistar,Pantheon,263,124,0.4714828897338403
Alistar,Poppy,134,57,0.4253731343283582
Alistar,Shen,189,94,0.4973544973544973
Alistar,Viktor,201,94,0.46766169154228854
Fiora,Kayle,101,50,0.49504950495049505
Fiora,Nautilus,272,119,0.4375
Fiora,Pantheon,224,106,0.4732142857142857
Fiora,Poppy,120,58,0.48333333333333334
Fiora,Shen,99,47,0.47474747474747475
Fiora,Viktor,149,67,0.44966442953020136
Kayle,Pantheon,516,256,0.49612403100775193
Kayle,Poppy,264,132,0.5
Kayle,Shen,231,114,0.4935064935064935
Nautilus,Poppy,211,85,0.4028436018957346
Nautilus,Shen,348,183,0.5258620689655172
Pantheon,Poppy,241,118,0.4896265560165975
Pantheon,Shen,402,186,0.4626865671641791
Pantheon,Viktor,383,188,0.4908616187989556
Poppy,Shen,192,87,0.453125
Shen,Viktor,242,113,0.4669421487603306
Kaisa,Malphite,945,498,0.526984126984127
Kaisa,Pantheon,991,478,0.48234106962663975
Karma,Malphite,450,219,0.4866666666666667
Karma,Pantheon,353,175,0.49575070821529743
Karma,Trundle,255,134,0.5254901960784314
Pantheon,Trundle,351,169,0.48148148148148145
Gnar,Lux,379,185,0.48812664907651715
Gnar,Talon,88,40,0.45454545454545453
Jinx,Talon,471,236,0.5010615711252654
Jinx,Kled,249,132,0.5301204819277109
Jinx,Morgana,1551,810,0.5222437137330754
Kled,Nasus,77,35,0.45454545454545453
Morgana,Nasus,647,349,0.5394126738794436
Nasus,Nocturne,263,124,0.4714828897338403
Briar,Draven,296,148,0.5
Briar,Warwick,247,125,0.5060728744939271
Draven,Teemo,408,194,0.47549019607843135
Draven,Warwick,357,180,0.5042016806722689
Amumu,AurelionSol,349,189,0.5415472779369628
Amumu,Mordekaiser,544,296,0.5441176470588235
AurelionSol,Jinx,546,266,0.48717948717948717
AurelionSol,Mordekaiser,353,184,0.5212464589235127
Lux,Mordekaiser,1366,744,0.5446559297218155
Galio,Kalista,132,71,0.5378787878787878
Galio,Viego,463,250,0.5399568034557235
Kalista,Rengar,80,38,0.475
Kalista,Taric,93,46,0.4946236559139785
Kalista,Viego,146,68,0.4657534246575342
Rengar,Taric,101,43,0.42574257425742573
Rengar,Viego,88,40,0.45454545454545453
Taric,Viego,175,95,0.5428571428571428
Ezreal,Jinx,304,141,0.46381578947368424
Ezreal,Lux,1460,718,0.4917808219178082
Ezreal,Yorick,415,205,0.4939759036144578
Jhin,Jinx,375,202,0.5386666666666666
Jhin,Yorick,669,377,0.5635276532137519
Aphelios,Brand,347,178,0.5129682997118156
Aphelios,Chogath,345,187,0.5420289855072464
Aphelios,Hwei,237,113,0.4767932489451477
Brand,Hwei,330,161,0.48787878787878786
Brand,Veigar,549,290,0.5282331511839709
Chogath,Hwei,373,183,0.4906166219839142
Chogath,Veigar,639,309,0.4835680751173709
Hwei,Veigar,268,118,0.44029850746268656
Galio,Karthus,190,100,0.5263157894736842
Galio,Teemo,555,284,0.5117117117117117
Kaisa,Karthus,276,130,0.47101449275362317
Kaisa,TahmKench,547,247,0.4515539305301645
Karthus,TahmKench,198,114,0.5757575757575758
TahmKench,Teemo,455,230,0.5054945054945055
Hecarim,Khazix,43,15,0.3488372093023256
Hecarim,Mel,352,166,0.4715909090909091
Hecarim,Sivir,205,103,0.5024390243902439
Hecarim,Zed,184,83,0.45108695652173914
Khazix,Sivir,242,111,0.45867768595041325
Khazix,Zed,221,98,0.4434389140271493
Mel,Zed,569,283,0.4973637961335677
Sivir,Zed,385,184,0.4779220779220779
Bard,Braum,63,26,0.4126984126984127
Bard,Briar,243,118,0.48559670781893005
Bard,Malzahar,338,159,0.47041420118343197
Braum,Briar,234,114,0.48717948717948717
Braum,Malzahar,291,155,0.5326460481099656
Braum,MissFortune,470,237,0.5042553191489362
Briar,Malzahar,591,324,0.5482233502538071
Briar,MissFortune,1040,562,0.5403846153846154
Garen,Jinx,1272,657,0.5165094339622641
Garen,Kalista,178,82,0.4606741573033708
Jinx,Kalista,93,52,0.5591397849462365
Kalista,Karma,104,48,0.46153846153846156
Kalista,Sona,105,62,0.5904761904761905
Lissandra,MasterYi,203,108,0.5320197044334976
Lissandra,Nunu,124,62,0.5
Lissandra,Quinn,94,54,0.574468085106383
Lissandra,Sivir,155,78,0.5032258064516129
MasterYi,Nunu,182,103,0.5659340659340659
MasterYi,Quinn,223,118,0.5291479820627802
Nunu,Quinn,154,79,0.512987012987013
Nunu,Sivir,267,147,0.550561797752809
Quinn,Sivir,169,78,0.46153846153846156
Pyke,Renekton,274,125,0.4562043795620438
Pyke,Rengar,246,94,0.3821138211382114
Pyke,Ryze,230,104,0.45217391304347826
Pyke,Tristana,547,274,0.5009140767824497
Renekton,Rengar,144,62,0.4305555555555556
Renekton,Ryze,141,63,0.44680851063829785
Renekton,Tristana,308,163,0.5292207792207793
Rengar,Ryze,131,53,0.40458015267175573
Rengar,Tristana,281,136,0.48398576512455516
Ryze,Tristana,253,116,0.45849802371541504
Caitlyn,Kassadin,306,139,0.4542483660130719
Caitlyn,Lucian,237,106,0.4472573839662447
Darius,Kassadin,172,78,0.45348837209302323
Darius,Thresh,686,309,0.45043731778425655
Kassadin,Lucian,164,64,0.3902439024390244
Braum,Karthus,114,52,0.45614035087719296
Braum,Kindred,182,80,0.43956043956043955
Braum,Sett,305,147,0.4819672131147541
Braum,Velkoz,134,73,0.5447761194029851
Karthus,Kindred,101,57,0.5643564356435643
Karthus,Sett,257,148,0.5758754863813229
Karthus,Velkoz,175,85,0.4857142857142857
Kindred,Sett,276,149,0.5398550724637681
Sett,Velkoz,532,298,0.5601503759398496
Kaisa,Qiyana,410,165,0.4024390243902439
Qiyana,Zilean,107,46,0.42990654205607476
Sylas,Teemo,711,369,0.5189873417721519
Sylas,Zilean,239,117,0.4895397489539749
Teemo,Zilean,286,162,0.5664335664335665
Mordekaiser,Orianna,317,175,0.5520504731861199
Mordekaiser,Seraphine,644,299,0.4642857142857143
Mordekaiser,Tristana,660,367,0.556060606060606
Mordekaiser,Zed,679,334,0.49189985272459497
Orianna,Tristana,326,159,0.48773006134969327
Orianna,Zed,181,89,0.49171270718232046
Seraphine,Tristana,498,250,0.5020080321285141
Seraphine,Zed,519,263,0.5067437379576107
Tristana,Zed,502,243,0.48406374501992033
Ivern,Kalista,54,26,0.48148148148148145
Ivern,Leona,192,92,0.4791666666666667
Ivern,Xerath,131,71,0.5419847328244275
Ivern,Zaahen,196,109,0.5561224489795918
Kalista,Leona,185,96,0.518918918918919
Kalista,Xerath,119,66,0.5546218487394958
Xerath,Zaahen,536,309,0.5764925373134329
Braum,Darius,292,157,0.5376712328767124
Braum,Jayce,127,56,0.4409448818897638
Braum,Xayah,172,85,0.4941860465116279
Braum,XinZhao,229,112,0.4890829694323144
Darius,Jayce,134,62,0.4626865671641791
Darius,Xayah,379,178,0.46965699208443273
Jayce,Xayah,167,82,0.49101796407185627
Jayce,XinZhao,147,67,0.4557823129251701
Xayah,XinZhao,222,110,0.4954954954954955
Aatrox,Kennen,124,59,0.47580645161290325
Aatrox,Pantheon,491,235,0.4786150712830957
Brand,Jhin,1132,609,0.5379858657243817
Brand,Kennen,205,88,0.4292682926829268
Brand,Pantheon,620,357,0.5758064516129032
Jhin,Kennen,374,191,0.5106951871657754
Jhin,Pantheon,1225,623,0.5085714285714286
Kennen,Pantheon,204,99,0.4852941176470588
Akali,Aphelios,324,149,0.45987654320987653
Akali,Illaoi,228,127,0.5570175438596491
Akali,LeeSin,381,171,0.44881889763779526
Akali,Soraka,388,206,0.5309278350515464
Aphelios,Illaoi,188,98,0.5212765957446809
Aphelios,LeeSin,262,127,0.4847328244274809
Illaoi,LeeSin,205,95,0.4634146341463415
Illaoi,Soraka,234,113,0.4829059829059829
LeeSin,Soraka,312,160,0.5128205128205128
Briar,Jax,349,182,0.5214899713467048
Briar,Naafiri,226,105,0.4646017699115044
Briar,Thresh,526,265,0.5038022813688213
Briar,Varus,368,189,0.5135869565217391
Jax,Naafiri,313,148,0.4728434504792332
Jax,Varus,448,217,0.484375
Naafiri,Thresh,337,169,0.5014836795252225
Naafiri,Varus,242,118,0.48760330578512395
Alistar,Lux,321,169,0.5264797507788161
Alistar,Tristana,339,166,0.4896755162241888
Alistar,Warwick,287,136,0.4738675958188153
Alistar,Yone,306,147,0.4803921568627451
Lux,Warwick,1518,784,0.5164690382081687
Tristana,Warwick,645,337,0.5224806201550387
Ivern,Lulu,125,60,0.48
Ivern,MissFortune,291,144,0.4948453608247423
Ivern,Syndra,127,61,0.48031496062992124
Ivern,Yorick,110,56,0.509090909090909
Lulu,Syndra,306,153,0.5
Lulu,Yorick,242,121,0.5
MissFortune,Syndra,743,391,0.5262449528936743
MissFortune,Yorick,838,441,0.5262529832935561
Syndra,Yorick,214,115,0.5373831775700935
Gragas,Mel,332,157,0.47289156626506024
Gragas,Nocturne,154,67,0.43506493506493504
Gragas,Yunara,236,122,0.5169491525423728
Katarina,Mel,341,173,0.5073313782991202
Katarina,Nocturne,242,122,0.5041322314049587
Katarina,Yunara,309,150,0.4854368932038835
Mel,Nocturne,547,281,0.5137111517367459
Mel,Yunara,694,337,0.48559077809798273
Nocturne,Yunara,304,159,0.5230263157894737
MissFortune,Rakan,421,221,0.5249406175771971
MissFortune,Trundle,803,398,0.49564134495641343
MissFortune,Tryndamere,659,338,0.5128983308042488
Rakan,Trundle,167,77,0.46107784431137727
Rakan,Tryndamere,108,46,0.42592592592592593
Rakan,Vex,136,72,0.5294117647058824
Trundle,Tryndamere,185,97,0.5243243243243243
Trundle,Vex,207,108,0.5217391304347826
Tryndamere,Vex,198,99,0.5
Kled,MasterYi,158,72,0.45569620253164556
Kled,Neeko,82,40,0.4878048780487805
Kled,Sona,103,54,0.5242718446601942
Kled,Tristana,129,68,0.5271317829457365
MasterYi,Neeko,419,226,0.5393794749403341
Neeko,Sona,142,77,0.5422535211267606
Neeko,Tristana,379,215,0.5672823218997362
Sona,Tristana,332,189,0.5692771084337349
Katarina,Nautilus,493,242,0.4908722109533469
Katarina,Seraphine,362,179,0.494475138121547
Katarina,Veigar,209,118,0.5645933014354066
Nautilus,Seraphine,231,114,0.4935064935064935
Nautilus,Yunara,549,249,0.453551912568306
Seraphine,Yunara,449,214,0.4766146993318486
Veigar,Yunara,517,261,0.504835589941973
Malzahar,Poppy,344,181,0.5261627906976745
Malzahar,Renekton,321,160,0.4984423676012461
Malzahar,Varus,441,227,0.5147392290249433
Poppy,Renekton,147,75,0.5102040816326531
Poppy,TwistedFate,209,83,0.39712918660287083
Poppy,Varus,268,121,0.45149253731343286
Renekton,TwistedFate,179,87,0.4860335195530726
Renekton,Varus,239,118,0.49372384937238495
JarvanIV,Jayce,167,77,0.46107784431137727
JarvanIV,Lulu,302,149,0.49337748344370863
JarvanIV,Nilah,126,68,0.5396825396825397
Jayce,Karma,210,106,0.5047619047619047
Jayce,Lulu,168,81,0.48214285714285715
Jayce,Nilah,75,35,0.4666666666666667
Karma,Lulu,117,54,0.46153846153846156
Karma,Nilah,174,81,0.46551724137931033
Lulu,Nilah,137,67,0.48905109489051096
Kaisa,Kayle,646,315,0.48761609907120745
Kaisa,Olaf,264,143,0.5416666666666666
Kaisa,Rumble,254,129,0.5078740157480315
Kayle,Olaf,126,71,0.5634920634920635
Kayle,Rumble,110,53,0.4818181818181818
Leona,Olaf,171,96,0.5614035087719298
Olaf,Rumble,45,25,0.5555555555555556
Anivia,Jax,277,153,0.5523465703971119
Anivia,Poppy,212,107,0.5047169811320755
Anivia,Sejuani,118,61,0.5169491525423728
Anivia,Yunara,204,102,0.5
Jax,Sejuani,150,72,0.48
Jax,Yunara,588,316,0.5374149659863946
Poppy,Sejuani,119,52,0.4369747899159664
Poppy,Yunara,273,136,0.4981684981684982
Sejuani,Yunara,185,90,0.4864864864864865
Brand,Lillia,305,151,0.49508196721311476
Brand,Renekton,352,189,0.5369318181818182
Brand,Viktor,294,129,0.4387755102040816
Lillia,Renekton,206,94,0.4563106796116505
Renekton,Viktor,206,101,0.49029126213592233
FiddleSticks,Gragas,100,40,0.4
FiddleSticks,MasterYi,186,103,0.553763440860215
FiddleSticks,Naafiri,164,90,0.5487804878048781
FiddleSticks,Shyvana,78,43,0.5512820512820513
Gragas,MasterYi,270,145,0.5370370370370371
Gragas,Naafiri,137,56,0.40875912408759124
Naafiri,Shyvana,96,39,0.40625
Annie,Diana,163,86,0.5276073619631901
Annie,Velkoz,176,82,0.4659090909090909
Annie,Viktor,77,40,0.5194805194805194
Annie,Vladimir,126,60,0.47619047619047616
Diana,Velkoz,375,198,0.528
Diana,Viktor,225,123,0.5466666666666666
Diana,Vladimir,284,154,0.5422535211267606
Velkoz,Viktor,186,107,0.5752688172043011
Velkoz,Vladimir,220,108,0.4909090909090909
Viktor,Vladimir,104,49,0.47115384615384615
Aurora,Belveth,130,70,0.5384615384615384
Aurora,Brand,287,144,0.5017421602787456
Aurora,Ryze,111,52,0.46846846846846846
Aurora,Shaco,278,136,0.4892086330935252
Aurora,Thresh,375,187,0.49866666666666665
Belveth,Brand,206,116,0.5631067961165048
Belveth,Nautilus,201,94,0.46766169154228854
Belveth,Ryze,98,46,0.46938775510204084
Belveth,Shaco,105,47,0.44761904761904764
Belveth,TwistedFate,134,57,0.4253731343283582
Brand,Nautilus,435,236,0.542528735632184
Brand,Ryze,255,133,0.5215686274509804
Brand,TwistedFate,339,186,0.5486725663716814
Nautilus,Ryze,315,159,0.5047619047619047
Ryze,TwistedFate,113,52,0.46017699115044247
Shaco,TwistedFate,313,145,0.46325878594249204
Thresh,TwistedFate,369,183,0.4959349593495935
AurelionSol,Illaoi,207,105,0.5072463768115942
AurelionSol,Samira,192,100,0.5208333333333334
AurelionSol,Urgot,220,118,0.5363636363636364
AurelionSol,Zed,195,81,0.4153846153846154
Heimerdinger,Urgot,144,64,0.4444444444444444
Heimerdinger,Zed,261,140,0.5363984674329502
Illaoi,Samira,198,97,0.4898989898989899
Illaoi,Seraphine,272,141,0.5183823529411765
Illaoi,Urgot,109,57,0.5229357798165137
Illaoi,Yasuo,310,174,0.5612903225806452
Illaoi,Zed,229,107,0.4672489082969432
Samira,Seraphine,252,119,0.4722222222222222
Samira,Urgot,202,107,0.5297029702970297
Samira,Yasuo,454,231,0.5088105726872246
Samira,Zed,283,146,0.5159010600706714
Seraphine,Urgot,332,176,0.5301204819277109
Urgot,Yasuo,315,168,0.5333333333333333
Urgot,Zed,253,129,0.5098814229249012
Yasuo,Zed,392,209,0.5331632653061225
Camille,Jayce,49,25,0.5102040816326531
Camille,Karma,138,65,0.47101449275362317
Camille,Karthus,81,34,0.41975308641975306
Camille,MasterYi,176,80,0.45454545454545453
Camille,Shen,61,31,0.5081967213114754
Camille,Sylas,236,121,0.5127118644067796
Camille,Tryndamere,63,23,0.36507936507936506
Jayce,Karthus,127,72,0.5669291338582677
Jayce,MasterYi,220,117,0.5318181818181819
Jayce,Shen,137,81,0.5912408759124088
Jayce,Sylas,278,141,0.5071942446043165
Jayce,Tryndamere,107,49,0.45794392523364486
Karma,Karthus,175,87,0.49714285714285716
Karma,Shen,269,124,0.46096654275092935
Karma,Sylas,447,229,0.5123042505592841
Karma,Tryndamere,230,123,0.5347826086956522
Karthus,Shen,167,82,0.49101796407185627
Karthus,Sylas,165,84,0.509090909090909
Karthus,Tryndamere,149,80,0.5369127516778524
MasterYi,Shen,398,216,0.542713567839196
Shen,Sylas,456,239,0.5241228070175439
Shen,Tryndamere,135,63,0.4666666666666667
Briar,Kayle,417,234,0.5611510791366906
Briar,Nunu,153,90,0.5882352941176471
Briar,Pyke,437,224,0.5125858123569794
Briar,TwistedFate,258,112,0.43410852713178294
Briar,Velkoz,400,221,0.5525
FiddleSticks,Kayle,296,145,0.48986486486486486
FiddleSticks,Nunu,116,61,0.5258620689655172
FiddleSticks,Pyke,275,143,0.52
FiddleSticks,Smolder,453,237,0.5231788079470199
FiddleSticks,TwistedFate,208,88,0.4230769230769231
FiddleSticks,Velkoz,230,106,0.4608695652173913
Kayle,Pyke,451,217,0.4811529933481153
Kayle,Velkoz,304,161,0.5296052631578947
Nunu,Pyke,338,149,0.4408284023668639
Nunu,Smolder,443,224,0.5056433408577878
Nunu,TwistedFate,222,97,0.4369369369369369
Nunu,Velkoz,263,134,0.5095057034220533
Pyke,Smolder,589,297,0.5042444821731749
Pyke,Velkoz,222,117,0.527027027027027
Smolder,TwistedFate,378,205,0.5423280423280423
Smolder,Velkoz,552,310,0.5615942028985508
TwistedFate,Velkoz,249,122,0.4899598393574297
Akali,Bard,304,137,0.4506578947368421
Akali,Darius,502,234,0.46613545816733065
Akali,Graves,320,144,0.45
Akali,Nautilus,546,250,0.45787545787545786
Bard,Darius,351,173,0.4928774928774929
Darius,Graves,298,148,0.4966442953020134
Graves,Nautilus,400,208,0.52
Gangplank,Heimerdinger,122,67,0.5491803278688525
Gangplank,Jhin,400,176,0.44
Gangplank,KSante,48,22,0.4583333333333333
Gangplank,Swain,241,117,0.4854771784232365
Heimerdinger,Jhin,562,302,0.5373665480427047
Heimerdinger,KSante,90,41,0.45555555555555555
Heimerdinger,Swain,270,148,0.5481481481481482
Jhin,KSante,374,171,0.4572192513368984
Jhin,Swain,944,501,0.5307203389830508
Akshan,Cassiopeia,82,40,0.4878048780487805
Akshan,Zac,147,87,0.5918367346938775
Cassiopeia,Sona,117,56,0.47863247863247865
Cassiopeia,Zac,78,38,0.48717948717948717
Ornn,Sona,245,112,0.45714285714285713
Ornn,Zac,164,79,0.4817073170731707
Sona,Zac,158,76,0.4810126582278481
Blitzcrank,Mel,543,269,0.4953959484346225
Blitzcrank,Thresh,235,106,0.451063829787234
Mel,Morgana,1014,498,0.4911242603550296
Mel,Thresh,702,356,0.5071225071225072
Mel,Urgot,460,261,0.5673913043478261
Thresh,Urgot,342,177,0.5175438596491229
Fiora,Kassadin,65,35,0.5384615384615384
Fiora,Sivir,176,98,0.5568181818181818
Fiora,Warwick,235,120,0.5106382978723404
Fiora,Xerath,194,96,0.4948453608247423
Kassadin,Sivir,133,60,0.45112781954887216
Kassadin,Warwick,190,101,0.531578947368421
Kassadin,Xerath,105,51,0.4857142857142857
Sivir,Warwick,476,234,0.49159663865546216
Sivir,Xerath,341,188,0.5513196480938416
Warwick,Xerath,519,274,0.5279383429672447
Darius,Heimerdinger,243,122,0.5020576131687243
Darius,Sett,294,171,0.5816326530612245
Heimerdinger,Rell,115,62,0.5391304347826087
Heimerdinger,Sett,292,174,0.5958904109589042
Kayn,Rell,264,129,0.48863636363636365
Rell,Sett,264,146,0.553030303030303
Ahri,Talon,229,114,0.4978165938864629
Ahri,Zeri,302,147,0.4867549668874172
Pantheon,Talon,212,96,0.4528301886792453
Pantheon,Zeri,265,113,0.42641509433962266
Sett,Zeri,247,115,0.46558704453441296
Talon,Zeri,114,51,0.4473684210526316
Bard,Rengar,186,82,0.44086021505376344
MissFortune,Rengar,526,233,0.4429657794676806
MissFortune,Teemo,1668,870,0.5215827338129496
Morgana,Rengar,372,160,0.43010752688172044
Morgana,Teemo,1065,536,0.5032863849765258
Rengar,Teemo,349,163,0.4670487106017192
Akali,Belveth,170,86,0.5058823529411764
Akali,Jinx,906,468,0.5165562913907285
Akali,Morgana,649,338,0.5208012326656395
Belveth,Jinx,323,166,0.5139318885448917
Belveth,Morgana,261,133,0.5095785440613027
Belveth,Sett,217,101,0.46543778801843316
Morgana,Sett,955,515,0.5392670157068062
Camille,Chogath,107,46,0.42990654205607476
Camille,Yorick,55,27,0.4909090909090909
Camille,Zilean,79,43,0.5443037974683544
Chogath,Senna,621,314,0.5056360708534622
Chogath,Yorick,285,143,0.5017543859649123
Chogath,Zilean,252,120,0.47619047619047616
Senna,Yorick,388,196,0.5051546391752577
Senna,Zilean,158,82,0.5189873417721519
Yorick,Zilean,169,87,0.514792899408284
Caitlyn,Janna,471,235,0.4989384288747346
Caitlyn,Warwick,1341,679,0.506338553318419
Janna,Warwick,284,161,0.5669014084507042
Karthus,Trundle,137,74,0.5401459854014599
Karthus,Warwick,145,75,0.5172413793103449
Ashe,Jayce,393,196,0.49872773536895676
Ashe,Kled,264,142,0.5378787878787878
Ashe,Mel,1388,693,0.4992795389048991
Jayce,Kled,51,19,0.37254901960784315
Jayce,Mel,356,170,0.47752808988764045
Kled,Sylas,168,75,0.44642857142857145
Galio,Kennen,150,75,0.5
Galio,Mordekaiser,449,239,0.532293986636971
Galio,Yuumi,310,152,0.49032258064516127
Kennen,Mordekaiser,138,69,0.5
Kennen,Nilah,69,35,0.5072463768115942
Mordekaiser,Nilah,234,129,0.5512820512820513
Mordekaiser,Yuumi,439,199,0.4533029612756264
Nilah,Yuumi,190,81,0.4263157894736842
Brand,Morgana,579,309,0.533678756476684
Brand,Talon,258,127,0.49224806201550386
Irelia,MissFortune,767,399,0.5202086049543677
Irelia,Morgana,543,298,0.5488029465930019
Irelia,Talon,154,66,0.42857142857142855
MissFortune,Talon,510,234,0.4588235294117647
Evelynn,Garen,264,132,0.5
Evelynn,Maokai,90,37,0.4111111111111111
Evelynn,Sivir,169,73,0.4319526627218935
Evelynn,Urgot,172,91,0.5290697674418605
Garen,Maokai,276,145,0.5253623188405797
Garen,Urgot,154,75,0.487012987012987
Maokai,Sivir,223,111,0.4977578475336323
Maokai,Urgot,164,100,0.6097560975609756
Sivir,Urgot,222,114,0.5135135135135135
Chogath,Nami,609,332,0.5451559934318555
Chogath,Teemo,583,295,0.5060034305317325
Chogath,Trundle,354,175,0.4943502824858757
Nami,Trundle,415,201,0.4843373493975904
Ekko,Lux,817,406,0.4969400244798042
Ekko,Pantheon,525,233,0.4438095238095238
Pantheon,Tristana,652,328,0.5030674846625767
Milio,Rengar,219,115,0.5251141552511416
Milio,Shen,267,137,0.5131086142322098
Milio,Twitch,433,234,0.5404157043879908
Rengar,Shen,213,100,0.4694835680751174
Rengar,Sylas,265,131,0.49433962264150944
Shen,Twitch,359,169,0.47075208913649025
Sylas,Twitch,539,269,0.49907235621521334
Ahri,Aphelios,515,271,0.5262135922330097
Ahri,Rell,253,131,0.5177865612648221
Aphelios,Rell,159,80,0.5031446540880503
Aphelios,XinZhao,239,120,0.502092050209205
Garen,Rell,257,150,0.5836575875486382
Rell,XinZhao,159,82,0.5157232704402516
Caitlyn,Elise,352,164,0.4659090909090909
Elise,Jayce,80,33,0.4125
Elise,Thresh,185,80,0.43243243243243246
Elise,Volibear,150,72,0.48
Jayce,Thresh,273,125,0.45787545787545786
Jayce,Volibear,186,83,0.44623655913978494
Lissandra,Malphite,224,112,0.5
Lissandra,Milio,136,67,0.49264705882352944
Malphite,MasterYi,720,381,0.5291666666666667
Malphite,Milio,506,273,0.5395256916996047
Malphite,Sivir,519,265,0.5105973025048169
Milio,Sivir,399,203,0.5087719298245614
Jayce,Ryze,138,64,0.463768115942029
Jayce,Velkoz,226,110,0.48672566371681414
Jayce,Zaahen,201,105,0.5223880597014925
Jhin,Ryze,517,263,0.5087040618955513
Jhin,Velkoz,956,521,0.5449790794979079
Ryze,Velkoz,192,94,0.4895833333333333
Ryze,Zaahen,269,145,0.5390334572490706
Velkoz,Zaahen,560,325,0.5803571428571429
Aatrox,Lissandra,154,72,0.4675324675324675
Aatrox,Nami,582,320,0.5498281786941581
Aatrox,Smolder,601,305,0.5074875207986689
Kayle,Lissandra,132,63,0.4772727272727273
Kayle,Nami,496,261,0.5262096774193549
Lissandra,Nami,208,102,0.49038461538461536
Lissandra,Smolder,268,134,0.5
DrMundo,Renata,199,108,0.542713567839196
DrMundo,Yunara,645,323,0.5007751937984496
Renata,Syndra,108,53,0.49074074074074076
Renata,Yunara,170,78,0.4588235294117647
Renata,Zaahen,229,132,0.5764192139737991
Syndra,Yunara,327,149,0.45565749235474007
Syndra,Zaahen,472,253,0.5360169491525424
Yunara,Zaahen,660,335,0.5075757575757576
Bard,Lucian,262,114,0.4351145038167939
Briar,Vayne,543,279,0.5138121546961326
Lucian,Teemo,611,289,0.47299509001636664
Lucian,Vayne,266,125,0.4699248120300752
Garen,Ivern,185,100,0.5405405405405406
Garen,Katarina,477,252,0.5283018867924528
Garen,Nami,789,409,0.5183776932826363
Garen,Yorick,176,92,0.5227272727272727
Ivern,Katarina,125,56,0.448
Ivern,Nami,158,78,0.4936708860759494
Katarina,Yorick,288,144,0.5
Briar,Gangplank,204,108,0.5294117647058824
Briar,Lulu,333,166,0.4984984984984985
Gangplank,Lulu,166,64,0.3855421686746988
Gangplank,MissFortune,482,234,0.4854771784232365
Gangplank,Renekton,72,31,0.4305555555555556
Lulu,Renekton,246,122,0.4959349593495935
Morgana,Shen,559,308,0.5509838998211091
Shen,Viego,369,186,0.5040650406504065
Shen,Yasuo,462,237,0.512987012987013
Vayne,Viego,650,314,0.48307692307692307
Viego,Yasuo,701,356,0.5078459343794579
Annie,Brand,247,141,0.5708502024291497
Annie,Kaisa,358,178,0.4972067039106145
Annie,Naafiri,122,61,0.5
Annie,Poppy,146,70,0.4794520547945205
Annie,Sylas,179,95,0.5307262569832403
Annie,Yorick,181,99,0.5469613259668509
Annie,Zilean,87,49,0.5632183908045977
Brand,Naafiri,305,166,0.5442622950819672
Brand,Poppy,252,129,0.5119047619047619
Brand,Yorick,430,235,0.5465116279069767
Brand,Zilean,172,84,0.4883720930232558
Kaisa,Naafiri,455,226,0.4967032967032967
Kaisa,Poppy,570,262,0.45964912280701753
Kaisa,Yorick,541,268,0.4953789279112754
Naafiri,Poppy,179,103,0.5754189944134078
Naafiri,Sylas,282,139,0.4929078014184397
Naafiri,Yorick,222,103,0.46396396396396394
Naafiri,Zilean,128,61,0.4765625
Poppy,Sylas,362,192,0.5303867403314917
Poppy,Yorick,172,94,0.5465116279069767
Poppy,Zilean,90,50,0.5555555555555556
Sylas,Yorick,357,185,0.5182072829131653
AurelionSol,Briar,298,167,0.5604026845637584
AurelionSol,Rengar,144,64,0.4444444444444444
AurelionSol,Senna,327,172,0.5259938837920489
AurelionSol,Zilean,127,52,0.4094488188976378
Aurora,Jhin,586,296,0.5051194539249146
Aurora,Rengar,198,85,0.4292929292929293
Aurora,Senna,337,157,0.4658753709198813
Aurora,Zilean,143,71,0.4965034965034965
Briar,DrMundo,481,252,0.5239085239085239
Briar,Jhin,927,502,0.5415318230852212
Briar,Rengar,93,41,0.44086021505376344
Briar,Senna,466,254,0.5450643776824035
Briar,Zilean,205,115,0.5609756097560976
DrMundo,Rengar,275,126,0.4581818181818182
DrMundo,Zilean,279,143,0.5125448028673835
Jhin,Rengar,524,219,0.4179389312977099
Jhin,Senna,857,413,0.48191365227537925
Rengar,Zilean,128,56,0.4375
Gwen,Kassadin,118,50,0.423728813559322
Gwen,Velkoz,277,144,0.51985559566787
Gwen,Zac,168,80,0.47619047619047616
Kassadin,Velkoz,113,62,0.5486725663716814
Kassadin,Zac,80,37,0.4625
Lucian,Velkoz,349,167,0.4785100286532951
Lucian,Zac,267,129,0.48314606741573035
Velkoz,Zac,200,91,0.455
Ezreal,Ivern,196,83,0.42346938775510207
Ezreal,Mel,963,445,0.4620976116303219
Ezreal,Warwick,670,319,0.4761194029850746
Ivern,Kayn,118,55,0.4661016949152542
Ivern,Mel,234,115,0.49145299145299143
Ivern,Warwick,129,54,0.4186046511627907
Kayn,Warwick,266,137,0.5150375939849624
Amumu,Ashe,882,477,0.5408163265306123
Amumu,Velkoz,396,228,0.5757575757575758
Ashe,AurelionSol,560,275,0.49107142857142855
Ashe,Velkoz,743,392,0.5275908479138627
Ashe,Zaahen,1260,662,0.5253968253968254
AurelionSol,Velkoz,190,88,0.4631578947368421
Corki,Galio,171,90,0.5263157894736842
Corki,Jax,205,91,0.44390243902439025
Corki,TahmKench,171,78,0.45614035087719296
Corki,XinZhao,143,78,0.5454545454545454
Galio,Jax,447,229,0.5123042505592841
Galio,XinZhao,300,166,0.5533333333333333
Jax,XinZhao,278,143,0.5143884892086331
TahmKench,XinZhao,270,132,0.4888888888888889
Garen,Thresh,669,337,0.5037369207772795
Garen,Yasuo,700,368,0.5257142857142857
Ambessa,Nunu,204,98,0.4803921568627451
Ambessa,Syndra,266,130,0.48872180451127817
Ambessa,Yuumi,225,108,0.48
Ambessa,Zeri,149,72,0.48322147651006714
Nunu,Syndra,203,98,0.4827586206896552
Nunu,Yuumi,234,117,0.5
Nunu,Zeri,148,76,0.5135135135135135
Syndra,Yuumi,231,116,0.5021645021645021
Syndra,Zeri,188,88,0.46808510638297873
Yuumi,Zeri,464,241,0.5193965517241379
Darius,Syndra,398,202,0.507537688442211
Lillia,Syndra,182,87,0.47802197802197804
Lillia,Xayah,238,120,0.5042016806722689
Swain,Syndra,291,142,0.4879725085910653
Syndra,Xayah,240,102,0.425
Ahri,Draven,414,202,0.48792270531400966
Ahri,Renekton,414,203,0.49033816425120774
Draven,Renekton,204,100,0.49019607843137253
Draven,XinZhao,206,109,0.529126213592233
Renekton,TahmKench,183,85,0.4644808743169399
Renekton,XinZhao,214,103,0.48130841121495327
Malphite,Neeko,449,230,0.512249443207127
Malphite,Zac,251,126,0.50199203187251
Neeko,Yasuo,480,243,0.50625
Neeko,Zac,167,89,0.5329341317365269
Tristana,Yasuo,642,325,0.5062305295950156
Yasuo,Zac,525,256,0.4876190476190476
Aatrox,Lucian,424,220,0.5188679245283019
Aatrox,Lux,941,481,0.5111583421891605
Aatrox,Vex,225,121,0.5377777777777778
Lucian,Lux,826,403,0.48789346246973364
Lucian,Viego,462,214,0.46320346320346323
Lux,Viego,1267,626,0.4940805051302289
Darius,Garen,334,160,0.47904191616766467
Garen,Twitch,537,270,0.5027932960893855
Aphelios,Khazix,234,99,0.4230769230769231
Khazix,Nasus,218,102,0.46788990825688076
Khazix,Veigar,361,174,0.481994459833795
Nasus,Soraka,318,161,0.5062893081761006
Nasus,Veigar,478,238,0.497907949790795
Elise,Karthus,57,28,0.49122807017543857
Elise,Taliyah,55,28,0.509090909090909
Elise,Yunara,178,76,0.42696629213483145
Elise,Zaahen,192,91,0.4739583333333333
Karthus,Taliyah,66,30,0.45454545454545453
Karthus,Yunara,178,85,0.47752808988764045
Karthus,Zaahen,237,141,0.5949367088607594
Taliyah,Yunara,169,84,0.4970414201183432
Blitzcrank,Diana,474,254,0.5358649789029536
Blitzcrank,Draven,381,183,0.48031496062992124
Blitzcrank,TwistedFate,339,170,0.5014749262536873
Diana,Draven,341,171,0.501466275659824
Diana,Malphite,640,343,0.5359375
Diana,TwistedFate,270,117,0.43333333333333335
Draven,Malphite,406,208,0.5123152709359606
Draven,TwistedFate,205,98,0.47804878048780486
Malphite,TwistedFate,333,151,0.45345345345345345
Sejuani,Shaco,120,58,0.48333333333333334
Sejuani,Sona,139,68,0.4892086330935252
Sejuani,Vayne,233,109,0.4678111587982833
Shaco,Syndra,305,152,0.49836065573770494
Shaco,Vayne,546,269,0.4926739926739927
Sona,Syndra,228,108,0.47368421052631576
Sona,Vayne,431,230,0.5336426914153132
Annie,Darius,299,146,0.4882943143812709
Annie,Fizz,136,78,0.5735294117647058
Annie,TwistedFate,123,55,0.44715447154471544
Annie,Zeri,104,54,0.5192307692307693
Darius,Fizz,431,211,0.4895591647331787
Darius,TwistedFate,351,166,0.47293447293447294
Darius,Zeri,252,124,0.49206349206349204
Fizz,Zeri,187,102,0.5454545454545454
TwistedFate,Zeri,143,62,0.43356643356643354
Kalista,Sylas,161,73,0.453416149068323
Kalista,Vladimir,110,56,0.509090909090909
Kalista,Yuumi,105,44,0.41904761904761906
Kalista,Zed,127,59,0.4645669291338583
Sylas,Vladimir,305,157,0.5147540983606558
Sylas,Yuumi,466,244,0.5236051502145923
Sylas,Zed,484,248,0.512396694214876
Vladimir,Yuumi,245,114,0.46530612244897956
Vladimir,Zed,273,125,0.45787545787545786
Kayn,Senna,563,267,0.47424511545293074
Kayn,Varus,447,219,0.4899328859060403
Kayn,Viego,144,68,0.4722222222222222
Mel,Senna,729,380,0.5212620027434842
Mel,Varus,582,289,0.4965635738831615
Mel,Viego,962,473,0.4916839916839917
Senna,Varus,382,175,0.4581151832460733
Varus,Viego,399,204,0.5112781954887218
Anivia,Malphite,266,132,0.49624060150375937
Anivia,Olaf,93,54,0.5806451612903226
Anivia,Samira,174,87,0.5
Malphite,Olaf,171,92,0.5380116959064327
Malphite,Samira,466,261,0.5600858369098712
Olaf,Samira,112,54,0.48214285714285715
Olaf,Smolder,257,128,0.4980544747081712
Cassiopeia,Pyke,176,83,0.4715909090909091
Cassiopeia,Shaco,163,67,0.4110429447852761
Lucian,Pyke,447,185,0.41387024608501116
Pyke,Shaco,390,166,0.4256410256410256
Pyke,Yasuo,635,294,0.462992125984252
Shaco,Yasuo,684,358,0.5233918128654971
Fizz,Gwen,264,131,0.4962121212121212
Fizz,Kaisa,553,260,0.4701627486437613
Fizz,Shaco,345,165,0.4782608695652174
Gwen,Shaco,307,155,0.504885993485342
Briar,Katarina,378,197,0.5211640211640212
Briar,Sona,322,161,0.5
Briar,Xayah,307,162,0.5276872964169381
Gangplank,Katarina,166,79,0.4759036144578313
Gangplank,Sona,166,84,0.5060240963855421
Gangplank,Xayah,142,65,0.45774647887323944
Katarina,Sona,251,131,0.5219123505976095
Katarina,Xayah,228,113,0.4956140350877193
Sona,Xayah,239,121,0.5062761506276151
JarvanIV,Malphite,395,212,0.5367088607594936
JarvanIV,Mordekaiser,413,227,0.549636803874092
Malphite,Mordekaiser,431,224,0.5197215777262181
Malphite,Yuumi,391,200,0.5115089514066496
MissFortune,Mordekaiser,1418,761,0.5366713681241185
Aatrox,Amumu,366,204,0.5573770491803278
Aatrox,Ashe,811,397,0.48951911220715166
Aatrox,Aurora,287,147,0.5121951219512195
Aatrox,Maokai,189,91,0.48148148148148145
Amumu,Aurora,315,176,0.5587301587301587
Amumu,Maokai,211,100,0.47393364928909953
Ashe,Aurora,557,286,0.5134649910233393
Aurora,Maokai,152,72,0.47368421052631576
Ahri,Belveth,261,134,0.5134099616858238
Ahri,Jhin,1302,665,0.510752688172043
Ahri,Zyra,511,291,0.5694716242661448
Belveth,Jhin,309,157,0.5080906148867314
Belveth,Renekton,123,65,0.5284552845528455
Belveth,Zyra,155,76,0.49032258064516127
Jhin,Zyra,1069,586,0.5481758652946679
Renekton,Zyra,262,131,0.5
Caitlyn,Khazix,631,303,0.48019017432646594
Caitlyn,Zed,933,438,0.4694533762057878
Khazix,Nautilus,338,170,0.5029585798816568
Khazix,Vayne,383,177,0.4621409921671018
Nautilus,Vayne,709,335,0.47249647390691113
Vayne,Zed,520,270,0.5192307692307693
Diana,Mordekaiser,587,318,0.5417376490630323
Diana,Smolder,781,416,0.5326504481434059
Diana,Taric,171,90,0.5263157894736842
Diana,XinZhao,225,129,0.5733333333333334
Mordekaiser,Taric,204,118,0.5784313725490197
Smolder,Taric,246,129,0.524390243902439
Taric,XinZhao,130,62,0.47692307692307695
Belveth,Braum,93,45,0.4838709677419355
Belveth,Caitlyn,329,141,0.42857142857142855
Belveth,Syndra,135,57,0.4222222222222222
Braum,Caitlyn,481,214,0.44490644490644493
Braum,Syndra,206,103,0.5
Braum,Yasuo,383,204,0.5326370757180157
Briar,JarvanIV,121,67,0.5537190082644629
Briar,Jinx,917,484,0.5278080697928026
Briar,Volibear,342,170,0.49707602339181284
Galio,JarvanIV,341,179,0.5249266862170088
Galio,Jinx,755,394,0.5218543046357615
Galio,Warwick,479,256,0.534446764091858
Galio,Zoe,131,65,0.4961832061068702
JarvanIV,Jinx,666,336,0.5045045045045045
JarvanIV,Volibear,226,107,0.47345132743362833
JarvanIV,Warwick,197,95,0.48223350253807107
JarvanIV,Zoe,240,103,0.42916666666666664
Jinx,Volibear,1163,614,0.5279449699054171
Jinx,Zoe,557,257,0.4614003590664273
Volibear,Zoe,330,170,0.5151515151515151
Warwick,Zoe,355,175,0.49295774647887325
Amumu,MasterYi,224,128,0.5714285714285714
Amumu,Olaf,185,108,0.5837837837837838
Amumu,Shyvana,96,52,0.5416666666666666
Ashe,Shyvana,355,172,0.48450704225352115
Ashe,Swain,839,441,0.5256257449344458
Ashe,Vayne,453,204,0.4503311258278146
MasterYi,Olaf,200,114,0.57
MasterYi,Swain,557,310,0.5565529622980251
MasterYi,Vayne,672,346,0.5148809523809523
Mel,Olaf,266,142,0.5338345864661654
Mel,Vayne,961,502,0.522372528616025
Olaf,Shyvana,70,37,0.5285714285714286
Olaf,Swain,212,120,0.5660377358490566
Shyvana,Swain,186,94,0.5053763440860215
Kindred,Lissandra,115,49,0.4260869565217391
Kindred,Mordekaiser,371,168,0.4528301886792453
Kindred,Yuumi,185,78,0.42162162162162165
Lissandra,Mordekaiser,194,99,0.5103092783505154
Lissandra,Seraphine,150,65,0.43333333333333335
Lissandra,Yuumi,121,54,0.4462809917355372
Seraphine,Yuumi,123,52,0.42276422764227645
Caitlyn,Renata,265,135,0.5094339622641509
DrMundo,Sivir,509,271,0.5324165029469549
Renata,Sivir,144,69,0.4791666666666667
Renata,Ziggs,102,50,0.49019607843137253
Sivir,Ziggs,193,102,0.5284974093264249
Ashe,Leblanc,565,274,0.4849557522123894
Ashe,Ziggs,456,219,0.48026315789473684
Karma,Leblanc,214,91,0.4252336448598131
Karma,Ziggs,270,135,0.5
Leblanc,Nautilus,318,138,0.4339622641509434
Leblanc,Ziggs,147,69,0.46938775510204084
Nautilus,Ziggs,383,192,0.5013054830287206
Jhin,MonkeyKing,569,293,0.5149384885764499
Lux,Vayne,1313,671,0.511043412033511
MonkeyKing,Nunu,124,65,0.5241935483870968
Nunu,Vayne,407,210,0.515970515970516
Chogath,Lissandra,210,105,0.5
Chogath,Malzahar,527,291,0.5521821631878557
Chogath,Quinn,226,115,0.5088495575221239
Chogath,Vi,341,174,0.5102639296187683
Gwen,Lissandra,110,51,0.4636363636363636
Gwen,Nidalee,132,55,0.4166666666666667
Gwen,Quinn,137,64,0.46715328467153283
Gwen,Trundle,207,108,0.5217391304347826
Gwen,Vi,221,116,0.5248868778280543
Lissandra,Malzahar,104,52,0.5
Lissandra,Nidalee,102,51,0.5
Lissandra,Trundle,145,75,0.5172413793103449
Lissandra,Vi,106,54,0.5094339622641509
Malzahar,Vi,389,223,0.5732647814910026
Nidalee,Trundle,131,63,0.48091603053435117
Nidalee,Vi,123,62,0.5040650406504065
Quinn,Vi,152,76,0.5
Trundle,Vi,158,78,0.4936708860759494
LeeSin,MissFortune,725,342,0.47172413793103446
LeeSin,Morgana,518,279,0.5386100386100386
LeeSin,Nautilus,434,211,0.4861751152073733
LeeSin,TahmKench,284,132,0.4647887323943662
Leona,MissFortune,1353,709,0.5240206947524021
Leona,Morgana,404,216,0.5346534653465347
Leona,Nautilus,196,93,0.4744897959183674
Leona,Rell,73,40,0.547945205479452
Leona,TahmKench,234,114,0.48717948717948717
MissFortune,TahmKench,764,385,0.5039267015706806
MissFortune,XinZhao,658,336,0.5106382978723404
Morgana,Nautilus,463,229,0.4946004319654428
Morgana,Rell,173,87,0.5028901734104047
Morgana,TahmKench,393,194,0.49363867684478374
Nautilus,Rell,86,53,0.6162790697674418
Nautilus,XinZhao,412,208,0.5048543689320388
Rell,TahmKench,106,57,0.5377358490566038
Ashe,Sett,1057,538,0.5089877010406811
DrMundo,Galio,466,253,0.5429184549356223
Galio,Senna,410,220,0.5365853658536586
Galio,Sett,512,284,0.5546875
Senna,Sett,602,332,0.5514950166112956
Aatrox,Azir,169,77,0.4556213017751479
Aatrox,Karthus,190,85,0.4473684210526316
Aatrox,MonkeyKing,174,87,0.5
Azir,Karthus,82,39,0.47560975609756095
Azir,MonkeyKing,126,59,0.46825396825396826
Azir,Varus,152,66,0.4342105263157895
Karthus,Varus,209,101,0.48325358851674644
Jinx,Udyr,472,228,0.4830508474576271
Maokai,Mel,348,181,0.5201149425287356
Maokai,Nami,143,65,0.45454545454545453
Maokai,Udyr,148,71,0.4797297297297297
Mel,Udyr,418,220,0.5263157894736842
Amumu,Galio,412,224,0.5436893203883495
Amumu,Smolder,647,313,0.48377125193199383
Galio,Gwen,320,164,0.5125
Galio,Smolder,580,316,0.5448275862068965
Gwen,Smolder,541,264,0.4879852125693161
Gwen,Yuumi,310,139,0.4483870967741935
Smolder,Yuumi,502,239,0.4760956175298805
Bard,Ekko,315,152,0.48253968253968255
Bard,Neeko,122,50,0.4098360655737705
Bard,Shen,227,103,0.45374449339207046
Ekko,Shen,377,190,0.5039787798408488
Neeko,Shen,285,140,0.49122807017543857
AurelionSol,Hwei,123,60,0.4878048780487805
AurelionSol,Lillia,202,105,0.5198019801980198
AurelionSol,MonkeyKing,198,103,0.5202020202020202
AurelionSol,Vladimir,143,77,0.5384615384615384
Hwei,Lillia,231,131,0.5670995670995671
Hwei,Vladimir,118,58,0.4915254237288136
Lillia,MonkeyKing,151,88,0.5827814569536424
Lillia,Vladimir,213,118,0.5539906103286385
MonkeyKing,Vladimir,188,96,0.5106382978723404
Bard,Sivir,305,161,0.5278688524590164
Bard,Vladimir,241,104,0.4315352697095436
Darius,Sivir,419,206,0.4916467780429594
Darius,Vladimir,331,168,0.5075528700906344
Darius,Zaahen,311,176,0.5659163987138264
Sivir,Vladimir,262,139,0.5305343511450382
Sivir,Zaahen,422,208,0.4928909952606635
Vladimir,Zaahen,308,155,0.5032467532467533
Akali,Brand,426,212,0.49765258215962443
Akali,Smolder,620,301,0.4854838709677419
Akali,XinZhao,354,181,0.5112994350282486
Brand,LeeSin,386,199,0.5155440414507773
Brand,Smolder,771,409,0.5304798962386511
LeeSin,Smolder,538,265,0.49256505576208176
Diana,Ivern,101,47,0.46534653465346537
Diana,Warwick,450,249,0.5533333333333333
Blitzcrank,Ryze,256,118,0.4609375
MissFortune,Nunu,692,342,0.49421965317919075
Nunu,Ryze,188,99,0.526595744680851
Nunu,Trundle,166,87,0.5240963855421686
Ryze,Trundle,196,87,0.44387755102040816
Alistar,Zaahen,323,163,0.5046439628482973
Alistar,Ziggs,206,101,0.49029126213592233
Brand,Ziggs,317,149,0.47003154574132494
Lux,Zaahen,1450,789,0.5441379310344827
Lux,Ziggs,574,282,0.4912891986062718
Zaahen,Ziggs,456,231,0.506578947368421
Anivia,Shen,193,99,0.5129533678756477
Anivia,Yuumi,158,81,0.5126582278481012
Briar,Caitlyn,972,500,0.51440329218107
Briar,Shen,365,206,0.5643835616438356
Briar,Yuumi,339,169,0.49852507374631266
Caitlyn,Shen,777,382,0.49163449163449163
Jinx,Yuumi,554,245,0.44223826714801445
Jinx,Zaahen,1184,608,0.5135135135135135
Khazix,Yuumi,241,103,0.42738589211618255
Khazix,Zaahen,358,188,0.5251396648044693
Yasuo,Yuumi,536,286,0.5335820895522388
AurelionSol,Warwick,384,206,0.5364583333333334
Kayle,Senna,442,217,0.49095022624434387
Kayle,Warwick,488,239,0.48975409836065575
Senna,Twitch,379,180,0.47493403693931396
Senna,Warwick,609,304,0.49917898193760263
Twitch,Warwick,503,261,0.5188866799204771
Brand,Samira,341,174,0.5102639296187683
Samira,Swain,354,179,0.5056497175141242
Samira,Tristana,144,80,0.5555555555555556
Blitzcrank,Nasus,317,155,0.4889589905362776
Blitzcrank,Quinn,231,109,0.47186147186147187
Blitzcrank,Rengar,217,86,0.39631336405529954
Blitzcrank,Yuumi,149,59,0.3959731543624161
Nasus,Rengar,175,75,0.42857142857142855
Quinn,Rengar,111,49,0.44144144144144143
Quinn,Yuumi,198,89,0.4494949494949495
Graves,Illaoi,150,84,0.56
Graves,Jhin,566,268,0.4734982332155477
Graves,Talon,98,42,0.42857142857142855
Graves,Teemo,325,178,0.5476923076923077
Illaoi,Talon,135,71,0.5259259259259259
Illaoi,Teemo,277,158,0.5703971119133574
Jhin,Talon,473,231,0.4883720930232558
Talon,Teemo,352,181,0.5142045454545454
Jax,Kaisa,936,460,0.49145299145299143
Jax,Lulu,472,224,0.4745762711864407
Jax,Viktor,367,177,0.4822888283378747
Jax,Yorick,290,161,0.5551724137931034
Lulu,Viktor,264,128,0.48484848484848486
Viktor,Yorick,221,123,0.5565610859728507
Darius,Velkoz,483,268,0.5548654244306418
Jhin,LeeSin,713,322,0.45161290322580644
Jhin,Mel,1438,728,0.5062586926286509
LeeSin,Mel,579,274,0.47322970639032813
LeeSin,Velkoz,301,150,0.4983388704318937
Mel,Velkoz,486,261,0.5370370370370371
Brand,Malphite,692,359,0.5187861271676301
Brand,Trundle,421,228,0.5415676959619953
Brand,Zoe,240,109,0.45416666666666666
Malphite,Varus,509,242,0.47544204322200395
Malphite,Zoe,375,186,0.496
Trundle,Varus,319,147,0.4608150470219436
Trundle,Zoe,199,92,0.4623115577889447
Ashe,Lux,1940,1003,0.5170103092783506
Briar,Tristana,479,258,0.5386221294363257
Tristana,Zaahen,664,332,0.5
Ahri,Jax,837,421,0.5029868578255675
Ahri,Nasus,469,233,0.4968017057569296
Jax,Nasus,311,156,0.5016077170418006
Chogath,Illaoi,226,128,0.5663716814159292
Chogath,Nunu,348,184,0.5287356321839081
Chogath,Rell,224,109,0.48660714285714285
Illaoi,Illaoi,23,11,0.4782608695652174
Illaoi,Mordekaiser,181,102,0.56353591160221
Illaoi,Nidalee,161,72,0.4472049689440994
Illaoi,Nunu,177,94,0.5310734463276836
Illaoi,Rell,126,62,0.49206349206349204
Illaoi,Volibear,271,150,0.5535055350553506
Mordekaiser,Nunu,373,175,0.4691689008042895
Mordekaiser,Rell,266,131,0.4924812030075188
Mordekaiser,Volibear,537,292,0.5437616387337058
Nidalee,Nunu,120,56,0.4666666666666667
Nidalee,Rell,109,53,0.48623853211009177
Nidalee,Volibear,171,87,0.5087719298245614
Nunu,Rell,136,76,0.5588235294117647
Nunu,Volibear,231,113,0.48917748917748916
Rell,Volibear,245,122,0.49795918367346936
Blitzcrank,Sona,159,87,0.5471698113207547
Blitzcrank,Xayah,356,175,0.49157303370786515
Kalista,Khazix,88,41,0.4659090909090909
Kalista,Mel,186,90,0.4838709677419355
Kalista,Xayah,47,22,0.46808510638297873
Khazix,Rengar,61,16,0.26229508196721313
Khazix,Sona,222,112,0.5045045045045045
Mel,Rengar,423,190,0.4491725768321513
Mel,Sona,415,207,0.4987951807228916
Rengar,Sona,182,94,0.5164835164835165
Rengar,Xayah,165,78,0.4727272727272727
Xayah,Zed,313,154,0.49201277955271566
Ambessa,Samira,227,104,0.4581497797356828
Ambessa,Taliyah,147,73,0.4965986394557823
Ambessa,Teemo,319,166,0.5203761755485894
Mel,Taliyah,162,77,0.47530864197530864
Mel,Teemo,1086,551,0.507366482504604
Taliyah,Teemo,225,95,0.4222222222222222
Akshan,Aphelios,165,78,0.4727272727272727
Akshan,MonkeyKing,138,73,0.5289855072463768
Akshan,Zilean,111,50,0.45045045045045046
Aphelios,MonkeyKing,198,116,0.5858585858585859
Aphelios,Zaahen,396,208,0.5252525252525253
Aphelios,Zilean,168,87,0.5178571428571429
MonkeyKing,Zaahen,237,136,0.5738396624472574
Zaahen,Zilean,286,171,0.5979020979020979
Jax,Taric,212,109,0.5141509433962265
Jax,Zilean,260,148,0.5692307692307692
Morgana,Smolder,1089,561,0.5151515151515151
Morgana,Taric,141,78,0.5531914893617021
Morgana,Zilean,208,112,0.5384615384615384
Smolder,Zilean,331,157,0.4743202416918429
Taric,Zilean,61,29,0.47540983606557374
Nidalee,Seraphine,189,90,0.47619047619047616
Nidalee,Zaahen,261,141,0.5402298850574713
Nidalee,Ziggs,192,98,0.5104166666666666
Rell,Seraphine,89,43,0.48314606741573035
Rell,Zaahen,234,116,0.49572649572649574
Rell,Ziggs,147,84,0.5714285714285714
Seraphine,Zaahen,743,380,0.5114401076716016
Akali,Rell,195,80,0.41025641025641024
Akali,Renata,163,68,0.4171779141104294
Akali,Shaco,437,217,0.4965675057208238
Akali,Udyr,242,119,0.49173553719008267
JarvanIV,Pantheon,318,179,0.5628930817610063
JarvanIV,Rell,119,56,0.47058823529411764
JarvanIV,Renata,112,65,0.5803571428571429
JarvanIV,Udyr,91,41,0.45054945054945056
LeeSin,Pantheon,334,153,0.45808383233532934
LeeSin,Renata,114,53,0.4649122807017544
LeeSin,Shaco,223,96,0.4304932735426009
LeeSin,Udyr,110,46,0.41818181818181815
Pantheon,Rell,195,93,0.47692307692307695
Pantheon,Renata,132,78,0.5909090909090909
Pantheon,Shaco,476,240,0.5042016806722689
Pantheon,Udyr,288,159,0.5520833333333334
Rell,Renata,36,17,0.4722222222222222
Rell,Shaco,194,94,0.4845360824742268
Rell,Udyr,124,68,0.5483870967741935
Renata,Shaco,122,59,0.48360655737704916
Renata,Udyr,93,52,0.5591397849462365
Shaco,Udyr,178,83,0.46629213483146065
Aatrox,Ivern,156,73,0.46794871794871795
Aatrox,Poppy,220,104,0.4727272727272727
Aatrox,Rumble,100,55,0.55
Aatrox,Shaco,357,179,0.5014005602240896
Aatrox,Talon,207,95,0.45893719806763283
Aatrox,Warwick,374,195,0.5213903743315508
Ivern,Rumble,56,25,0.44642857142857145
Ivern,Shaco,113,52,0.46017699115044247
Ivern,Talon,75,38,0.5066666666666667
Jhin,Poppy,623,317,0.5088282504012841
Jhin,Rumble,317,162,0.5110410094637224
Jhin,Shaco,944,503,0.5328389830508474
Poppy,Rumble,83,41,0.4939759036144578
Poppy,Shaco,222,100,0.45045045045045046
Poppy,Talon,163,70,0.4294478527607362
Poppy,Warwick,320,164,0.5125
Rumble,Shaco,144,72,0.5
Rumble,Talon,93,43,0.46236559139784944
Rumble,Warwick,151,73,0.48344370860927155
Shaco,Talon,177,85,0.480225988700565
Talon,Warwick,189,97,0.5132275132275133
Caitlyn,Zac,472,222,0.4703389830508475
Singed,Yuumi,268,132,0.4925373134328358
Singed,Zac,144,70,0.4861111111111111
Singed,Zoe,177,93,0.5254237288135594
Yuumi,Zac,178,74,0.4157303370786517
Yuumi,Zoe,191,93,0.4869109947643979
Zac,Zoe,156,71,0.4551282051282051
Corki,DrMundo,226,114,0.504424778761062
Corki,Ekko,164,80,0.4878048780487805
Corki,Kalista,45,16,0.35555555555555557
Corki,Taliyah,89,36,0.4044943820224719
DrMundo,Kalista,183,82,0.44808743169398907
DrMundo,Taliyah,219,114,0.5205479452054794
Ekko,Taliyah,117,52,0.4444444444444444
Jax,Quinn,227,118,0.5198237885462555
Jax,Ryze,296,155,0.5236486486486487
Jhin,Leona,920,447,0.48586956521739133
Jhin,Quinn,411,201,0.48905109489051096
Leona,Quinn,251,123,0.4900398406374502
Leona,Ryze,280,156,0.5571428571428572
Quinn,Ryze,109,53,0.48623853211009177
Corki,MasterYi,166,87,0.5240963855421686
Corki,Swain,179,91,0.5083798882681564
Corki,Twitch,106,46,0.4339622641509434
FiddleSticks,Swain,260,136,0.5230769230769231
Darius,Orianna,366,159,0.4344262295081967
Nautilus,Sylas,653,303,0.46401225114854516
Orianna,Sylas,241,122,0.5062240663900415
Ashe,Quinn,388,169,0.43556701030927836
Ashe,Sivir,252,130,0.5158730158730159
Brand,Sivir,433,230,0.5311778290993071
Sivir,Viego,428,227,0.530373831775701
Gragas,Karthus,93,38,0.40860215053763443
Gragas,Nami,288,148,0.5138888888888888
Gragas,TahmKench,161,71,0.4409937888198758
Karthus,Katarina,137,70,0.5109489051094891
Karthus,Nami,209,105,0.5023923444976076
Katarina,TahmKench,297,135,0.45454545454545453
Ahri,Ekko,343,172,0.5014577259475219
Ahri,Pyke,617,316,0.5121555915721232
Ahri,TwistedFate,200,93,0.465
Ahri,Udyr,363,172,0.4738292011019284
Ekko,Pyke,459,212,0.46187363834422657
Ekko,Udyr,180,91,0.5055555555555555
Pyke,Udyr,239,113,0.47280334728033474
TwistedFate,Udyr,185,83,0.4486486486486487
Ahri,Camille,231,101,0.43722943722943725
Ahri,Nidalee,321,155,0.48286604361370716
Camille,Nidalee,97,36,0.3711340206185567
Camille,Seraphine,183,83,0.453551912568306
Evelynn,MissFortune,421,210,0.498812351543943
Evelynn,Nasus,173,82,0.47398843930635837
Evelynn,Rakan,109,55,0.5045871559633027
Evelynn,Sion,201,95,0.472636815920398
MissFortune,Nasus,836,409,0.4892344497607656
Nasus,Rakan,154,73,0.474025974025974
Nasus,Sion,208,115,0.5528846153846154
Rakan,Sion,185,79,0.42702702702702705
Akali,Braum,247,127,0.5141700404858299
Aphelios,Braum,178,96,0.5393258426966292
Aphelios,Graves,194,80,0.41237113402061853
Braum,Graves,201,87,0.43283582089552236
Braum,Illaoi,134,65,0.48507462686567165
Ashe,FiddleSticks,548,277,0.5054744525547445
FiddleSticks,Mordekaiser,335,178,0.5313432835820896
Mordekaiser,Velkoz,445,244,0.5483146067415731
Aphelios,Briar,324,168,0.5185185185185185
Aphelios,Darius,369,180,0.4878048780487805
Aphelios,Leona,309,159,0.5145631067961165
Aphelios,Nautilus,376,181,0.48138297872340424
Aphelios,Yone,410,216,0.526829268292683
Brand,Briar,521,282,0.5412667946257198
Brand,KogMaw,247,142,0.5748987854251012
Brand,Leona,395,233,0.589873417721519
Briar,Darius,500,256,0.512
Briar,Leona,439,221,0.5034168564920274
Darius,KogMaw,276,132,0.4782608695652174
KogMaw,Leona,247,116,0.46963562753036436
KogMaw,Nautilus,258,131,0.5077519379844961
KogMaw,Yone,283,139,0.4911660777385159
Leona,Yone,541,271,0.5009242144177449
Ahri,Hecarim,321,152,0.4735202492211838
Ahri,Warwick,835,419,0.5017964071856288
Ahri,Ziggs,322,168,0.5217391304347826
Gwen,Shen,186,85,0.45698924731182794
Gwen,Urgot,153,67,0.43790849673202614
Gwen,Warwick,374,193,0.516042780748663
Hecarim,Warwick,128,58,0.453125
Hecarim,Ziggs,142,67,0.47183098591549294
Shen,Swain,377,211,0.5596816976127321
Shen,Urgot,134,80,0.5970149253731343
Shen,Warwick,403,200,0.49627791563275436
Shen,Ziggs,239,124,0.5188284518828452
Swain,Ziggs,278,129,0.46402877697841727
Urgot,Warwick,333,170,0.5105105105105106
Urgot,Ziggs,233,108,0.463519313304721
Warwick,Ziggs,401,219,0.5461346633416458
Gangplank,Malzahar,232,109,0.4698275862068966
Gangplank,Maokai,140,59,0.42142857142857143
Gangplank,Trundle,157,71,0.45222929936305734
Malzahar,Maokai,260,133,0.5115384615384615
Malzahar,Tristana,537,284,0.5288640595903166
Maokai,Trundle,133,66,0.49624060150375937
Akali,Khazix,311,127,0.40836012861736337
Akali,Lillia,317,153,0.48264984227129337
Akali,Nilah,154,78,0.5064935064935064
Akali,Yunara,456,218,0.4780701754385965
Khazix,Lillia,82,36,0.43902439024390244
Khazix,Nilah,107,53,0.4953271028037383
Khazix,Yunara,297,148,0.4983164983164983
Lillia,Nilah,138,75,0.5434782608695652
Lillia,Yunara,295,131,0.4440677966101695
Nilah,Yunara,50,30,0.6
Amumu,Corki,183,88,0.4808743169398907
Amumu,Morgana,721,402,0.5575589459084604
Amumu,Ornn,273,124,0.4542124542124542
Amumu,Senna,528,281,0.5321969696969697
Amumu,Trundle,217,116,0.5345622119815668
Amumu,Ziggs,316,173,0.5474683544303798
Amumu,Zilean,201,112,0.5572139303482587
Corki,Ornn,134,68,0.5074626865671642
Corki,Senna,161,74,0.45962732919254656
Corki,Trundle,136,75,0.5514705882352942
Corki,Ziggs,110,57,0.5181818181818182
Corki,Zilean,112,50,0.44642857142857145
Morgana,Senna,541,276,0.5101663585951941
Morgana,Trundle,579,302,0.5215889464594128
Morgana,Ziggs,447,249,0.5570469798657718
Ornn,Trundle,167,77,0.46107784431137727
Ornn,Ziggs,217,103,0.47465437788018433
Ornn,Zilean,168,83,0.49404761904761907
Senna,Trundle,370,189,0.5108108108108108
Senna,Ziggs,392,188,0.47959183673469385
Trundle,Ziggs,232,136,0.5862068965517241
Trundle,Zilean,145,73,0.503448275862069
Ziggs,Zilean,150,70,0.4666666666666667
Braum,Kayn,314,155,0.49363057324840764
Braum,MonkeyKing,154,79,0.512987012987013
Braum,Senna,162,69,0.42592592592592593
Braum,Shyvana,105,45,0.42857142857142855
Braum,Veigar,290,130,0.4482758620689655
Braum,Zoe,151,70,0.46357615894039733
Kayn,MonkeyKing,140,70,0.5
Kayn,Shyvana,85,41,0.4823529411764706
Kayn,Veigar,689,355,0.5152394775036284
Kayn,Zoe,402,192,0.47761194029850745
MonkeyKing,Senna,337,186,0.5519287833827893
MonkeyKing,Veigar,340,172,0.5058823529411764
MonkeyKing,Zoe,152,66,0.4342105263157895
Orianna,Shyvana,89,35,0.39325842696629215
Orianna,Veigar,171,81,0.47368421052631576
Orianna,Zoe,111,46,0.4144144144144144
Senna,Shyvana,198,89,0.4494949494949495
Senna,Veigar,597,313,0.52428810720268
Senna,Zoe,300,127,0.42333333333333334
Shyvana,Veigar,227,107,0.4713656387665198
Shyvana,Zoe,107,49,0.45794392523364486
Gragas,Graves,187,88,0.47058823529411764
Gragas,Jinx,430,196,0.4558139534883721
Gragas,Teemo,217,100,0.4608294930875576
Graves,Yasuo,376,174,0.4627659574468085
Teemo,Yasuo,1015,564,0.5556650246305419
Katarina,Lux,571,286,0.500875656742557
Katarina,Pantheon,472,238,0.5042372881355932
Katarina,Riven,263,120,0.45627376425855515
MissFortune,Pantheon,1325,679,0.5124528301886793
Bard,Sett,348,182,0.5229885057471264
Bard,Yasuo,415,210,0.5060240963855421
Bard,Zac,161,88,0.546583850931677
Sett,Varus,454,236,0.5198237885462555
Sett,Zac,294,165,0.5612244897959183
Varus,Zac,194,89,0.4587628865979381
Aatrox,Kayn,439,208,0.47380410022779046
Aatrox,Nautilus,483,238,0.4927536231884058
Aatrox,Ziggs,339,174,0.5132743362831859
Katarina,Kayn,425,214,0.5035294117647059
Katarina,Ziggs,186,89,0.478494623655914
Kayn,Ziggs,417,208,0.4988009592326139
JarvanIV,Orianna,311,141,0.4533762057877814
JarvanIV,Yorick,221,120,0.5429864253393665
Orianna,Yorick,174,86,0.4942528735632184
Vayne,Yorick,417,215,0.5155875299760192
Jinx,Leblanc,565,269,0.4761061946902655
Jinx,Skarner,232,124,0.5344827586206896
Leblanc,Shaco,295,136,0.4610169491525424
Leblanc,Skarner,76,32,0.42105263157894735
Leblanc,Udyr,167,80,0.47904191616766467
Shaco,Skarner,88,34,0.38636363636363635
Skarner,Udyr,68,35,0.5147058823529411
Azir,Pantheon,247,99,0.4008097165991903
Azir,Taric,97,47,0.4845360824742268
JarvanIV,Taric,123,51,0.4146341463414634
Kaisa,Taric,274,144,0.5255474452554745
DrMundo,Lulu,455,221,0.4857142857142857
Lulu,Mordekaiser,444,226,0.509009009009009
Lulu,Zaahen,391,200,0.5115089514066496
Mordekaiser,Yunara,612,322,0.5261437908496732
Belveth,Maokai,100,52,0.52
Belveth,Pyke,177,80,0.4519774011299435
Belveth,Sejuani,47,27,0.574468085106383
Belveth,Sona,131,65,0.4961832061068702
Belveth,Velkoz,149,74,0.4966442953020134
Belveth,Volibear,121,68,0.5619834710743802
Maokai,Pyke,151,63,0.41721854304635764
Maokai,Sejuani,86,38,0.4418604651162791
Maokai,Sona,142,74,0.5211267605633803
Maokai,Velkoz,178,98,0.550561797752809
Maokai,Yone,269,146,0.5427509293680297
Pyke,Sona,152,75,0.4934210526315789
Pyke,Volibear,553,285,0.515370705244123
Pyke,Yone,547,272,0.49725776965265084
Sejuani,Velkoz,149,79,0.5302013422818792
Sejuani,Volibear,149,73,0.4899328859060403
Sejuani,Yone,283,135,0.47703180212014135
Sona,Velkoz,178,98,0.550561797752809
Velkoz,Volibear,435,221,0.5080459770114942
Velkoz,Yone,474,248,0.5232067510548524
Amumu,Heimerdinger,302,188,0.6225165562913907
Amumu,LeeSin,184,95,0.5163043478260869
Amumu,Nasus,392,201,0.5127551020408163
Amumu,Zac,160,73,0.45625
Caitlyn,Heimerdinger,558,281,0.503584229390681
Caitlyn,LeeSin,785,360,0.4585987261146497
Heimerdinger,LeeSin,224,121,0.5401785714285714
Heimerdinger,Nasus,200,114,0.57
Heimerdinger,Xerath,206,112,0.5436893203883495
Heimerdinger,Zac,120,54,0.45
LeeSin,Sett,426,205,0.4812206572769953
LeeSin,Zac,102,45,0.4411764705882353
Nasus,Sett,241,135,0.5601659751037344
Nasus,Zac,167,72,0.4311377245508982
Sett,Xerath,477,233,0.48846960167714887
Xerath,Zac,214,108,0.5046728971962616
Chogath,Draven,357,172,0.48179271708683474
Chogath,Orianna,319,178,0.5579937304075235
Chogath,Seraphine,512,234,0.45703125
Draven,Orianna,211,89,0.4218009478672986
Draven,Seraphine,258,137,0.5310077519379846
Orianna,Teemo,359,192,0.5348189415041783
Garen,Viktor,382,189,0.49476439790575916
Katarina,Maokai,214,99,0.46261682242990654
Katarina,MasterYi,447,224,0.5011185682326622
Katarina,Viktor,91,43,0.4725274725274725
Maokai,MasterYi,283,139,0.4911660777385159
Maokai,Viktor,186,89,0.478494623655914
MasterYi,Viktor,332,177,0.5331325301204819
Jayce,Lux,422,195,0.46208530805687204
Jayce,Yone,188,85,0.4521276595744681
Lux,Smolder,1329,650,0.4890895410082769
Smolder,Yone,686,342,0.49854227405247814
Smolder,Zaahen,937,506,0.5400213447171825
Yone,Zaahen,613,315,0.5138662316476346
Akshan,Caitlyn,430,197,0.45813953488372094
Akshan,Viego,242,124,0.512396694214876
Caitlyn,Nami,1184,583,0.49239864864864863
Nami,Viego,620,354,0.5709677419354838
Heimerdinger,Malphite,301,153,0.5083056478405316
Heimerdinger,Shaco,278,149,0.5359712230215827
Heimerdinger,Thresh,295,153,0.5186440677966102
Jhin,Malphite,1301,660,0.5073020753266718
Malphite,Thresh,695,358,0.5151079136690647
Darius,Soraka,464,238,0.5129310344827587
Draven,Graves,198,90,0.45454545454545453
Draven,Soraka,268,118,0.44029850746268656
Draven,Syndra,224,114,0.5089285714285714
Graves,Soraka,272,120,0.4411764705882353
Graves,Syndra,240,135,0.5625
Soraka,Syndra,255,139,0.5450980392156862
Bard,Olaf,130,67,0.5153846153846153
Bard,Pyke,127,49,0.3858267716535433
Bard,Smolder,459,239,0.5206971677559913
Bard,Soraka,85,37,0.43529411764705883
Olaf,Pyke,180,80,0.4444444444444444
Olaf,Soraka,156,78,0.5
Pyke,Soraka,147,73,0.4965986394557823
Smolder,Soraka,677,385,0.568685376661743
Amumu,Ryze,235,128,0.5446808510638298
Amumu,Shaco,275,148,0.5381818181818182
Fiora,Nasus,80,41,0.5125
Fiora,Ryze,129,65,0.5038759689922481
Fiora,Shaco,204,97,0.47549019607843135
Nasus,Shaco,374,187,0.5
FiddleSticks,Illaoi,160,85,0.53125
FiddleSticks,Leona,281,149,0.5302491103202847
Illaoi,Irelia,108,53,0.49074074074074076
Illaoi,Leona,266,135,0.5075187969924813
Irelia,Leona,353,167,0.4730878186968839
Annie,Ezreal,317,160,0.5047318611987381
Annie,Garen,307,156,0.50814332247557
Annie,Graves,178,99,0.5561797752808989
Annie,Skarner,74,34,0.4594594594594595
Ezreal,Skarner,162,64,0.3950617283950617
Garen,Skarner,113,56,0.49557522123893805
Graves,Skarner,64,33,0.515625
Ahri,Lulu,499,211,0.4228456913827655
Aphelios,Jax,413,217,0.5254237288135594
Leona,Lulu,108,47,0.4351851851851852
Mordekaiser,Zyra,513,289,0.5633528265107213
Nautilus,Nunu,375,178,0.4746666666666667
Nautilus,Zyra,247,140,0.5668016194331984
Nunu,Zyra,264,143,0.5416666666666666
TwistedFate,Zyra,274,127,0.4635036496350365
Garen,Lucian,542,274,0.5055350553505535
Jinx,Lucian,230,116,0.5043478260869565
Karma,Lucian,330,158,0.47878787878787876
Caitlyn,TwistedFate,600,292,0.4866666666666667
Rengar,Thresh,332,132,0.39759036144578314
Rengar,TwistedFate,160,62,0.3875
Rengar,Volibear,172,78,0.45348837209302323
Garen,Irelia,255,123,0.4823529411764706
Garen,Lillia,410,208,0.5073170731707317
Irelia,Lillia,292,151,0.5171232876712328
Irelia,Sylas,414,198,0.4782608695652174
Lillia,Sylas,271,144,0.5313653136531366
Azir,Janna,95,32,0.3368421052631579
Azir,Jax,214,96,0.4485981308411215
Azir,Kayn,262,125,0.4770992366412214
Azir,Smolder,240,118,0.49166666666666664
Janna,Jax,279,146,0.5232974910394266
Janna,Kayn,266,132,0.49624060150375937
Janna,Smolder,402,217,0.5398009950248757
Kayn,Smolder,788,415,0.5266497461928934
Gwen,MasterYi,362,190,0.5248618784530387
Gwen,MissFortune,900,464,0.5155555555555555
Gwen,Neeko,285,138,0.4842105263157895
Jax,Kalista,155,83,0.535483870967742
Jax,Sett,504,274,0.5436507936507936
Jax,Zed,482,231,0.47925311203319504
Kalista,Poppy,84,38,0.4523809523809524
Kalista,Sett,194,107,0.5515463917525774
Poppy,Sett,309,167,0.540453074433657
Poppy,Zed,291,126,0.4329896907216495
Sett,Zed,506,264,0.5217391304347826
Ambessa,Brand,361,193,0.5346260387811634
Ambessa,Jhin,648,313,0.48302469135802467
Ambessa,Ryze,205,102,0.4975609756097561
Lillia,Ryze,167,78,0.46706586826347307
AurelionSol,Sylas,211,105,0.4976303317535545
Lux,Sylas,985,495,0.5025380710659898
Camille,Diana,177,98,0.5536723163841808
Diana,Shen,439,229,0.5216400911161732
Diana,Syndra,216,116,0.5370370370370371
Diana,Vayne,750,375,0.5
Shen,Syndra,259,130,0.5019305019305019
Brand,Jinx,889,485,0.545556805399325
Brand,Yasuo,713,428,0.6002805049088359
Jinx,Ryze,435,205,0.47126436781609193
Ryze,Yasuo,262,140,0.5343511450381679
Amumu,Katarina,390,184,0.4717948717948718
Amumu,Soraka,338,201,0.5946745562130178
Katarina,Nasus,281,146,0.5195729537366548
Katarina,Quinn,184,87,0.47282608695652173
Quinn,Soraka,172,85,0.4941860465116279
Akali,Leona,489,221,0.45194274028629855
Leona,Lillia,343,174,0.5072886297376094
Leona,Yunara,435,221,0.5080459770114942
Caitlyn,Renekton,591,308,0.5211505922165821
Caitlyn,Varus,341,154,0.45161290322580644
Chogath,Renekton,206,102,0.49514563106796117
Chogath,Ziggs,332,167,0.5030120481927711
Renekton,Ziggs,186,88,0.4731182795698925
Varus,Ziggs,226,107,0.47345132743362833
Lillia,Neeko,236,116,0.4915254237288136
Lillia,Rakan,178,90,0.5056179775280899
Lillia,Taliyah,108,62,0.5740740740740741
Lillia,Vayne,446,226,0.5067264573991032
Neeko,Rakan,108,58,0.5370370370370371
Neeko,Vayne,412,232,0.5631067961165048
Rakan,Taliyah,90,44,0.4888888888888889
Rakan,Vayne,246,131,0.532520325203252
Aphelios,Rengar,220,119,0.5409090909090909
Aphelios,Sylas,428,230,0.5373831775700935
Aphelios,Zyra,232,129,0.5560344827586207
Jax,Rengar,211,87,0.41232227488151657
Rengar,Zyra,218,101,0.463302752293578
Ashe,Nami,851,468,0.5499412455934195
Vi,Yasuo,467,243,0.5203426124197003
Lillia,Senna,356,180,0.5056179775280899
Lillia,TahmKench,276,147,0.532608695652174
Lillia,Yorick,236,143,0.6059322033898306
Senna,Syndra,365,189,0.5178082191780822
Senna,TahmKench,374,186,0.49732620320855614
Syndra,TahmKench,235,115,0.48936170212765956
TahmKench,Yorick,234,115,0.49145299145299143
Caitlyn,Nocturne,734,358,0.4877384196185286
Nocturne,Warwick,162,82,0.5061728395061729
Ekko,Gnar,202,104,0.5148514851485149
Ekko,Irelia,319,140,0.438871473354232
Gnar,Irelia,69,47,0.6811594202898551
Gnar,Kalista,52,20,0.38461538461538464
Irelia,Kalista,91,50,0.5494505494505495
Irelia,Shaco,321,145,0.4517133956386293
Kalista,Shaco,136,63,0.4632352941176471
Chogath,Leona,495,260,0.5252525252525253
Camille,KogMaw,75,35,0.4666666666666667
Camille,Lulu,134,65,0.48507462686567165
Camille,Malzahar,186,87,0.46774193548387094
KogMaw,Malzahar,246,132,0.5365853658536586
KogMaw,Sylas,277,129,0.4657039711191336
Lulu,Sylas,492,221,0.4491869918699187
Malzahar,Sylas,387,201,0.5193798449612403
AurelionSol,Graves,189,109,0.5767195767195767
Graves,Leona,310,150,0.4838709677419355
Heimerdinger,MissFortune,626,345,0.5511182108626198
Braum,Mordekaiser,313,152,0.48562300319488816
Jayce,Mordekaiser,203,94,0.4630541871921182
Jayce,Viego,210,103,0.49047619047619045
Fiora,Jhin,461,247,0.5357917570498916
Fiora,Katarina,185,82,0.44324324324324327
Fiora,Sejuani,87,44,0.5057471264367817
Jhin,Katarina,745,348,0.4671140939597315
Jhin,Sejuani,359,174,0.48467966573816157
Katarina,Sejuani,172,78,0.45348837209302323
Sejuani,Seraphine,187,85,0.45454545454545453
Aurora,Rakan,159,77,0.48427672955974843
Aurora,Tryndamere,185,94,0.5081081081081081
Nasus,Tryndamere,169,97,0.5739644970414202
Nasus,Yasuo,430,239,0.5558139534883721
Rakan,Yasuo,403,200,0.49627791563275436
Tryndamere,Yasuo,342,193,0.564327485380117
Ekko,Garen,595,307,0.5159663865546219
Ekko,Soraka,362,178,0.49171270718232046
Jhin,Soraka,705,370,0.524822695035461
Jhin,Veigar,1054,534,0.5066413662239089
Ambessa,Braum,187,100,0.5347593582887701
Ambessa,Kayn,292,142,0.4863013698630137
Ambessa,Sylas,444,230,0.5180180180180181
Braum,Jhin,353,176,0.4985835694050991
Braum,Sylas,330,167,0.5060606060606061
Jhin,Sylas,1202,601,0.5
Kayn,Sylas,579,276,0.47668393782383417
Aatrox,Zyra,353,186,0.5269121813031161
Fizz,Nocturne,258,135,0.5232558139534884
Fizz,Zyra,256,126,0.4921875
MissFortune,Zyra,1032,566,0.5484496124031008
Nocturne,Zyra,297,149,0.5016835016835017
DrMundo,Lux,1466,763,0.5204638472032742
DrMundo,Riven,240,117,0.4875
DrMundo,Zed,532,276,0.518796992481203
Riven,Vayne,393,192,0.48854961832061067
Akali,Cassiopeia,70,30,0.42857142857142855
Akali,MasterYi,566,278,0.4911660777385159
Akali,Zaahen,623,312,0.5008025682182986
Cassiopeia,Jinx,289,147,0.5086505190311419
Cassiopeia,MasterYi,200,112,0.56
Cassiopeia,Zaahen,152,84,0.5526315789473685
AurelionSol,Mel,321,167,0.5202492211838006
AurelionSol,Poppy,162,79,0.4876543209876543
AurelionSol,Tristana,308,145,0.4707792207792208
Mel,MonkeyKing,409,205,0.5012224938875306
Mel,Poppy,434,199,0.45852534562211983
Mel,Tristana,761,358,0.4704336399474376
MonkeyKing,Poppy,149,69,0.46308724832214765
MonkeyKing,Tristana,293,161,0.5494880546075085
Poppy,Tristana,315,147,0.4666666666666667
Janna,Jayce,141,64,0.45390070921985815
Janna,Kalista,85,40,0.47058823529411764
Janna,Lux,247,129,0.5222672064777328
Janna,Sett,293,158,0.5392491467576792
Jayce,Kalista,86,40,0.46511627906976744
Jayce,Sett,175,83,0.4742857142857143
Kalista,Lux,227,113,0.4977973568281938
Gragas,LeeSin,181,73,0.40331491712707185
Gragas,Nautilus,270,106,0.3925925925925926
Gragas,Sylas,211,99,0.46919431279620855
Jinx,LeeSin,684,325,0.47514619883040937
Azir,DrMundo,251,118,0.4701195219123506
Azir,Lux,285,129,0.45263157894736844
Azir,Talon,87,42,0.4827586206896552
Caitlyn,Talon,461,220,0.4772234273318872
DrMundo,Talon,294,143,0.48639455782312924
Aurora,Gragas,111,50,0.45045045045045046
Aurora,Morgana,379,195,0.5145118733509235
Aurora,Xayah,214,115,0.5373831775700935
Gragas,Morgana,306,130,0.42483660130718953
Gragas,Xayah,205,90,0.43902439024390244
Gragas,Zoe,134,48,0.3582089552238806
Morgana,Xayah,462,235,0.5086580086580087
Morgana,Zoe,346,154,0.44508670520231214
Xayah,Zoe,217,105,0.4838709677419355
Irelia,Lux,748,379,0.5066844919786097
Irelia,Mel,516,247,0.4786821705426357
Irelia,Sett,272,127,0.46691176470588236
Mel,Sett,977,524,0.5363357215967247
Jhin,Kaisa,348,151,0.4339080459770115
Jhin,MasterYi,1035,512,0.49468599033816424
Kayle,Lux,865,460,0.5317919075144508
Kayle,MasterYi,494,247,0.5
Ahri,Ashe,1237,628,0.50767987065481
Ahri,DrMundo,869,481,0.5535097813578826
Kaisa,Neeko,553,284,0.5135623869801085
Kaisa,Pyke,900,436,0.48444444444444446
Neeko,Pyke,234,105,0.44871794871794873
Neeko,Rumble,109,62,0.5688073394495413
Pyke,Rumble,175,81,0.46285714285714286
Illaoi,Mel,454,225,0.4955947136563877
Illaoi,Morgana,486,267,0.5493827160493827
Illaoi,Vladimir,170,70,0.4117647058823529
Mel,Vladimir,330,167,0.5060606060606061
Morgana,Vladimir,441,208,0.47165532879818595
DrMundo,Gangplank,224,105,0.46875
DrMundo,Lissandra,206,109,0.529126213592233
DrMundo,Nocturne,345,183,0.5304347826086957
DrMundo,Swain,625,342,0.5472
Gangplank,Lissandra,80,40,0.5
Lissandra,Nocturne,122,60,0.4918032786885246
Lissandra,Swain,150,87,0.58
Nocturne,Swain,350,196,0.56
Kindred,Renata,111,53,0.4774774774774775
Kindred,Rumble,85,39,0.4588235294117647
Kindred,Shen,213,107,0.5023474178403756
Kindred,Sylas,262,144,0.549618320610687
Renata,Rumble,67,31,0.4626865671641791
Renata,Shen,105,52,0.49523809523809526
Renata,Sylas,165,85,0.5151515151515151
Diana,Gwen,328,159,0.4847560975609756
Diana,Varus,415,187,0.4506024096385542
Gwen,Varus,302,138,0.45695364238410596
Neeko,Sivir,268,136,0.5074626865671642
Neeko,Varus,344,155,0.45058139534883723
Sivir,Varus,176,83,0.4715909090909091
Akali,Jax,564,288,0.5106382978723404
Akali,Jhin,930,441,0.47419354838709676
Jax,Soraka,478,244,0.5104602510460251
Akshan,Nautilus,266,121,0.4548872180451128
Akshan,Teemo,363,189,0.5206611570247934
Akshan,Ziggs,212,96,0.4528301886792453
MonkeyKing,Ziggs,215,116,0.5395348837209303
Teemo,Ziggs,412,219,0.5315533980582524
Ambessa,Bard,227,109,0.4801762114537445
Ambessa,Draven,210,103,0.49047619047619045
Ambessa,Kindred,157,75,0.47770700636942676
Ambessa,Vex,168,94,0.5595238095238095
Bard,Draven,166,89,0.536144578313253
Bard,Kindred,195,98,0.5025641025641026
Bard,Vex,171,79,0.4619883040935672
Draven,Kindred,159,76,0.4779874213836478
Draven,Vex,187,100,0.5347593582887701
Caitlyn,Qiyana,445,195,0.43820224719101125
Gwen,Lillia,178,94,0.5280898876404494
Lillia,Qiyana,156,67,0.42948717948717946
Lillia,Rell,169,94,0.5562130177514792
Ambessa,Poppy,185,98,0.5297297297297298
Ambessa,Zac,156,80,0.5128205128205128
Galio,Mel,416,212,0.5096153846153846
Galio,Poppy,220,115,0.5227272727272727
Galio,Zac,190,88,0.4631578947368421
Poppy,Zac,129,62,0.4806201550387597
Draven,Zaahen,369,189,0.5121951219512195
Malzahar,Zaahen,729,396,0.5432098765432098
DrMundo,MasterYi,611,303,0.4959083469721768
Caitlyn,Kayle,882,464,0.5260770975056689
JarvanIV,Kayle,311,167,0.5369774919614148
Ekko,Fizz,205,95,0.4634146341463415
Ekko,MissFortune,1060,534,0.5037735849056604
Ekko,Yone,467,243,0.5203426124197003
Fizz,Soraka,291,160,0.5498281786941581
Fizz,Yone,273,135,0.4945054945054945
MissFortune,Soraka,725,377,0.52
Soraka,Yone,470,246,0.5234042553191489
Fiora,Kayn,248,115,0.4637096774193548
Fiora,Syndra,192,99,0.515625
Fiora,Twitch,188,96,0.5106382978723404
Kayn,Syndra,414,215,0.5193236714975845
Kayn,Twitch,523,245,0.4684512428298279
Sylas,Syndra,276,158,0.572463768115942
Akali,Ambessa,284,131,0.4612676056338028
Akali,Ezreal,566,266,0.46996466431095407
Akali,Zilean,183,87,0.47540983606557374
Ambessa,Amumu,291,158,0.5429553264604811
Ambessa,Ezreal,413,202,0.4891041162227603
Ambessa,Zilean,151,81,0.5364238410596026
Ezreal,Zilean,288,130,0.4513888888888889
AurelionSol,Rell,144,63,0.4375
Poppy,Rell,94,46,0.48936170212765956
Poppy,Samira,221,117,0.5294117647058824
Poppy,Viego,277,152,0.5487364620938628
Rell,Samira,300,156,0.52
Rell,Viego,217,101,0.46543778801843316
Ashe,Darius,1100,571,0.519090909090909
Darius,Senna,560,268,0.4785714285714286
Hwei,Samira,262,162,0.6183206106870229
Hwei,Smolder,463,236,0.509719222462203
Nocturne,Renekton,190,111,0.5842105263157895
Nocturne,Smolder,479,261,0.5448851774530271
Renekton,Samira,211,102,0.4834123222748815
Renekton,Smolder,410,213,0.5195121951219512
Amumu,Karthus,154,83,0.538961038961039
Blitzcrank,Karthus,208,106,0.5096153846153846
Karthus,Lux,382,189,0.49476439790575916
Leblanc,Pantheon,352,144,0.4090909090909091
Leblanc,Shyvana,110,46,0.41818181818181815
Pantheon,Zaahen,618,322,0.5210355987055016
Shyvana,Zaahen,196,102,0.5204081632653061
Vayne,Zaahen,715,384,0.5370629370629371
Bard,Garen,394,192,0.4873096446700508
Bard,Janna,60,26,0.43333333333333335
Ekko,Janna,229,119,0.519650655021834
Garen,Janna,286,146,0.5104895104895105
Janna,MissFortune,414,212,0.5120772946859904
Akali,Diana,349,175,0.501432664756447
Akali,Senna,487,218,0.44763860369609854
Diana,Senna,587,301,0.5127768313458262
Diana,Sion,485,261,0.5381443298969072
Elise,Garen,209,90,0.430622009569378
Elise,Rakan,65,31,0.47692307692307695
Elise,Sylas,185,89,0.4810810810810811
Garen,Rakan,277,140,0.5054151624548736
Rakan,Sylas,251,136,0.5418326693227091
FiddleSticks,LeeSin,167,91,0.5449101796407185
FiddleSticks,Mel,424,193,0.455188679245283
LeeSin,Lux,888,407,0.4583333333333333
Diana,Ezreal,642,280,0.43613707165109034
Diana,Khazix,176,73,0.4147727272727273
Diana,Nautilus,695,345,0.49640287769784175
Ezreal,Khazix,374,181,0.4839572192513369
Ezreal,Vayne,280,118,0.42142857142857143
Garen,Lulu,456,192,0.42105263157894735
Garen,Sejuani,185,88,0.4756756756756757
Garen,Shyvana,203,102,0.5024630541871922
Garen,Zeri,277,151,0.5451263537906137
Lulu,Shyvana,122,62,0.5081967213114754
Lulu,Zeri,288,138,0.4791666666666667
Sejuani,Shyvana,48,17,0.3541666666666667
Sejuani,Zeri,86,40,0.46511627906976744
Shyvana,Zeri,78,34,0.4358974358974359
Akali,Renekton,249,137,0.5502008032128514
Akali,Twitch,384,174,0.453125
Akali,Vi,319,148,0.46394984326018807
Milio,Renekton,253,127,0.5019762845849802
Milio,Vi,240,125,0.5208333333333334
Renekton,Vi,178,92,0.5168539325842697
Twitch,Vi,324,170,0.5246913580246914
AurelionSol,Vi,205,105,0.5121951219512195
Smolder,Sylas,844,421,0.49881516587677727
Smolder,Vi,400,211,0.5275
Smolder,Zed,584,288,0.4931506849315068
Sylas,Vi,316,163,0.5158227848101266
Vi,Zed,213,105,0.49295774647887325
Brand,Jayce,272,133,0.4889705882352941
Brand,Vex,265,132,0.4981132075471698
Ezreal,Vex,356,184,0.5168539325842697
Jayce,Pantheon,191,103,0.5392670157068062
Jayce,Vex,129,69,0.5348837209302325
Pantheon,Vex,325,164,0.5046153846153846
Sett,Smolder,796,409,0.5138190954773869
Bard,Kennen,152,72,0.47368421052631576
Bard,Pantheon,272,135,0.4963235294117647
Hecarim,Kennen,100,46,0.46
Hecarim,Lucian,210,91,0.43333333333333335
Hecarim,Pantheon,264,126,0.4772727272727273
Kennen,Lucian,199,96,0.4824120603015075
Lucian,Pantheon,545,269,0.4935779816513762
Gnar,Leona,167,79,0.47305389221556887
Gnar,Lucian,203,97,0.47783251231527096
Gnar,Seraphine,199,102,0.5125628140703518
Gnar,Shen,86,37,0.43023255813953487
Leona,Seraphine,168,78,0.4642857142857143
Leona,Shen,301,151,0.5016611295681063
Lucian,Seraphine,349,157,0.4498567335243553
Lucian,Shen,414,199,0.4806763285024155
Seraphine,Shen,320,150,0.46875
Ekko,Fiora,234,117,0.5
Ekko,Nami,595,317,0.5327731092436975
Fiora,Nami,282,144,0.5106382978723404
Fiora,Nidalee,103,48,0.46601941747572817
Fiora,Zyra,185,98,0.5297297297297298
Nami,Zyra,186,98,0.5268817204301075
Nidalee,Zyra,196,109,0.5561224489795918
Aatrox,Malphite,372,202,0.543010752688172
Aatrox,Nunu,250,126,0.504
Aatrox,Sivir,364,189,0.5192307692307693
Aatrox,Teemo,400,206,0.515
Malphite,Teemo,707,374,0.5289957567185289
Nunu,Teemo,400,211,0.5275
Blitzcrank,Neeko,220,120,0.5454545454545454
Naafiri,Neeko,197,99,0.5025380710659898
Naafiri,Sett,358,188,0.5251396648044693
Naafiri,Yuumi,195,90,0.46153846153846156
Neeko,Yuumi,156,68,0.4358974358974359
Sett,Yuumi,458,244,0.5327510917030568
Fiora,Lux,512,250,0.48828125
Fiora,MissFortune,470,222,0.4723404255319149
Fiora,Yone,174,84,0.4827586206896552
Lux,Teemo,1417,739,0.5215243472124206
Mordekaiser,Twitch,576,281,0.4878472222222222
Nautilus,Swain,362,185,0.511049723756906
Nautilus,Twitch,453,223,0.4922737306843267
Nunu,Swain,294,164,0.5578231292517006
Nunu,Twitch,295,126,0.4271186440677966
Corki,Lillia,128,64,0.5
Corki,Velkoz,147,63,0.42857142857142855
Corki,Yone,219,110,0.502283105022831
Lillia,Velkoz,235,126,0.5361702127659574
Amumu,Gragas,193,89,0.46113989637305697
Amumu,Yasuo,730,404,0.5534246575342465
Gragas,Senna,232,116,0.5
Senna,Vayne,485,231,0.4762886597938144
Senna,Yasuo,728,353,0.4848901098901099
Amumu,Azir,184,90,0.4891304347826087
Amumu,Chogath,534,294,0.550561797752809
Amumu,Vladimir,344,184,0.5348837209302325
Amumu,Zoe,260,114,0.43846153846153846
Azir,Chogath,219,102,0.4657534246575342
Azir,Heimerdinger,97,40,0.41237113402061853
Azir,Vladimir,84,36,0.42857142857142855
Azir,Xerath,81,42,0.5185185185185185
Azir,Zoe,74,32,0.43243243243243246
Chogath,Heimerdinger,307,167,0.5439739413680782
Chogath,Vladimir,314,169,0.5382165605095541
Chogath,Xerath,420,209,0.4976190476190476
Heimerdinger,Vladimir,150,80,0.5333333333333333
Heimerdinger,Zoe,127,65,0.5118110236220472
Vladimir,Vladimir,24,10,0.4166666666666667
Vladimir,Xerath,199,88,0.44221105527638194
Vladimir,Zoe,130,62,0.47692307692307695
Gangplank,Gnar,46,19,0.41304347826086957
Gangplank,Karthus,133,58,0.43609022556390975
Gangplank,Renata,62,22,0.3548387096774194
Gangplank,Sejuani,90,53,0.5888888888888889
Gangplank,Varus,187,84,0.44919786096256686
Gangplank,Volibear,212,99,0.4669811320754717
Gnar,Heimerdinger,91,39,0.42857142857142855
Gnar,Karthus,116,71,0.6120689655172413
Gnar,Renata,76,36,0.47368421052631576
Gnar,Sejuani,72,31,0.4305555555555556
Heimerdinger,Karthus,122,72,0.5901639344262295
Heimerdinger,Renata,112,60,0.5357142857142857
Heimerdinger,Sejuani,127,47,0.3700787401574803
Heimerdinger,Varus,229,99,0.43231441048034935
Heimerdinger,Volibear,299,167,0.5585284280936454
Karthus,Renata,88,50,0.5681818181818182
Karthus,Sejuani,84,42,0.5
Karthus,Volibear,182,87,0.47802197802197804
Renata,Sejuani,72,38,0.5277777777777778
Renata,Varus,193,86,0.44559585492227977
Renata,Volibear,151,76,0.5033112582781457
Sejuani,Varus,179,87,0.4860335195530726
Samira,Sylas,429,215,0.5011655011655012
Samira,Xerath,251,141,0.5617529880478087
Sylas,Yone,657,314,0.4779299847792998
Yasuo,Yone,999,519,0.5195195195195195
Ashe,Seraphine,1274,616,0.4835164835164835
DrMundo,Velkoz,535,292,0.5457943925233645
DrMundo,Warwick,586,328,0.5597269624573379
Seraphine,Velkoz,261,145,0.5555555555555556
Seraphine,Warwick,643,328,0.5101088646967341
Velkoz,Warwick,474,273,0.5759493670886076
Caitlyn,Tryndamere,593,278,0.4688026981450253
Nautilus,Tryndamere,360,182,0.5055555555555555
Orianna,Tryndamere,182,88,0.4835164835164835
Ashe,Ivern,291,117,0.4020618556701031
Ashe,Rakan,319,162,0.5078369905956113
Ashe,Syndra,628,321,0.5111464968152867
Ivern,Pantheon,195,112,0.5743589743589743
Ivern,Rakan,71,32,0.4507042253521127
Pantheon,Rakan,181,84,0.46408839779005523
Pantheon,Syndra,439,196,0.44646924829157175
Rakan,Syndra,174,86,0.4942528735632184
Azir,Nunu,133,51,0.38345864661654133
Azir,Teemo,239,103,0.4309623430962343
Azir,Twitch,180,82,0.45555555555555555
Nunu,Pantheon,353,190,0.5382436260623229
Pantheon,Twitch,527,255,0.4838709677419355
Akali,Kayn,588,280,0.47619047619047616
Akali,Malphite,530,266,0.5018867924528302
Kayn,Malphite,657,348,0.5296803652968036
Kayn,Sona,412,218,0.529126213592233
Hwei,Mordekaiser,407,207,0.5085995085995086
Hwei,Ornn,259,135,0.5212355212355212
Jax,Samira,420,205,0.4880952380952381
Mordekaiser,Ornn,213,95,0.4460093896713615
Mordekaiser,Samira,467,241,0.5160599571734475
Akshan,DrMundo,346,170,0.4913294797687861
Akshan,Seraphine,276,143,0.5181159420289855
Brand,Vi,357,208,0.5826330532212886
Brand,Xayah,339,169,0.49852507374631266
Morgana,Vi,498,269,0.5401606425702812
Vi,Xayah,212,107,0.5047169811320755
Vi,Yone,351,182,0.5185185185185185
Xayah,Yone,375,168,0.448
DrMundo,Kassadin,177,90,0.5084745762711864
DrMundo,Malphite,573,293,0.5113438045375218
Kassadin,Malphite,200,101,0.505
Kassadin,Vayne,214,98,0.45794392523364486
Kassadin,Zyra,144,64,0.4444444444444444
Malphite,Zyra,549,300,0.546448087431694
Vayne,Zyra,479,246,0.5135699373695198
Lucian,MasterYi,465,209,0.44946236559139785
Lucian,Renata,144,69,0.4791666666666667
MasterYi,Renata,189,87,0.4603174603174603
Renata,Teemo,210,98,0.4666666666666667
Renata,Viktor,125,70,0.56
Teemo,Viktor,396,200,0.5050505050505051
Blitzcrank,DrMundo,557,284,0.5098743267504489
Blitzcrank,Twitch,440,213,0.48409090909090907
DrMundo,Hwei,467,233,0.4989293361884368
DrMundo,Twitch,634,323,0.5094637223974764
Hwei,Viego,443,228,0.5146726862302483
Samira,Shaco,337,171,0.5074183976261127
Samira,Veigar,391,202,0.5166240409207161
Shaco,Teemo,747,379,0.5073627844712182
Shaco,Veigar,578,291,0.5034602076124568
Naafiri,Sona,197,104,0.5279187817258884
Naafiri,XinZhao,146,79,0.541095890410959
Seraphine,Sona,247,144,0.582995951417004
Seraphine,Volibear,583,295,0.5060034305317325
Seraphine,XinZhao,373,201,0.5388739946380697
Volibear,XinZhao,255,143,0.5607843137254902
Caitlyn,Evelynn,435,211,0.4850574712643678
Caitlyn,Twitch,322,144,0.4472049689440994
Caitlyn,Vi,658,312,0.47416413373860183
Evelynn,Jayce,107,57,0.5327102803738317
Evelynn,Vi,76,33,0.4342105263157895
Jayce,Vi,146,59,0.4041095890410959
Ahri,Kennen,164,71,0.4329268292682927
Ahri,Zoe,186,95,0.510752688172043
Kennen,MissFortune,398,198,0.49748743718592964
Kennen,Zoe,83,35,0.42168674698795183
MissFortune,Zoe,647,332,0.5131375579598145
Pantheon,Zoe,340,151,0.4441176470588235
Aphelios,Syndra,229,115,0.5021834061135371
LeeSin,Syndra,308,150,0.487012987012987
Diana,Janna,263,139,0.5285171102661597
Diana,JarvanIV,238,115,0.4831932773109244
Diana,Volibear,440,235,0.5340909090909091
Janna,JarvanIV,171,80,0.4678362573099415
Janna,Sivir,264,140,0.5303030303030303
Janna,Volibear,265,127,0.47924528301886793
JarvanIV,Sivir,287,149,0.519163763066202
Sivir,Volibear,480,253,0.5270833333333333
Alistar,MasterYi,312,139,0.44551282051282054
Alistar,Mel,298,152,0.5100671140939598
Alistar,Nilah,112,53,0.4732142857142857
Alistar,Zac,130,57,0.43846153846153846
MasterYi,Nilah,215,106,0.4930232558139535
MasterYi,Zac,198,102,0.5151515151515151
Mel,Nilah,230,129,0.5608695652173913
Nilah,Zac,130,66,0.5076923076923077
Aatrox,Ekko,422,212,0.5023696682464455
Aatrox,TahmKench,261,125,0.4789272030651341
Aatrox,Vayne,522,268,0.5134099616858238
Aatrox,Volibear,342,162,0.47368421052631576
Ekko,TahmKench,350,173,0.4942857142857143
Ekko,Volibear,403,189,0.46898263027295284
TahmKench,Vayne,425,218,0.5129411764705882
TahmKench,Volibear,402,209,0.5199004975124378
Vayne,Volibear,728,377,0.5178571428571429
Chogath,Katarina,375,173,0.4613333333333333
FiddleSticks,Quinn,144,77,0.5347222222222222
FiddleSticks,Xerath,218,120,0.5504587155963303
Katarina,Xerath,197,99,0.5025380710659898
Quinn,Xerath,207,121,0.5845410628019324
MissFortune,Twitch,392,201,0.5127551020408163
MissFortune,Velkoz,862,463,0.537122969837587
Nautilus,Talon,314,147,0.4681528662420382
Nautilus,Velkoz,284,145,0.5105633802816901
Talon,Twitch,243,109,0.448559670781893
Talon,Velkoz,209,101,0.48325358851674644
Twitch,Velkoz,401,211,0.5261845386533666
Hecarim,Kayle,237,120,0.5063291139240507
Hecarim,Ornn,156,65,0.4166666666666667
Hecarim,Singed,173,84,0.48554913294797686
Hecarim,Yuumi,220,106,0.4818181818181818
Kayle,Morgana,683,355,0.5197657393850659
Kayle,Ornn,211,93,0.44075829383886256
Kayle,Singed,182,103,0.5659340659340659
Kayle,Tristana,480,259,0.5395833333333333
Kayle,Yuumi,324,161,0.49691358024691357
Morgana,Singed,391,213,0.5447570332480819
Morgana,Yuumi,268,143,0.5335820895522388
Nautilus,Ornn,350,150,0.42857142857142855
Nautilus,Singed,299,148,0.49498327759197325
Nautilus,Tristana,699,331,0.47353361945636624
Nautilus,Yuumi,159,67,0.42138364779874216
Ornn,Singed,157,66,0.42038216560509556
Ornn,Tristana,314,154,0.49044585987261147
Ornn,Yuumi,236,100,0.423728813559322
Singed,Tristana,342,179,0.5233918128654971
Tristana,Yuumi,466,248,0.5321888412017167
Alistar,Leona,151,77,0.5099337748344371
Alistar,Pyke,133,58,0.43609022556390975
Alistar,Rammus,110,47,0.42727272727272725
Alistar,Sona,93,44,0.4731182795698925
Alistar,Veigar,286,135,0.47202797202797203
Brand,Pyke,376,185,0.4920212765957447
Brand,Rammus,242,136,0.5619834710743802
Brand,Sona,274,155,0.5656934306569343
Brand,Teemo,710,367,0.5169014084507042
Leona,Pyke,166,84,0.5060240963855421
Leona,Sona,111,52,0.46846846846846846
Leona,Veigar,567,285,0.5026455026455027
Pyke,Rammus,178,77,0.43258426966292135
Pyke,Teemo,586,301,0.5136518771331058
Rammus,Sona,146,71,0.4863013698630137
Rammus,Teemo,249,123,0.4939759036144578
Braum,Elise,79,45,0.569620253164557
Braum,Pyke,104,40,0.38461538461538464
Braum,Riven,196,100,0.5102040816326531
Braum,Talon,139,59,0.4244604316546763
Braum,Zyra,124,51,0.4112903225806452
Elise,Morgana,203,102,0.5024630541871922
Elise,Pyke,151,70,0.46357615894039733
Elise,Riven,140,73,0.5214285714285715
Elise,Talon,93,41,0.44086021505376344
Elise,Trundle,107,56,0.5233644859813084
Elise,Zyra,103,43,0.4174757281553398
Morgana,Riven,452,240,0.5309734513274337
Morgana,Zyra,370,204,0.5513513513513514
Pyke,Riven,296,132,0.44594594594594594
Pyke,Talon,251,113,0.450199203187251
Pyke,Zyra,186,94,0.5053763440860215
Riven,Talon,149,68,0.4563758389261745
Riven,Zyra,284,149,0.5246478873239436
Talon,Trundle,144,67,0.4652777777777778
Talon,Zyra,219,114,0.5205479452054794
Chogath,Ezreal,692,325,0.46965317919075145
Chogath,Ivern,177,90,0.5084745762711864
Chogath,Lillia,308,174,0.564935064935065
Chogath,Rakan,220,119,0.5409090909090909
Ezreal,Lillia,406,197,0.4852216748768473
Ezreal,MasterYi,636,311,0.4889937106918239
Ezreal,Rakan,233,99,0.4248927038626609
Ezreal,Zeri,106,44,0.41509433962264153
Ivern,Lillia,90,45,0.5
Ivern,MasterYi,125,70,0.56
Ivern,Yasuo,237,128,0.540084388185654
Ivern,Zeri,85,35,0.4117647058823529
Lillia,MasterYi,162,78,0.48148148148148145
MasterYi,Rakan,216,104,0.48148148148148145
MasterYi,Zeri,245,131,0.5346938775510204
Rakan,Zeri,114,54,0.47368421052631576
MissFortune,Thresh,1256,635,0.5055732484076433
MissFortune,Vladimir,603,291,0.48258706467661694
Talon,Vladimir,167,79,0.47305389221556887
Thresh,Tryndamere,354,166,0.4689265536723164
Thresh,Vladimir,434,218,0.5023041474654378
Tryndamere,Vladimir,165,82,0.49696969696969695
Ambessa,Aurora,185,92,0.4972972972972973
Ambessa,Seraphine,354,170,0.480225988700565
Ambessa,Smolder,458,223,0.4868995633187773
Ambessa,Tristana,362,165,0.4558011049723757
Aurora,Seraphine,300,143,0.4766666666666667
Aurora,Tristana,288,151,0.5243055555555556
Smolder,Tristana,304,138,0.45394736842105265
Lux,Vladimir,550,262,0.4763636363636364
Vladimir,Yone,299,136,0.45484949832775917
Caitlyn,MonkeyKing,591,277,0.4686971235194585
Caitlyn,Taric,281,144,0.5124555160142349
Chogath,Taric,198,99,0.5
MonkeyKing,Taric,104,49,0.47115384615384615
MonkeyKing,Vex,176,93,0.5284090909090909
Taric,Vex,92,46,0.5
Blitzcrank,Katarina,360,188,0.5222222222222223
Blitzcrank,Seraphine,167,92,0.5508982035928144
Katarina,Zed,191,82,0.4293193717277487
Gnar,Rell,87,40,0.45977011494252873
Gnar,Udyr,104,49,0.47115384615384615
Gnar,Yunara,191,97,0.5078534031413613
Hwei,Udyr,190,102,0.5368421052631579
Hwei,Yunara,284,143,0.5035211267605634
Rell,Yunara,182,94,0.5164835164835165
Udyr,Yunara,244,102,0.4180327868852459
Kayn,Riven,320,167,0.521875
Riven,Seraphine,317,146,0.4605678233438486
Riven,Swain,338,167,0.4940828402366864
Seraphine,Swain,336,177,0.5267857142857143
Hwei,Mel,337,176,0.5222551928783383
Hwei,Sylas,324,156,0.48148148148148145
Hwei,Vi,237,105,0.4430379746835443
Mel,Vi,477,235,0.49266247379454925
Mel,Zaahen,1237,666,0.5383993532740501
Vi,Zaahen,342,193,0.564327485380117
Draven,Fiora,142,62,0.43661971830985913
Draven,Taliyah,121,58,0.4793388429752066
Fiora,Malphite,176,90,0.5113636363636364
Fiora,Taliyah,98,46,0.46938775510204084
Fiora,Viego,234,112,0.47863247863247865
Malphite,Taliyah,211,108,0.5118483412322274
Malphite,Viego,641,315,0.4914196567862715
Taliyah,Viego,143,72,0.5034965034965035
Kaisa,Udyr,416,203,0.4879807692307692
Kaisa,Xerath,573,294,0.5130890052356021
Lux,Udyr,548,275,0.5018248175182481
Lux,Volibear,1237,635,0.513338722716249
Udyr,Volibear,201,105,0.5223880597014925
Udyr,Xerath,220,126,0.5727272727272728
Volibear,Xerath,485,247,0.5092783505154639
Nautilus,Yorick,374,200,0.5347593582887701
Yasuo,Yorick,402,213,0.5298507462686567
Blitzcrank,Corki,197,101,0.5126903553299492
Blitzcrank,Tristana,540,286,0.5296296296296297
Corki,Tristana,105,53,0.5047619047619047
Hwei,Tristana,359,175,0.48746518105849584
Jinx,Xayah,172,85,0.4941860465116279
Nautilus,Xayah,331,168,0.5075528700906344
Ryze,Soraka,218,109,0.5
Ryze,Xayah,194,83,0.42783505154639173
Soraka,Xayah,246,130,0.5284552845528455
Diana,Pantheon,648,324,0.5
Diana,Rengar,170,83,0.48823529411764705
Malphite,Rengar,350,172,0.49142857142857144
Pantheon,Rengar,263,121,0.4600760456273764
Aurora,Hwei,125,69,0.552
Aurora,Nami,337,167,0.49554896142433236
Aurora,Viego,352,179,0.5085227272727273
Nami,Tryndamere,369,196,0.5311653116531165
Aatrox,Janna,219,106,0.4840182648401826
Aatrox,KogMaw,181,95,0.5248618784530387
Aatrox,Zed,375,176,0.4693333333333333
Amumu,Janna,207,117,0.5652173913043478
Janna,KogMaw,161,83,0.515527950310559
Janna,Zed,218,117,0.536697247706422
KogMaw,Zed,233,106,0.45493562231759654
Jinx,Katarina,683,365,0.5344070278184481
Katarina,Mordekaiser,423,202,0.47754137115839246
Katarina,Talon,136,70,0.5147058823529411
Katarina,Thresh,494,231,0.4676113360323887
Mordekaiser,Thresh,729,373,0.5116598079561042
DrMundo,JarvanIV,330,172,0.5212121212121212
DrMundo,Qiyana,268,110,0.41044776119402987
Galio,Qiyana,167,69,0.41317365269461076
Galio,Vayne,578,296,0.5121107266435986
JarvanIV,Qiyana,111,58,0.5225225225225225
Qiyana,Vayne,243,102,0.41975308641975306
Aurora,Sivir,269,141,0.5241635687732342
Aurora,Zac,167,78,0.46706586826347307
Nami,Sivir,470,281,0.597872340425532
Nami,Zac,279,141,0.5053763440860215
Sivir,Zac,168,90,0.5357142857142857
Viego,Zac,146,74,0.5068493150684932
Amumu,Yorick,387,234,0.6046511627906976
Ashe,Yorick,690,374,0.5420289855072464
Gragas,Milio,212,91,0.42924528301886794
Gragas,Yorick,115,61,0.5304347826086957
Milio,Yorick,273,151,0.5531135531135531
Ahri,Maokai,346,160,0.4624277456647399
Maokai,Quinn,136,67,0.49264705882352944
Maokai,XinZhao,178,90,0.5056179775280899
Maokai,Yunara,225,108,0.48
Quinn,XinZhao,139,69,0.49640287769784175
XinZhao,Yunara,378,199,0.5264550264550265
Kled,Nunu,110,48,0.43636363636363634
Kled,TahmKench,100,43,0.43
Kled,Taliyah,68,38,0.5588235294117647
Kled,Xayah,86,43,0.5
Kled,Yasuo,134,72,0.5373134328358209
MasterYi,TahmKench,382,183,0.4790575916230366
MasterYi,Taliyah,167,81,0.48502994011976047
MasterYi,Xayah,356,171,0.4803370786516854
Nunu,Taliyah,98,50,0.5102040816326531
Nunu,Xayah,216,124,0.5740740740740741
Nunu,Yasuo,538,287,0.533457249070632
TahmKench,Taliyah,151,69,0.45695364238410596
TahmKench,Xayah,233,113,0.48497854077253216
Taliyah,Xayah,143,62,0.43356643356643354
Xayah,Yasuo,425,212,0.4988235294117647
Yasuo,Yasuo,59,41,0.6949152542372882
Ashe,Ryze,424,222,0.5235849056603774
Ashe,Viktor,581,288,0.49569707401032703
Evelynn,Galio,187,82,0.4385026737967914
Evelynn,Gragas,86,34,0.3953488372093023
Evelynn,Ryze,100,54,0.54
Evelynn,Samira,161,84,0.5217391304347826
Evelynn,Sona,156,83,0.532051282051282
Evelynn,Viktor,100,46,0.46
Galio,Gragas,196,98,0.5
Galio,Ryze,164,86,0.524390243902439
Galio,Samira,308,155,0.5032467532467533
Galio,Viktor,140,70,0.5
Gragas,Ryze,143,72,0.5034965034965035
Gragas,Samira,155,68,0.43870967741935485
Gragas,Sona,177,91,0.5141242937853108
Gragas,Viktor,179,91,0.5083798882681564
Ryze,Samira,179,91,0.5083798882681564
Ryze,Sona,186,96,0.5161290322580645
Ryze,Viktor,82,44,0.5365853658536586
Samira,Sona,177,95,0.536723163841808
Samira,Viktor,215,103,0.4790697674418605
Sona,Viktor,224,103,0.45982142857142855
Ashe,Kayle,790,383,0.48481012658227846
Ashe,Nasus,725,368,0.5075862068965518
Ashe,Nunu,581,297,0.5111876075731497
Ashe,Varus,370,170,0.4594594594594595
Kayle,Nasus,244,138,0.5655737704918032
Kayle,Varus,359,173,0.4818941504178273
Nasus,Nunu,229,108,0.47161572052401746
Nunu,Varus,273,124,0.4542124542124542
Amumu,Kassadin,164,87,0.5304878048780488
Amumu,Tristana,566,336,0.5936395759717314
Kassadin,Milio,133,64,0.48120300751879697
Kassadin,Morgana,206,109,0.529126213592233
Kassadin,Tristana,169,86,0.5088757396449705
Milio,Morgana,285,142,0.4982456140350877
Karma,Rakan,78,35,0.44871794871794873
Karma,Viego,392,189,0.48214285714285715
Rakan,Varus,174,71,0.40804597701149425
Rakan,Viego,231,112,0.48484848484848486
Rakan,Zaahen,315,169,0.5365079365079365
Varus,Zaahen,469,244,0.5202558635394456
Viego,Zaahen,592,308,0.5202702702702703
Mel,Talon,356,166,0.46629213483146065
Talon,Vi,103,62,0.6019417475728155
Akali,Rengar,250,111,0.444
Akali,Vayne,558,282,0.5053763440860215
Akali,Velkoz,316,157,0.49683544303797467
Malphite,Velkoz,491,287,0.5845213849287169
Rengar,Vayne,338,163,0.4822485207100592
Rengar,Velkoz,211,105,0.4976303317535545
Vayne,Velkoz,488,278,0.569672131147541
Ekko,Nocturne,209,108,0.5167464114832536
Kayn,Nocturne,74,38,0.5135135135135135
Nocturne,Twitch,300,148,0.49333333333333335
Gangplank,Naafiri,140,57,0.40714285714285714
Gangplank,Taric,91,41,0.45054945054945056
KSante,Naafiri,109,36,0.3302752293577982
KSante,Samira,146,58,0.3972602739726027
KSante,Taric,66,20,0.30303030303030304
Naafiri,Samira,205,89,0.43414634146341463
Naafiri,Taric,116,49,0.4224137931034483
Samira,Taric,137,70,0.5109489051094891
Briar,Mordekaiser,553,294,0.5316455696202531
Mordekaiser,Senna,602,321,0.5332225913621262
Ahri,Katarina,165,84,0.509090909090909
Ahri,Malzahar,225,121,0.5377777777777778
Ahri,Orianna,149,69,0.46308724832214765
Katarina,Kennen,128,55,0.4296875
Katarina,Malzahar,134,69,0.5149253731343284
Katarina,Orianna,90,41,0.45555555555555555
Katarina,Samira,260,112,0.4307692307692308
Kennen,Malzahar,164,82,0.5
Kennen,Mel,223,102,0.45739910313901344
Kennen,Orianna,83,30,0.3614457831325301
Kennen,Samira,152,82,0.5394736842105263
Kennen,Singed,114,56,0.49122807017543857
Malzahar,Orianna,114,62,0.543859649122807
Malzahar,Samira,380,210,0.5526315789473685
Malzahar,Singed,317,168,0.5299684542586751
Mel,Orianna,232,114,0.49137931034482757
Mel,Singed,412,203,0.49271844660194175
Orianna,Singed,182,95,0.521978021978022
Samira,Singed,211,121,0.5734597156398105
Aatrox,Alistar,252,126,0.5
Aatrox,Ornn,175,62,0.35428571428571426
Aatrox,Yunara,474,216,0.45569620253164556
Alistar,Diana,291,151,0.5189003436426117
Alistar,Ezreal,318,140,0.44025157232704404
Alistar,Ornn,162,70,0.43209876543209874
Alistar,Velkoz,147,75,0.5102040816326531
Alistar,Yunara,300,144,0.48
Diana,Ornn,301,146,0.4850498338870432
Diana,Yunara,543,257,0.4732965009208103
Diana,Ziggs,248,122,0.49193548387096775
Ezreal,Yunara,162,72,0.4444444444444444
Ezreal,Ziggs,306,143,0.4673202614379085
Ornn,Velkoz,299,158,0.5284280936454849
Ornn,Yunara,312,140,0.44871794871794873
Velkoz,Yunara,350,189,0.54
Velkoz,Ziggs,295,150,0.5084745762711864
Yunara,Ziggs,219,111,0.5068493150684932
Renekton,Zoe,182,71,0.3901098901098901
Ornn,Vayne,336,168,0.5
Ornn,Warwick,265,123,0.4641509433962264
Ornn,Xerath,260,126,0.4846153846153846
Ornn,Zyra,271,138,0.5092250922509225
Vayne,Xerath,505,260,0.5148514851485149
Warwick,Zyra,511,305,0.5968688845401174
Xerath,Zyra,261,142,0.5440613026819924
Bard,Malphite,420,210,0.5
Bard,MonkeyKing,198,100,0.5050505050505051
Briar,Malphite,538,281,0.5223048327137546
Briar,MonkeyKing,116,60,0.5172413793103449
Briar,Sivir,359,182,0.5069637883008357
Malphite,MonkeyKing,333,178,0.5345345345345346
Akshan,Annie,98,48,0.4897959183673469
Akshan,Janna,107,59,0.5514018691588785
Akshan,Karthus,165,90,0.5454545454545454
Annie,Janna,124,70,0.5645161290322581
Annie,Karthus,122,68,0.5573770491803278
Janna,Jhin,470,235,0.5
Cassiopeia,Katarina,68,28,0.4117647058823529
Cassiopeia,Quinn,75,35,0.4666666666666667
Cassiopeia,Thresh,209,101,0.48325358851674644
Katarina,LeeSin,324,159,0.49074074074074076
LeeSin,Quinn,150,62,0.41333333333333333
LeeSin,Thresh,474,229,0.4831223628691983
Quinn,Thresh,266,140,0.5263157894736842
Mel,Shaco,691,356,0.5151953690303908
Nocturne,Shaco,162,92,0.5679012345679012
Shaco,Sion,435,213,0.4896551724137931
Sion,Sona,324,163,0.5030864197530864
FiddleSticks,Malzahar,278,153,0.5503597122302158
FiddleSticks,Sion,278,166,0.5971223021582733
FiddleSticks,Sivir,258,134,0.5193798449612403
Malzahar,Sivir,448,248,0.5535714285714286
Garen,Gwen,280,137,0.48928571428571427
Garen,Tristana,598,324,0.5418060200668896
Nami,Tristana,580,294,0.506896551724138
Nami,Velkoz,248,134,0.5403225806451613
Tristana,Velkoz,405,227,0.5604938271604938
Darius,Ekko,515,267,0.5184466019417475
Darius,Hwei,460,206,0.44782608695652176
Darius,Milio,441,221,0.5011337868480725
Ekko,Hwei,228,121,0.5307017543859649
Ekko,Milio,404,209,0.5173267326732673
Lucian,Milio,648,336,0.5185185185185185
Brand,RekSai,110,66,0.6
Brand,Riven,337,159,0.47181008902077154
RekSai,Riven,60,29,0.48333333333333334
RekSai,Swain,112,58,0.5178571428571429
RekSai,Viego,48,25,0.5208333333333334
Riven,Viego,281,133,0.47330960854092524
Janna,Kindred,145,66,0.45517241379310347
Janna,MasterYi,282,128,0.45390070921985815
Janna,Mel,326,166,0.50920245398773
Kayn,MasterYi,202,108,0.5346534653465347
Kindred,MasterYi,97,44,0.4536082474226804
Corki,Ezreal,150,68,0.4533333333333333
Corki,Veigar,205,91,0.44390243902439025
Corki,Warwick,167,88,0.5269461077844312
Corki,Zoe,117,46,0.39316239316239315
Ezreal,Veigar,613,303,0.49429037520391517
Ezreal,Zoe,392,149,0.38010204081632654
Veigar,Warwick,799,418,0.523153942428035
Alistar,Azir,129,57,0.4418604651162791
Alistar,Gwen,223,111,0.4977578475336323
Alistar,Karthus,137,79,0.5766423357664233
Alistar,Twitch,258,106,0.4108527131782946
Azir,Gwen,138,75,0.5434782608695652
Gwen,Karthus,129,70,0.5426356589147286
Karthus,Twitch,227,122,0.5374449339207048
Ahri,Kassadin,86,36,0.4186046511627907
Ahri,Kled,194,89,0.4587628865979381
Ashe,Kassadin,283,126,0.4452296819787986
Ashe,Rengar,520,223,0.4288461538461538
Kassadin,Kled,54,20,0.37037037037037035
Kassadin,Rengar,104,48,0.46153846153846156
Kled,Rengar,54,21,0.3888888888888889
Sett,Sylas,741,390,0.5263157894736842
Sett,Thresh,638,335,0.5250783699059561
Sylas,Viktor,216,101,0.4675925925925926
Thresh,Viktor,407,207,0.5085995085995086
Garen,Yunara,542,272,0.5018450184501845
Nami,Zaahen,723,380,0.5255878284923928
Warwick,Yunara,565,278,0.4920353982300885
Warwick,Zaahen,587,309,0.5264054514480409
Lissandra,Sona,138,76,0.5507246376811594
DrMundo,Ryze,321,165,0.514018691588785
DrMundo,Tristana,691,363,0.5253256150506512
Lulu,Ryze,213,97,0.45539906103286387
Lulu,Tristana,459,228,0.49673202614379086
DrMundo,Gnar,150,73,0.4866666666666667
DrMundo,Quinn,226,112,0.49557522123893805
DrMundo,Rakan,296,144,0.4864864864864865
Gnar,Lissandra,78,39,0.5
Gnar,Quinn,68,29,0.4264705882352941
Gnar,Rakan,112,60,0.5357142857142857
Lissandra,Rakan,76,43,0.5657894736842105
Quinn,Rakan,110,60,0.5454545454545454
Akshan,Samira,156,74,0.47435897435897434
Akshan,Velkoz,226,113,0.5
Samira,Velkoz,249,134,0.5381526104417671
Orianna,Sion,330,166,0.503030303030303
Orianna,Smolder,418,199,0.47607655502392343
Sion,Viego,454,228,0.5022026431718062
Viego,Zed,335,157,0.46865671641791046
JarvanIV,Nami,450,231,0.5133333333333333
JarvanIV,Vladimir,286,137,0.479020979020979
Jhin,Vladimir,652,310,0.4754601226993865
Nami,Vladimir,393,203,0.5165394402035624
Fiora,Ivern,81,38,0.4691358024691358
Fiora,Lulu,161,81,0.5031055900621118
Fiora,Yunara,249,107,0.42971887550200805
Ivern,Veigar,187,85,0.45454545454545453
Ivern,Yunara,151,74,0.4900662251655629
Lulu,Veigar,381,179,0.46981627296587924
KogMaw,Mordekaiser,297,156,0.5252525252525253
KogMaw,Thresh,268,134,0.5
KogMaw,Udyr,149,73,0.4899328859060403
KogMaw,Zac,125,62,0.496
Mordekaiser,Zac,247,118,0.4777327935222672
Thresh,Udyr,295,137,0.46440677966101696
Thresh,Zac,276,133,0.48188405797101447
Udyr,Zac,109,52,0.47706422018348627
Aphelios,Bard,205,112,0.5463414634146342
Aphelios,Kindred,172,85,0.4941860465116279
Aphelios,Leblanc,208,103,0.4951923076923077
Aphelios,Qiyana,179,80,0.44692737430167595
Bard,Leblanc,182,90,0.4945054945054945
Bard,Qiyana,164,75,0.4573170731707317
Kindred,Leblanc,158,76,0.4810126582278481
Kindred,Qiyana,90,38,0.4222222222222222
Leblanc,Qiyana,97,32,0.32989690721649484
Kayn,Rakan,261,123,0.47126436781609193
Kayn,Teemo,750,386,0.5146666666666667
Rakan,Senna,118,56,0.4745762711864407
Rakan,Teemo,279,152,0.5448028673835126
Senna,Teemo,657,333,0.5068493150684932
Nami,Ornn,369,192,0.5203252032520326
Nami,Samira,327,167,0.5107033639143731
Nami,Volibear,696,363,0.521551724137931
Samira,Volibear,409,219,0.5354523227383863
Blitzcrank,Kayle,379,200,0.5277044854881267
Blitzcrank,Pantheon,409,210,0.5134474327628362
Blitzcrank,Sylas,570,282,0.49473684210526314
Kayle,Sylas,478,240,0.502092050209205
Kayle,Xayah,285,136,0.47719298245614034
Pantheon,Xayah,388,210,0.5412371134020618
Sylas,Xayah,457,260,0.5689277899343544
Lucian,Morgana,619,297,0.4798061389337641
Lucian,Rumble,179,83,0.46368715083798884
Lucian,Vi,288,138,0.4791666666666667
Lucian,Yone,517,255,0.4932301740812379
Morgana,Rumble,221,111,0.502262443438914
Rumble,Vi,115,57,0.4956521739130435
Rumble,Yone,182,95,0.521978021978022
MissFortune,Ornn,614,294,0.4788273615635179
Ornn,Pantheon,346,174,0.5028901734104047
Ornn,Thresh,338,160,0.47337278106508873
Ornn,Zed,325,144,0.4430769230769231
Pantheon,Thresh,545,274,0.5027522935779817
Pantheon,Zed,467,235,0.5032119914346895
Thresh,Zed,568,275,0.4841549295774648
Illaoi,Milio,219,120,0.547945205479452
Illaoi,Neeko,203,101,0.4975369458128079
Milio,Neeko,132,65,0.49242424242424243
Milio,Volibear,492,262,0.532520325203252
Neeko,Volibear,394,190,0.48223350253807107
Evelynn,Lux,413,209,0.5060532687651331
Evelynn,Nidalee,70,27,0.38571428571428573
Evelynn,Seraphine,233,108,0.463519313304721
Evelynn,Yorick,175,96,0.5485714285714286
Lux,Nidalee,430,201,0.46744186046511627
Nidalee,Yorick,130,57,0.43846153846153846
Belveth,DrMundo,154,78,0.5064935064935064
Belveth,Zed,125,46,0.368
DrMundo,Morgana,942,506,0.5371549893842887
Morgana,Zed,725,358,0.49379310344827587
LeeSin,Poppy,202,108,0.5346534653465347
LeeSin,Ryze,256,109,0.42578125
LeeSin,Sivir,302,147,0.4867549668874172
Lucian,Poppy,266,124,0.46616541353383456
Lucian,Ryze,275,139,0.5054545454545455
Lucian,Sivir,114,55,0.4824561403508772
Poppy,Ryze,154,79,0.512987012987013
Poppy,Sivir,260,131,0.5038461538461538
Ryze,Sivir,225,107,0.47555555555555556
Kaisa,Milio,556,267,0.4802158273381295
Kaisa,Tryndamere,487,228,0.4681724845995893
LeeSin,Milio,319,145,0.45454545454545453
LeeSin,Tryndamere,204,99,0.4852941176470588
Milio,Syndra,299,152,0.5083612040133779
Milio,Tryndamere,277,148,0.5342960288808665
Syndra,Tryndamere,221,121,0.5475113122171946
Jhin,Shen,777,410,0.5276705276705277
Shen,Zed,352,174,0.4943181818181818
Zed,Zyra,406,209,0.5147783251231527
Poppy,Teemo,338,185,0.5473372781065089
Poppy,Twitch,297,151,0.5084175084175084
Sylas,Talon,265,136,0.5132075471698113
Caitlyn,Irelia,722,346,0.4792243767313019
Caitlyn,Riven,638,279,0.4373040752351097
DrMundo,Irelia,302,160,0.5298013245033113
Irelia,Riven,130,49,0.3769230769230769
Jax,Shyvana,154,81,0.525974025974026
Jax,Vladimir,350,169,0.4828571428571429
Jhin,Shyvana,300,135,0.45
Rengar,Shyvana,49,22,0.4489795918367347
Rengar,Vladimir,205,89,0.43414634146341463
Shyvana,Vladimir,121,58,0.4793388429752066
Malzahar,Morgana,752,399,0.5305851063829787
Malzahar,Pantheon,654,364,0.5565749235474006
Morgana,Sivir,608,325,0.5345394736842105
Pantheon,Warwick,606,312,0.5148514851485149
Amumu,Jhin,956,512,0.5355648535564853
Jhin,Xerath,1089,584,0.5362718089990818
Xerath,Zed,348,178,0.5114942528735632
Zaahen,Zed,551,275,0.49909255898366606
Ambessa,Diana,366,176,0.4808743169398907
Ambessa,Varus,287,139,0.4843205574912892
Diana,Leona,609,314,0.5155993431855501
Leona,Varus,398,183,0.45979899497487436
Evelynn,Ivern,51,21,0.4117647058823529
Galio,Ivern,144,78,0.5416666666666666
Galio,MissFortune,906,475,0.5242825607064018
Galio,Sylas,407,201,0.49385749385749383
Ivern,Sylas,166,85,0.5120481927710844
Caitlyn,Fizz,792,376,0.47474747474747475
Caitlyn,Shaco,982,500,0.5091649694501018
Fizz,MonkeyKing,216,110,0.5092592592592593
Fizz,Zed,217,100,0.4608294930875576
MonkeyKing,Shaco,182,89,0.489010989010989
Shaco,Zed,468,234,0.5
Darius,Ezreal,675,324,0.48
Darius,Udyr,238,115,0.4831932773109244
Darius,Xerath,513,251,0.48927875243664715
Ezreal,Malzahar,615,295,0.4796747967479675
Ezreal,Udyr,326,167,0.5122699386503068
JarvanIV,Singed,201,114,0.5671641791044776
JarvanIV,TwistedFate,243,108,0.4444444444444444
Jinx,Singed,490,258,0.5265306122448979
Singed,Thresh,326,143,0.4386503067484663
Singed,TwistedFate,224,95,0.42410714285714285
Irelia,Kayle,214,95,0.4439252336448598
Irelia,XinZhao,234,104,0.4444444444444444
Kayle,Zyra,341,194,0.5689149560117303
Varus,XinZhao,305,141,0.46229508196721314
Varus,Zyra,339,161,0.4749262536873156
Amumu,Brand,551,312,0.5662431941923775
Amumu,Gangplank,255,121,0.4745098039215686
Amumu,Kaisa,763,395,0.5176933158584535
Brand,Gangplank,300,137,0.45666666666666667
Brand,Karthus,233,123,0.5278969957081545
Corki,Gwen,144,62,0.4305555555555556
Corki,Illaoi,108,65,0.6018518518518519
Corki,Jinx,124,59,0.47580645161290325
Corki,Milio,131,77,0.5877862595419847
Gwen,Illaoi,143,67,0.46853146853146854
Gwen,Jinx,757,383,0.5059445178335535
Gwen,Milio,344,181,0.5261627906976745
Amumu,Kayle,442,232,0.5248868778280543
Amumu,Lulu,336,159,0.4732142857142857
Amumu,MissFortune,1248,667,0.5344551282051282
Kayle,Lulu,315,145,0.4603174603174603
Kayle,Quinn,108,56,0.5185185185185185
Lulu,Quinn,165,75,0.45454545454545453
MissFortune,Quinn,459,224,0.4880174291938998
AurelionSol,Bard,185,91,0.4918918918918919
AurelionSol,Garen,346,173,0.5
Bard,DrMundo,443,216,0.48758465011286684
Bard,Mel,412,188,0.4563106796116505
DrMundo,Garen,459,232,0.5054466230936819
DrMundo,Mel,1054,541,0.5132827324478179
Aatrox,Irelia,172,84,0.4883720930232558
Aatrox,Shen,180,82,0.45555555555555555
Irelia,Shen,174,89,0.5114942528735632
Irelia,Vayne,381,181,0.47506561679790027
Draven,Riven,194,81,0.4175257731958763
Draven,Twitch,146,75,0.5136986301369864
Riven,Sylas,388,177,0.45618556701030927
Heimerdinger,Ryze,119,55,0.46218487394957986
Heimerdinger,Tryndamere,161,87,0.5403726708074534
Heimerdinger,Yuumi,186,89,0.478494623655914
Ryze,Tryndamere,134,75,0.5597014925373134
Ryze,Yuumi,180,85,0.4722222222222222
Ryze,Zac,138,67,0.4855072463768116
Tryndamere,Yuumi,239,116,0.48535564853556484
Tryndamere,Zac,159,77,0.48427672955974843
Senna,Smolder,579,274,0.47322970639032813
Smolder,Twitch,362,159,0.43922651933701656
Kayn,Zac,137,64,0.46715328467153283
Ornn,Syndra,227,116,0.5110132158590308
Syndra,Zac,163,79,0.48466257668711654
Aurora,JarvanIV,278,147,0.5287769784172662
MonkeyKing,Pantheon,270,149,0.5518518518518518
MonkeyKing,TahmKench,204,97,0.47549019607843135
MonkeyKing,Yunara,258,124,0.4806201550387597
TahmKench,Yunara,327,174,0.5321100917431193
Gragas,Heimerdinger,113,66,0.584070796460177
Gragas,Lulu,190,71,0.3736842105263158
Heimerdinger,Lulu,167,93,0.5568862275449101
Heimerdinger,Nocturne,184,101,0.5489130434782609
Ahri,Milio,507,277,0.5463510848126233
Milio,Rammus,173,91,0.5260115606936416
Rammus,Sivir,151,79,0.5231788079470199
Briar,Sylas,419,220,0.5250596658711217
Darius,Tristana,566,270,0.47703180212014135
Swain,Sylas,488,250,0.5122950819672131
Sylas,Tristana,617,318,0.5153970826580226
Katarina,Khazix,250,99,0.396
Katarina,Lucian,361,179,0.49584487534626037
Katarina,Vayne,445,206,0.46292134831460674
Khazix,Lucian,298,134,0.44966442953020136
Khazix,Nami,402,215,0.5348258706467661
Malphite,Quinn,217,123,0.5668202764976958
Malphite,Vladimir,323,158,0.4891640866873065
Milio,MissFortune,676,358,0.5295857988165681
Milio,Vladimir,311,174,0.5594855305466238
Quinn,Vladimir,137,63,0.45985401459854014
Galio,Lillia,275,143,0.52
Galio,Neeko,258,140,0.5426356589147286
Ahri,Diana,480,233,0.48541666666666666
Ahri,Karma,486,252,0.5185185185185185
Ashe,Diana,1121,579,0.5165031222123104
Darius,Diana,660,337,0.5106060606060606
Diana,Karma,423,209,0.4940898345153664
JarvanIV,Zilean,168,85,0.5059523809523809
Kayle,Zilean,193,93,0.48186528497409326
Lux,Zilean,271,138,0.5092250922509225
MissFortune,Zilean,440,209,0.475
Aurora,Chogath,284,134,0.47183098591549294
Aurora,Volibear,325,174,0.5353846153846153
Bard,Khazix,206,104,0.5048543689320388
Bard,Zed,301,142,0.4717607973421927
Briar,Qiyana,158,66,0.4177215189873418
Briar,Seraphine,505,239,0.47326732673267324
Malphite,Qiyana,279,130,0.4659498207885305
Qiyana,Seraphine,240,106,0.44166666666666665
Garen,Malzahar,693,376,0.5425685425685426
Malzahar,Twitch,468,235,0.5021367521367521
Malzahar,Velkoz,348,197,0.5660919540229885
Velkoz,Vi,273,146,0.5347985347985348
Anivia,Rakan,115,59,0.5130434782608696
Anivia,Veigar,185,97,0.5243243243243243
Pantheon,Veigar,740,417,0.5635135135135135
Rakan,Yunara,217,107,0.4930875576036866
Alistar,Jinx,432,211,0.48842592592592593
Alistar,Morgana,248,126,0.5080645161290323
Alistar,Sion,233,104,0.44635193133047213
Jinx,Sion,791,412,0.5208596713021492
Morgana,Sion,669,343,0.5127055306427504
Fizz,Lucian,389,187,0.480719794344473
Fizz,Milio,307,163,0.5309446254071661
Fizz,Nautilus,442,218,0.49321266968325794
Fizz,Volibear,410,204,0.4975609756097561
Lucian,Nautilus,510,272,0.5333333333333333
Braum,Diana,311,155,0.4983922829581994
Braum,Draven,163,75,0.4601226993865031
Braum,Garen,306,161,0.5261437908496732
Braum,TwistedFate,204,89,0.4362745098039216
Draven,Garen,389,202,0.519280205655527
Garen,TwistedFate,356,173,0.4859550561797753
Ahri,Chogath,633,336,0.5308056872037915
Ahri,Teemo,847,427,0.5041322314049587
Elise,Sion,161,74,0.45962732919254656
Elise,Varus,152,64,0.42105263157894735
Elise,Viego,124,60,0.4838709677419355
Jhin,Sion,887,435,0.4904171364148816
Jhin,Varus,315,125,0.3968253968253968
Sion,Varus,346,166,0.4797687861271676
Ekko,Smolder,623,315,0.5056179775280899
Shaco,Smolder,660,324,0.4909090909090909
Shaco,TahmKench,282,135,0.4787234042553192
Shaco,Yone,596,304,0.5100671140939598
TahmKench,Yone,414,190,0.45893719806763283
Akali,Garen,533,264,0.49530956848030017
Garen,Olaf,120,62,0.5166666666666667
Olaf,Twitch,175,78,0.44571428571428573
Olaf,Velkoz,178,118,0.6629213483146067
Jax,Rakan,264,143,0.5416666666666666
Jax,Viego,364,193,0.5302197802197802
Jhin,Rakan,320,165,0.515625
Rakan,Vladimir,160,86,0.5375
Viego,Vladimir,360,156,0.43333333333333335
Caitlyn,Kaisa,342,150,0.43859649122807015
Ivern,Kaisa,246,120,0.4878048780487805
Ivern,Sona,95,50,0.5263157894736842
Kassadin,Neeko,101,51,0.504950495049505
Kassadin,Smolder,233,115,0.49356223175965663
Kassadin,Twitch,152,72,0.47368421052631576
Kassadin,Udyr,65,26,0.4
Neeko,Twitch,350,176,0.5028571428571429
Neeko,Udyr,174,82,0.47126436781609193
Twitch,Udyr,249,111,0.4457831325301205
DrMundo,Vex,413,216,0.5230024213075061
Senna,Zaahen,569,296,0.5202108963093146
Vayne,Vex,344,182,0.5290697674418605
Brand,Diana,478,270,0.5648535564853556
Brand,Garen,720,405,0.5625
Brand,Velkoz,313,159,0.5079872204472844
Diana,Samira,423,215,0.508274231678487
Camille,Jhin,360,179,0.49722222222222223
Camille,Kayn,217,103,0.47465437788018433
Jhin,Syndra,655,316,0.48244274809160304
Kayn,Zilean,247,118,0.4777327935222672
Syndra,Zilean,157,81,0.5159235668789809
Anivia,Karthus,125,53,0.424
Anivia,Volibear,293,146,0.49829351535836175
Karthus,Mel,255,123,0.4823529411764706
Karthus,Samira,159,72,0.4528301886792453
Mel,Volibear,897,453,0.5050167224080268
Mordekaiser,Sett,352,173,0.4914772727272727
Mordekaiser,Shaco,551,284,0.515426497277677
Mordekaiser,Sivir,533,286,0.5365853658536586
Sett,Shaco,566,316,0.558303886925795
Shaco,Sivir,378,211,0.5582010582010583
Sivir,Thresh,472,251,0.5317796610169492
Fizz,Lillia,237,128,0.540084388185654
Fizz,Sivir,313,177,0.5654952076677316
Fizz,Yuumi,268,136,0.5074626865671642
Jax,Sivir,472,250,0.5296610169491526
Jax,Yuumi,397,212,0.5340050377833753
Lillia,Sivir,275,154,0.56
Lillia,Yuumi,257,120,0.4669260700389105
Sivir,Yuumi,377,199,0.5278514588859416
Akali,Camille,139,55,0.39568345323741005
Akali,Zyra,401,197,0.4912718204488778
Camille,LeeSin,155,75,0.4838709677419355
Camille,Zyra,141,75,0.5319148936170213
Heimerdinger,Kayle,206,109,0.529126213592233
Heimerdinger,Milio,149,93,0.6241610738255033
Jinx,Kayle,824,419,0.508495145631068
Kayle,Kayn,489,243,0.49693251533742333
Kayle,Milio,369,199,0.5392953929539296
Kayn,Milio,495,250,0.5050505050505051
Chogath,Malphite,512,243,0.474609375
Ezreal,Fizz,486,232,0.4773662551440329
Ezreal,Gwen,474,194,0.4092827004219409
Ezreal,Yuumi,469,195,0.4157782515991471
Lucian,Yuumi,451,229,0.5077605321507761
Diana,Riven,369,174,0.4715447154471545
Diana,Singed,266,135,0.5075187969924813
Diana,Taliyah,123,57,0.4634146341463415
Pantheon,Singed,358,193,0.5391061452513967
Riven,Singed,142,75,0.528169014084507
Riven,Taliyah,113,49,0.4336283185840708
Singed,Taliyah,114,64,0.5614035087719298
Chogath,Lulu,386,181,0.4689119170984456
Chogath,Sivir,419,210,0.5011933174224343
Ekko,Lulu,348,155,0.4454022988505747
Ekko,Sivir,388,180,0.4639175257731959
Lillia,Lulu,257,120,0.4669260700389105
Aatrox,Taric,152,83,0.5460526315789473
Aatrox,Yone,394,205,0.5203045685279187
Karthus,Nunu,118,64,0.5423728813559322
Karthus,Taric,80,45,0.5625
Karthus,Yone,271,137,0.5055350553505535
Nunu,Taric,115,56,0.48695652173913045
Nunu,Yone,468,241,0.5149572649572649
Taric,Yone,219,107,0.4885844748858447
Jax,Nidalee,215,105,0.4883720930232558
Maokai,Nidalee,152,65,0.4276315789473684
Nidalee,Sivir,210,106,0.5047619047619047
Nidalee,Zed,234,112,0.47863247863247865
Amumu,Renekton,326,172,0.5276073619631901
Amumu,Syndra,305,154,0.5049180327868853
Renekton,Syndra,226,110,0.48672566371681414
Renekton,Xerath,231,111,0.4805194805194805
Syndra,Xerath,166,85,0.5120481927710844
Diana,Jinx,1124,567,0.5044483985765125
Diana,Mel,700,371,0.53
Diana,Thresh,718,368,0.5125348189415042
Teemo,Thresh,703,388,0.5519203413940256
Ashe,Shen,696,332,0.47701149425287354
Mel,Shen,540,277,0.512962962962963
Mel,Yone,841,429,0.5101070154577884
Shen,Yone,387,193,0.49870801033591733
Annie,JarvanIV,176,91,0.5170454545454546
Annie,Jinx,444,225,0.5067567567567568
Annie,Sion,238,108,0.453781512605042
FiddleSticks,Poppy,164,70,0.4268292682926829
Illaoi,Poppy,135,75,0.5555555555555556
Illaoi,Sivir,225,118,0.5244444444444445
Illaoi,Yone,223,124,0.5560538116591929
Poppy,Yone,356,170,0.47752808988764045
Sivir,Yone,417,206,0.4940047961630695
Braum,Corki,113,53,0.4690265486725664
Braum,Leona,81,34,0.41975308641975306
Braum,Soraka,76,32,0.42105263157894735
Corki,Leona,176,84,0.4772727272727273
Corki,Pyke,189,91,0.48148148148148145
Corki,Soraka,146,81,0.5547945205479452
Leona,Soraka,132,61,0.4621212121212121
Annie,Illaoi,156,80,0.5128205128205128
Annie,Nidalee,144,78,0.5416666666666666
Illaoi,Janna,123,63,0.5121951219512195
Janna,Nidalee,159,77,0.48427672955974843
Janna,Zeri,170,82,0.4823529411764706
Nidalee,Zeri,130,63,0.4846153846153846
Hwei,Qiyana,142,51,0.3591549295774648
Hwei,Velkoz,230,116,0.5043478260869565
Kayn,Qiyana,190,70,0.3684210526315789
Kayn,Velkoz,468,244,0.5213675213675214
Ornn,Qiyana,159,63,0.39622641509433965
Qiyana,Velkoz,187,94,0.5026737967914439
MasterYi,Mordekaiser,651,321,0.4930875576036866
MasterYi,Varus,427,187,0.4379391100702576
MasterYi,Zoe,330,147,0.44545454545454544
Mordekaiser,Pantheon,722,374,0.518005540166205
Mordekaiser,Varus,460,215,0.4673913043478261
Pantheon,Varus,508,247,0.4862204724409449
Ahri,AurelionSol,210,105,0.5
Ahri,Briar,613,324,0.5285481239804242
Ahri,Skarner,177,84,0.4745762711864407
AurelionSol,Blitzcrank,324,170,0.5246913580246914
AurelionSol,Kled,101,56,0.5544554455445545
AurelionSol,Skarner,96,53,0.5520833333333334
AurelionSol,Zyra,254,136,0.5354330708661418
Blitzcrank,Briar,394,196,0.49746192893401014
Blitzcrank,Kled,157,77,0.49044585987261147
Blitzcrank,Skarner,123,50,0.4065040650406504
Blitzcrank,Zyra,228,140,0.6140350877192983
Briar,Kled,124,60,0.4838709677419355
Briar,Skarner,73,35,0.4794520547945205
Briar,Zyra,372,221,0.5940860215053764
Kled,Skarner,41,20,0.4878048780487805
Kled,Volibear,138,65,0.47101449275362317
Kled,Zyra,124,69,0.5564516129032258
Skarner,Volibear,112,62,0.5535714285714286
Skarner,Zyra,94,54,0.574468085106383
Volibear,Zyra,502,254,0.5059760956175299
Akali,FiddleSticks,212,102,0.4811320754716981
Akali,Kled,119,59,0.4957983193277311
Akali,Maokai,239,120,0.502092050209205
Akali,Nami,567,283,0.4991181657848324
Akali,Singed,260,127,0.48846153846153845
FiddleSticks,Kled,90,46,0.5111111111111111
FiddleSticks,Maokai,136,73,0.5367647058823529
Galio,Kled,107,59,0.5514018691588785
Galio,Maokai,175,93,0.5314285714285715
Galio,Singed,225,132,0.5866666666666667
Kled,Lucian,139,59,0.4244604316546763
Kled,Maokai,75,36,0.48
Kled,Nami,180,90,0.5
Kled,Singed,74,38,0.5135135135135135
Lucian,Maokai,237,113,0.4767932489451477
Lucian,Singed,288,156,0.5416666666666666
Nami,Singed,316,180,0.569620253164557
Sion,Soraka,372,190,0.510752688172043
Sion,Vi,242,125,0.5165289256198347
Soraka,Swain,283,148,0.5229681978798587
Soraka,Vi,240,133,0.5541666666666667
Swain,Vi,311,184,0.5916398713826366
Malphite,Nilah,197,110,0.5583756345177665
Nilah,Shaco,169,90,0.5325443786982249
Nilah,Teemo,244,118,0.48360655737704916
Aurora,Khazix,201,91,0.4527363184079602
Aurora,Shen,201,104,0.5174129353233831
Aurora,Yunara,309,159,0.5145631067961165
Khazix,Shen,228,137,0.6008771929824561
Shen,Yunara,375,199,0.5306666666666666
Briar,Chogath,454,247,0.5440528634361234
Briar,Xerath,374,207,0.553475935828877
Chogath,Kayle,419,200,0.477326968973747
Annie,Jayce,111,54,0.4864864864864865
Annie,Zaahen,233,127,0.5450643776824035
Jayce,Zilean,123,50,0.4065040650406504
Karthus,Zilean,112,59,0.5267857142857143
Janna,Karma,97,40,0.41237113402061853
Janna,MonkeyKing,141,74,0.524822695035461
Janna,Neeko,107,50,0.4672897196261682
Janna,Thresh,106,47,0.44339622641509435
Karma,Neeko,155,77,0.4967741935483871
Karma,Thresh,205,107,0.5219512195121951
MonkeyKing,Neeko,231,116,0.5021645021645021
Neeko,Thresh,226,107,0.47345132743362833
Nilah,Rell,101,54,0.5346534653465347
Nilah,Renata,62,27,0.43548387096774194
Nilah,Taliyah,58,33,0.5689655172413793
Ornn,Rell,155,67,0.432258064516129
Ornn,Renata,135,59,0.43703703703703706
Ornn,Taliyah,145,65,0.4482758620689655
Rell,Taliyah,81,41,0.5061728395061729
Renata,Taliyah,58,26,0.4482758620689655
Jinx,Malphite,1202,616,0.5124792013311148
Leona,Xayah,305,168,0.5508196721311476
Malphite,Xayah,431,230,0.5336426914153132
Kled,Nautilus,157,78,0.4968152866242038
Kled,Xerath,118,61,0.5169491525423728
MasterYi,Xerath,459,226,0.4923747276688453
Nautilus,Xerath,362,170,0.4696132596685083
Tristana,Xerath,424,253,0.5966981132075472
Caitlyn,Hwei,700,343,0.49
Caitlyn,Urgot,596,303,0.5083892617449665
Hwei,Urgot,241,133,0.5518672199170125
Shen,Veigar,468,248,0.5299145299145299
Urgot,Veigar,390,194,0.49743589743589745
Irelia,Jinx,650,328,0.5046153846153846
Irelia,Shyvana,123,59,0.4796747967479675
Irelia,Yasuo,305,139,0.4557377049180328
Jinx,Shyvana,316,171,0.5411392405063291
Shyvana,Yasuo,264,133,0.5037878787878788
Darius,Hecarim,247,122,0.4939271255060729
Darius,Katarina,425,223,0.5247058823529411
Darius,Neeko,381,182,0.4776902887139108
Darius,Yunara,501,238,0.4750499001996008
Hecarim,Katarina,186,95,0.510752688172043
Hecarim,Neeko,177,90,0.5084745762711864
Hecarim,Yunara,230,112,0.48695652173913045
Katarina,Neeko,231,124,0.5367965367965368
Neeko,Yunara,312,144,0.46153846153846156
Jax,Qiyana,192,88,0.4583333333333333
Kaisa,Lillia,491,229,0.4663951120162933
Lillia,Soraka,291,170,0.584192439862543
Qiyana,Soraka,202,90,0.44554455445544555
Evelynn,Hwei,130,65,0.5
Evelynn,Tryndamere,120,65,0.5416666666666666
Evelynn,Xerath,149,67,0.44966442953020136
Hwei,Xerath,202,91,0.4504950495049505
Hwei,Yorick,232,112,0.4827586206896552
Tryndamere,Xerath,264,145,0.5492424242424242
Tryndamere,Yorick,125,62,0.496
Xerath,Yorick,303,171,0.5643564356435643
Anivia,Blitzcrank,244,118,0.48360655737704916
Anivia,Brand,234,117,0.5
Anivia,MissFortune,532,265,0.4981203007518797
Anivia,Senna,256,127,0.49609375
Blitzcrank,Brand,354,199,0.5621468926553672
Blitzcrank,Senna,294,152,0.5170068027210885
Brand,Senna,482,249,0.516597510373444
Akali,Lulu,338,159,0.47041420118343197
Akali,Thresh,577,259,0.4488734835355286
Lillia,Lucian,326,160,0.49079754601226994
Lillia,Thresh,413,209,0.5060532687651331
Lucian,Lulu,276,118,0.427536231884058
Lulu,Thresh,117,47,0.4017094017094017
Jinx,Veigar,1039,539,0.5187680461982676
Malphite,Veigar,716,379,0.5293296089385475
Brand,Yuumi,248,115,0.4637096774193548
Chogath,Yuumi,380,175,0.4605263157894737
Trundle,Yuumi,231,112,0.48484848484848486
Kaisa,Mel,1033,484,0.46853823814133594
Kaisa,Renekton,529,253,0.4782608695652174
Renekton,Udyr,135,70,0.5185185185185185
Aphelios,Nidalee,182,91,0.5
Kindred,MonkeyKing,98,54,0.5510204081632653
Kindred,Nidalee,111,46,0.4144144144144144
Kindred,Zyra,218,124,0.5688073394495413
MonkeyKing,Nidalee,125,69,0.552
Ashe,Morgana,1358,721,0.5309278350515464
Ashe,Riven,576,275,0.4774305555555556
Lulu,MasterYi,430,211,0.4906976744186046
Lulu,Morgana,268,135,0.503731343283582
Lulu,Riven,262,134,0.5114503816793893
Belveth,Darius,211,112,0.5308056872037915
Belveth,Ezreal,221,94,0.4253393665158371
Belveth,Xerath,132,63,0.4772727272727273
Darius,Maokai,285,134,0.47017543859649125
Ezreal,Maokai,321,155,0.48286604361370716
Maokai,Xerath,171,99,0.5789473684210527
Gwen,Pantheon,438,207,0.4726027397260274
Gwen,Rengar,192,77,0.4010416666666667
MasterYi,Rengar,105,43,0.4095238095238095
Jhin,Orianna,609,293,0.48111658456486045
Jhin,Skarner,257,107,0.4163424124513619
Orianna,Sejuani,116,51,0.4396551724137931
Orianna,Skarner,85,40,0.47058823529411764
Orianna,Sona,204,94,0.46078431372549017
Sejuani,Skarner,36,18,0.5
Skarner,Sona,87,46,0.5287356321839081
Nami,Ziggs,304,155,0.5098684210526315
Ekko,Mordekaiser,478,262,0.5481171548117155
Mel,Mordekaiser,915,457,0.4994535519125683
Mel,Twitch,650,341,0.5246153846153846
Chogath,Galio,373,205,0.5495978552278821
Chogath,LeeSin,390,161,0.4128205128205128
Galio,Soraka,341,181,0.530791788856305
LeeSin,Vayne,471,240,0.5095541401273885
Soraka,Vayne,646,349,0.5402476780185759
Diana,Lucian,568,289,0.5088028169014085
Diana,Yasuo,1154,638,0.5528596187175043
Gwen,TwistedFate,259,126,0.4864864864864865
Kaisa,TwistedFate,458,207,0.4519650655021834
Ashe,Jinx,439,225,0.5125284738041003
Galio,Katarina,150,85,0.5666666666666667
Jinx,Nunu,586,301,0.5136518771331058
Jinx,Swain,801,442,0.5518102372034956
Katarina,Nunu,230,106,0.4608695652173913
Katarina,Swain,306,174,0.5686274509803921
Nunu,Warwick,204,119,0.5833333333333334
DrMundo,Draven,370,200,0.5405405405405406
DrMundo,Elise,187,87,0.46524064171123
DrMundo,Sona,456,230,0.5043859649122807
DrMundo,Tryndamere,256,132,0.515625
Draven,Elise,152,75,0.4934210526315789
Draven,Sona,205,100,0.4878048780487805
Draven,Tryndamere,186,87,0.46774193548387094
Draven,Volibear,332,145,0.4367469879518072
Draven,Zed,248,119,0.4798387096774194
Elise,Sona,88,49,0.5568181818181818
Elise,Tryndamere,108,50,0.46296296296296297
Elise,XinZhao,93,54,0.5806451612903226
Elise,Zed,197,88,0.4467005076142132
Sona,Tryndamere,249,135,0.5421686746987951
Tryndamere,Volibear,297,166,0.5589225589225589
Tryndamere,Zed,271,136,0.5018450184501845
XinZhao,Zed,248,137,0.5524193548387096
Aphelios,Kennen,117,52,0.4444444444444444
Aphelios,Xerath,269,138,0.5130111524163569
Garen,Kennen,145,74,0.5103448275862069
Kennen,KogMaw,114,63,0.5526315789473685
Kennen,Xerath,141,64,0.45390070921985815
KogMaw,Xerath,188,98,0.5212765957446809
Chogath,Kindred,279,114,0.40860215053763443
Chogath,Xayah,364,203,0.5576923076923077
Jhin,Kindred,500,232,0.464
Jhin,Xayah,222,108,0.4864864864864865
Jinx,Kindred,500,235,0.47
Kindred,Xayah,190,89,0.46842105263157896
Gragas,Nasus,159,75,0.4716981132075472
Gragas,Talon,153,68,0.4444444444444444
Nasus,Talon,164,81,0.49390243902439024
Ekko,Sion,416,209,0.5024038461538461
Nami,Sion,498,248,0.4979919678714859
AurelionSol,Shaco,301,139,0.46179401993355484
Garen,Shaco,584,282,0.4828767123287671
Shaco,Velkoz,358,186,0.5195530726256983
Malzahar,Volibear,679,375,0.5522827687776142
Malzahar,Yasuo,409,202,0.4938875305623472
Volibear,Zeri,229,125,0.5458515283842795
Blitzcrank,Sivir,328,181,0.551829268292683
Malphite,Mel,968,479,0.49483471074380164
Malphite,Twitch,589,287,0.4872665534804754
Sivir,Twitch,176,91,0.5170454545454546
MonkeyKing,Smolder,411,222,0.5401459854014599
MonkeyKing,Xerath,254,134,0.5275590551181102
Nunu,Xerath,258,127,0.49224806201550386
Smolder,Xerath,600,303,0.505
Kaisa,Malzahar,793,399,0.5031525851197982
Malzahar,Neeko,313,163,0.5207667731629393
Neeko,Renekton,246,130,0.5284552845528455
Neeko,Viego,402,222,0.5522388059701493
Renekton,Viego,302,153,0.5066225165562914
Caitlyn,Leblanc,666,313,0.46996996996997
Caitlyn,RekSai,224,97,0.4330357142857143
Leblanc,Milio,263,122,0.46387832699619774
Leblanc,RekSai,68,35,0.5147058823529411
Milio,RekSai,106,51,0.4811320754716981
Morgana,RekSai,157,79,0.5031847133757962
Khazix,Senna,308,137,0.4448051948051948
Khazix,Tryndamere,179,90,0.5027932960893855
Khazix,Xerath,255,133,0.5215686274509804
Senna,Tryndamere,311,162,0.5209003215434084
Senna,Xerath,378,194,0.5132275132275133
Teemo,Tryndamere,356,201,0.5646067415730337
Teemo,Xerath,487,263,0.5400410677618069
Brand,Nasus,449,240,0.534521158129176
Jinx,Viktor,581,293,0.504302925989673
Nasus,Viktor,246,121,0.491869918699187
Draven,Karma,241,112,0.46473029045643155
Karma,Malzahar,345,174,0.5043478260869565
Aurora,Illaoi,136,63,0.4632352941176471
Illaoi,Nami,302,154,0.5099337748344371
JarvanIV,Poppy,191,96,0.5026178010471204
JarvanIV,Zaahen,299,160,0.5351170568561873
Kaisa,Zoe,433,188,0.4341801385681293
Poppy,Zoe,186,76,0.40860215053763443
Zaahen,Zoe,478,229,0.4790794979079498
Sivir,Smolder,209,79,0.37799043062200954
Sivir,Veigar,479,242,0.5052192066805845
Smolder,Veigar,734,352,0.47956403269754766
Ahri,Ivern,184,100,0.5434782608695652
Ahri,Kayle,472,252,0.5338983050847458
Ahri,Sion,555,289,0.5207207207207207
Ivern,Kayle,156,79,0.5064102564102564
Ivern,Sion,155,86,0.5548387096774193
Ivern,Thresh,205,95,0.4634146341463415
Kayle,Thresh,517,253,0.48936170212765956
Sion,Thresh,473,230,0.48625792811839325
Fizz,Thresh,429,217,0.5058275058275058
Nocturne,Thresh,416,213,0.5120192307692307
JarvanIV,Milio,316,172,0.5443037974683544
JarvanIV,Shen,237,125,0.5274261603375527
JarvanIV,Urgot,199,98,0.49246231155778897
Kaisa,Urgot,480,235,0.4895833333333333
Milio,Urgot,254,148,0.5826771653543307
Briar,Karma,330,176,0.5333333333333333
Briar,Zeri,216,103,0.47685185185185186
Darius,Vex,346,180,0.5202312138728323
Karma,Vex,179,79,0.441340782122905
Karma,Zeri,205,108,0.526829268292683
Vex,Zeri,141,65,0.46099290780141844
Blitzcrank,Caitlyn,891,416,0.4668911335578002
Blitzcrank,Varus,358,173,0.48324022346368717
Darius,Seraphine,624,314,0.5032051282051282
Seraphine,Varus,401,176,0.4389027431421446
Gangplank,Ivern,89,39,0.43820224719101125
Gangplank,Mel,299,137,0.45819397993311034
Gangplank,Nunu,163,75,0.4601226993865031
Ivern,Jayce,97,40,0.41237113402061853
Ivern,Nunu,64,28,0.4375
Jayce,Nunu,142,74,0.5211267605633803
Mel,Nunu,462,222,0.4805194805194805
Yone,Yuumi,441,214,0.4852607709750567
Azir,Gragas,105,37,0.3523809523809524
Azir,Nami,204,101,0.4950980392156863
Azir,Zed,137,54,0.39416058394160586
Gragas,Twitch,251,104,0.41434262948207173
Gragas,Zed,273,133,0.48717948717948717
Chogath,Maokai,258,126,0.4883720930232558
Chogath,Mel,818,410,0.5012224938875306
Maokai,Zaahen,237,122,0.5147679324894515
Garen,Ziggs,464,255,0.5495689655172413
MasterYi,Ziggs,376,205,0.5452127659574468
Neeko,Pantheon,355,184,0.5183098591549296
Neeko,Ziggs,250,129,0.516
Pantheon,Ziggs,444,231,0.5202702702702703
Fizz,Nasus,292,150,0.5136986301369864
Hwei,Nasus,282,145,0.5141843971631206
Nasus,Senna,395,207,0.5240506329113924
Nunu,Senna,373,184,0.4932975871313673
DrMundo,Jinx,1215,615,0.5061728395061729
DrMundo,Soraka,572,281,0.49125874125874125
DrMundo,Vladimir,368,172,0.4673913043478261
Bard,LeeSin,265,132,0.4981132075471698
KSante,LeeSin,171,69,0.40350877192982454
KSante,Sett,130,56,0.4307692307692308
KSante,Singed,72,32,0.4444444444444444
LeeSin,Singed,221,119,0.5384615384615384
Sett,Singed,232,119,0.5129310344827587
Brand,Kindred,321,157,0.48909657320872274
Brand,Lulu,272,134,0.49264705882352944
Kindred,KogMaw,140,66,0.4714285714285714
Kindred,Lulu,221,89,0.40271493212669685
KogMaw,Trundle,184,90,0.4891304347826087
Lulu,Trundle,261,118,0.4521072796934866
Blitzcrank,Nocturne,264,124,0.4696969696969697
Blitzcrank,Ziggs,286,147,0.513986013986014
Jax,Nocturne,250,126,0.504
Jax,Ziggs,396,201,0.5075757575757576
Nocturne,Ziggs,238,128,0.5378151260504201
Briar,Riven,274,133,0.4854014598540146
Riven,Zoe,225,125,0.5555555555555556
Evelynn,Fiora,104,54,0.5192307692307693
Evelynn,Lucian,193,88,0.45595854922279794
Evelynn,Pyke,197,98,0.49746192893401014
Evelynn,Teemo,218,107,0.4908256880733945
Fiora,Lucian,211,87,0.41232227488151657
Fiora,Pyke,232,111,0.47844827586206895
Lucian,MonkeyKing,238,118,0.4957983193277311
MonkeyKing,Udyr,105,58,0.5523809523809524
MonkeyKing,Velkoz,282,144,0.5106382978723404
Udyr,Vayne,300,159,0.53
Udyr,Velkoz,211,121,0.5734597156398105
Janna,Mordekaiser,235,116,0.49361702127659574
Janna,Rell,43,24,0.5581395348837209
KogMaw,Lissandra,134,69,0.5149253731343284
KogMaw,Rell,80,43,0.5375
Lissandra,Rell,77,39,0.5064935064935064
Diana,LeeSin,271,137,0.5055350553505535
Diana,Renekton,347,164,0.47262247838616717
Diana,Zeri,219,104,0.4748858447488584
Diana,Zyra,416,224,0.5384615384615384
LeeSin,Renekton,231,110,0.47619047619047616
LeeSin,Zeri,170,82,0.4823529411764706
Renekton,Zeri,150,67,0.44666666666666666
Lux,Rengar,531,253,0.4764595103578154
Rengar,Riven,175,60,0.34285714285714286
Rengar,Veigar,311,146,0.4694533762057878
Riven,Senna,317,151,0.47634069400630913
Riven,Veigar,347,167,0.4812680115273775
Ekko,MasterYi,370,178,0.4810810810810811
Ekko,Talon,205,85,0.4146341463414634
Ekko,Yorick,322,166,0.515527950310559
MasterYi,Talon,197,109,0.5532994923857868
Swain,Yorick,345,193,0.5594202898550724
Talon,Yorick,162,83,0.5123456790123457
Aphelios,Viego,349,184,0.5272206303724928
Briar,Viego,149,73,0.4899328859060403
Darius,Viego,589,309,0.5246179966044142
Darius,Lissandra,213,107,0.5023474178403756
Diana,Lissandra,141,74,0.524822695035461
Diana,Pyke,524,244,0.46564885496183206
Diana,Tristana,598,275,0.459866220735786
Lissandra,Pyke,172,88,0.5116279069767442
Lissandra,Tristana,204,104,0.5098039215686274
Katarina,Shen,274,134,0.48905109489051096
Katarina,Yone,285,138,0.4842105263157895
Ahri,Sejuani,257,129,0.5019455252918288
Briar,Diana,319,166,0.5203761755485894
Briar,Sejuani,78,41,0.5256410256410257
Diana,Sejuani,115,58,0.5043478260869565
Jinx,Sejuani,359,192,0.5348189415041783
Ambessa,Morgana,562,275,0.4893238434163701
Ambessa,Pyke,285,129,0.45263157894736844
Ambessa,Vi,201,98,0.48756218905472637
Kaisa,Vi,516,250,0.4844961240310077
Pyke,Vi,297,138,0.46464646464646464
Mel,Yuumi,434,208,0.4792626728110599
Rengar,Tryndamere,182,75,0.41208791208791207
Veigar,Yuumi,356,184,0.5168539325842697
Anivia,Kaisa,404,184,0.45544554455445546
Anivia,Mordekaiser,267,137,0.5131086142322098
Anivia,Morgana,336,172,0.5119047619047619
Anivia,Nautilus,264,139,0.5265151515151515
Diana,Xayah,350,174,0.49714285714285716
Teemo,Xayah,479,249,0.5198329853862212
Xayah,Zyra,247,134,0.5425101214574899
Yasuo,Zyra,637,344,0.5400313971742543
AurelionSol,Viktor,91,52,0.5714285714285714
Mordekaiser,Urgot,206,112,0.5436893203883495
Mordekaiser,Viktor,338,179,0.5295857988165681
Smolder,Urgot,416,230,0.5528846153846154
Smolder,Viktor,444,219,0.49324324324324326
Urgot,Viktor,197,111,0.5634517766497462
Rakan,Sivir,152,72,0.47368421052631576
Senna,Sivir,313,165,0.5271565495207667
Akali,Sivir,369,179,0.48509485094850946
Akali,Trundle,357,179,0.5014005602240896
Diana,Trundle,301,157,0.521594684385382
Nautilus,Sivir,428,214,0.5
Sivir,Trundle,286,152,0.5314685314685315
Galio,Morgana,497,258,0.5191146881287726
Morgana,Renekton,497,255,0.5130784708249497
Renekton,Warwick,321,164,0.5109034267912772
Fizz,Nidalee,175,80,0.45714285714285713
Fizz,Rammus,158,84,0.5316455696202531
Fizz,Vex,99,47,0.47474747474747475
Mel,Nidalee,336,149,0.44345238095238093
Mel,Rammus,316,149,0.47151898734177217
Mel,Vex,262,131,0.5
Nidalee,Rammus,74,33,0.44594594594594594
Nidalee,Vex,154,78,0.5064935064935064
Rammus,Vex,114,58,0.5087719298245614
Ahri,Shaco,617,326,0.5283630470016207
Gangplank,Pantheon,225,109,0.48444444444444446
Gangplank,Shaco,261,116,0.4444444444444444
Alistar,Braum,66,27,0.4090909090909091
Alistar,Evelynn,132,65,0.49242424242424243
Alistar,Nunu,172,81,0.47093023255813954
Braum,Evelynn,112,53,0.4732142857142857
Braum,Nunu,162,77,0.47530864197530864
Evelynn,Nunu,68,36,0.5294117647058824
Evelynn,Velkoz,173,88,0.5086705202312138
Annie,Gwen,168,84,0.5
Annie,Kassadin,63,32,0.5079365079365079
Annie,Mel,202,110,0.5445544554455446
Annie,Veigar,191,91,0.47643979057591623
Gwen,Mel,602,294,0.4883720930232558
Gwen,Veigar,412,222,0.5388349514563107
Kassadin,Mel,134,58,0.43283582089552236
Kassadin,Veigar,109,58,0.5321100917431193
AurelionSol,Ezreal,338,168,0.4970414201183432
Ezreal,Sion,553,265,0.47920433996383366
Graves,TahmKench,255,110,0.43137254901960786
Sion,TahmKench,272,136,0.5
Fiora,Malzahar,263,145,0.5513307984790875
Jhin,Malzahar,1064,552,0.518796992481203
Jhin,MissFortune,461,230,0.49891540130151846
Ashe,Zyra,786,447,0.5687022900763359
Pyke,Syndra,317,167,0.526813880126183
Pyke,Viego,464,236,0.5086206896551724
Syndra,Viego,428,220,0.514018691588785
Syndra,Zyra,229,123,0.537117903930131
Jax,Malzahar,689,376,0.5457184325108854
Malzahar,Mordekaiser,577,290,0.5025996533795494
Malphite,Udyr,270,156,0.5777777777777777
MissFortune,Seraphine,1350,640,0.4740740740740741
MonkeyKing,Seraphine,308,175,0.5681818181818182
Seraphine,Yone,701,339,0.48359486447931527
Anivia,Aphelios,163,85,0.5214723926380368
Anivia,LeeSin,189,96,0.5079365079365079
Irelia,LeeSin,263,121,0.4600760456273764
Irelia,Milio,299,164,0.5484949832775919
Jayce,Nautilus,266,136,0.5112781954887218
Karthus,Nautilus,271,147,0.5424354243542435
Elise,Katarina,118,58,0.4915254237288136
Elise,Nami,159,78,0.49056603773584906
Elise,Syndra,116,56,0.4827586206896552
Katarina,Syndra,87,38,0.4367816091954023
Katarina,Taliyah,77,40,0.5194805194805194
Nami,Syndra,411,228,0.5547445255474452
Syndra,Taliyah,72,26,0.3611111111111111
Lux,XinZhao,743,381,0.5127860026917901
Thresh,XinZhao,387,201,0.5193798449612403
Irelia,Neeko,252,131,0.5198412698412699
Irelia,Swain,315,166,0.526984126984127
Neeko,Swain,264,134,0.5075757575757576
Swain,Yuumi,223,116,0.5201793721973094
Ahri,Ezreal,791,399,0.504424778761062
Ahri,LeeSin,544,267,0.49080882352941174
Ezreal,Senna,511,234,0.45792563600782776
LeeSin,Senna,392,184,0.46938775510204084
Annie,Morgana,305,193,0.6327868852459017
Annie,Smolder,341,165,0.4838709677419355
Annie,Volibear,253,127,0.5019762845849802
Garen,Volibear,620,329,0.5306451612903226
Morgana,Volibear,921,461,0.500542888165038
Darius,Rengar,292,130,0.4452054794520548
Darius,Vayne,658,359,0.5455927051671733
KogMaw,Rengar,113,44,0.3893805309734513
KogMaw,Vayne,148,74,0.5
Ashe,Hecarim,419,212,0.5059665871121718
Ashe,LeeSin,681,323,0.47430249632892807
Ashe,Shaco,862,425,0.49303944315545245
Brand,Hecarim,248,130,0.5241935483870968
Hecarim,LeeSin,86,39,0.45348837209302323
Hecarim,Shaco,131,63,0.48091603053435117
Cassiopeia,KogMaw,88,45,0.5113636363636364
Cassiopeia,Lulu,150,58,0.38666666666666666
Cassiopeia,Volibear,202,88,0.43564356435643564
KogMaw,Volibear,300,142,0.47333333333333333
Lulu,Volibear,440,209,0.475
Graves,Shaco,175,93,0.5314285714285715
Ornn,Shaco,293,132,0.45051194539249145
Senna,Shaco,442,199,0.4502262443438914
Shaco,Xerath,365,184,0.5041095890410959
Irelia,Kayn,419,192,0.45823389021479716
Irelia,Mordekaiser,362,186,0.5138121546961326
Irelia,Nasus,174,82,0.47126436781609193
Kayn,Nasus,407,220,0.5405405405405406
Mordekaiser,Nasus,273,156,0.5714285714285714
Nasus,Smolder,481,237,0.49272349272349275
Belveth,Gragas,107,52,0.48598130841121495
Belveth,Swain,209,111,0.5311004784688995
Darius,Gragas,179,79,0.441340782122905
Gragas,Swain,188,93,0.4946808510638298
Swain,Velkoz,314,160,0.5095541401273885
Azir,Diana,137,63,0.45985401459854014
Azir,Graves,126,62,0.49206349206349204
Azir,Leona,213,87,0.4084507042253521
Azir,Sejuani,100,44,0.44
Diana,Graves,227,104,0.4581497797356828
Graves,Sejuani,79,39,0.4936708860759494
Ahri,Malphite,816,434,0.5318627450980392
Aphelios,Malphite,408,211,0.5171568627450981
Aphelios,Varus,128,62,0.484375
Caitlyn,Swain,897,437,0.48717948717948717
Gwen,Irelia,240,120,0.5
Swain,Yasuo,733,402,0.548431105047749
Smolder,Vladimir,481,227,0.47193347193347196
MonkeyKing,Qiyana,90,43,0.4777777777777778
MonkeyKing,Quinn,138,70,0.5072463768115942
MonkeyKing,Volibear,233,116,0.4978540772532189
Qiyana,Quinn,91,38,0.4175824175824176
Qiyana,Smolder,311,145,0.4662379421221865
Qiyana,Volibear,216,90,0.4166666666666667
Quinn,Volibear,264,132,0.5
Aphelios,Ekko,295,149,0.5050847457627119
Aphelios,Janna,212,116,0.5471698113207547
Aphelios,KSante,123,58,0.4715447154471545
Aphelios,Orianna,214,126,0.5887850467289719
Ekko,KSante,178,77,0.43258426966292135
Ekko,Orianna,193,91,0.47150259067357514
Janna,KSante,94,42,0.44680851063829785
Janna,Orianna,147,59,0.4013605442176871
KSante,Orianna,159,60,0.37735849056603776
Karma,Sejuani,158,74,0.46835443037974683
Sejuani,Shen,121,62,0.512396694214876
Ahri,FiddleSticks,357,184,0.5154061624649859
FiddleSticks,Udyr,101,38,0.37623762376237624
FiddleSticks,Volibear,256,147,0.57421875
Caitlyn,Karma,817,404,0.4944920440636475
Karma,Rengar,256,110,0.4296875
Rengar,Yasuo,350,149,0.4257142857142857
Lux,Soraka,456,232,0.5087719298245614
Sett,Soraka,459,238,0.5185185185185185
Jax,Senna,623,334,0.536115569823435
Jax,Veigar,701,392,0.5592011412268189
Senna,Sona,202,110,0.5445544554455446
Evelynn,Gwen,126,50,0.3968253968253968
Evelynn,Jhin,402,197,0.4900497512437811
Evelynn,Nami,223,103,0.4618834080717489
Evelynn,Quinn,113,56,0.49557522123893805
Gwen,Jhin,805,389,0.4832298136645963
Nami,Quinn,290,158,0.5448275862068965
Ezreal,Gragas,338,143,0.4230769230769231
Ezreal,Karma,733,362,0.49386084583901774
Ezreal,Syndra,438,211,0.4817351598173516
Gragas,Syndra,144,60,0.4166666666666667
Karma,Syndra,279,135,0.4838709677419355
Anivia,Janna,133,67,0.5037593984962406
Anivia,Qiyana,97,39,0.4020618556701031
Janna,Qiyana,120,47,0.39166666666666666
Janna,Yunara,243,105,0.43209876543209874
Qiyana,Yunara,237,95,0.4008438818565401
Volibear,Yunara,554,251,0.45306859205776173
Caitlyn,Nidalee,476,238,0.5
Darius,Nidalee,236,106,0.4491525423728814
Nidalee,Swain,197,91,0.4619289340101523
Ashe,Renekton,535,270,0.5046728971962616
Mel,Milio,509,280,0.550098231827112
Milio,Zaahen,601,339,0.5640599001663894
Renekton,Zaahen,119,62,0.5210084033613446
Brand,Heimerdinger,298,174,0.5838926174496645
Heimerdinger,Kindred,163,73,0.44785276073619634
Kindred,Lucian,214,100,0.4672897196261682
Kindred,Nautilus,300,130,0.43333333333333335
Fizz,Lux,656,349,0.5320121951219512
Fizz,Mordekaiser,419,218,0.5202863961813843
Kayn,Yorick,359,175,0.48746518105849584
Lux,Nautilus,693,359,0.5180375180375181
Ashe,Nocturne,612,313,0.511437908496732
Ashe,Xerath,752,388,0.5159574468085106
Katarina,Shaco,360,174,0.48333333333333334
Annie,Corki,113,62,0.5486725663716814
Annie,Maokai,120,60,0.5
Annie,Rakan,88,39,0.4431818181818182
Corki,Maokai,122,58,0.47540983606557374
Corki,Rakan,79,38,0.4810126582278481
Maokai,Rakan,56,22,0.39285714285714285
Maokai,Zilean,110,53,0.4818181818181818
Rakan,Zilean,51,27,0.5294117647058824
Hwei,Janna,175,87,0.49714285714285716
Hwei,Vex,100,49,0.49
Janna,Twitch,230,112,0.48695652173913045
Janna,Vex,163,86,0.5276073619631901
MonkeyKing,Twitch,263,123,0.467680608365019
Twitch,Vex,259,136,0.525096525096525
Fizz,Kennen,117,64,0.5470085470085471
Fizz,Skarner,102,48,0.47058823529411764
Kennen,Milio,160,72,0.45
Kennen,Skarner,62,23,0.3709677419354839
Milio,Skarner,102,52,0.5098039215686274
AurelionSol,Thresh,329,163,0.49544072948328266
Jhin,Khazix,624,294,0.47115384615384615
Khazix,Lux,656,324,0.49390243902439024
Khazix,Malphite,403,207,0.5136476426799007
Khazix,Thresh,397,188,0.473551637279597
Caitlyn,Pyke,914,433,0.4737417943107221
Caitlyn,Vladimir,682,338,0.49560117302052786
Chogath,Pyke,529,250,0.4725897920604915
Chogath,RekSai,114,46,0.40350877192982454
Pyke,RekSai,125,56,0.448
Pyke,Vladimir,332,137,0.4126506024096386
RekSai,Vladimir,80,39,0.4875
KogMaw,Lillia,179,89,0.4972067039106145
KogMaw,Qiyana,106,52,0.49056603773584906
KogMaw,Shen,208,123,0.5913461538461539
Lillia,Mordekaiser,321,180,0.5607476635514018
Lillia,Shen,265,142,0.5358490566037736
Mordekaiser,Qiyana,282,137,0.4858156028368794
Mordekaiser,Shen,290,162,0.5586206896551724
Qiyana,Shen,176,82,0.4659090909090909
Ahri,MonkeyKing,392,198,0.5051020408163265
Ahri,Velkoz,400,193,0.4825
Kayle,MonkeyKing,256,134,0.5234375
Akshan,Graves,133,58,0.43609022556390975
Akshan,Nasus,153,75,0.49019607843137253
Akshan,Shaco,247,111,0.4493927125506073
Graves,Nasus,205,80,0.3902439024390244
Graves,Viego,113,48,0.4247787610619469
Lillia,Olaf,119,69,0.5798319327731093
Lillia,Xerath,269,137,0.5092936802973977
Olaf,Sona,137,88,0.6423357664233577
Olaf,Veigar,218,128,0.5871559633027523
Sona,Xerath,188,94,0.5
Veigar,Xerath,348,174,0.5
Ahri,Braum,348,170,0.4885057471264368
Lulu,Naafiri,234,119,0.5085470085470085
Naafiri,Udyr,121,67,0.5537190082644629
Naafiri,Yunara,299,125,0.4180602006688963
Sylas,Udyr,245,121,0.49387755102040815
Sylas,Yunara,653,303,0.46401225114854516
Jhin,Zac,467,226,0.48394004282655245
Kayle,Vladimir,221,106,0.4796380090497738
Kayle,Zac,190,93,0.48947368421052634
Vladimir,Zac,144,62,0.4305555555555556
Vladimir,Zyra,262,124,0.4732824427480916
Zac,Zyra,189,98,0.5185185185185185
Hwei,Ivern,115,52,0.45217391304347826
Hwei,LeeSin,276,138,0.5
Hwei,Warwick,461,252,0.5466377440347071
Ivern,LeeSin,98,41,0.41836734693877553
Ivern,Lucian,175,87,0.49714285714285716
LeeSin,Warwick,180,76,0.4222222222222222
Gragas,Khazix,151,77,0.5099337748344371
Gragas,Rell,112,46,0.4107142857142857
Khazix,Rell,129,65,0.5038759689922481
Khazix,Sylas,284,146,0.5140845070422535
Lucian,Rengar,269,109,0.4052044609665427
Lucian,Zoe,256,141,0.55078125
Poppy,Rengar,130,49,0.3769230769230769
Rengar,Zoe,190,85,0.4473684210526316
Diana,Swain,470,259,0.551063829787234
Trundle,Vayne,404,218,0.5396039603960396
Trundle,Yasuo,464,244,0.5258620689655172
Ashe,Blitzcrank,735,362,0.4925170068027211
Ashe,Garen,1161,600,0.5167958656330749
Ashe,XinZhao,619,324,0.5234248788368336
Blitzcrank,Garen,536,295,0.5503731343283582
Ekko,Maokai,221,113,0.5113122171945701
Ekko,Nunu,189,90,0.47619047619047616
Ekko,Skarner,86,45,0.5232558139534884
Maokai,Neeko,149,87,0.5838926174496645
Maokai,Nunu,173,94,0.5433526011560693
Maokai,Orianna,170,87,0.5117647058823529
Maokai,Sion,211,97,0.4597156398104265
Maokai,Skarner,73,30,0.410958904109589
Neeko,Nunu,248,120,0.4838709677419355
Neeko,Sion,310,156,0.5032258064516129
Neeko,Skarner,102,42,0.4117647058823529
Nunu,Orianna,164,73,0.4451219512195122
Nunu,Sion,299,150,0.5016722408026756
Nunu,Skarner,55,22,0.4
Sion,Sion,67,37,0.5522388059701493
Sion,Skarner,90,43,0.4777777777777778
Anivia,Darius,281,129,0.45907473309608543
Anivia,Lucian,258,127,0.49224806201550386
Anivia,Naafiri,120,61,0.5083333333333333
Anivia,Yasuo,230,122,0.5304347826086957
Darius,Mordekaiser,315,151,0.4793650793650794
Darius,Morgana,907,473,0.5214994487320838
Darius,Naafiri,321,150,0.4672897196261682
Darius,Quinn,157,69,0.4394904458598726
Darius,Yasuo,706,365,0.5169971671388102
Lucian,Mordekaiser,602,283,0.4700996677740864
Lucian,Quinn,229,123,0.537117903930131
Mordekaiser,Naafiri,411,220,0.5352798053527981
Mordekaiser,Quinn,224,129,0.5758928571428571
Morgana,Naafiri,447,238,0.5324384787472036
Morgana,Quinn,381,200,0.5249343832020997
Naafiri,Quinn,104,52,0.5
Naafiri,Yasuo,268,138,0.5149253731343284
Quinn,Yasuo,219,128,0.5844748858447488
Ashe,Volibear,1083,541,0.4995383194829178
Seraphine,Tryndamere,300,144,0.48
Jax,Swain,583,309,0.5300171526586621
Morgana,Swain,556,310,0.5575539568345323
Nasus,Swain,351,170,0.4843304843304843
Nasus,Yorick,169,95,0.5621301775147929
Ekko,Sett,572,308,0.5384615384615384
Sett,Tristana,643,341,0.5303265940902022
Kindred,Ornn,186,87,0.46774193548387094
Kindred,Ryze,133,64,0.48120300751879697
Kindred,Xerath,233,106,0.45493562231759654
Ornn,Ryze,189,99,0.5238095238095238
Ornn,Smolder,456,218,0.4780701754385965
Ryze,Smolder,347,162,0.4668587896253602
Ryze,Xerath,138,63,0.45652173913043476
Lissandra,Lux,288,141,0.4895833333333333
Lissandra,Pantheon,235,122,0.5191489361702127
Lissandra,Renata,65,29,0.4461538461538462
Lux,Renata,181,93,0.5138121546961326
Renata,Tristana,173,81,0.4682080924855491
Hwei,Thresh,436,218,0.5
TahmKench,Thresh,200,97,0.485
Amumu,Darius,504,285,0.5654761904761905
Amumu,XinZhao,189,107,0.5661375661375662
JarvanIV,Velkoz,330,179,0.5424242424242425
JarvanIV,Yone,385,183,0.4753246753246753
Fizz,Gnar,142,68,0.4788732394366197
Fizz,Naafiri,190,100,0.5263157894736842
Fizz,Sett,443,233,0.5259593679458239
Fizz,Talon,153,71,0.46405228758169936
Fizz,XinZhao,286,149,0.5209790209790209
Gnar,Jhin,354,172,0.4858757062146893
Gnar,Kindred,110,57,0.5181818181818182
Gnar,Naafiri,122,60,0.4918032786885246
Gnar,Sett,101,48,0.4752475247524752
Gnar,XinZhao,123,59,0.4796747967479675
Jhin,Naafiri,561,273,0.48663101604278075
Kindred,Naafiri,109,43,0.3944954128440367
Kindred,Talon,73,27,0.3698630136986301
Kindred,XinZhao,98,44,0.4489795918367347
Naafiri,Talon,87,39,0.4482758620689655
Sett,XinZhao,420,238,0.5666666666666667
Talon,XinZhao,113,48,0.4247787610619469
Ambessa,Caitlyn,630,295,0.46825396825396826
Ambessa,Maokai,133,65,0.48872180451127817
Ambessa,Naafiri,183,87,0.47540983606557374
Ambessa,Rell,149,80,0.5369127516778524
Ambessa,Soraka,294,153,0.5204081632653061
Ambessa,Warwick,282,142,0.5035460992907801
Ambessa,Yunara,318,160,0.5031446540880503
Caitlyn,Naafiri,571,289,0.5061295971978984
Caitlyn,Yunara,212,87,0.41037735849056606
Maokai,Naafiri,139,70,0.5035971223021583
Maokai,Rell,83,44,0.5301204819277109
Maokai,Soraka,147,72,0.4897959183673469
Maokai,Warwick,278,143,0.5143884892086331
Naafiri,Rell,118,56,0.4745762711864407
Naafiri,Soraka,262,128,0.48854961832061067
Naafiri,Warwick,267,140,0.5243445692883895
Rell,Soraka,78,38,0.48717948717948717
Rell,Warwick,222,110,0.4954954954954955
Soraka,Warwick,436,224,0.5137614678899083
Aphelios,Naafiri,205,109,0.5317073170731708
Aphelios,Nami,454,238,0.5242290748898678
Aphelios,Volibear,403,218,0.5409429280397022
Garen,Naafiri,338,164,0.48520710059171596
Naafiri,Nami,381,190,0.49868766404199477
Hecarim,Soraka,216,112,0.5185185185185185
Hecarim,Tryndamere,128,69,0.5390625
Hecarim,Vex,127,67,0.5275590551181102
Soraka,Tryndamere,237,128,0.540084388185654
Soraka,Vex,227,124,0.5462555066079295
Tryndamere,Yunara,273,139,0.5091575091575091
Vex,Yunara,270,119,0.44074074074074077
Lucian,Sion,415,207,0.4987951807228916
Kayn,Yunara,573,289,0.5043630017452007
Yunara,Zoe,306,141,0.46078431372549017
Lux,Singed,560,288,0.5142857142857142
Singed,Vladimir,176,86,0.48863636363636365
Soraka,Udyr,208,111,0.5336538461538461
Soraka,Zed,368,187,0.5081521739130435
Udyr,Zaahen,238,141,0.592436974789916
Udyr,Zed,232,100,0.43103448275862066
Ambessa,Jayce,108,53,0.49074074074074076
Ambessa,Kled,52,26,0.5
Jayce,Pyke,201,94,0.46766169154228854
Mel,Pyke,622,302,0.4855305466237942
Blitzcrank,Teemo,585,288,0.49230769230769234
Teemo,Urgot,286,156,0.5454545454545454
Teemo,Zaahen,660,369,0.5590909090909091
Urgot,Zaahen,175,94,0.5371428571428571
Mel,Nautilus,709,344,0.48519040902679833
Nautilus,Nidalee,266,119,0.4473684210526316
Nidalee,Sylas,231,120,0.5194805194805194
Teemo,Volibear,735,386,0.5251700680272109
Ekko,Nilah,169,83,0.4911242603550296
KSante,Lux,362,154,0.425414364640884
KSante,Nilah,83,50,0.6024096385542169
KSante,Yasuo,236,103,0.4364406779661017
Lux,Nilah,319,164,0.5141065830721003
Mel,Nasus,636,335,0.5267295597484277
Nasus,XinZhao,237,137,0.5780590717299579
Nunu,XinZhao,110,57,0.5181818181818182
Akali,Kalista,121,48,0.39669421487603307
FiddleSticks,Kalista,95,49,0.5157894736842106
Leona,Sett,603,332,0.5505804311774462
Ahri,Gnar,248,125,0.5040322580645161
FiddleSticks,Gnar,134,75,0.5597014925373134
FiddleSticks,Viego,181,93,0.5138121546961326
Gnar,Gragas,64,31,0.484375
Gnar,Yone,179,89,0.4972067039106145
Gragas,Sett,216,114,0.5277777777777778
Gragas,Udyr,133,69,0.518796992481203
Gragas,Yone,267,140,0.5243445692883895
Sett,Udyr,299,167,0.5585284280936454
Udyr,Viego,122,56,0.45901639344262296
Udyr,Yone,288,137,0.4756944444444444
Amumu,Briar,175,101,0.5771428571428572
Amumu,Kindred,119,69,0.5798319327731093
Amumu,Singed,291,147,0.5051546391752577
Amumu,Volibear,353,189,0.5354107648725213
Briar,Kindred,93,51,0.5483870967741935
Briar,Zed,310,140,0.45161290322580644
Kindred,Singed,171,88,0.5146198830409356
Kindred,Tristana,250,111,0.444
Kindred,Volibear,199,95,0.47738693467336685
Kindred,Zed,205,98,0.47804878048780486
MissFortune,Tristana,337,176,0.5222551928783383
Singed,Volibear,283,155,0.5477031802120141
Aatrox,Kaisa,760,380,0.5
Katarina,Sylas,292,141,0.4828767123287671
Annie,Chogath,261,135,0.5172413793103449
Annie,Milio,202,96,0.4752475247524752
Annie,Shen,186,104,0.5591397849462365
Chogath,Milio,429,216,0.5034965034965035
Ashe,Kayn,1172,568,0.48464163822525597
Heimerdinger,Quinn,143,74,0.5174825174825175
Kayn,Quinn,248,129,0.5201612903225806
Akali,DrMundo,588,312,0.5306122448979592
Akali,Kaisa,703,319,0.45376955903271693
Azir,Garen,240,108,0.45
Azir,Mel,170,76,0.4470588235294118
Azir,Warwick,215,94,0.4372093023255814
Azir,Ziggs,84,38,0.4523809523809524
Mel,Ziggs,380,200,0.5263157894736842
Blitzcrank,Shen,277,163,0.5884476534296029
Lux,TahmKench,604,304,0.5033112582781457
Lux,Twitch,829,383,0.4620024125452352
Smolder,Vayne,369,179,0.48509485094850946
Twitch,Vayne,288,126,0.4375
Brand,Nunu,319,155,0.48589341692789967
Nasus,Pantheon,435,203,0.4666666666666667
Nasus,Trundle,212,106,0.5
Ekko,Jinx,937,478,0.5101387406616862
Ahri,KSante,254,137,0.5393700787401575
KSante,Morgana,295,144,0.488135593220339
KSante,Tristana,196,78,0.3979591836734694
KSante,XinZhao,149,58,0.38926174496644295
Lucian,Ziggs,265,127,0.47924528301886793
Vayne,Ziggs,280,144,0.5142857142857142
Evelynn,Kled,75,41,0.5466666666666666
Evelynn,Malzahar,201,92,0.4577114427860697
Evelynn,Smolder,298,146,0.4899328859060403
Evelynn,Thresh,256,130,0.5078125
Kled,Malzahar,145,74,0.5103448275862069
Kled,Smolder,174,104,0.5977011494252874
Kled,Thresh,162,91,0.5617283950617284
Malzahar,Smolder,730,381,0.5219178082191781
Malzahar,Thresh,656,341,0.5198170731707317
Smolder,Thresh,763,400,0.5242463958060288
Ekko,Vi,198,85,0.4292929292929293
Jhin,Pyke,922,422,0.45770065075921906
Vi,Volibear,223,110,0.49327354260089684
Ahri,JarvanIV,442,231,0.5226244343891403
Draven,JarvanIV,246,127,0.516260162601626
Draven,Singed,191,87,0.45549738219895286
Draven,Thresh,554,274,0.49458483754512633
Bard,Hwei,237,115,0.48523206751054854
Bard,Mordekaiser,374,186,0.49732620320855614
Braum,Hwei,197,92,0.467005076142132
Ivern,Tristana,172,93,0.5406976744186046
Ivern,Tryndamere,80,37,0.4625
Syndra,Tristana,365,184,0.5041095890410959
Tristana,Tryndamere,334,177,0.5299401197604791
Briar,Nami,522,292,0.5593869731800766
Malphite,Shen,340,189,0.5558823529411765
Malphite,Yone,623,332,0.5329052969502408
MonkeyKing,Nami,356,186,0.5224719101123596
Nami,Nami,27,14,0.5185185185185185
Nami,Yone,676,345,0.5103550295857988
Nunu,Shen,223,121,0.5426008968609866
Anivia,Katarina,106,47,0.44339622641509435
Anivia,KogMaw,144,80,0.5555555555555556
Anivia,Sona,173,87,0.5028901734104047
Irelia,KogMaw,154,78,0.5064935064935064
Kaisa,KogMaw,180,94,0.5222222222222223
Kaisa,Senna,592,280,0.47297297297297297
Katarina,KogMaw,183,90,0.4918032786885246
Katarina,Senna,398,191,0.4798994974874372
KogMaw,LeeSin,235,100,0.425531914893617
KogMaw,Senna,218,110,0.5045871559633027
KogMaw,Sona,180,100,0.5555555555555556
LeeSin,Sona,240,96,0.4
Azir,Gnar,83,38,0.4578313253012048
Azir,Yunara,199,80,0.4020100502512563
Azir,Zac,100,54,0.54
Gnar,Nami,229,105,0.4585152838427948
Gnar,Zac,96,48,0.5
Yunara,Zac,234,102,0.4358974358974359
Aphelios,Viktor,250,115,0.46
Illaoi,Kayn,275,142,0.5163636363636364
Illaoi,Viktor,176,86,0.48863636363636365
Kayn,Leona,565,297,0.5256637168141592
Kayn,Viktor,383,175,0.45691906005221933
Leona,Viktor,304,157,0.5164473684210527
Chogath,DrMundo,481,269,0.5592515592515592
Chogath,Naafiri,281,142,0.505338078291815
DrMundo,Naafiri,326,156,0.4785276073619632
Naafiri,Sivir,211,109,0.5165876777251185
Senna,Yunara,345,160,0.463768115942029
Jhin,Samira,175,76,0.4342857142857143
Leblanc,Pyke,273,119,0.4358974358974359
Leblanc,Renekton,187,82,0.4385026737967914
Leblanc,Talon,106,53,0.5
Leblanc,Tristana,336,166,0.49404761904761907
Pyke,Samira,441,221,0.5011337868480725
Renekton,Talon,159,73,0.4591194968553459
Renekton,Teemo,229,126,0.5502183406113537
Samira,Talon,154,68,0.44155844155844154
Talon,Tristana,232,122,0.5258620689655172
Chogath,Sett,438,258,0.589041095890411
Chogath,Tristana,573,295,0.5148342059336823
FiddleSticks,Lillia,123,63,0.5121951219512195
FiddleSticks,Tristana,331,166,0.5015105740181269
FiddleSticks,Yuumi,210,109,0.5190476190476191
LeeSin,Lillia,116,70,0.603448275862069
LeeSin,Tristana,369,150,0.4065040650406504
LeeSin,Yuumi,262,108,0.4122137404580153
Lucian,Riven,315,154,0.4888888888888889
Lucian,Smolder,247,121,0.4898785425101215
Nautilus,Riven,367,166,0.45231607629427795
Riven,Smolder,428,220,0.514018691588785
Riven,Zilean,148,72,0.4864864864864865
Brand,Illaoi,359,180,0.5013927576601671
Brand,Taliyah,165,71,0.4303030303030303
Illaoi,Taliyah,118,64,0.5423728813559322
Illaoi,Twitch,277,144,0.51985559566787
Taliyah,Twitch,173,81,0.4682080924855491
Akshan,Chogath,254,122,0.48031496062992124
Akshan,Ekko,190,88,0.4631578947368421
Akshan,Kayle,220,99,0.45
Ekko,Kayle,342,174,0.5087719298245614
Draven,Maokai,174,87,0.5
Draven,MasterYi,330,169,0.5121212121212121
Draven,Sett,329,162,0.49240121580547114
Maokai,Sett,290,155,0.5344827586206896
MasterYi,Sett,625,348,0.5568
Galio,Illaoi,196,104,0.5306122448979592
Galio,Pyke,364,170,0.46703296703296704
Galio,Zeri,198,112,0.5656565656565656
Nocturne,Zeri,122,58,0.47540983606557374
Pyke,Zeri,211,88,0.41706161137440756
Kayn,Sivir,416,188,0.4519230769230769
Kayn,Taliyah,196,98,0.5
Shen,Taliyah,143,65,0.45454545454545453
Sivir,Taliyah,157,76,0.4840764331210191
Brand,Fizz,345,178,0.5159420289855072
Fizz,Pantheon,444,233,0.5247747747747747
Fizz,Vayne,522,277,0.5306513409961686
Ashe,Cassiopeia,292,139,0.476027397260274
Ashe,Urgot,527,269,0.5104364326375711
Cassiopeia,Urgot,105,48,0.45714285714285713
Quinn,Urgot,95,42,0.4421052631578947
Ezreal,Yone,704,315,0.4474431818181818
Rengar,Syndra,236,109,0.461864406779661
Rengar,Yone,318,158,0.4968553459119497
Syndra,Yone,258,140,0.5426356589147286
Camille,MonkeyKing,92,39,0.42391304347826086
Camille,Swain,149,77,0.5167785234899329
MonkeyKing,Swain,284,170,0.5985915492957746
Aatrox,Jayce,126,64,0.5079365079365079
Aatrox,Viktor,344,162,0.47093023255813954
Aatrox,Xayah,313,140,0.4472843450479233
Blitzcrank,Jayce,234,106,0.452991452991453
Blitzcrank,Viktor,321,162,0.5046728971962616
Jayce,Katarina,149,64,0.42953020134228187
Jayce,TahmKench,151,62,0.4105960264900662
Jayce,Viktor,174,85,0.4885057471264368
Jayce,Ziggs,204,101,0.4950980392156863
TahmKench,Viktor,234,109,0.4658119658119658
TahmKench,Ziggs,255,132,0.5176470588235295
Viktor,Xayah,206,109,0.529126213592233
Ashe,Lillia,569,297,0.5219683655536028
Briar,Lillia,156,85,0.5448717948717948
Briar,MasterYi,219,106,0.4840182648401826
Briar,Udyr,138,87,0.6304347826086957
Galio,MasterYi,545,285,0.5229357798165137
Galio,Udyr,197,106,0.5380710659898477
Jinx,Senna,687,332,0.48326055312954874
MasterYi,Senna,502,236,0.4701195219123506
MasterYi,Udyr,148,73,0.49324324324324326
Sett,Zyra,472,272,0.576271186440678
Udyr,Zyra,210,112,0.5333333333333333
Ekko,JarvanIV,236,110,0.4661016949152542
Hwei,JarvanIV,286,136,0.4755244755244755
Akali,TahmKench,365,169,0.46301369863013697
Aurora,Teemo,368,182,0.4945652173913043
Aurora,Warwick,349,174,0.498567335243553
Brand,Shen,411,214,0.5206812652068127
Jayce,Teemo,241,127,0.5269709543568465
Jayce,Vayne,241,109,0.45228215767634855
Gnar,LeeSin,120,63,0.525
Gnar,Lillia,158,86,0.5443037974683544
Gnar,Yasuo,230,132,0.5739130434782609
LeeSin,Yasuo,517,251,0.48549323017408125
LeeSin,Zed,253,106,0.4189723320158103
Darius,Malphite,415,194,0.4674698795180723
Akshan,Khazix,132,64,0.48484848484848486
Akshan,Neeko,171,85,0.49707602339181284
Garen,Khazix,390,182,0.4666666666666667
Khazix,Neeko,264,123,0.4659090909090909
AurelionSol,Kennen,110,53,0.4818181818181818
AurelionSol,Malphite,378,195,0.5158730158730159
Jinx,Kennen,352,170,0.48295454545454547
Kennen,Malphite,179,84,0.4692737430167598
Kennen,MasterYi,211,108,0.5118483412322274
Ashe,Singed,521,274,0.525911708253359
JarvanIV,Olaf,116,70,0.603448275862069
Karma,Olaf,147,94,0.6394557823129252
Karma,Singed,220,117,0.5318181818181819
Olaf,Singed,115,68,0.591304347826087
Bard,Yone,361,175,0.48476454293628807
LeeSin,Mordekaiser,433,214,0.4942263279445728
LeeSin,Yone,399,191,0.47869674185463656
Elise,Fizz,101,54,0.5346534653465347
Elise,Jinx,288,138,0.4791666666666667
Elise,MonkeyKing,91,41,0.45054945054945056
Elise,TahmKench,99,46,0.46464646464646464
Fizz,Jinx,724,383,0.5290055248618785
Jinx,TahmKench,675,344,0.5096296296296297
Caitlyn,Udyr,504,268,0.5317460317460317
Morgana,Udyr,388,197,0.5077319587628866
Draven,Gnar,120,58,0.48333333333333334
Draven,Jinx,118,44,0.3728813559322034
Gnar,Malzahar,202,115,0.5693069306930693
Gnar,Sylas,244,111,0.45491803278688525
Diana,Soraka,442,241,0.5452488687782805
Quinn,Vayne,218,112,0.5137614678899083
Darius,Ivern,189,98,0.5185185185185185
Darius,Jax,464,211,0.4547413793103448
Darius,Zyra,503,249,0.49502982107355864
Draven,Ezreal,123,48,0.3902439024390244
Draven,Ivern,100,51,0.51
Draven,Jax,336,161,0.4791666666666667
Draven,Senna,211,96,0.4549763033175355
Draven,Zyra,226,119,0.5265486725663717
Ezreal,Jax,688,322,0.4680232558139535
Ivern,Jax,152,76,0.5
Ivern,Senna,174,88,0.5057471264367817
Ivern,Zyra,113,58,0.5132743362831859
Senna,Zyra,288,150,0.5208333333333334
Ashe,Ekko,846,420,0.49645390070921985
Darius,Nasus,231,114,0.4935064935064935
Darius,Samira,409,206,0.5036674816625917
Ekko,Samira,335,159,0.4746268656716418
Nasus,Samira,284,129,0.45422535211267606
Pyke,Seraphine,181,85,0.4696132596685083
Pyke,Sivir,347,171,0.49279538904899134
Samira,Sivir,67,33,0.4925373134328358
Kindred,Sion,236,116,0.4915254237288136
Illaoi,Lucian,247,109,0.44129554655870445
Illaoi,Malphite,224,128,0.5714285714285714
Nami,Seraphine,186,92,0.4946236559139785
MissFortune,Sona,678,345,0.5088495575221239
Shaco,Zyra,347,176,0.5072046109510087
Sona,Zyra,157,86,0.5477707006369427
Blitzcrank,MasterYi,481,256,0.5322245322245323
JarvanIV,MasterYi,140,70,0.5
JarvanIV,Riven,222,95,0.42792792792792794
Diana,Milio,475,258,0.5431578947368421
Graves,Vex,188,97,0.5159574468085106
Milio,Vex,230,115,0.5
Smolder,Vex,350,185,0.5285714285714286
Draven,Kaisa,154,70,0.45454545454545453
Draven,Katarina,245,131,0.5346938775510204
Draven,Vi,198,101,0.51010101010101
Kaisa,Rell,370,167,0.45135135135135135
Katarina,Rell,164,75,0.4573170731707317
Katarina,Vi,228,109,0.4780701754385965
Rell,Vi,128,59,0.4609375
Kaisa,Nocturne,532,273,0.5131578947368421
Nocturne,TwistedFate,196,90,0.45918367346938777
Alistar,Gangplank,138,60,0.43478260869565216
Alistar,Sejuani,101,52,0.5148514851485149
Alistar,Sivir,212,93,0.4386792452830189
Fizz,Gangplank,176,82,0.4659090909090909
Fizz,Sejuani,149,67,0.44966442953020136
Sejuani,Sivir,134,68,0.5074626865671642
Aatrox,Yuumi,315,151,0.4793650793650794
Ekko,Yuumi,331,157,0.4743202416918429
Ekko,Zed,368,179,0.48641304347826086
Belveth,Hwei,136,64,0.47058823529411764
Belveth,MissFortune,360,185,0.5138888888888888
Belveth,Nami,229,124,0.5414847161572053
MissFortune,Nami,1092,557,0.51007326007326
Bard,KogMaw,132,63,0.4772727272727273
Bard,Xayah,191,95,0.4973821989528796
Janna,Tristana,257,121,0.4708171206225681
Janna,Xayah,196,109,0.5561224489795918
KogMaw,Tristana,142,77,0.5422535211267606
KogMaw,Xayah,111,61,0.5495495495495496
Tristana,Xayah,136,66,0.4852941176470588
Milio,Sona,72,30,0.4166666666666667
Milio,Soraka,69,25,0.36231884057971014
Milio,Velkoz,180,92,0.5111111111111111
Rammus,Soraka,154,84,0.5454545454545454
Rammus,Velkoz,180,94,0.5222222222222223
Sona,Soraka,120,58,0.48333333333333334
Soraka,Velkoz,187,94,0.5026737967914439
Alistar,DrMundo,360,179,0.49722222222222223
Alistar,Jhin,483,244,0.505175983436853
Alistar,Katarina,218,99,0.4541284403669725
Alistar,Khazix,197,93,0.4720812182741117
DrMundo,Katarina,506,246,0.48616600790513836
DrMundo,Khazix,331,166,0.5015105740181269
Camille,Draven,129,52,0.40310077519379844
Camille,Thresh,192,91,0.4739583333333333
Draven,LeeSin,235,107,0.4553191489361702
LeeSin,Volibear,249,113,0.4538152610441767
Shyvana,Zilean,90,44,0.4888888888888889
Zilean,Zoe,137,60,0.43795620437956206
DrMundo,Lucian,600,307,0.5116666666666667
DrMundo,Xerath,577,331,0.5736568457538995
Lucian,Xerath,381,200,0.5249343832020997
MasterYi,Velkoz,466,256,0.5493562231759657
Velkoz,Xerath,310,172,0.5548387096774193
Jinx,Taliyah,295,145,0.4915254237288136
Taliyah,Veigar,133,63,0.47368421052631576
Taliyah,Warwick,163,80,0.49079754601226994
Briar,Twitch,396,192,0.48484848484848486
Ahri,Ambessa,438,234,0.5342465753424658
Ahri,Xayah,493,234,0.4746450304259635
Ambessa,Xayah,220,109,0.4954545454545455
Ambessa,Zaahen,301,159,0.5282392026578073
Xayah,Zaahen,371,185,0.49865229110512127
Kindred,Nasus,184,82,0.44565217391304346
Lux,Naafiri,595,306,0.5142857142857142
Lux,Yunara,893,422,0.47256438969764836
Naafiri,Nasus,218,122,0.5596330275229358
Aurora,Renekton,185,92,0.4972972972972973
Renekton,Shaco,284,147,0.5176056338028169
DrMundo,Pantheon,668,352,0.5269461077844312
Pantheon,Volibear,559,306,0.5474060822898033
Briar,Renata,131,67,0.5114503816793893
Mordekaiser,Renata,173,88,0.5086705202312138
Renata,Vayne,226,121,0.5353982300884956
Jhin,Viktor,617,302,0.48946515397082657
MonkeyKing,Viktor,214,122,0.5700934579439252
Senna,Viktor,363,181,0.4986225895316804
Kayle,Mel,579,307,0.5302245250431779
Kayle,Yunara,375,188,0.5013333333333333
Ambessa,Illaoi,111,48,0.43243243243243246
Ambessa,Malzahar,324,177,0.5462962962962963
Ambessa,Taric,105,49,0.4666666666666667
Illaoi,Smolder,339,188,0.5545722713864307
Illaoi,Taric,93,42,0.45161290322580644
Malzahar,Taric,189,115,0.6084656084656085
Aatrox,Annie,196,104,0.5306122448979592
Aatrox,Caitlyn,932,445,0.47746781115879827
Annie,Caitlyn,456,224,0.49122807017543857
Annie,Nami,240,120,0.5
Akali,Hecarim,264,111,0.42045454545454547
Hecarim,Malphite,233,119,0.5107296137339056
Hecarim,MissFortune,432,210,0.4861111111111111
Malphite,Nautilus,701,351,0.5007132667617689
Chogath,Lucian,512,243,0.474609375
Lucian,Vladimir,356,180,0.5056179775280899
Nami,Riven,408,175,0.42892156862745096
Riven,Vladimir,204,100,0.49019607843137253
Riven,Sivir,228,113,0.4956140350877193
Riven,Udyr,154,80,0.5194805194805194
Riven,Yuumi,215,82,0.3813953488372093
Udyr,Yuumi,202,107,0.5297029702970297
Aatrox,Ahri,647,312,0.482225656877898
Aatrox,Evelynn,190,91,0.4789473684210526
Evelynn,Soraka,173,91,0.5260115606936416
Evelynn,Varus,160,77,0.48125
Soraka,Varus,319,162,0.5078369905956113
Ambessa,Senna,318,157,0.4937106918238994
Ambessa,Thresh,392,192,0.4897959183673469
Ambessa,Velkoz,263,149,0.5665399239543726
Nunu,Thresh,350,172,0.49142857142857144
Thresh,Velkoz,264,140,0.5303030303030303
Nautilus,Sett,598,286,0.4782608695652174
Corki,Mel,270,124,0.45925925925925926
Corki,Olaf,81,40,0.49382716049382713
Corki,Sona,137,70,0.5109489051094891
Corki,Talon,105,41,0.3904761904761905
Sona,Talon,171,92,0.5380116959064327
Aatrox,Hwei,344,158,0.45930232558139533
Hwei,Katarina,139,59,0.4244604316546763
Hwei,Yuumi,227,100,0.44052863436123346
Shaco,Yuumi,268,123,0.458955223880597
Ezreal,Vi,362,176,0.4861878453038674
Ezreal,Volibear,644,308,0.4782608695652174
Ezreal,Zaahen,800,398,0.4975
Morgana,Zaahen,954,477,0.5
DrMundo,Viktor,421,202,0.47980997624703087
Viego,Viktor,352,171,0.48579545454545453
Akali,Talon,185,71,0.3837837837837838
Talon,Volibear,230,102,0.4434782608695652
Ashe,Naafiri,533,223,0.41838649155722324
Diana,Lux,1094,592,0.5411334552102377
Diana,Naafiri,256,135,0.52734375
Diana,Sett,697,342,0.49067431850789095
Kennen,Morgana,259,142,0.5482625482625483
Kennen,Seraphine,188,95,0.5053191489361702
Kennen,Trundle,138,66,0.4782608695652174
Bard,Chogath,326,162,0.49693251533742333
Bard,Nidalee,170,75,0.4411764705882353
Bard,Thresh,97,39,0.4020618556701031
Bard,Twitch,282,130,0.46099290780141844
Nidalee,Thresh,293,114,0.3890784982935154
Nidalee,Twitch,238,110,0.46218487394957986
Thresh,Twitch,541,268,0.4953789279112754
Ashe,Kaisa,420,183,0.4357142857142857
Ashe,Trundle,657,342,0.5205479452054794
Poppy,Trundle,206,97,0.470873786407767
Trundle,XinZhao,140,80,0.5714285714285714
Caitlyn,Malzahar,1200,629,0.5241666666666667
Malzahar,Teemo,739,396,0.5358592692828146
AurelionSol,Katarina,130,68,0.5230769230769231
AurelionSol,Maokai,193,102,0.5284974093264249
AurelionSol,Nasus,215,115,0.5348837209302325
Maokai,Nasus,195,102,0.5230769230769231
Chogath,Hecarim,252,135,0.5357142857142857
Chogath,KogMaw,303,168,0.5544554455445545
Hecarim,KogMaw,132,67,0.5075757575757576
Hecarim,Xayah,165,86,0.5212121212121212
KogMaw,Swain,234,115,0.49145299145299143
Bard,Brand,198,101,0.51010101010101
Bard,Jhin,663,319,0.48114630467571645
Brand,Nidalee,234,118,0.5042735042735043
Malphite,Nidalee,269,128,0.4758364312267658
Briar,Veigar,548,305,0.5565693430656934
Udyr,Veigar,321,167,0.5202492211838006
Senna,Sylas,639,309,0.4835680751173709
Senna,Xayah,261,126,0.4827586206896552
Sylas,Sylas,41,18,0.43902439024390244
Twitch,Zaahen,578,299,0.5173010380622838
Fizz,Leblanc,117,54,0.46153846153846156
Fizz,Ornn,220,100,0.45454545454545453
Fizz,Swain,327,178,0.5443425076452599
Fizz,Tryndamere,232,127,0.5474137931034483
Khazix,Leblanc,220,98,0.44545454545454544
Khazix,Ornn,213,77,0.3615023474178404
Khazix,Swain,342,167,0.48830409356725146
Khazix,Viego,58,23,0.39655172413793105
Leblanc,Ornn,209,100,0.4784688995215311
Leblanc,Swain,233,111,0.47639484978540775
Leblanc,TahmKench,222,89,0.4009009009009009
Leblanc,Tryndamere,189,93,0.49206349206349204
Leblanc,Viego,351,162,0.46153846153846156
Ornn,Swain,306,165,0.5392156862745098
Ornn,TahmKench,214,95,0.4439252336448598
Ornn,Tryndamere,152,78,0.5131578947368421
Ornn,Viego,312,147,0.47115384615384615
Swain,TahmKench,317,179,0.5646687697160884
Swain,Tryndamere,316,184,0.5822784810126582
TahmKench,Tryndamere,219,108,0.4931506849315068
Fizz,Shen,293,159,0.5426621160409556
Khazix,Zeri,165,71,0.4303030303030303
Hwei,Jinx,689,355,0.5152394775036284
Hwei,Kled,113,59,0.5221238938053098
Hwei,Lux,565,271,0.479646017699115
Kled,Lux,300,164,0.5466666666666666
Braum,Gangplank,139,62,0.4460431654676259
Braum,Pantheon,228,110,0.4824561403508772
Braum,Shaco,191,89,0.46596858638743455
Braum,Vayne,351,171,0.48717948717948717
Gangplank,Sion,152,74,0.4868421052631579
Gangplank,Vayne,265,142,0.5358490566037736
Gangplank,Veigar,281,135,0.4804270462633452
Karthus,Pantheon,303,147,0.48514851485148514
Karthus,Shaco,139,76,0.5467625899280576
Karthus,Sion,197,117,0.5939086294416244
Ahri,Annie,172,90,0.5232558139534884
Ahri,Illaoi,380,204,0.5368421052631579
Ahri,Ryze,173,90,0.5202312138728323
Annie,Kayn,252,121,0.4801587301587302
Annie,Rumble,85,32,0.3764705882352941
Annie,Ryze,106,60,0.5660377358490566
Annie,Ziggs,144,81,0.5625
Illaoi,Rumble,77,36,0.4675324675324675
Illaoi,Ryze,154,75,0.487012987012987
Illaoi,TwistedFate,194,108,0.5567010309278351
Illaoi,Ziggs,178,92,0.5168539325842697
Kayn,Rumble,163,75,0.4601226993865031
Kayn,Ryze,327,181,0.5535168195718655
Kayn,TwistedFate,350,170,0.4857142857142857
Rumble,Ryze,79,40,0.5063291139240507
Rumble,TwistedFate,111,49,0.44144144144144143
Rumble,Ziggs,99,49,0.494949494949495
TwistedFate,Ziggs,203,97,0.47783251231527096
Diana,Kennen,183,87,0.47540983606557374
Diana,Rell,272,140,0.5147058823529411
Kennen,Rell,98,52,0.5306122448979592
Rell,Sion,212,101,0.47641509433962265
Rell,Sivir,157,78,0.4968152866242038
Camille,Soraka,125,61,0.488
Jinx,Pyke,844,415,0.49170616113744076
Mordekaiser,Pyke,674,343,0.5089020771513353
Aurora,Malphite,316,151,0.4778481012658228
Ivern,Zilean,71,40,0.5633802816901409
Tristana,Zilean,229,111,0.4847161572052402
Tristana,Zyra,458,246,0.537117903930131
Zilean,Zyra,123,61,0.4959349593495935
Jinx,Quinn,407,186,0.457002457002457
Quinn,Yone,168,81,0.48214285714285715
Alistar,Syndra,190,91,0.4789473684210526
Jinx,Smolder,420,195,0.4642857142857143
Jinx,Syndra,612,289,0.4722222222222222
Jinx,Velkoz,671,343,0.511177347242921
Syndra,Velkoz,217,114,0.5253456221198156
Chogath,Sona,355,188,0.5295774647887324
Chogath,Viktor,312,159,0.5096153846153846
Rakan,Sona,55,30,0.5454545454545454
Rakan,Viktor,150,71,0.47333333333333333
Ashe,Khazix,542,271,0.5
DrMundo,Karma,455,232,0.5098901098901099
Karma,Khazix,226,102,0.45132743362831856
Irelia,Olaf,95,51,0.5368421052631579
Irelia,Tristana,348,166,0.47701149425287354
Jhin,Olaf,298,160,0.5369127516778524
Olaf,Tristana,185,99,0.5351351351351351
Akali,Malzahar,153,70,0.45751633986928103
Mel,Zeri,298,139,0.4664429530201342
Smolder,Zeri,146,60,0.410958904109589
Thresh,Zeri,233,101,0.4334763948497854
Diana,Heimerdinger,261,141,0.5402298850574713
Diana,Jax,541,273,0.5046210720887245
Diana,Nami,673,362,0.537890044576523
Heimerdinger,Jax,260,138,0.5307692307692308
Aphelios,Evelynn,136,69,0.5073529411764706
Aphelios,Gnar,138,60,0.43478260869565216
Aphelios,Lux,640,336,0.525
Evelynn,Gnar,94,37,0.39361702127659576
Evelynn,Leblanc,116,57,0.49137931034482757
Gnar,Leblanc,113,50,0.4424778761061947
Leblanc,Lux,442,221,0.5
Garen,Leona,593,308,0.5193929173693086
Garen,Ryze,281,136,0.48398576512455516
Leona,Vi,290,131,0.4517241379310345
Amumu,Braum,223,109,0.48878923766816146
Amumu,DrMundo,502,271,0.5398406374501992
Amumu,Naafiri,262,133,0.5076335877862596
Amumu,Viego,198,114,0.5757575757575758
Braum,DrMundo,318,143,0.449685534591195
Braum,Ekko,280,139,0.49642857142857144
Briar,Ekko,306,169,0.5522875816993464
Ekko,Naafiri,193,100,0.5181347150259067
Ekko,Viego,337,156,0.4629080118694362
Naafiri,Tristana,278,130,0.4676258992805755
Naafiri,Viego,199,98,0.49246231155778897
Tristana,Viego,538,248,0.46096654275092935
Ambessa,Elise,137,72,0.5255474452554745
Ambessa,Lucian,315,146,0.4634920634920635
Ambessa,Renekton,109,60,0.5504587155963303
Ambessa,Talon,133,68,0.5112781954887218
Elise,Ezreal,233,101,0.4334763948497854
Elise,Lucian,189,91,0.48148148148148145
Elise,Poppy,86,35,0.4069767441860465
Elise,Renekton,133,71,0.5338345864661654
Ezreal,MissFortune,378,173,0.4576719576719577
Ezreal,Poppy,358,159,0.4441340782122905
Ezreal,Renekton,351,158,0.45014245014245013
Ezreal,Talon,312,141,0.4519230769230769
Lucian,MissFortune,243,118,0.48559670781893005
Lucian,Talon,215,106,0.4930232558139535
MissFortune,Poppy,589,322,0.5466893039049237
AurelionSol,Chogath,370,198,0.5351351351351351
AurelionSol,Kalista,107,45,0.4205607476635514
AurelionSol,LeeSin,226,109,0.4823008849557522
AurelionSol,Sejuani,114,57,0.5
AurelionSol,Zac,140,78,0.5571428571428572
Caitlyn,Kalista,106,51,0.4811320754716981
Chogath,Kalista,179,100,0.5586592178770949
Chogath,Sejuani,207,112,0.5410628019323671
Chogath,Zac,229,119,0.519650655021834
Kalista,LeeSin,95,44,0.4631578947368421
Kalista,MasterYi,148,68,0.4594594594594595
Kalista,Sejuani,76,39,0.5131578947368421
Kalista,Zac,87,40,0.45977011494252873
LeeSin,MasterYi,177,93,0.5254237288135594
LeeSin,Sejuani,79,31,0.3924050632911392
MasterYi,Sejuani,117,61,0.5213675213675214
Sejuani,Zac,63,32,0.5079365079365079
Aatrox,Corki,161,83,0.515527950310559
Aatrox,Heimerdinger,165,94,0.5696969696969697
Aatrox,Naafiri,261,112,0.42911877394636017
Aatrox,Nidalee,202,96,0.4752475247524752
Ashe,Corki,165,80,0.48484848484848486
Corki,Kayle,168,79,0.47023809523809523
Corki,Naafiri,95,45,0.47368421052631576
Corki,Smolder,154,69,0.44805194805194803
Heimerdinger,Naafiri,170,84,0.49411764705882355
Heimerdinger,Nidalee,150,74,0.49333333333333335
Heimerdinger,Smolder,383,189,0.4934725848563969
Kayle,Naafiri,247,130,0.5263157894736842
Kayle,Nidalee,213,110,0.5164319248826291
Naafiri,Nidalee,130,68,0.5230769230769231
Nidalee,Smolder,338,167,0.4940828402366864
Ahri,Heimerdinger,329,184,0.5592705167173252
Ahri,Kaisa,938,463,0.4936034115138593
Heimerdinger,Kaisa,399,193,0.48370927318295737
Heimerdinger,Lux,564,299,0.5301418439716312
Ashe,Lissandra,303,153,0.504950495049505
AurelionSol,Lissandra,79,46,0.5822784810126582
AurelionSol,Nocturne,219,127,0.5799086757990868
AurelionSol,Renekton,217,109,0.5023041474654378
Lissandra,Renekton,118,51,0.4322033898305085
Aphelios,Jhin,163,82,0.5030674846625767
Aphelios,Swain,286,144,0.5034965034965035
Swain,Teemo,606,346,0.570957095709571
Garen,Lux,1461,789,0.5400410677618069
Garen,Zed,541,269,0.49722735674676527
Lux,Skarner,249,114,0.4578313253012048
MissFortune,Skarner,226,107,0.47345132743362833
Skarner,Zed,106,50,0.4716981132075472
Ahri,Rakan,303,139,0.45874587458745875
Draven,Kayle,268,129,0.48134328358208955
Draven,Nocturne,204,104,0.5098039215686274
Draven,Rakan,123,56,0.45528455284552843
Kayle,Nocturne,270,140,0.5185185185185185
Kayle,Rakan,190,88,0.4631578947368421
Nocturne,Rakan,152,79,0.5197368421052632
Diana,KSante,223,99,0.4439461883408072
Diana,Sylas,402,206,0.5124378109452736
KSante,Sylas,271,128,0.47232472324723246
KSante,Thresh,231,106,0.4588744588744589
Aphelios,Mel,486,229,0.4711934156378601
Aphelios,Neeko,240,107,0.44583333333333336
Aphelios,Nunu,219,112,0.5114155251141552
LeeSin,Neeko,248,123,0.4959677419354839
LeeSin,Nunu,148,62,0.4189189189189189
LeeSin,Veigar,467,238,0.5096359743040685
Mel,Neeko,389,180,0.46272493573264784
Mel,Rell,293,149,0.5085324232081911
Neeko,Rell,97,43,0.44329896907216493
Neeko,Veigar,354,160,0.4519774011299435
Nunu,Veigar,359,177,0.49303621169916434
Rell,Rell,19,10,0.5263157894736842
Rell,Veigar,270,138,0.5111111111111111
Ezreal,Viktor,400,157,0.3925
Fizz,Veigar,198,97,0.4898989898989899
Fizz,Viktor,105,52,0.49523809523809526
Kayn,Khazix,73,27,0.3698630136986301
Kayn,Volibear,365,181,0.4958904109589041
Khazix,Volibear,194,92,0.4742268041237113
Veigar,Viktor,178,88,0.4943820224719101
Veigar,Zed,354,168,0.4745762711864407
Viktor,Zed,167,80,0.47904191616766467
Bard,Leona,106,52,0.49056603773584906
Bard,Yorick,202,99,0.4900990099009901
Gwen,Jayce,159,82,0.5157232704402516
Gwen,Samira,296,152,0.5135135135135135
Gwen,Yorick,135,70,0.5185185185185185
Gwen,Zaahen,421,202,0.47980997624703087
Jayce,Samira,181,84,0.46408839779005523
Jayce,Yorick,98,53,0.5408163265306123
Leona,Yorick,313,168,0.536741214057508
Mel,Yorick,607,324,0.5337726523887973
Samira,Yorick,225,120,0.5333333333333333
Samira,Zaahen,458,229,0.5
Yorick,Zaahen,189,106,0.5608465608465608
Jhin,Jhin,71,42,0.5915492957746479
Olaf,Vi,134,80,0.5970149253731343
Olaf,Zaahen,116,62,0.5344827586206896
Olaf,Zac,94,50,0.5319148936170213
Vi,Viego,85,49,0.5764705882352941
Vi,Zac,102,56,0.5490196078431373
Zaahen,Zac,254,135,0.531496062992126
Annie,Jax,303,161,0.5313531353135313
Annie,Kayle,220,107,0.4863636363636364
Annie,Yuumi,159,78,0.49056603773584906
Ashe,Jax,1158,601,0.5189982728842832
Jax,Kayle,382,206,0.5392670157068062
Garen,Qiyana,221,99,0.4479638009049774
Qiyana,Thresh,253,120,0.4743083003952569
Ashe,Taric,320,177,0.553125
Jax,Xerath,463,267,0.5766738660907127
Kayn,Taric,154,75,0.487012987012987
Taric,Xerath,96,51,0.53125
Malzahar,Xayah,341,163,0.4780058651026393
Shaco,Shen,356,183,0.5140449438202247
Shaco,Xayah,300,146,0.4866666666666667
Shen,Xayah,251,140,0.5577689243027888
Thresh,Xayah,392,198,0.5051020408163265
Ekko,FiddleSticks,199,109,0.5477386934673367
Ekko,Ziggs,267,127,0.4756554307116105
FiddleSticks,Zac,96,41,0.4270833333333333
FiddleSticks,Ziggs,181,96,0.5303867403314917
Volibear,Zac,169,91,0.5384615384615384
Volibear,Ziggs,355,174,0.49014084507042255
Zac,Ziggs,163,74,0.4539877300613497
Kaisa,Orianna,486,241,0.49588477366255146
Kaisa,Shyvana,273,133,0.48717948717948717
Karma,Orianna,251,130,0.5179282868525896
Karma,Shyvana,157,81,0.5159235668789809
Shyvana,Tryndamere,107,57,0.5327102803738317
Briar,Illaoi,256,133,0.51953125
Briar,Shaco,205,99,0.48292682926829267
Illaoi,Shaco,251,133,0.5298804780876494
Malphite,Swain,566,312,0.5512367491166078
Shaco,Swain,447,220,0.49217002237136465
Rakan,Skarner,64,27,0.421875
Sivir,Skarner,88,44,0.5
Skarner,Yasuo,171,78,0.45614035087719296
Annie,Shaco,211,105,0.4976303317535545
Annie,TahmKench,190,96,0.5052631578947369
Annie,Zyra,189,101,0.5343915343915344
Karthus,Zyra,192,104,0.5416666666666666
Renekton,Sylas,427,202,0.47306791569086654
Shaco,Sylas,440,221,0.5022727272727273
Sylas,TahmKench,444,218,0.49099099099099097
TahmKench,Zyra,229,132,0.5764192139737991
Zyra,Zyra,55,37,0.6727272727272727
Ahri,Alistar,353,178,0.5042492917847026
Alistar,Lulu,102,32,0.3137254901960784
Alistar,Nasus,173,91,0.5260115606936416
Alistar,Taliyah,114,62,0.543859649122807
Katarina,Lulu,292,117,0.4006849315068493
Lulu,Nasus,266,129,0.4849624060150376
Lulu,Smolder,463,216,0.46652267818574517
Lulu,Taliyah,129,61,0.4728682170542636
Amumu,Nautilus,512,267,0.521484375
Amumu,Tryndamere,329,190,0.5775075987841946
Tryndamere,Ziggs,232,116,0.5
Leona,Orianna,280,145,0.5178571428571429
Leona,Volibear,532,273,0.5131578947368421
Orianna,Volibear,308,150,0.487012987012987
Viego,Volibear,324,182,0.5617283950617284
Leona,Maokai,162,74,0.4567901234567901
Maokai,Viego,231,121,0.5238095238095238
Kaisa,Velkoz,560,284,0.5071428571428571
Sylas,Velkoz,403,221,0.5483870967741935
Ivern,Udyr,85,34,0.4
Ivern,Velkoz,131,67,0.5114503816793893
Aatrox,Ambessa,177,86,0.4858757062146893
Ambessa,Zed,300,127,0.42333333333333334
Amumu,Annie,265,152,0.5735849056603773
Annie,Galio,129,69,0.5348837209302325
Annie,Teemo,305,156,0.5114754098360655
Jax,Xayah,355,164,0.4619718309859155
Sett,Xayah,397,207,0.5214105793450882
Ashe,Talon,446,205,0.45964125560538116
Galio,Talon,158,78,0.4936708860759494
Ekko,KogMaw,194,101,0.520618556701031
Ekko,MonkeyKing,224,116,0.5178571428571429
KogMaw,Maokai,161,79,0.4906832298136646
KogMaw,MonkeyKing,153,84,0.5490196078431373
KogMaw,Sion,234,127,0.5427350427350427
Maokai,MonkeyKing,148,75,0.5067567567567568
MasterYi,Sion,481,257,0.5343035343035343
Seraphine,Sion,469,247,0.5266524520255863
Jax,Singed,238,127,0.5336134453781513
Jax,Yasuo,744,411,0.5524193548387096
Naafiri,Singed,214,110,0.514018691588785
Singed,Varus,233,124,0.5321888412017167
Singed,Yasuo,429,252,0.5874125874125874
Azir,Poppy,128,60,0.46875
Azir,Senna,210,77,0.36666666666666664
Poppy,Senna,216,120,0.5555555555555556
Gangplank,Graves,159,63,0.39622641509433965
Jhin,Neeko,724,336,0.46408839779005523
Braum,Ezreal,306,132,0.43137254901960786
Braum,Udyr,143,72,0.5034965034965035
Kayn,Udyr,140,77,0.55
Syndra,Udyr,157,84,0.535031847133758
DrMundo,Hecarim,247,127,0.5141700404858299
Hecarim,Karma,215,107,0.49767441860465117
Hecarim,Twitch,206,109,0.529126213592233
Karma,Twitch,355,175,0.49295774647887325
Kennen,Lux,321,156,0.48598130841121495
Kennen,Shen,121,61,0.5041322314049587
Kennen,Smolder,251,113,0.450199203187251
Kennen,Tristana,211,109,0.5165876777251185
Shen,Smolder,520,255,0.49038461538461536
Shen,Tristana,411,215,0.5231143552311436
Annie,Sejuani,98,48,0.4897959183673469
Corki,Karma,198,98,0.494949494949495
Corki,Sejuani,78,40,0.5128205128205128
Morgana,Sejuani,262,129,0.49236641221374045
Amumu,Sion,433,232,0.535796766743649
Corki,Zeri,62,32,0.5161290322580645
Sion,Zeri,228,106,0.4649122807017544
Akshan,Leona,255,119,0.4666666666666667
Akshan,Lillia,185,101,0.5459459459459459
Akshan,Lissandra,71,38,0.5352112676056338
Akshan,Quinn,105,45,0.42857142857142855
Leona,Lissandra,160,88,0.55
Lillia,Lissandra,125,74,0.592
Lillia,Quinn,178,70,0.39325842696629215
Jhin,Karma,774,384,0.49612403100775193
Evelynn,Fizz,142,71,0.5
Evelynn,MonkeyKing,54,24,0.4444444444444444
Evelynn,Nilah,75,44,0.5866666666666667
Fizz,Nilah,138,67,0.4855072463768116
Fizz,Sona,284,142,0.5
MonkeyKing,Nilah,102,54,0.5294117647058824
MonkeyKing,Sona,227,116,0.5110132158590308
Nilah,Sona,169,105,0.621301775147929
AurelionSol,XinZhao,233,119,0.5107296137339056
AurelionSol,Yuumi,211,98,0.46445497630331756
Malphite,XinZhao,419,227,0.5417661097852029
XinZhao,Yuumi,269,135,0.5018587360594795
Aurora,Kalista,105,55,0.5238095238095238
Jayce,Malphite,234,111,0.47435897435897434
Jayce,Naafiri,117,49,0.4188034188034188
Malphite,Naafiri,362,167,0.4613259668508287
Naafiri,Xayah,190,91,0.4789473684210526
Akshan,MasterYi,261,124,0.47509578544061304
Akshan,Thresh,280,132,0.4714285714285714
MasterYi,Thresh,634,324,0.5110410094637224
Ashe,Ezreal,407,188,0.4619164619164619
Jinx,Taric,293,141,0.4812286689419795
Taric,Velkoz,103,52,0.5048543689320388
Taric,Zaahen,236,136,0.576271186440678
Taric,Zed,167,81,0.48502994011976047
Velkoz,Zed,363,189,0.5206611570247934
Akali,Jayce,205,93,0.45365853658536587
DrMundo,Jayce,192,92,0.4791666666666667
Jayce,Morgana,370,196,0.5297297297297298
Jayce,Senna,231,96,0.4155844155844156
Braum,Varus,238,119,0.5
Chogath,Khazix,313,152,0.48562300319488816
Khazix,Varus,229,87,0.3799126637554585
Khazix,Vex,173,80,0.4624277456647399
Varus,Vex,234,122,0.5213675213675214
Evelynn,Zoe,118,49,0.4152542372881356
Pyke,Zoe,268,110,0.41044776119402987
Teemo,Zoe,368,179,0.48641304347826086
Lux,Ornn,601,306,0.5091514143094842
Belveth,Blitzcrank,183,84,0.45901639344262296
Belveth,KSante,77,33,0.42857142857142855
Belveth,Mel,269,142,0.5278810408921933
Belveth,Twitch,155,65,0.41935483870967744
Blitzcrank,KSante,167,75,0.4491017964071856
KSante,Mel,265,118,0.44528301886792454
KSante,Twitch,166,67,0.4036144578313253
Karthus,Lulu,143,63,0.4405594405594406
Karthus,Xayah,160,90,0.5625
Karthus,Yorick,122,68,0.5573770491803278
Karthus,Zac,86,51,0.5930232558139535
Lulu,Xayah,221,93,0.42081447963800905
Lulu,Zac,172,88,0.5116279069767442
Xayah,Zac,191,80,0.418848167539267
Yorick,Zac,164,86,0.524390243902439
Kaisa,Quinn,356,173,0.4859550561797753
Nasus,Warwick,407,209,0.5135135135135135
Bard,Zoe,197,105,0.5329949238578681
Gwen,Zoe,241,106,0.43983402489626555
Irelia,Zoe,154,75,0.487012987012987
Gangplank,Viego,215,95,0.4418604651162791
Gangplank,Ziggs,176,92,0.5227272727272727
Smolder,Ziggs,346,172,0.49710982658959535
Viego,Ziggs,336,175,0.5208333333333334
Chogath,Gangplank,207,95,0.45893719806763283
Chogath,Rumble,136,75,0.5514705882352942
Chogath,Sylas,546,262,0.47985347985347987
Gangplank,Rumble,81,38,0.4691358024691358
Gangplank,Sylas,261,132,0.5057471264367817
Gangplank,Zoe,155,66,0.4258064516129032
Rumble,Zoe,82,40,0.4878048780487805
Sylas,Zoe,245,118,0.4816326530612245
Ashe,Belveth,317,173,0.5457413249211357
Aurora,Veigar,204,100,0.49019607843137253
Belveth,Veigar,215,114,0.5302325581395348
Thresh,Veigar,643,329,0.5116640746500778
Samira,Trundle,225,100,0.4444444444444444
Poppy,Veigar,370,193,0.5216216216216216
Poppy,Zeri,137,69,0.5036496350364964
Veigar,Zeri,268,134,0.5
Morgana,Tryndamere,482,268,0.5560165975103735
Morgana,TwistedFate,382,197,0.5157068062827225
Shaco,Tryndamere,294,155,0.5272108843537415
Shaco,Yunara,415,207,0.4987951807228916
Tryndamere,TwistedFate,206,103,0.5
TwistedFate,Yunara,308,134,0.43506493506493504
Ezreal,Mordekaiser,695,314,0.45179856115107914
Ezreal,Singed,358,172,0.48044692737430167
Ezreal,Thresh,656,289,0.4405487804878049
Mordekaiser,Singed,213,117,0.5492957746478874
Aatrox,Leona,410,200,0.4878048780487805
Ahri,Vi,482,262,0.5435684647302904
Pyke,Rakan,76,29,0.3815789473684211
Rakan,Talon,117,61,0.5213675213675214
Rakan,TwistedFate,154,67,0.43506493506493504
Talon,TwistedFate,154,72,0.4675324675324675
Ezreal,Xayah,164,77,0.4695121951219512
Velkoz,Xayah,265,137,0.5169811320754717
Gwen,Zed,443,209,0.4717832957110609
Galio,Heimerdinger,256,145,0.56640625
Irelia,Malzahar,263,129,0.49049429657794674
Irelia,Teemo,423,210,0.49645390070921985
Malzahar,Zyra,458,250,0.5458515283842795
Kalista,MissFortune,123,64,0.5203252032520326
MissFortune,Xerath,909,502,0.5522552255225522
Caitlyn,KogMaw,179,91,0.5083798882681564
Caitlyn,Olaf,322,178,0.5527950310559007
Caitlyn,TahmKench,697,349,0.5007173601147776
KogMaw,Olaf,103,56,0.5436893203883495
KogMaw,Viego,228,104,0.45614035087719296
Olaf,TahmKench,125,56,0.448
Karma,Mordekaiser,436,206,0.4724770642201835
Karma,Veigar,378,196,0.5185185185185185
Nami,Sejuani,201,107,0.5323383084577115
Malphite,Pyke,592,283,0.4780405405405405
Gragas,JarvanIV,174,89,0.5114942528735632
Gragas,Jax,224,107,0.47767857142857145
JarvanIV,Pyke,323,151,0.4674922600619195
Jax,Pyke,560,287,0.5125
Gwen,Renata,121,55,0.45454545454545453
Jhin,Qiyana,441,186,0.4217687074829932
Jhin,Renata,243,112,0.4609053497942387
Pantheon,Qiyana,239,102,0.42677824267782427
Qiyana,Renata,60,25,0.4166666666666667
Caitlyn,Lissandra,329,168,0.5106382978723404
Hecarim,Lissandra,100,55,0.55
Hecarim,Syndra,196,106,0.5408163265306123
Jax,Lissandra,225,115,0.5111111111111111
Lissandra,Syndra,60,33,0.55
Alistar,Garen,314,165,0.5254777070063694
Alistar,Hwei,205,105,0.5121951219512195
Alistar,Kayn,328,156,0.47560975609756095
Alistar,Samira,259,140,0.5405405405405406
Kayn,Samira,398,183,0.45979899497487436
Jhin,Taliyah,336,168,0.5
Mordekaiser,Rengar,308,152,0.4935064935064935
Mordekaiser,Taliyah,169,68,0.40236686390532544
Pyke,Taliyah,177,73,0.4124293785310734
Rengar,Taliyah,108,54,0.5
Chogath,Darius,394,189,0.4796954314720812
Chogath,Janna,285,134,0.47017543859649125
Darius,Janna,270,140,0.5185185185185185
Janna,Vladimir,190,86,0.45263157894736844
Janna,Yasuo,376,194,0.5159574468085106
Vladimir,Yasuo,360,188,0.5222222222222223
KogMaw,Malphite,299,159,0.5317725752508361
KogMaw,Naafiri,154,74,0.4805194805194805
KogMaw,Talon,118,57,0.4830508474576271
Malphite,Talon,297,144,0.48484848484848486
Naafiri,Trundle,156,71,0.4551282051282051
Ezreal,Nasus,408,178,0.4362745098039216
Nasus,Singed,173,96,0.5549132947976878
Singed,Zyra,248,132,0.532258064516129
Alistar,Aurora,170,84,0.49411764705882355
Alistar,Heimerdinger,156,80,0.5128205128205128
Aurora,Heimerdinger,122,66,0.5409836065573771
Aurora,Mel,286,145,0.506993006993007
Heimerdinger,Mel,406,234,0.5763546798029556
Heimerdinger,Veigar,343,164,0.478134110787172
Caitlyn,Viktor,631,325,0.5150554675118859
Quinn,Shyvana,95,49,0.5157894736842106
Quinn,Taliyah,88,42,0.4772727272727273
Quinn,Viktor,149,76,0.5100671140939598
Shyvana,Taliyah,55,24,0.43636363636363634
Shyvana,Viktor,103,47,0.4563106796116505
Taliyah,Viktor,57,28,0.49122807017543857
Akshan,Gwen,264,125,0.4734848484848485
Akshan,Senna,244,122,0.5
Akshan,Twitch,224,103,0.45982142857142855
Gwen,Senna,385,192,0.4987012987012987
Ahri,Fiora,313,155,0.4952076677316294
Ahri,Zed,366,194,0.5300546448087432
Blitzcrank,Fiora,211,86,0.4075829383886256
Ezreal,Fiora,281,109,0.3879003558718861
Kennen,Sylas,142,76,0.5352112676056338
Milio,Yasuo,547,293,0.5356489945155393
Bard,JarvanIV,246,114,0.4634146341463415
Bard,Shaco,257,134,0.5214007782101168
Bard,Ziggs,212,112,0.5283018867924528
Malphite,Ziggs,433,205,0.47344110854503463
Katarina,Naafiri,147,76,0.5170068027210885
Katarina,Zilean,157,74,0.4713375796178344
Lucian,Zed,440,200,0.45454545454545453
Naafiri,Zed,164,72,0.43902439024390244
Zed,Zilean,221,112,0.5067873303167421
Garen,Kassadin,176,95,0.5397727272727273
Kassadin,Soraka,160,87,0.54375
Kassadin,Yunara,153,72,0.47058823529411764
DrMundo,Gwen,321,162,0.5046728971962616
Gwen,Viktor,226,114,0.504424778761062
Chogath,Corki,210,100,0.47619047619047616
Corki,Volibear,195,101,0.517948717948718
Senna,Volibear,606,295,0.4867986798679868
Senna,Yone,577,281,0.48700173310225303
Karthus,Leblanc,113,52,0.46017699115044247
Karthus,Sivir,168,78,0.4642857142857143
Leblanc,Sivir,255,130,0.5098039215686274
Annie,Gragas,109,45,0.41284403669724773
Annie,LeeSin,179,85,0.4748603351955307
Annie,Yunara,226,114,0.504424778761062
Blitzcrank,Gragas,241,113,0.46887966804979253
Alistar,Aphelios,187,88,0.47058823529411764
Alistar,Irelia,182,85,0.46703296703296704
Alistar,Yasuo,533,277,0.5196998123827392
Aphelios,Yasuo,447,217,0.4854586129753915
Ahri,Zac,277,144,0.51985559566787
Bard,Gangplank,153,84,0.5490196078431373
Draven,Gangplank,143,68,0.4755244755244755
Draven,Zac,168,79,0.47023809523809523
Azir,Ezreal,219,92,0.4200913242009132
Azir,Irelia,112,51,0.45535714285714285
Azir,MasterYi,232,108,0.46551724137931033
Azir,Mordekaiser,230,113,0.49130434782608695
Ezreal,Irelia,425,181,0.4258823529411765
Irelia,MasterYi,364,165,0.4532967032967033
Lux,Sejuani,383,185,0.4830287206266319
Malzahar,Sejuani,199,90,0.45226130653266333
Maokai,Smolder,373,178,0.4772117962466488
Sejuani,Smolder,274,131,0.4781021897810219
Ashe,RekSai,232,108,0.46551724137931033
Garen,Heimerdinger,268,142,0.5298507462686567
Garen,MonkeyKing,278,152,0.5467625899280576
Garen,RekSai,119,50,0.42016806722689076
Heimerdinger,MonkeyKing,200,111,0.555
Heimerdinger,RekSai,55,28,0.509090909090909
MonkeyKing,RekSai,35,19,0.5428571428571428
Jhin,Sivir,188,93,0.4946808510638298
Jinx,Sivir,185,88,0.4756756756756757
Jinx,Zilean,416,210,0.5048076923076923
Sivir,Zilean,224,105,0.46875
Darius,Jinx,1055,511,0.4843601895734597
Darius,Talon,263,109,0.4144486692015209
Milio,Talon,220,114,0.5181818181818182
Talon,Yone,233,116,0.4978540772532189
Briar,Rakan,227,115,0.5066079295154186
Jinx,Naafiri,511,263,0.5146771037181996
Jinx,Rakan,343,185,0.5393586005830904
Jinx,Rengar,457,215,0.47045951859956237
Naafiri,Rakan,138,65,0.47101449275362317
Naafiri,Rengar,112,49,0.4375
Rakan,Rengar,116,55,0.47413793103448276
Jax,Neeko,445,232,0.5213483146067416
Braum,Rengar,157,75,0.47770700636942676
Braum,Warwick,330,158,0.47878787878787876
MissFortune,Varus,367,175,0.4768392370572207
Rengar,Varus,194,71,0.36597938144329895
Rengar,Warwick,128,57,0.4453125
Gangplank,Garen,144,73,0.5069444444444444
Gangplank,Jax,204,108,0.5294117647058824
Garen,Jax,485,270,0.5567010309278351
Galio,RekSai,94,37,0.39361702127659576
Galio,Thresh,412,216,0.5242718446601942
Jhin,RekSai,204,91,0.44607843137254904
Kayn,RekSai,64,30,0.46875
Kayn,Thresh,706,335,0.4745042492917847
RekSai,Thresh,141,75,0.5319148936170213
Brand,Khazix,311,158,0.5080385852090032
Brand,Mel,617,319,0.5170178282009724
Graves,Mordekaiser,399,181,0.45363408521303256
Graves,Varus,262,124,0.4732824427480916
Lulu,Varus,321,164,0.5109034267912772
Kled,Yuumi,95,46,0.4842105263157895
Kled,Zeri,66,29,0.4393939393939394
Morgana,Zeri,309,151,0.4886731391585761
Rengar,Zeri,115,46,0.4
Karma,MissFortune,661,320,0.48411497730711045
Karma,Zed,407,196,0.48157248157248156
Sion,Sylas,515,278,0.5398058252427185
Diana,Evelynn,131,67,0.5114503816793893
Diana,Gangplank,220,95,0.4318181818181818
Evelynn,Gangplank,114,52,0.45614035087719296
Evelynn,Nautilus,267,129,0.48314606741573035
Evelynn,Zeri,100,47,0.47
Gangplank,Nautilus,254,113,0.4448818897637795
Gangplank,Zeri,115,52,0.45217391304347826
MasterYi,Zed,384,168,0.4375
Senna,Zed,486,227,0.4670781893004115
Ezreal,Illaoi,327,151,0.4617737003058104
Illaoi,Leblanc,179,91,0.5083798882681564
Leblanc,Yone,226,102,0.45132743362831856
Aatrox,Galio,377,188,0.4986737400530504
Aatrox,Singed,136,71,0.5220588235294118
Corki,Malzahar,182,89,0.489010989010989
Corki,Pantheon,215,105,0.4883720930232558
Corki,Tryndamere,113,51,0.45132743362831856
Corki,Vex,125,55,0.44
Pantheon,Tryndamere,319,164,0.5141065830721003
MasterYi,Nasus,390,206,0.5282051282051282
Nasus,Neeko,298,158,0.5302013422818792
Amumu,Nilah,180,98,0.5444444444444444
Amumu,Veigar,637,338,0.5306122448979592
Amumu,Vex,289,155,0.5363321799307958
Amumu,Warwick,281,149,0.5302491103202847
Nilah,Veigar,202,105,0.5198019801980198
Nilah,Warwick,214,125,0.5841121495327103
Nilah,Zilean,79,43,0.5443037974683544
Veigar,Vex,175,88,0.5028571428571429
Vex,Warwick,386,192,0.49740932642487046
Warwick,Zilean,254,145,0.5708661417322834
Ambessa,Camille,71,36,0.5070422535211268
Ambessa,Janna,188,88,0.46808510638297873
Ambessa,Swain,321,162,0.5046728971962616
Camille,Janna,97,38,0.3917525773195876
Camille,Naafiri,102,45,0.4411764705882353
Camille,Teemo,135,65,0.48148148148148145
Camille,Yunara,158,63,0.3987341772151899
Janna,Naafiri,142,75,0.528169014084507
Janna,Teemo,274,141,0.5145985401459854
Naafiri,Swain,309,168,0.5436893203883495
Nidalee,Yunara,206,86,0.4174757281553398
Swain,Yunara,443,220,0.4966139954853273
Draven,Morgana,439,210,0.4783599088838269
Orianna,Riven,217,104,0.4792626728110599
Blitzcrank,Shaco,394,189,0.4796954314720812
Kayle,Shaco,428,226,0.5280373831775701
Akshan,Ambessa,158,69,0.43670886075949367
Ambessa,Karma,285,135,0.47368421052631576
Ambessa,Ornn,144,69,0.4791666666666667
Ambessa,Ziggs,228,110,0.4824561403508772
Kaisa,Renata,219,91,0.4155251141552511
Renata,Soraka,55,30,0.5454545454545454
Malphite,Orianna,417,214,0.513189448441247
Malphite,Volibear,530,281,0.530188679245283
Syndra,Zed,180,83,0.46111111111111114
Ekko,Rammus,150,69,0.46
Ekko,Urgot,294,151,0.5136054421768708
Ezreal,Rammus,247,123,0.4979757085020243
Ezreal,Urgot,335,164,0.48955223880597015
Rammus,Urgot,123,64,0.5203252032520326
Urgot,Yuumi,237,115,0.48523206751054854
Ashe,Zed,825,417,0.5054545454545455
Syndra,Thresh,433,217,0.5011547344110855
Thresh,Zaahen,726,391,0.5385674931129476
Brand,Soraka,287,164,0.5714285714285714
Renekton,Soraka,213,110,0.5164319248826291
Renekton,Vayne,322,161,0.5
Bard,Vi,222,112,0.5045045045045045
Kindred,Teemo,351,167,0.4757834757834758
Lissandra,Nautilus,217,116,0.5345622119815668
Lissandra,Teemo,224,102,0.45535714285714285
Brand,Zyra,343,203,0.5918367346938775
Azir,Blitzcrank,204,86,0.4215686274509804
Azir,Urgot,114,49,0.4298245614035088
Urgot,Yunara,267,140,0.5243445692883895
Jax,Katarina,507,250,0.4930966469428008
Gragas,Gwen,121,52,0.4297520661157025
Gragas,Yuumi,159,63,0.39622641509433965
Viktor,Yuumi,205,89,0.43414634146341463
Galio,Lissandra,108,53,0.49074074074074076
Galio,Malzahar,233,131,0.5622317596566524
Jhin,Lissandra,373,166,0.4450402144772118
Jhin,Lucian,261,126,0.4827586206896552
Jhin,Zeri,124,65,0.5241935483870968
Lissandra,Lucian,204,96,0.47058823529411764
Lissandra,Olaf,82,40,0.4878048780487805
Lissandra,Sylas,155,74,0.4774193548387097
Lissandra,Zeri,92,42,0.45652173913043476
Lucian,Zeri,86,32,0.37209302325581395
Olaf,Sylas,193,112,0.5803108808290155
Olaf,Zeri,79,41,0.5189873417721519
Sylas,Zeri,292,144,0.4931506849315068
Lulu,Maokai,115,56,0.48695652173913045
Lulu,Swain,207,108,0.5217391304347826
Malphite,Maokai,287,143,0.49825783972125437
Maokai,Swain,236,137,0.5805084745762712
Sett,Swain,597,315,0.5276381909547738
Ashe,Fizz,742,375,0.5053908355795148
Aurora,MissFortune,591,304,0.5143824027072758
Aurora,Nunu,168,78,0.4642857142857143
Aurora,Pyke,296,149,0.5033783783783784
Nunu,Sett,397,233,0.5869017632241813
Pyke,Sett,552,282,0.5108695652173914
AurelionSol,Ornn,204,97,0.47549019607843135
AurelionSol,Xayah,187,97,0.5187165775401069
Ornn,Teemo,294,127,0.43197278911564624
Ornn,Xayah,239,110,0.4602510460251046
Ashe,Hwei,673,359,0.5334323922734027
Hwei,Karthus,120,48,0.4
Hwei,Sion,356,180,0.5056179775280899
Cassiopeia,Kassadin,43,14,0.32558139534883723
Cassiopeia,MissFortune,328,171,0.5213414634146342
Cassiopeia,Soraka,137,75,0.5474452554744526
Kassadin,MissFortune,287,142,0.49477351916376305
Kassadin,Pantheon,177,85,0.480225988700565
Pantheon,Soraka,421,222,0.5273159144893111
Galio,Kindred,263,120,0.45627376425855515
Kindred,Malphite,330,150,0.45454545454545453
Kindred,Poppy,137,73,0.5328467153284672
Urgot,Volibear,307,177,0.5765472312703583
Mel,MissFortune,1632,833,0.5104166666666666
MissFortune,Sejuani,385,181,0.4701298701298701
Sejuani,Tryndamere,134,72,0.5373134328358209
Aatrox,Draven,258,129,0.5
Caitlyn,Gragas,478,221,0.46234309623430964
Caitlyn,Katarina,738,341,0.462059620596206
Gragas,Thresh,285,140,0.49122807017543857
Gnar,JarvanIV,127,71,0.5590551181102362
Gnar,Mordekaiser,128,58,0.453125
Gnar,Pyke,186,88,0.4731182795698925
Gnar,Qiyana,84,42,0.5
Pyke,Qiyana,209,87,0.41626794258373206
AurelionSol,Rakan,126,69,0.5476190476190477
AurelionSol,Swain,291,173,0.5945017182130584
Rakan,Swain,122,69,0.5655737704918032
Rakan,TahmKench,97,45,0.4639175257731959
Swain,Zaahen,609,330,0.541871921182266
Ekko,Xayah,315,156,0.49523809523809526
Orianna,Xayah,214,96,0.4485981308411215
Seraphine,Xayah,303,152,0.5016501650165016
DrMundo,Vi,335,172,0.5134328358208955
Malphite,Vi,378,190,0.5026455026455027
Heimerdinger,Rakan,112,53,0.4732142857142857
Heimerdinger,Sylas,272,139,0.5110294117647058
LeeSin,Rakan,184,82,0.44565217391304346
Lux,Rakan,262,147,0.5610687022900763
Jinx,Riven,575,287,0.4991304347826087
Riven,TahmKench,190,87,0.45789473684210524
Corki,Jayce,105,52,0.49523809523809526
Corki,Riven,116,63,0.5431034482758621
Jayce,Riven,106,51,0.4811320754716981
Jayce,Swain,220,107,0.4863636363636364
Pyke,Swain,321,167,0.5202492211838006
Fizz,Twitch,338,157,0.46449704142011833
Jhin,Twitch,404,201,0.4975247524752475
Rammus,Senna,196,100,0.5102040816326531
Evelynn,Heimerdinger,119,47,0.3949579831932773
Evelynn,Mordekaiser,242,113,0.4669421487603306
Evelynn,Tristana,237,125,0.5274261603375527
Heimerdinger,Tristana,332,178,0.536144578313253
Lucian,Tristana,205,105,0.5121951219512195
DrMundo,Olaf,184,103,0.5597826086956522
DrMundo,Rumble,163,94,0.5766871165644172
Rumble,Teemo,138,79,0.572463768115942
Jax,Olaf,174,102,0.5862068965517241
MissFortune,Olaf,334,178,0.5329341317365269
Qiyana,Urgot,143,67,0.46853146853146854
Sylas,Urgot,353,186,0.5269121813031161
Azir,Malzahar,84,46,0.5476190476190477
Azir,Neeko,113,50,0.4424778761061947
Malzahar,MasterYi,625,355,0.568
Annie,Xayah,192,108,0.5625
Caitlyn,Xayah,188,95,0.5053191489361702
Viego,Xayah,329,165,0.5015197568389058
Darius,Nocturne,360,176,0.4888888888888889
Ivern,Malphite,218,111,0.5091743119266054
Ivern,Nocturne,74,41,0.5540540540540541
Malphite,Sylas,670,340,0.5074626865671642
Nocturne,Sylas,305,163,0.5344262295081967
FiddleSticks,Leblanc,180,84,0.4666666666666667
FiddleSticks,Yorick,193,108,0.5595854922279793
Leblanc,Yorick,212,106,0.5
Volibear,Yorick,319,170,0.5329153605015674
Gangplank,Hwei,175,88,0.5028571428571429
Gangplank,Zyra,211,106,0.5023696682464455
Hwei,Zyra,252,129,0.5119047619047619
Naafiri,Shaco,257,138,0.5369649805447471
Seraphine,Shaco,396,180,0.45454545454545453
Amumu,Nidalee,185,101,0.5459459459459459
Kaisa,Nidalee,375,175,0.4666666666666667
Nidalee,Veigar,257,120,0.4669260700389105
AurelionSol,Soraka,257,134,0.5214007782101168
Soraka,Teemo,431,204,0.4733178654292343
Akshan,Nidalee,167,69,0.41317365269461076
Akshan,Rakan,106,50,0.4716981132075472
Nidalee,Rakan,96,45,0.46875
Garen,Vayne,711,375,0.5274261603375527
Shyvana,Sona,130,72,0.5538461538461539
Shyvana,Yone,218,102,0.46788990825688076
Vayne,Yone,721,347,0.4812760055478502
Blitzcrank,Evelynn,194,100,0.5154639175257731
Caitlyn,Gnar,364,169,0.4642857142857143
Evelynn,Yasuo,322,171,0.531055900621118
Akali,Seraphine,487,211,0.433264887063655
Akali,Viktor,108,53,0.49074074074074076
Belveth,Seraphine,185,101,0.5459459459459459
Belveth,Viktor,106,48,0.4528301886792453
Seraphine,Viktor,315,142,0.4507936507936508
Azir,LeeSin,178,66,0.3707865168539326
Azir,Samira,152,66,0.4342105263157895
LeeSin,Samira,236,114,0.4830508474576271
LeeSin,Sion,298,140,0.4697986577181208
Lucian,Zaahen,467,251,0.5374732334047109
Lux,Nami,601,317,0.5274542429284526
Lux,Zac,491,265,0.539714867617108
Ahri,Fizz,203,114,0.5615763546798029
Ahri,Poppy,403,184,0.456575682382134
Fizz,Maokai,212,119,0.5613207547169812
Fizz,Poppy,226,115,0.5088495575221239
Maokai,Poppy,117,66,0.5641025641025641
Maokai,Zeri,148,69,0.46621621621621623
Malphite,Ornn,261,120,0.45977011494252873
Malphite,Rell,268,123,0.458955223880597
Rell,Vayne,237,110,0.4641350210970464
Rell,Yasuo,307,170,0.5537459283387622
Aatrox,Akali,413,191,0.46246973365617433
Akali,Nocturne,364,174,0.47802197802197804
Aatrox,Tristana,442,214,0.4841628959276018
Heimerdinger,Soraka,230,112,0.48695652173913045
Soraka,Sylas,501,242,0.48303393213572854
Soraka,Tristana,428,197,0.4602803738317757
Annie,Mordekaiser,283,152,0.5371024734982333
Annie,Renata,95,55,0.5789473684210527
Graves,Renata,90,40,0.4444444444444444
Graves,Zeri,126,58,0.4603174603174603
Mordekaiser,Zeri,249,118,0.4738955823293173
Renata,Zeri,80,35,0.4375
Gwen,Kayn,386,179,0.4637305699481865
Draven,KSante,126,56,0.4444444444444444
Draven,Khazix,185,88,0.4756756756756757
KSante,Karma,157,65,0.4140127388535032
KSante,Khazix,138,62,0.4492753623188406
Illaoi,Veigar,363,206,0.5674931129476584
Illaoi,Yuumi,214,101,0.4719626168224299
Sejuani,Veigar,239,123,0.5146443514644351
Bard,Fizz,222,117,0.527027027027027
Bard,Viego,361,204,0.5650969529085873
Corki,Kled,55,25,0.45454545454545453
Corki,Nami,247,124,0.5020242914979757
Corki,Skarner,68,34,0.5
Corki,Syndra,129,54,0.4186046511627907
Corki,Vi,113,57,0.504424778761062
Illaoi,Kled,54,26,0.48148148148148145
Illaoi,Skarner,64,32,0.5
Illaoi,Syndra,186,98,0.5268817204301075
Illaoi,Tristana,279,143,0.5125448028673835
Illaoi,Vi,179,101,0.5642458100558659
Kled,Syndra,89,49,0.550561797752809
Kled,Vi,88,49,0.5568181818181818
Nami,Skarner,128,51,0.3984375
Skarner,Syndra,91,38,0.4175824175824176
Skarner,Tristana,142,63,0.44366197183098594
Skarner,Vi,65,33,0.5076923076923077
Syndra,Vi,205,104,0.5073170731707317
Tristana,Vi,326,157,0.4815950920245399
Janna,Katarina,179,91,0.5083798882681564
Janna,Lillia,169,79,0.46745562130177515
Janna,Sejuani,89,47,0.5280898876404494
Janna,Shen,151,77,0.5099337748344371
JarvanIV,Katarina,277,127,0.4584837545126354
JarvanIV,Lillia,106,50,0.4716981132075472
JarvanIV,Sejuani,62,35,0.5645161290322581
JarvanIV,Tristana,347,178,0.5129682997118156
Katarina,Tristana,378,184,0.48677248677248675
Lillia,Sejuani,77,41,0.5324675324675324
Sejuani,Tristana,189,87,0.4603174603174603
Lulu,Neeko,136,55,0.40441176470588236
Mordekaiser,Sylas,596,319,0.535234899328859
Neeko,Sylas,384,187,0.4869791666666667
Brand,Lissandra,150,94,0.6266666666666667
Garen,LeeSin,396,190,0.4797979797979798
Garen,Lissandra,206,103,0.5
Kaisa,Lissandra,317,149,0.47003154574132494
LeeSin,Lissandra,159,79,0.4968553459119497
Aphelios,Azir,134,66,0.4925373134328358
Aphelios,Kayle,254,118,0.4645669291338583
Azir,Kayle,158,64,0.4050632911392405
Kayle,Teemo,386,219,0.5673575129533679
Ambessa,Karthus,133,56,0.42105263157894735
Ambessa,Kassadin,89,39,0.43820224719101125
Ambessa,Zyra,252,137,0.5436507936507936
Karthus,Kassadin,71,34,0.4788732394366197
Yunara,Zyra,332,154,0.463855421686747
Gragas,Kaisa,394,173,0.43908629441624364
Poppy,Qiyana,125,54,0.432
Poppy,Quinn,115,58,0.5043478260869565
Quinn,Shen,165,76,0.46060606060606063
Darius,FiddleSticks,345,162,0.46956521739130436
FiddleSticks,Zoe,168,81,0.48214285714285715
Sivir,Zoe,213,103,0.4835680751173709
Yone,Zoe,302,134,0.44370860927152317
DrMundo,Singed,277,145,0.5234657039711191
Jax,Twitch,516,257,0.49806201550387597
Sett,Twitch,528,251,0.4753787878787879
Sett,Zaahen,395,226,0.5721518987341773
Singed,Swain,295,161,0.5457627118644067
Singed,Twitch,294,147,0.5
Singed,Zaahen,202,125,0.6188118811881188
Zaahen,Zaahen,602,478,0.7940199335548173
DrMundo,Kled,102,54,0.5294117647058824
Kled,Sett,89,47,0.5280898876404494
Kled,Viego,132,72,0.5454545454545454
Kled,Zaahen,82,40,0.4878048780487805
Draven,Janna,186,100,0.5376344086021505
Janna,Kayle,195,95,0.48717948717948717
Janna,Singed,164,88,0.5365853658536586
Janna,Sona,88,43,0.48863636363636365
Singed,Sona,203,119,0.5862068965517241
Aurora,Vex,83,42,0.5060240963855421
Vex,Zoe,84,46,0.5476190476190477
Vex,Zyra,210,111,0.5285714285714286
AurelionSol,Elise,91,47,0.5164835164835165
AurelionSol,Galio,193,97,0.5025906735751295
Chogath,Elise,179,77,0.4301675977653631
Elise,Galio,140,68,0.4857142857142857
Elise,Soraka,119,50,0.42016806722689076
Gangplank,JarvanIV,178,78,0.43820224719101125
Gangplank,MasterYi,199,94,0.4723618090452261
Gangplank,Yuumi,149,64,0.42953020134228187
MasterYi,Yuumi,510,267,0.5235294117647059
Evelynn,Orianna,113,58,0.5132743362831859
Evelynn,Vayne,276,138,0.5
Evelynn,Zyra,157,79,0.5031847133757962
Garen,Orianna,370,188,0.5081081081081081
Garen,Zyra,569,329,0.5782073813708261
Orianna,Zyra,206,109,0.529126213592233
Quinn,Tristana,225,114,0.5066666666666667
Quinn,Twitch,237,128,0.540084388185654
Quinn,Zed,190,92,0.4842105263157895
Tristana,Twitch,250,129,0.516
Darius,Kaisa,836,392,0.4688995215311005
Darius,Ornn,203,90,0.4433497536945813
FiddleSticks,Kaisa,403,217,0.5384615384615384
FiddleSticks,Ornn,184,94,0.5108695652173914
Kaisa,Tristana,253,126,0.4980237154150198
Diana,MissFortune,1380,745,0.5398550724637681
Poppy,Seraphine,214,122,0.5700934579439252
Poppy,Xerath,208,105,0.5048076923076923
Ahri,Qiyana,192,76,0.3958333333333333
Draven,Yorick,209,109,0.5215311004784688
Jhin,Singed,556,290,0.5215827338129496
Malphite,Renata,189,109,0.5767195767195767
Malphite,Singed,281,147,0.5231316725978647
Naafiri,Renata,90,50,0.5555555555555556
Renata,Singed,129,67,0.5193798449612403
Chogath,Nautilus,548,279,0.5091240875912408
Chogath,Neeko,373,177,0.4745308310991957
Anivia,Diana,183,105,0.5737704918032787
Anivia,Garen,311,152,0.4887459807073955
Diana,DrMundo,633,328,0.5181674565560821
Diana,Kaisa,883,439,0.4971687429218573
Soraka,Volibear,467,240,0.5139186295503212
Alistar,Maokai,130,53,0.4076923076923077
Irelia,Maokai,166,83,0.5
Irelia,Sivir,265,136,0.5132075471698113
Irelia,Syndra,182,95,0.521978021978022
Maokai,Syndra,147,72,0.4897959183673469
Sivir,Syndra,286,153,0.534965034965035
Akshan,Pantheon,261,109,0.41762452107279696
Akshan,Trundle,180,81,0.45
Akshan,Yunara,242,92,0.38016528925619836
Pantheon,Vi,323,170,0.5263157894736842
Trundle,Yunara,386,166,0.43005181347150256
Vi,Yunara,292,150,0.5136986301369864
Diana,Yuumi,412,201,0.4878640776699029
Malphite,Tryndamere,298,143,0.4798657718120805
Ahri,Leblanc,165,71,0.4303030303030303
Ahri,Nunu,435,223,0.5126436781609195
Leblanc,Nunu,177,86,0.4858757062146893
Leblanc,Sion,265,130,0.49056603773584906
Leblanc,Twitch,273,118,0.43223443223443225
Sion,Twitch,371,191,0.5148247978436657
Chogath,Kayn,575,272,0.47304347826086957
Lux,Syndra,461,225,0.4880694143167028
Ezreal,Shen,423,205,0.4846335697399527
Fizz,Zaahen,601,320,0.5324459234608985
Fizz,Illaoi,219,124,0.5662100456621004
Illaoi,Tryndamere,108,58,0.5370370370370371
Akali,Sejuani,173,76,0.4393063583815029
Darius,Sejuani,210,109,0.5190476190476191
Sejuani,Zyra,164,86,0.524390243902439
Sivir,Zyra,354,170,0.480225988700565
Briar,Sion,360,197,0.5472222222222223
Shaco,Vex,275,141,0.5127272727272727
Sion,Vex,271,139,0.5129151291512916
Karma,Katarina,280,126,0.45
DrMundo,Leblanc,361,191,0.5290858725761773
DrMundo,Rell,256,121,0.47265625
Jhin,Rell,365,190,0.5205479452054794
Leblanc,Rell,123,57,0.4634146341463415
Leblanc,Zed,184,72,0.391304347826087
Rell,Zed,196,91,0.4642857142857143
Nami,Ryze,286,144,0.5034965034965035
Ryze,Zyra,220,122,0.5545454545454546
Naafiri,Ryze,136,68,0.5
Ryze,Yorick,187,105,0.5614973262032086
Ryze,Yunara,229,123,0.537117903930131
Thresh,Yorick,343,182,0.5306122448979592
Akali,Briar,473,238,0.5031712473572939
Briar,Nocturne,94,47,0.5
Jinx,Kaisa,311,138,0.4437299035369775
Malphite,Zaahen,700,399,0.57
Sona,Zaahen,420,224,0.5333333333333333
Aphelios,Sion,280,138,0.4928571428571429
Aphelios,Zed,308,135,0.4383116883116883
DrMundo,Sion,396,220,0.5555555555555556
Ashe,Skarner,221,98,0.4434389140271493
Brand,Skarner,156,79,0.5064102564102564
Galio,Skarner,104,51,0.49038461538461536
Galio,Yorick,257,150,0.5836575875486382
Skarner,Yorick,71,29,0.4084507042253521
Amumu,Garen,658,360,0.547112462006079
Kayle,Zeri,200,95,0.475
Aurora,Graves,201,92,0.4577114427860697
Aurora,Jinx,596,292,0.4899328859060403
Aurora,Lulu,253,131,0.5177865612648221
JarvanIV,Zed,245,131,0.5346938775510204
Braum,Renekton,175,78,0.44571428571428573
Renekton,Yunara,288,144,0.5
Ashe,Kennen,328,149,0.45426829268292684
JarvanIV,Kennen,142,71,0.5
JarvanIV,Teemo,437,207,0.47368421052631576
Kennen,Teemo,184,99,0.5380434782608695
Singed,Teemo,319,175,0.54858934169279
Hecarim,Karthus,83,46,0.5542168674698795
Hecarim,Nunu,84,39,0.4642857142857143
Karthus,LeeSin,127,65,0.5118110236220472
Nunu,Shaco,200,110,0.55
KogMaw,Mel,310,166,0.535483870967742
KogMaw,Seraphine,248,119,0.4798387096774194
Blitzcrank,Smolder,550,282,0.5127272727272727
Blitzcrank,Soraka,147,77,0.5238095238095238
Blitzcrank,Vladimir,324,151,0.4660493827160494
Skarner,Smolder,194,102,0.5257731958762887
Skarner,Soraka,91,38,0.4175824175824176
Skarner,Vladimir,101,43,0.42574257425742573
Chogath,Jayce,188,97,0.5159574468085106
FiddleSticks,Syndra,170,88,0.5176470588235295
FiddleSticks,Trundle,159,75,0.4716981132075472
Syndra,Trundle,248,137,0.5524193548387096
FiddleSticks,Tryndamere,163,82,0.5030674846625767
Maokai,Tryndamere,146,58,0.3972602739726027
Nunu,Tryndamere,223,122,0.547085201793722
Ashe,Orianna,561,264,0.47058823529411764
Nocturne,Orianna,262,129,0.49236641221374045
Nocturne,Rengar,66,21,0.3181818181818182
Orianna,Rengar,206,86,0.4174757281553398
Malphite,Renekton,234,122,0.5213675213675214
Karma,Kayle,331,159,0.48036253776435045
Karma,TahmKench,191,86,0.450261780104712
Amumu,Irelia,366,178,0.48633879781420764
Amumu,Jax,394,203,0.5152284263959391
Amumu,RekSai,79,37,0.46835443037974683
Amumu,Samira,415,216,0.5204819277108433
Ashe,Irelia,658,324,0.49240121580547114
Irelia,Jax,281,144,0.5124555160142349
Irelia,RekSai,66,28,0.42424242424242425
Irelia,Samira,247,132,0.5344129554655871
Jax,RekSai,85,42,0.49411764705882355
Jax,Vayne,689,345,0.5007256894049347
LeeSin,RekSai,43,24,0.5581395348837209
RekSai,Samira,93,39,0.41935483870967744
RekSai,Vayne,150,66,0.44
Samira,Vayne,158,82,0.5189873417721519
Ivern,Rammus,50,18,0.36
Kaisa,Rammus,294,127,0.43197278911564624
Kayle,LeeSin,311,162,0.5209003215434084
Kayle,Rammus,201,93,0.4626865671641791
LeeSin,Rammus,89,43,0.48314606741573035
LeeSin,Rumble,91,40,0.43956043956043955
Rammus,Rumble,74,42,0.5675675675675675
Rammus,Thresh,190,87,0.45789473684210524
Rumble,Senna,166,69,0.41566265060240964
Rumble,Thresh,192,98,0.5104166666666666
Caitlyn,Ekko,906,452,0.4988962472406181
Maokai,Vi,184,85,0.46195652173913043
Annie,Gangplank,109,48,0.44036697247706424
Gangplank,Teemo,261,118,0.4521072796934866
Rengar,Swain,258,125,0.4844961240310077
Lux,Taric,235,135,0.574468085106383
Samira,Vi,232,111,0.47844827586206895
Taric,Vi,114,64,0.5614035087719298
Gangplank,Pyke,218,99,0.4541284403669725
Lulu,Vayne,685,337,0.491970802919708
Maokai,Vayne,310,161,0.5193548387096775
Brand,Zed,524,283,0.5400763358778626
Amumu,Poppy,277,137,0.49458483754512633
Kassadin,Maokai,103,50,0.4854368932038835
Kassadin,Poppy,89,49,0.550561797752809
Elise,Janna,68,27,0.39705882352941174
Elise,Kaisa,274,145,0.5291970802919708
Janna,Riven,161,82,0.5093167701863354
Janna,Tryndamere,152,87,0.5723684210526315
Riven,Tryndamere,96,54,0.5625
Ezreal,Leona,473,216,0.45665961945031713
Ezreal,Shaco,602,272,0.45182724252491696
Leona,Nasus,394,193,0.48984771573604063
Neeko,Shaco,301,145,0.48172757475083056
Kennen,Veigar,165,81,0.4909090909090909
Hwei,Yasuo,354,166,0.4689265536723164
Amumu,Riven,285,152,0.5333333333333333
Kassadin,KogMaw,63,32,0.5079365079365079
Kassadin,Riven,129,65,0.5038759689922481
Kassadin,Vex,48,24,0.5
KogMaw,Riven,146,64,0.4383561643835616
KogMaw,Vex,165,85,0.5151515151515151
Aphelios,Fizz,238,112,0.47058823529411764
Aphelios,Olaf,119,68,0.5714285714285714
Aphelios,Pantheon,375,196,0.5226666666666666
Aphelios,Udyr,188,90,0.4787234042553192
Fizz,Olaf,133,76,0.5714285714285714
Fizz,Udyr,169,93,0.5502958579881657
Olaf,Pantheon,182,111,0.6098901098901099
Olaf,Udyr,100,48,0.48
Jax,Rell,223,116,0.5201793721973094
Olaf,Rell,84,46,0.5476190476190477
Lucian,Nunu,294,138,0.46938775510204084
DrMundo,Malzahar,698,389,0.5573065902578797
DrMundo,MissFortune,1423,747,0.5249472944483485
Malphite,Malzahar,647,362,0.5595054095826894
Jhin,Tryndamere,583,273,0.46826758147512865
Tryndamere,Warwick,330,185,0.5606060606060606
Vladimir,Warwick,367,197,0.5367847411444142
Janna,Nilah,77,36,0.4675324675324675
Janna,Zaahen,278,152,0.5467625899280576
Nilah,Volibear,218,122,0.5596330275229358
Amumu,Draven,313,171,0.5463258785942492
Draven,Nidalee,153,76,0.49673202614379086
Caitlyn,Ezreal,353,148,0.4192634560906516
Ezreal,Tryndamere,350,175,0.5
Ezreal,Varus,282,114,0.40425531914893614
Tryndamere,Varus,232,114,0.49137931034482757
Kaisa,Zac,427,220,0.5152224824355972
Pantheon,Zac,253,118,0.466403162055336
Anivia,Kled,69,33,0.4782608695652174
Anivia,Nunu,157,79,0.5031847133757962
Anivia,Syndra,95,40,0.42105263157894735
Kled,Senna,145,66,0.45517241379310347
Alistar,Malzahar,283,145,0.5123674911660777
DrMundo,Nilah,232,126,0.5431034482758621
Malzahar,Nilah,218,118,0.5412844036697247
Nilah,Viego,171,79,0.4619883040935672
Aatrox,Karma,351,174,0.49572649572649574
Aatrox,Vi,237,110,0.4641350210970464
Karma,Smolder,573,283,0.493891797556719
Karma,Vi,258,125,0.4844961240310077
MissFortune,Smolder,459,218,0.4749455337690632
MissFortune,Vi,644,334,0.5186335403726708
Chogath,Smolder,745,395,0.5302013422818792
Corki,Teemo,269,147,0.5464684014869888
Ashe,Neeko,610,300,0.4918032786885246
Kaisa,Sett,911,487,0.5345773874862788
Gwen,Kindred,178,85,0.47752808988764045
Gwen,Nautilus,471,222,0.4713375796178344
Jinx,Ziggs,373,195,0.5227882037533512
LeeSin,Pyke,338,149,0.4408284023668639
LeeSin,Ziggs,275,132,0.48
Pyke,Singed,330,179,0.5424242424242425
Pyke,Ziggs,306,157,0.5130718954248366
Singed,Ziggs,182,101,0.554945054945055
Ekko,Karma,348,153,0.4396551724137931
Ekko,Vladimir,257,128,0.4980544747081712
Karma,Vladimir,249,118,0.4738955823293173
Cassiopeia,Rammus,67,38,0.5671641791044776
Cassiopeia,Renekton,97,48,0.4948453608247423
Cassiopeia,Vayne,202,92,0.45544554455445546
Cassiopeia,Zed,125,60,0.48
DrMundo,Rammus,234,115,0.49145299145299143
DrMundo,Renekton,218,108,0.4954128440366973
Rammus,Renekton,120,66,0.55
Rammus,XinZhao,98,58,0.5918367346938775
Renekton,Sona,227,122,0.5374449339207048
Renekton,Zed,259,124,0.47876447876447875
Azir,Darius,236,120,0.5084745762711864
Azir,Karma,159,72,0.4528301886792453
Azir,Rammus,83,49,0.5903614457831325
Azir,Rell,120,50,0.4166666666666667
Azir,Shen,131,60,0.4580152671755725
Azir,Velkoz,118,50,0.423728813559322
Brand,Karma,269,146,0.5427509293680297
Brand,Rell,174,82,0.47126436781609193
Darius,Rammus,207,118,0.5700483091787439
Darius,Shen,241,114,0.4730290456431535
Karma,Rammus,150,72,0.48
Karma,Rell,73,46,0.6301369863013698
Karma,Velkoz,166,93,0.5602409638554217
Rammus,Rell,80,44,0.55
Rammus,Shen,150,68,0.4533333333333333
Rell,Shen,138,70,0.5072463768115942
Rell,Velkoz,114,58,0.5087719298245614
Shen,Velkoz,301,175,0.5813953488372093
Akshan,Rumble,106,53,0.5
Kaisa,Rakan,345,162,0.46956521739130436
Rakan,Rumble,71,38,0.5352112676056338
Rumble,Zaahen,136,85,0.625
Brand,Mordekaiser,651,370,0.5683563748079877
Galio,Rell,167,86,0.5149700598802395
Lucian,Rell,169,91,0.5384615384615384
Ashe,Braum,857,408,0.47607934655775963
Braum,Tryndamere,158,76,0.4810126582278481
MasterYi,Orianna,324,161,0.49691358024691357
Darius,MonkeyKing,240,116,0.48333333333333334
Swain,Vex,232,124,0.5344827586206896
Diana,Urgot,363,207,0.5702479338842975
Diana,Xerath,372,191,0.5134408602150538
Urgot,Vex,182,96,0.5274725274725275
Urgot,Xerath,295,153,0.5186440677966102
Urgot,Zeri,125,61,0.488
Xerath,Zeri,195,104,0.5333333333333333
Bard,Riven,210,97,0.46190476190476193
Ambessa,Hwei,260,149,0.573076923076923
Ambessa,Udyr,157,87,0.554140127388535
Diana,Kalista,168,73,0.43452380952380953
Kalista,Kennen,77,40,0.5194805194805194
Kalista,Malphite,190,102,0.5368421052631579
Malphite,Sion,382,201,0.5261780104712042
Azir,Draven,128,52,0.40625
Azir,Naafiri,101,32,0.31683168316831684
Draven,Naafiri,176,84,0.4772727272727273
Naafiri,Senna,284,140,0.49295774647887325
Naafiri,Sion,239,116,0.48535564853556484
Evelynn,Jinx,372,163,0.4381720430107527
Evelynn,Lulu,150,64,0.4266666666666667
Evelynn,Morgana,280,137,0.48928571428571427
Evelynn,Ornn,143,61,0.42657342657342656
Jinx,Ornn,551,266,0.4827586206896552
Lulu,Ornn,224,92,0.4107142857142857
Kled,Leona,138,68,0.4927536231884058
Kled,Shen,71,36,0.5070422535211268
Samira,Shen,279,151,0.5412186379928315
Udyr,Vex,138,71,0.5144927536231884
Chogath,Nocturne,355,179,0.504225352112676
Nocturne,Yone,365,171,0.4684931506849315
Sona,Yunara,353,192,0.5439093484419264
Kindred,Ziggs,233,111,0.47639484978540775
Yasuo,Ziggs,466,244,0.5236051502145923
Elise,JarvanIV,106,51,0.4811320754716981
Elise,Renata,45,22,0.4888888888888889
Elise,Vayne,220,109,0.4954545454545455
Elise,Vex,104,49,0.47115384615384615
Renata,Vex,76,39,0.5131578947368421
Anivia,TahmKench,179,97,0.5418994413407822
Anivia,Zoe,106,49,0.46226415094339623
TahmKench,Yuumi,173,84,0.48554913294797686
TahmKench,Zoe,199,91,0.457286432160804
Chogath,Singed,271,140,0.5166051660516605
Heimerdinger,Hwei,183,94,0.5136612021857924
Heimerdinger,Nunu,174,91,0.5229885057471264
Heimerdinger,Viego,303,164,0.5412541254125413
Hwei,KSante,156,59,0.3782051282051282
KSante,Nunu,97,54,0.5567010309278351
KSante,Viego,195,95,0.48717948717948717
Nunu,Viego,104,53,0.5096153846153846
Corki,Darius,192,81,0.421875
Corki,Gnar,81,43,0.5308641975308642
Corki,Lux,311,149,0.4790996784565916
Darius,Gnar,88,31,0.3522727272727273
Gnar,Katarina,180,92,0.5111111111111111
Ashe,Soraka,840,462,0.55
Gragas,Soraka,199,92,0.4623115577889447
JarvanIV,Soraka,289,156,0.5397923875432526
DrMundo,Ezreal,759,357,0.47035573122529645
DrMundo,Orianna,357,179,0.5014005602240896
Ezreal,Orianna,402,191,0.47512437810945274
Orianna,Pantheon,382,204,0.5340314136125655
Kaisa,Seraphine,727,345,0.47455295735900965
Renekton,Seraphine,345,163,0.47246376811594204
DrMundo,Heimerdinger,315,185,0.5873015873015873
DrMundo,Urgot,232,140,0.603448275862069
Ahri,Tryndamere,395,210,0.5316455696202531
Jinx,Tryndamere,511,246,0.48140900195694714
Nocturne,Tryndamere,196,90,0.45918367346938777
Karthus,Kennen,88,41,0.4659090909090909
Karthus,Leona,202,104,0.5148514851485149
Karthus,Urgot,136,76,0.5588235294117647
Kennen,Leona,200,101,0.505
Kennen,Urgot,88,46,0.5227272727272727
Leona,Urgot,306,167,0.545751633986928
Draven,Hwei,218,95,0.43577981651376146
Draven,Nami,376,193,0.5132978723404256
Draven,Ornn,184,83,0.45108695652173914
Hwei,Khazix,244,119,0.48770491803278687
Jax,Kassadin,183,88,0.4808743169398907
Kassadin,Lulu,120,51,0.425
Kassadin,RekSai,45,21,0.4666666666666667
Lulu,RekSai,95,37,0.3894736842105263
Seraphine,Soraka,140,72,0.5142857142857142
Soraka,Trundle,313,145,0.46325878594249204
Khazix,Maokai,163,80,0.49079754601226994
Khazix,Morgana,441,220,0.4988662131519274
Tryndamere,Vayne,356,179,0.5028089887640449
Draven,Olaf,92,52,0.5652173913043478
Draven,Rumble,129,72,0.5581395348837209
Nami,Olaf,230,115,0.5
Nami,Rumble,155,81,0.5225806451612903
Jhin,Nasus,751,410,0.5459387483355526
Leblanc,Nasus,198,90,0.45454545454545453
Irelia,TahmKench,249,122,0.4899598393574297
Aatrox,Sett,271,136,0.5018450184501845
AurelionSol,Sett,356,190,0.5337078651685393
Gnar,Hecarim,118,60,0.5084745762711864
Gnar,Taric,72,38,0.5277777777777778
Gnar,Zoe,144,71,0.4930555555555556
Hecarim,Taric,89,50,0.5617977528089888
Taric,Zoe,103,39,0.3786407766990291
Ambessa,Vladimir,175,76,0.4342857142857143
Galio,Vladimir,180,93,0.5166666666666667
Galio,Xayah,272,133,0.4889705882352941
Poppy,Vladimir,215,108,0.5023255813953489
Poppy,Xayah,201,96,0.47761194029850745
Vladimir,Xayah,239,116,0.48535564853556484
Aurora,Naafiri,147,75,0.5102040816326531
Morgana,Nami,374,210,0.5614973262032086
Nami,Pyke,128,62,0.484375
AurelionSol,Jayce,141,66,0.46808510638297873
AurelionSol,Kayn,313,156,0.4984025559105431
AurelionSol,Lucian,286,142,0.4965034965034965
Jayce,Kayn,216,93,0.4305555555555556
Jayce,Poppy,126,64,0.5079365079365079
Kayn,Poppy,295,140,0.4745762711864407
Jax,Rumble,151,82,0.543046357615894
Kaisa,Twitch,278,102,0.3669064748201439
Rumble,Twitch,183,86,0.46994535519125685
Garen,Xayah,382,183,0.4790575916230366
Chogath,Shaco,490,270,0.5510204081632653
Annie,Hecarim,147,76,0.5170068027210885
Annie,Tristana,267,138,0.5168539325842697
Hecarim,Senna,227,113,0.4977973568281938
Hecarim,Zyra,168,60,0.35714285714285715
Senna,Tristana,402,187,0.4651741293532338
Aatrox,Senna,397,202,0.5088161209068011
Akali,Kayle,294,158,0.5374149659863946
Lillia,Nunu,129,63,0.4883720930232558
Lillia,Samira,254,142,0.5590551181102362
Lillia,Urgot,212,97,0.45754716981132076
Lillia,Vi,112,62,0.5535714285714286
Mordekaiser,Vi,384,203,0.5286458333333334
Nautilus,Samira,776,395,0.509020618556701
Nautilus,Urgot,331,169,0.5105740181268882
Nautilus,Vi,360,171,0.475
Nunu,Urgot,196,108,0.5510204081632653
Nunu,Vi,137,76,0.5547445255474452
Samira,Zyra,251,139,0.5537848605577689
Urgot,Vi,190,99,0.5210526315789473
Urgot,Zyra,255,140,0.5490196078431373
Vi,Zyra,292,171,0.5856164383561644
Akshan,Kassadin,56,29,0.5178571428571429
Akshan,Sett,273,125,0.45787545787545786
Akshan,Tryndamere,129,62,0.4806201550387597
Akshan,XinZhao,165,83,0.503030303030303
Blitzcrank,Kassadin,160,80,0.5
Jinx,Kassadin,248,125,0.5040322580645161
Jinx,XinZhao,650,341,0.5246153846153846
Kassadin,Nami,203,104,0.5123152709359606
Kassadin,Sett,217,113,0.5207373271889401
Kassadin,Tryndamere,117,58,0.49572649572649574
Sett,Tryndamere,188,106,0.5638297872340425
Ekko,Thresh,582,305,0.5240549828178694
Ekko,Vex,173,83,0.4797687861271676
Sett,Vex,356,198,0.5561797752808989
Draven,Kennen,123,60,0.4878048780487805
Fiora,Kennen,57,36,0.631578947368421
Fiora,Senna,228,106,0.4649122807017544
Kennen,Senna,187,89,0.47593582887700536
Pantheon,Senna,521,258,0.4952015355086372
AurelionSol,Varus,242,125,0.5165289256198347
Kayle,Zaahen,322,161,0.5
Lux,Varus,842,397,0.47149643705463185
Ekko,Zoe,196,91,0.4642857142857143
Sett,Shen,268,161,0.6007462686567164
Caitlyn,Ryze,499,238,0.47695390781563124
Caitlyn,Zyra,943,489,0.5185577942735949
Ryze,Warwick,284,145,0.5105633802816901
Ryze,Yone,239,120,0.502092050209205
Yone,Zyra,522,276,0.5287356321839081
Briar,Viktor,267,131,0.49063670411985016
Lucian,Sona,302,156,0.5165562913907285
Camille,Kaisa,300,131,0.43666666666666665
Camille,Nocturne,108,50,0.46296296296296297
Camille,Vladimir,98,48,0.4897959183673469
Kaisa,Vladimir,534,242,0.45318352059925093
Bard,Ezreal,528,261,0.4943181818181818
Bard,Karma,99,45,0.45454545454545453
Bard,Taric,64,27,0.421875
Ezreal,Smolder,337,165,0.4896142433234421
Mordekaiser,Sion,319,166,0.5203761755485894
Lux,RekSai,216,108,0.5
Lux,Viktor,451,212,0.4700665188470067
RekSai,Viktor,90,42,0.4666666666666667
Aatrox,Qiyana,182,77,0.4230769230769231
Diana,Qiyana,181,97,0.5359116022099447
Qiyana,Viktor,117,54,0.46153846153846156
Garen,Quinn,162,81,0.5
Garen,Vex,380,204,0.5368421052631579
Orianna,Quinn,153,71,0.46405228758169936
Orianna,Vex,73,42,0.5753424657534246
Quinn,Vex,142,69,0.4859154929577465
Taliyah,Tryndamere,101,56,0.5544554455445545
Rell,Rumble,98,51,0.5204081632653061
Rumble,Velkoz,121,69,0.5702479338842975
Ornn,Varus,308,144,0.4675324675324675
Jayce,MonkeyKing,116,57,0.49137931034482757
Jayce,Seraphine,236,120,0.5084745762711864
Akali,Skarner,121,59,0.48760330578512395
Darius,Skarner,120,53,0.44166666666666665
Draven,Skarner,82,28,0.34146341463414637
Leona,Skarner,117,46,0.39316239316239315
Galio,Graves,310,156,0.5032258064516129
Galio,Karma,315,168,0.5333333333333333
Galio,Seraphine,363,192,0.5289256198347108
Graves,Karma,267,126,0.47191011235955055
Graves,Seraphine,346,176,0.5086705202312138
Karma,Seraphine,173,78,0.4508670520231214
Ashe,Jhin,508,243,0.47834645669291337
Mel,Xerath,430,210,0.4883720930232558
Alistar,Riven,157,70,0.445859872611465
Alistar,Swain,210,121,0.5761904761904761
Smolder,Smolder,40,13,0.325
Smolder,Swain,666,353,0.53003003003003
Mel,Zyra,472,242,0.5127118644067796
Seraphine,Zyra,232,117,0.5043103448275862
Fiora,Qiyana,118,57,0.4830508474576271
Fiora,Soraka,187,90,0.48128342245989303
Fiora,Talon,121,64,0.5289256198347108
Qiyana,Talon,68,27,0.39705882352941174
Soraka,Talon,193,101,0.5233160621761658
MissFortune,Urgot,661,369,0.5582450832072617
Ahri,Xerath,342,174,0.5087719298245614
Garen,Malphite,519,296,0.5703275529865125
Malphite,Zeri,263,147,0.55893536121673
Ambessa,Pantheon,352,154,0.4375
Hwei,Pantheon,449,236,0.5256124721603563
Hwei,Ryze,104,46,0.4423076923076923
Pantheon,Ryze,296,138,0.46621621621621623
Diana,Ekko,282,130,0.46099290780141844
Ekko,Ornn,282,126,0.44680851063829785
Amumu,Kalista,149,72,0.48322147651006714
Amumu,Pyke,430,201,0.46744186046511627
Kalista,Pyke,157,74,0.4713375796178344
Kalista,Soraka,92,54,0.5869565217391305
Lux,Pyke,576,266,0.4618055555555556
Darius,Galio,466,234,0.5021459227467812
Darius,Viktor,361,179,0.49584487534626037
Darius,Yuumi,419,198,0.47255369928400953
LeeSin,Viktor,265,119,0.4490566037735849
Garen,Nocturne,419,231,0.5513126491646778
Ahri,Lillia,410,215,0.524390243902439
Karma,Lillia,251,138,0.549800796812749
Karma,Sett,422,230,0.5450236966824644
Lillia,Twitch,337,176,0.5222551928783383
Lillia,Zaahen,383,218,0.5691906005221932
Lux,Neeko,492,224,0.45528455284552843
Neeko,Zaahen,519,255,0.4913294797687861
Naafiri,Yone,246,123,0.5
Hwei,Pyke,342,154,0.4502923976608187
Pyke,Warwick,586,286,0.4880546075085324
Fiora,Nunu,158,76,0.4810126582278481
Nunu,Seraphine,335,146,0.43582089552238806
Akali,Gragas,180,81,0.45
Khazix,Nocturne,51,26,0.5098039215686274
Aatrox,Syndra,347,169,0.48703170028818443
Qiyana,Syndra,121,49,0.4049586776859504
Brand,Leblanc,255,122,0.47843137254901963
Pyke,Vayne,566,261,0.46113074204946997
Pyke,Xerath,294,148,0.5034013605442177
Evelynn,Kalista,52,27,0.5192307692307693
Evelynn,Vladimir,132,66,0.5
Kalista,Shyvana,48,22,0.4583333333333333
Seraphine,Shyvana,155,76,0.49032258064516127
Malphite,Soraka,525,284,0.540952380952381
Soraka,Ziggs,228,111,0.4868421052631579
Nidalee,Sion,236,103,0.4364406779661017
Sion,Yunara,418,185,0.44258373205741625
Malzahar,Nunu,342,159,0.4649122807017544
Nunu,Zaahen,363,183,0.5041322314049587
Akali,Irelia,290,130,0.4482758620689655
Akali,Shen,321,158,0.49221183800623053
Akali,Ekko,266,106,0.39849624060150374
Fiora,Thresh,274,131,0.4781021897810219
Elise,Yasuo,301,146,0.4850498338870432
Darius,Khazix,315,142,0.4507936507936508
Nasus,Zeri,160,70,0.4375
Senna,Zeri,166,78,0.46987951807228917
Zeri,Ziggs,131,61,0.46564885496183206
Chogath,Rengar,279,136,0.4874551971326165
Janna,Rengar,137,59,0.4306569343065693
Rengar,Smolder,380,175,0.4605263157894737
Jax,Seraphine,646,318,0.49226006191950467
Cassiopeia,Jhin,292,148,0.5068493150684932
Cassiopeia,Lillia,120,65,0.5416666666666666
Cassiopeia,Sett,170,85,0.5
Braum,Gragas,141,63,0.44680851063829785
Braum,Neeko,120,48,0.4
Gragas,Neeko,162,77,0.47530864197530864
Gragas,Nunu,153,70,0.45751633986928103
Darius,Pantheon,540,276,0.5111111111111111
Darius,Smolder,766,384,0.5013054830287206
Leona,Vladimir,358,173,0.48324022346368717
Amumu,Shen,327,185,0.5657492354740061
LeeSin,Shen,256,128,0.5
AurelionSol,Braum,141,67,0.475177304964539
AurelionSol,KSante,140,62,0.44285714285714284
AurelionSol,Udyr,152,81,0.5328947368421053
Braum,KSante,115,40,0.34782608695652173
Braum,Vi,174,82,0.47126436781609193
Caitlyn,XinZhao,676,356,0.5266272189349113
Tristana,Udyr,286,155,0.541958041958042
Udyr,Vi,111,54,0.4864864864864865
Udyr,XinZhao,111,59,0.5315315315315315
Vi,XinZhao,148,89,0.6013513513513513
Malphite,Yorick,269,136,0.5055762081784386
Sett,Sona,442,242,0.5475113122171946
Sett,Vayne,652,343,0.5260736196319018
Sett,Yorick,186,100,0.5376344086021505
Soraka,Yorick,291,173,0.5945017182130584
Caitlyn,Gangplank,443,216,0.48758465011286684
Samira,TwistedFate,233,114,0.4892703862660944
TwistedFate,Veigar,280,145,0.5178571428571429
Blitzcrank,Nidalee,252,109,0.43253968253968256
Blitzcrank,Nilah,172,91,0.5290697674418605
Katarina,Nilah,159,79,0.4968553459119497
Nidalee,Nilah,110,57,0.5181818181818182
Nilah,Zyra,140,75,0.5357142857142857
Gwen,Syndra,234,107,0.45726495726495725
Quinn,Syndra,155,78,0.5032258064516129
Diana,Galio,342,188,0.5497076023391813
Galio,Milio,285,147,0.5157894736842106
Galio,Pantheon,512,250,0.48828125
Galio,Trundle,285,152,0.5333333333333333
Katarina,Trundle,246,132,0.5365853658536586
Brand,Graves,356,188,0.5280898876404494
Graves,Zaahen,333,177,0.5315315315315315
Pyke,Zaahen,585,280,0.47863247863247865
Kayle,Sivir,369,182,0.4932249322493225
Lux,Yuumi,392,193,0.4923469387755102
Ambessa,Sona,250,146,0.584
Diana,Zed,473,240,0.507399577167019
Corki,Elise,77,40,0.5194805194805194
Corki,Yasuo,188,97,0.5159574468085106
Aphelios,Gwen,280,137,0.48928571428571427
Kled,Orianna,105,49,0.4666666666666667
Kled,XinZhao,102,45,0.4411764705882353
Nami,Orianna,348,171,0.49137931034482757
Orianna,XinZhao,266,125,0.4699248120300752
Bard,Kled,88,41,0.4659090909090909
Kled,Lillia,101,57,0.5643564356435643
Fizz,Vi,230,122,0.5304347826086957
Corki,Jhin,169,68,0.40236686390532544
Corki,Zed,185,88,0.4756756756756757
Lillia,Riven,197,104,0.5279187817258884
Akshan,KSante,93,37,0.3978494623655914
Akshan,Kennen,107,54,0.5046728971962616
Akshan,Malphite,349,160,0.4584527220630373
Akshan,Urgot,140,66,0.4714285714285714
KSante,Kennen,51,23,0.45098039215686275
KSante,Malphite,164,73,0.4451219512195122
KSante,Urgot,57,25,0.43859649122807015
Malphite,Urgot,251,140,0.5577689243027888
Trundle,Viktor,221,97,0.43891402714932126
Trundle,Volibear,308,164,0.5324675324675324
Viktor,Zyra,207,108,0.5217391304347826
Karma,Senna,265,128,0.4830188679245283
Ambessa,Neeko,265,136,0.5132075471698113
Aurora,Neeko,206,99,0.48058252427184467
Neeko,Warwick,418,213,0.5095693779904307
Gwen,Lulu,306,143,0.4673202614379085
Lulu,Zed,369,163,0.44173441734417346
Malphite,Zed,583,309,0.5300171526586621
Evelynn,TwistedFate,144,60,0.4166666666666667
Evelynn,Yunara,222,112,0.5045045045045045
Kled,TwistedFate,96,42,0.4375
Kled,Yunara,133,71,0.5338345864661654
Draven,Samira,69,31,0.4492753623188406
Draven,Vladimir,245,118,0.4816326530612245
Ezreal,Samira,135,53,0.3925925925925926
Kaisa,Samira,132,58,0.4393939393939394
Taric,Tristana,221,115,0.5203619909502263
Taric,TwistedFate,125,66,0.528
Taric,Ziggs,115,65,0.5652173913043478
Tristana,Ziggs,332,182,0.5481927710843374
TwistedFate,Zed,197,86,0.4365482233502538
Zed,Ziggs,348,174,0.5
Morgana,Twitch,648,334,0.5154320987654321
Sylas,Volibear,584,310,0.5308219178082192
Sylas,Zac,242,107,0.44214876033057854
Briar,Hwei,384,189,0.4921875
Briar,Yunara,490,254,0.5183673469387755
Hwei,Nautilus,397,195,0.491183879093199
DrMundo,Thresh,711,359,0.5049226441631505
DrMundo,Yone,665,349,0.524812030075188
Taliyah,Thresh,221,121,0.5475113122171946
Taliyah,Yone,180,85,0.4722222222222222
Jax,Velkoz,482,253,0.524896265560166
Jax,Volibear,459,243,0.5294117647058824
Akali,Blitzcrank,397,186,0.46851385390428213
Akali,Shyvana,168,78,0.4642857142857143
Blitzcrank,Shyvana,173,85,0.4913294797687861
Lucian,Shyvana,176,80,0.45454545454545453
Jayce,MissFortune,431,220,0.5104408352668214
Jayce,Sion,144,72,0.5
Velkoz,Viego,444,223,0.5022522522522522
Akali,Riven,278,136,0.4892086330935252
KogMaw,Pyke,212,94,0.44339622641509435
Pyke,Thresh,159,72,0.4528301886792453
Thresh,Trundle,426,209,0.49061032863849763
Kayn,Lissandra,203,104,0.5123152709359606
Leona,Velkoz,250,134,0.536
Lissandra,Shen,159,67,0.42138364779874216
Lissandra,Velkoz,130,62,0.47692307692307695
Annie,Cassiopeia,71,30,0.4225352112676056
Annie,KogMaw,136,80,0.5882352941176471
Annie,Riven,153,82,0.5359477124183006
Cassiopeia,Malphite,181,90,0.4972375690607735
Cassiopeia,Riven,83,39,0.46987951807228917
Malphite,Riven,281,128,0.4555160142348754
Aatrox,Milio,399,215,0.5388471177944862
Milio,Xerath,248,129,0.5201612903225806
Shen,Xerath,305,160,0.5245901639344263
Karma,Pyke,164,72,0.43902439024390244
Shaco,Singed,314,165,0.5254777070063694
Singed,Sivir,237,134,0.5654008438818565
Singed,Yone,296,156,0.527027027027027
Singed,Yorick,111,65,0.5855855855855856
Sivir,Yorick,282,143,0.5070921985815603
Yone,Yorick,301,171,0.5681063122923588
Heimerdinger,Qiyana,104,49,0.47115384615384615
Heimerdinger,Skarner,71,25,0.352112676056338
Kayn,Skarner,64,27,0.421875
Kayn,Soraka,483,238,0.4927536231884058
Qiyana,Skarner,42,12,0.2857142857142857
DrMundo,Graves,332,172,0.5180722891566265
DrMundo,Sylas,723,381,0.5269709543568465
Graves,Lux,660,320,0.48484848484848486
Graves,Sylas,341,167,0.4897360703812317
Draven,Neeko,227,124,0.5462555066079295
Gwen,Janna,178,75,0.42134831460674155
Janna,Leona,90,41,0.45555555555555555
Milio,Nami,76,37,0.4868421052631579
Milio,Nidalee,179,96,0.5363128491620112
Nidalee,Syndra,158,78,0.4936708860759494
Bard,Camille,139,66,0.4748201438848921
Bard,Galio,251,126,0.50199203187251
Bard,Quinn,124,68,0.5483870967741935
Camille,Galio,184,113,0.6141304347826086
Camille,Quinn,52,22,0.4230769230769231
Galio,Quinn,211,103,0.4881516587677725
Quinn,Teemo,278,145,0.5215827338129496
Corki,Seraphine,172,76,0.4418604651162791
Darius,DrMundo,422,219,0.518957345971564
Diana,Lillia,198,117,0.5909090909090909
Soraka,Xerath,241,128,0.5311203319502075
Elise,Hwei,119,57,0.4789915966386555
Irelia,Urgot,111,62,0.5585585585585585
Lulu,Urgot,212,106,0.5
Ashe,Nilah,121,64,0.5289256198347108
Malzahar,Sett,659,360,0.5462822458270106
Nilah,Sett,248,125,0.5040322580645161
Nilah,Thresh,189,110,0.582010582010582
Veigar,XinZhao,389,209,0.5372750642673522
AurelionSol,Nunu,187,101,0.5401069518716578
AurelionSol,Xerath,175,90,0.5142857142857142
Twitch,Xerath,329,171,0.5197568389057751
Heimerdinger,Kassadin,81,41,0.5061728395061729
Kassadin,Nasus,128,62,0.484375
Kassadin,Sylas,139,77,0.5539568345323741
Nasus,Sylas,422,197,0.466824644549763
Brand,Nami,415,218,0.5253012048192771
Maokai,Teemo,343,183,0.5335276967930029
Brand,Vladimir,333,172,0.5165165165165165
Veigar,Vladimir,271,138,0.5092250922509225
Briar,Sett,593,326,0.5497470489038786
Akshan,MissFortune,486,243,0.5
Graves,Velkoz,289,156,0.5397923875432526
KSante,Velkoz,151,74,0.4900662251655629
Khazix,Ryze,182,86,0.4725274725274725
Ryze,Seraphine,261,124,0.47509578544061304
Chogath,Diana,504,256,0.5079365079365079
Pantheon,TwistedFate,363,183,0.5041322314049587
Tryndamere,Viktor,174,87,0.5
TwistedFate,Viktor,104,48,0.46153846153846156
Olaf,Sett,161,96,0.5962732919254659
Olaf,Urgot,71,47,0.6619718309859155
Olaf,Yone,182,89,0.489010989010989
Sett,Urgot,183,99,0.5409836065573771
Urgot,Velkoz,250,137,0.548
Ezreal,Lissandra,224,111,0.4955357142857143
Ezreal,Viego,602,281,0.46677740863787376
Lissandra,Viego,167,77,0.46107784431137727
Lissandra,Yunara,174,82,0.47126436781609193
Ahri,Karthus,259,123,0.4749034749034749
Ahri,Syndra,131,70,0.5343511450381679
Karthus,Swain,218,111,0.5091743119266054
Karthus,Syndra,105,51,0.4857142857142857
Senna,Vladimir,369,162,0.43902439024390244
TahmKench,Varus,271,123,0.45387453874538747
TahmKench,Vladimir,211,90,0.4265402843601896
Varus,Vladimir,272,107,0.39338235294117646
Vladimir,Ziggs,152,77,0.506578947368421
Jax,Karma,450,231,0.5133333333333333
Aphelios,Galio,275,146,0.5309090909090909
Aphelios,Sett,410,209,0.5097560975609756
Aphelios,Warwick,399,205,0.5137844611528822
Aurora,Galio,155,76,0.49032258064516127
Sett,Warwick,643,342,0.5318818040435459
Janna,Malphite,269,135,0.5018587360594795
Jayce,Rumble,72,30,0.4166666666666667
Leblanc,Neeko,161,81,0.5031055900621118
Leblanc,Rumble,85,39,0.4588235294117647
Leblanc,Zilean,116,51,0.4396551724137931
Neeko,Zilean,114,49,0.4298245614035088
Rumble,Zilean,79,42,0.5316455696202531
Milio,Veigar,381,215,0.5643044619422573
Gnar,Maokai,94,50,0.5319148936170213
Hwei,Maokai,195,99,0.5076923076923077
Kaisa,Maokai,412,195,0.4733009708737864
Ashe,TahmKench,653,298,0.4563552833078101
Hecarim,TahmKench,183,78,0.4262295081967213
Hecarim,Xerath,194,90,0.4639175257731959
TahmKench,Xerath,260,147,0.5653846153846154
Brand,Fiora,248,130,0.5241935483870968
Fiora,LeeSin,196,82,0.41836734693877553
Fiora,Renekton,51,23,0.45098039215686275
Renekton,Xayah,194,95,0.4896907216494845
Hwei,Soraka,237,119,0.5021097046413502
Jayce,Orianna,161,75,0.4658385093167702
Mordekaiser,Olaf,131,74,0.5648854961832062
Ezreal,Nocturne,385,167,0.43376623376623374
MasterYi,Nocturne,102,53,0.5196078431372549
MasterYi,Vladimir,382,182,0.47643979057591623
Azir,Trundle,159,77,0.48427672955974843
DrMundo,Nami,774,395,0.5103359173126615
DrMundo,Trundle,316,169,0.5348101265822784
Azir,Lucian,204,97,0.47549019607843135
Akshan,Lulu,185,77,0.41621621621621624
Akshan,Sylas,278,136,0.4892086330935252
Akshan,Varus,206,91,0.441747572815534
Sylas,Varus,486,222,0.4567901234567901
Fiora,Nocturne,151,73,0.48344370860927155
Riven,Ryze,180,86,0.4777777777777778
Riven,Tristana,335,163,0.48656716417910445
Kassadin,Shaco,147,69,0.46938775510204084
Kassadin,Urgot,114,55,0.4824561403508772
MasterYi,Soraka,440,211,0.47954545454545455
Briar,Syndra,310,157,0.5064516129032258
Briar,Urgot,285,152,0.5333333333333333
Syndra,Urgot,214,116,0.5420560747663551
Tristana,Urgot,322,189,0.5869565217391305
Lillia,Mel,445,223,0.501123595505618
Lillia,XinZhao,129,71,0.5503875968992248
XinZhao,Yorick,221,115,0.5203619909502263
Lulu,Seraphine,116,56,0.4827586206896552
Lulu,Warwick,455,218,0.47912087912087914
DrMundo,Yorick,250,139,0.556
Heimerdinger,Yorick,154,94,0.6103896103896104
Amumu,Lissandra,180,98,0.5444444444444444
Jinx,Pantheon,1047,527,0.5033428844317096
Leona,Ornn,284,136,0.4788732394366197
Ornn,XinZhao,221,112,0.5067873303167421
Singed,Smolder,425,229,0.5388235294117647
Annie,Qiyana,90,38,0.4222222222222222
Brand,Qiyana,235,125,0.5319148936170213
Qiyana,Senna,227,102,0.44933920704845814
Qiyana,TahmKench,182,76,0.4175824175824176
Azir,Nautilus,245,114,0.46530612244897956
TahmKench,Veigar,474,238,0.5021097046413502
Akshan,Leblanc,94,47,0.5
Caitlyn,Smolder,425,194,0.45647058823529413
Diana,Nocturne,243,127,0.522633744855967
Nocturne,Teemo,403,211,0.5235732009925558
Brand,Kassadin,176,86,0.48863636363636365
Kassadin,Nautilus,179,81,0.45251396648044695
Blitzcrank,Heimerdinger,319,166,0.5203761755485894
Blitzcrank,MonkeyKing,263,136,0.5171102661596958
Gnar,Pantheon,201,109,0.5422885572139303
Heimerdinger,Pantheon,336,175,0.5208333333333334
Kayle,Maokai,243,136,0.5596707818930041
Pyke,Quinn,198,101,0.51010101010101
Quinn,Renekton,80,38,0.475
Renekton,Shen,122,65,0.5327868852459017
Annie,Evelynn,105,57,0.5428571428571428
Annie,Zac,117,58,0.49572649572649574
Evelynn,Mel,312,143,0.4583333333333333
Evelynn,Zac,52,23,0.4423076923076923
Ezreal,Janna,322,144,0.4472049689440994
Ezreal,Shyvana,221,110,0.497737556561086
Galio,Janna,185,104,0.5621621621621622
Galio,Shyvana,157,80,0.5095541401273885
Galio,Ziggs,249,147,0.5903614457831325
Janna,Shyvana,88,46,0.5227272727272727
Janna,Ziggs,178,85,0.47752808988764045
Shyvana,Ziggs,115,61,0.5304347826086957
Kindred,Sona,201,100,0.4975124378109453
Sylas,Veigar,398,199,0.5
JarvanIV,Viego,105,56,0.5333333333333333
Anivia,Fizz,129,66,0.5116279069767442
Anivia,Rumble,90,44,0.4888888888888889
Anivia,Twitch,262,127,0.4847328244274809
Fizz,Rumble,107,50,0.4672897196261682
Kindred,Malzahar,282,140,0.49645390070921985
Kindred,Quinn,118,57,0.4830508474576271
Kindred,Swain,295,147,0.49830508474576274
Malzahar,Ziggs,236,133,0.5635593220338984
Quinn,Swain,258,139,0.5387596899224806
Quinn,Ziggs,169,81,0.47928994082840237
Velkoz,Vex,193,98,0.5077720207253886
Velkoz,XinZhao,266,143,0.5375939849624061
Vex,XinZhao,183,93,0.5081967213114754
Nunu,Qiyana,123,52,0.42276422764227645
Qiyana,Varus,183,79,0.43169398907103823
Qiyana,Yone,197,82,0.41624365482233505
Kaisa,Nasus,575,272,0.47304347826086957
DrMundo,Pyke,652,318,0.48773006134969327
Ezreal,Pyke,521,212,0.4069097888675624
MasterYi,Pyke,497,248,0.49899396378269617
DrMundo,Skarner,134,60,0.44776119402985076
DrMundo,Yuumi,465,228,0.49032258064516127
Kayn,Kayn,23,7,0.30434782608695654
Kayn,Vi,131,72,0.549618320610687
Skarner,Vayne,159,82,0.5157232704402516
Skarner,Yuumi,93,40,0.43010752688172044
Vayne,Vi,375,180,0.48
Vayne,Yuumi,541,273,0.5046210720887245
Vi,Yuumi,217,99,0.45622119815668205
Alistar,Gnar,108,50,0.46296296296296297
Alistar,Lillia,187,96,0.5133689839572193
Alistar,Zed,261,115,0.44061302681992337
Azir,Khazix,127,58,0.4566929133858268
Azir,Veigar,106,40,0.37735849056603776
Gnar,Khazix,106,42,0.39622641509433965
Gnar,Veigar,242,118,0.48760330578512395
Gragas,Lillia,139,62,0.4460431654676259
Gragas,Veigar,260,113,0.4346153846153846
Katarina,Rakan,151,74,0.4900662251655629
Katarina,Sion,324,160,0.49382716049382713
Rakan,Zed,177,93,0.5254237288135594
Ambessa,Cassiopeia,113,53,0.4690265486725664
Ambessa,LeeSin,205,106,0.5170731707317073
Cassiopeia,Nautilus,200,97,0.485
Cassiopeia,Veigar,128,70,0.546875
Aatrox,Akshan,188,83,0.44148936170212766
Shaco,Twitch,472,229,0.4851694915254237
LeeSin,Riven,209,105,0.5023923444976076
Pyke,Viktor,310,149,0.4806451612903226
Riven,Viktor,219,108,0.4931506849315068
Gangplank,Karma,165,71,0.4303030303030303
Karma,LeeSin,313,148,0.4728434504792332
LeeSin,Swain,373,198,0.5308310991957105
Hwei,RekSai,113,57,0.504424778761062
Hwei,TwistedFate,159,68,0.4276729559748428
Jinx,Rammus,414,217,0.5241545893719807
Jinx,RekSai,200,96,0.48
Rammus,RekSai,33,12,0.36363636363636365
Rammus,TwistedFate,160,64,0.4
RekSai,Senna,122,49,0.4016393442622951
RekSai,TahmKench,87,37,0.42528735632183906
RekSai,TwistedFate,92,34,0.3695652173913043
RekSai,Vi,53,29,0.5471698113207547
Senna,TwistedFate,297,134,0.4511784511784512
Senna,Vi,291,127,0.436426116838488
TahmKench,TwistedFate,235,95,0.40425531914893614
Gwen,Teemo,334,165,0.4940119760479042
Teemo,TwistedFate,391,186,0.47570332480818417
TwistedFate,Yuumi,219,79,0.3607305936073059
Ahri,Jayce,298,157,0.5268456375838926
Illaoi,Jayce,87,49,0.5632183908045977
Chogath,Renata,159,65,0.4088050314465409
Chogath,Tryndamere,253,141,0.5573122529644269
Renata,Renata,11,6,0.5454545454545454
Renata,Tryndamere,115,58,0.5043478260869565
Renata,Zac,75,39,0.52
Tryndamere,Zaahen,203,119,0.5862068965517241
Olaf,Rakan,91,42,0.46153846153846156
Olaf,Varus,174,104,0.5977011494252874
Ambessa,Gwen,175,79,0.4514285714285714
Ambessa,Quinn,103,55,0.5339805825242718
Gwen,Vladimir,196,80,0.40816326530612246
Mel,Quinn,362,184,0.5082872928176796
Aatrox,Elise,162,88,0.5432098765432098
Brand,Elise,124,53,0.4274193548387097
Elise,Kennen,73,29,0.3972602739726027
Elise,Kindred,82,34,0.4146341463414634
Kennen,Kindred,131,68,0.5190839694656488
Darius,JarvanIV,356,178,0.5
JarvanIV,Mel,594,287,0.4831649831649832
Kalista,Lillia,105,62,0.5904761904761905
Kalista,Pantheon,173,78,0.4508670520231214
Kalista,Veigar,176,86,0.48863636363636365
Lillia,Pantheon,386,219,0.5673575129533679
Camille,Ekko,177,90,0.5084745762711864
Camille,Sett,86,44,0.5116279069767442
Annie,Gnar,105,50,0.47619047619047616
Annie,Udyr,158,86,0.5443037974683544
Hecarim,Poppy,133,61,0.45864661654135336
Hecarim,Sona,181,83,0.4585635359116022
Kassadin,Sona,125,64,0.512
Poppy,Sona,146,81,0.5547945205479452
Gangplank,Zaahen,165,80,0.48484848484848486
Shaco,Zaahen,481,257,0.5343035343035343
Kayn,LeeSin,146,64,0.4383561643835616
LeeSin,Taric,134,59,0.44029850746268656
Syndra,Taric,124,63,0.5080645161290323
Aurora,Zed,231,106,0.4588744588744589
Leona,Zed,454,206,0.45374449339207046
Jhin,Urgot,580,303,0.5224137931034483
Jinx,Urgot,548,285,0.5200729927007299
Quinn,Velkoz,205,101,0.4926829268292683
Velkoz,Yuumi,151,66,0.4370860927152318
Diana,Gnar,205,101,0.4926829268292683
Gnar,MissFortune,381,166,0.4356955380577428
Blitzcrank,Vi,276,147,0.532608695652174
Galio,Garen,463,247,0.5334773218142549
Ambessa,Skarner,85,38,0.4470588235294118
Skarner,Zaahen,175,93,0.5314285714285715
Aatrox,Zaahen,474,239,0.5042194092827004
Ekko,Kled,117,65,0.5555555555555556
Ekko,Syndra,198,100,0.5050505050505051
Ekko,Zilean,192,87,0.453125
Fiora,Kled,34,11,0.3235294117647059
Fiora,Zilean,112,58,0.5178571428571429
Kled,Zilean,50,21,0.42
Garen,Seraphine,694,342,0.49279538904899134
Garen,Viego,642,333,0.5186915887850467
Seraphine,Syndra,334,155,0.46407185628742514
Pyke,Zed,389,165,0.4241645244215938
Heimerdinger,Twitch,279,161,0.5770609318996416
MasterYi,Warwick,293,150,0.5119453924914675
Akali,Elise,124,48,0.3870967741935484
Elise,Jax,164,70,0.4268292682926829
Elise,Seraphine,143,62,0.43356643356643354
Briar,Karthus,119,68,0.5714285714285714
Jinx,Karthus,369,185,0.5013550135501355
Akali,Zed,254,123,0.484251968503937
Kayn,Shaco,290,141,0.4862068965517241
Kayn,Tryndamere,303,146,0.48184818481848185
Samira,Tryndamere,183,108,0.5901639344262295
Alistar,Chogath,319,163,0.5109717868338558
Alistar,Soraka,91,38,0.4175824175824176
Riven,Soraka,221,121,0.5475113122171946
Nautilus,Nocturne,412,201,0.4878640776699029
Nocturne,Velkoz,248,129,0.5201612903225806
Jax,Teemo,675,363,0.5377777777777778
Darius,Renekton,126,64,0.5079365079365079
JarvanIV,Renekton,207,98,0.47342995169082125
JarvanIV,Yasuo,520,284,0.5461538461538461
Renekton,Yasuo,350,178,0.5085714285714286
Corki,Fizz,151,78,0.5165562913907285
Corki,Renata,54,22,0.4074074074074074
Fizz,Renata,120,64,0.5333333333333333
MonkeyKing,Renata,105,52,0.49523809523809526
MonkeyKing,Tryndamere,134,75,0.5597014925373134
Belveth,Gwen,120,63,0.525
Belveth,JarvanIV,52,29,0.5576923076923077
Belveth,Shyvana,45,23,0.5111111111111111
Gwen,JarvanIV,264,136,0.5151515151515151
Gwen,Shyvana,103,48,0.46601941747572817
JarvanIV,Shyvana,74,37,0.5
Ekko,Khazix,200,100,0.5
Malzahar,Yorick,421,237,0.5629453681710214
Pyke,Varus,361,162,0.4487534626038781
Pyke,Yorick,318,157,0.4937106918238994
Varus,Yorick,267,134,0.50187265917603
XinZhao,Zaahen,419,234,0.5584725536992841
Mordekaiser,Riven,198,104,0.5252525252525253
Mordekaiser,Skarner,132,66,0.5
Mordekaiser,Xayah,396,197,0.49747474747474746
Riven,Skarner,75,28,0.37333333333333335
Skarner,Xayah,84,43,0.5119047619047619
Azir,Kled,65,27,0.4153846153846154
Azir,Milio,170,77,0.45294117647058824
Azir,MissFortune,370,158,0.42702702702702705
Kled,Milio,122,62,0.5081967213114754
Milio,Nunu,220,113,0.5136363636363637
Camille,Talon,97,49,0.5051546391752577
Camille,Twitch,147,70,0.47619047619047616
Janna,Talon,118,64,0.5423728813559322
Mel,Soraka,489,258,0.5276073619631901
Diana,Fiora,263,136,0.5171102661596958
Diana,Orianna,204,98,0.4803921568627451
Fiora,Orianna,159,68,0.4276729559748428
Fiora,Tristana,246,123,0.5
Orianna,Pyke,276,143,0.5181159420289855
Briar,Orianna,281,154,0.5480427046263345
Hwei,Leona,312,141,0.4519230769230769
Hwei,Orianna,96,47,0.4895833333333333
Hwei,Varus,299,148,0.49498327759197325
Leona,Riven,313,149,0.476038338658147
Riven,Varus,274,115,0.4197080291970803
Varus,Zed,400,160,0.4
Akali,Mordekaiser,524,251,0.47900763358778625
Akali,Vladimir,196,79,0.4030612244897959
Garen,Mordekaiser,371,213,0.5741239892183289
Garen,Renekton,115,63,0.5478260869565217
Kayn,Renekton,334,163,0.4880239520958084
Kayn,Vladimir,440,217,0.49318181818181817
Mordekaiser,Nocturne,464,229,0.49353448275862066
Mordekaiser,Renekton,186,110,0.5913978494623656
Mordekaiser,Vladimir,281,128,0.4555160142348754
Renekton,Vladimir,163,77,0.4723926380368098
Fizz,Warwick,470,213,0.4531914893617021
Fizz,Yasuo,298,149,0.5
Pantheon,Urgot,314,180,0.5732484076433121
Diana,Fizz,258,129,0.5
Bard,Illaoi,175,82,0.4685714285714286
Ekko,Singed,226,118,0.5221238938053098
Kaisa,Kindred,334,165,0.4940119760479042
Karma,Kindred,222,102,0.4594594594594595
Karma,Poppy,158,83,0.5253164556962026
Poppy,Yasuo,411,198,0.48175182481751827
Cassiopeia,Gragas,86,26,0.3023255813953488
Cassiopeia,Mel,152,86,0.5657894736842105
Gragas,Ornn,132,48,0.36363636363636365
KogMaw,Ornn,171,92,0.5380116959064327
Mel,Ornn,462,233,0.5043290043290043
Akali,Katarina,128,52,0.40625
Akali,Lissandra,76,36,0.47368421052631576
Akali,Pyke,475,223,0.4694736842105263
Katarina,Lissandra,78,43,0.5512820512820513
Annie,Orianna,75,36,0.48
Annie,Rell,126,71,0.5634920634920635
Orianna,Qiyana,105,55,0.5238095238095238
Orianna,Rell,126,69,0.5476190476190477
Rell,Skarner,58,27,0.46551724137931033
Caitlyn,Illaoi,540,282,0.5222222222222223
Illaoi,Rengar,153,68,0.4444444444444444
Milio,Ryze,233,108,0.463519313304721
Aurora,Diana,217,107,0.4930875576036866
Aurora,Varus,243,106,0.43621399176954734
Diana,Kayn,382,174,0.45549738219895286
Kayn,Neeko,413,218,0.5278450363196125
Annie,Rengar,114,65,0.5701754385964912
Ashe,Janna,435,211,0.4850574712643678
Akshan,Illaoi,137,62,0.45255474452554745
Illaoi,Kaisa,416,211,0.5072115384615384
Garen,Poppy,287,160,0.5574912891986062
Janna,Poppy,115,57,0.4956521739130435
Irelia,Rengar,171,69,0.40350877192982454
Irelia,Ziggs,263,130,0.49429657794676807
Rengar,Ziggs,207,96,0.463768115942029
Swain,Vladimir,294,138,0.46938775510204084
Irelia,KSante,63,33,0.5238095238095238
KSante,Sivir,163,82,0.5030674846625767
Lillia,Rumble,82,37,0.45121951219512196
Garen,Teemo,564,308,0.5460992907801419
Aatrox,Sona,311,156,0.5016077170418006
Akali,Nidalee,198,85,0.4292929292929293
Nidalee,Sona,180,85,0.4722222222222222
Ambessa,Vayne,343,165,0.48104956268221577
Ornn,Quinn,118,62,0.5254237288135594
Xerath,XinZhao,287,147,0.5121951219512195
Jayce,Varus,185,84,0.4540540540540541
Jayce,Vladimir,142,65,0.45774647887323944
Malphite,TahmKench,389,184,0.4730077120822622
Nidalee,Nocturne,92,46,0.5
Nidalee,TahmKench,181,70,0.3867403314917127
Nocturne,TahmKench,258,124,0.4806201550387597
Sivir,TahmKench,280,129,0.4607142857142857
Fizz,Karthus,113,64,0.5663716814159292
Elise,Nidalee,67,31,0.4626865671641791
Elise,Pantheon,188,87,0.4627659574468085
Nidalee,Pantheon,276,141,0.5108695652173914
KSante,Poppy,114,50,0.43859649122807015
Khazix,Poppy,170,75,0.4411764705882353
Khazix,Velkoz,253,128,0.5059288537549407
Poppy,Velkoz,193,99,0.5129533678756477
Braum,KogMaw,149,77,0.5167785234899329
Braum,Milio,53,24,0.4528301886792453
KogMaw,Milio,308,159,0.5162337662337663
KogMaw,Neeko,190,90,0.47368421052631576
Milio,MonkeyKing,235,123,0.5234042553191489
Janna,Udyr,137,69,0.5036496350364964
Janna,Zilean,61,33,0.5409836065573771
Lissandra,Udyr,114,62,0.543859649122807
Lissandra,Zilean,82,38,0.4634146341463415
Teemo,Udyr,318,169,0.5314465408805031
Udyr,Zilean,124,72,0.5806451612903226
Brand,DrMundo,759,423,0.5573122529644269
JarvanIV,Viktor,251,111,0.44223107569721115
Soraka,Viktor,257,130,0.5058365758754864
Aurora,Gangplank,124,63,0.5080645161290323
Aurora,TahmKench,240,113,0.4708333333333333
Gangplank,TahmKench,158,75,0.47468354430379744
Gangplank,Yunara,249,125,0.5020080321285141
Amumu,Fizz,382,200,0.5235602094240838
Amumu,Lucian,456,241,0.5285087719298246
Amumu,Qiyana,172,77,0.4476744186046512
Fizz,Malzahar,168,90,0.5357142857142857
Fizz,Qiyana,104,52,0.5
Malzahar,Qiyana,156,73,0.46794871794871795
Caitlyn,Rammus,390,191,0.4897435897435897
Rammus,Seraphine,204,94,0.46078431372549017
Rammus,Yasuo,271,130,0.4797047970479705
XinZhao,Yasuo,451,245,0.5432372505543237
Amumu,Malphite,564,327,0.5797872340425532
Amumu,Sejuani,112,64,0.5714285714285714
Leona,Yuumi,121,58,0.4793388429752066
Malphite,Malphite,58,42,0.7241379310344828
Malphite,Sejuani,195,104,0.5333333333333333
Amumu,Kled,142,71,0.5
Amumu,Thresh,522,281,0.5383141762452107
Aurora,Kled,63,27,0.42857142857142855
Aurora,Syndra,95,36,0.37894736842105264
DrMundo,Maokai,267,128,0.4794007490636704
Sett,Syndra,384,204,0.53125
Akshan,Gragas,162,74,0.4567901234567901
Akshan,Malzahar,138,64,0.463768115942029
Gragas,Malzahar,216,102,0.4722222222222222
Evelynn,KogMaw,86,41,0.47674418604651164
KogMaw,Nidalee,115,54,0.46956521739130436
KogMaw,Teemo,309,163,0.5275080906148867
KogMaw,Yasuo,276,150,0.5434782608695652
Nidalee,Yasuo,335,143,0.42686567164179107
Ahri,Sona,472,256,0.5423728813559322
Gnar,Jax,149,67,0.44966442953020136
Gnar,Smolder,242,125,0.5165289256198347
Gnar,Sona,134,71,0.5298507462686567
Leblanc,Soraka,234,104,0.4444444444444444
Leblanc,Velkoz,203,92,0.45320197044334976
Rengar,Vex,146,66,0.4520547945205479
Rengar,Yorick,158,87,0.5506329113924051
Ekko,Yunara,424,210,0.49528301886792453
Shen,Udyr,215,112,0.5209302325581395
Tryndamere,Udyr,179,96,0.5363128491620112
Aurora,Vayne,350,171,0.48857142857142855
MasterYi,Ryze,306,158,0.5163398692810458
Milio,Vayne,611,341,0.55810147299509
Ryze,Vayne,288,132,0.4583333333333333
Morgana,Zac,349,184,0.5272206303724928
Naafiri,Zac,145,71,0.4896551724137931
Brand,Janna,189,94,0.4973544973544973
Janna,Nasus,168,79,0.47023809523809523
Janna,Shaco,188,85,0.4521276595744681
MonkeyKing,Zeri,130,59,0.45384615384615384
Vayne,Zeri,100,48,0.48
Viego,Zeri,247,117,0.47368421052631576
Hecarim,Seraphine,237,113,0.4767932489451477
Hecarim,Veigar,285,138,0.4842105263157895
Garen,Udyr,292,156,0.5342465753424658
Nasus,Udyr,187,102,0.5454545454545454
Nautilus,Udyr,280,123,0.4392857142857143
Illaoi,MasterYi,312,176,0.5641025641025641
Aatrox,Zac,199,101,0.507537688442211
DrMundo,Nunu,357,199,0.5574229691876751
Galio,Irelia,235,112,0.4765957446808511
Irelia,Nunu,225,111,0.49333333333333335
Irelia,Zed,240,111,0.4625
Nunu,Zed,306,156,0.5098039215686274
Ashe,Azir,353,156,0.44192634560906513
Ashe,Qiyana,383,164,0.4281984334203655
AurelionSol,Azir,81,34,0.41975308641975306
AurelionSol,Naafiri,156,78,0.5
AurelionSol,Qiyana,109,47,0.43119266055045874
AurelionSol,Trundle,236,122,0.5169491525423728
Azir,Maokai,144,60,0.4166666666666667
Azir,Qiyana,97,40,0.41237113402061853
Blitzcrank,Maokai,177,100,0.5649717514124294
Blitzcrank,Qiyana,176,74,0.42045454545454547
Maokai,Qiyana,109,54,0.4954128440366973
Naafiri,Qiyana,92,35,0.3804347826086957
Qiyana,Trundle,106,43,0.4056603773584906
Annie,Neeko,149,77,0.5167785234899329
Annie,Pantheon,283,141,0.49823321554770317
Annie,Seraphine,230,107,0.4652173913043478
Neeko,Seraphine,223,112,0.5022421524663677
MissFortune,Nidalee,458,201,0.4388646288209607
MissFortune,Xayah,176,79,0.44886363636363635
Nidalee,Xayah,200,94,0.47
Trundle,Xayah,247,126,0.5101214574898786
Vex,Yasuo,198,114,0.5757575757575758
Vex,Zed,169,83,0.4911242603550296
Heimerdinger,Khazix,154,78,0.5064935064935064
Talon,Zaahen,300,159,0.53
Belveth,Pantheon,166,75,0.45180722891566266
Belveth,Vex,119,61,0.5126050420168067
Karma,Lux,452,227,0.5022123893805309
Karma,Shaco,360,176,0.4888888888888889
Garen,Sett,323,166,0.5139318885448917
Lucian,Sett,547,289,0.5283363802559415
Lucian,Syndra,345,175,0.5072463768115942
Kayle,Yorick,156,82,0.5256410256410257
Leona,Renekton,315,143,0.45396825396825397
Blitzcrank,Rumble,146,76,0.5205479452054794
Darius,Rumble,131,72,0.549618320610687
Bard,Diana,344,170,0.4941860465116279
Diana,Nidalee,140,56,0.4
Garen,Nidalee,278,142,0.5107913669064749
Hecarim,Malzahar,266,139,0.5225563909774437
Hecarim,Sett,282,145,0.5141843971631206
Hecarim,Smolder,328,157,0.47865853658536583
Ashe,Gwen,740,359,0.4851351351351351
Bard,Lux,342,171,0.5
FiddleSticks,Gwen,171,80,0.4678362573099415
Galio,Nasus,281,147,0.5231316725978647
Nasus,Teemo,403,216,0.5359801488833746
Azir,Camille,74,35,0.47297297297297297
Azir,Thresh,237,102,0.43037974683544306
Camille,Ezreal,211,92,0.43601895734597157
Camille,Khazix,91,38,0.4175824175824176
Blitzcrank,Chogath,467,240,0.5139186295503212
Blitzcrank,RekSai,98,51,0.5204081632653061
Chogath,Nilah,210,111,0.5285714285714286
Nilah,RekSai,39,21,0.5384615384615384
RekSai,Teemo,135,57,0.4222222222222222
Chogath,Sion,415,208,0.5012048192771085
DrMundo,Xayah,428,217,0.5070093457943925
Galio,Sion,313,152,0.48562300319488816
Garen,Sion,288,150,0.5208333333333334
Sion,Xayah,284,137,0.4823943661971831
Gangplank,Kayle,145,54,0.3724137931034483
Gangplank,Zilean,111,43,0.38738738738738737
Graves,Kayle,258,126,0.4883720930232558
Graves,Zilean,148,70,0.47297297297297297
Jhin,Smolder,479,238,0.4968684759916493
Ahri,Hwei,241,127,0.5269709543568465
Ahri,Ornn,432,217,0.5023148148148148
Hwei,Xayah,222,116,0.5225225225225225
Kayn,Xayah,354,173,0.4887005649717514
Orianna,Swain,251,122,0.4860557768924303
Orianna,Yunara,318,148,0.46540880503144655
Ryze,Volibear,310,153,0.4935483870967742
Ekko,Graves,228,104,0.45614035087719296
Graves,Twitch,302,152,0.5033112582781457
Graves,Urgot,184,104,0.5652173913043478
Neeko,Riven,221,100,0.45248868778280543
Nocturne,Riven,172,78,0.45348837209302323
Elise,Ziggs,98,43,0.4387755102040816
Ashe,Graves,526,272,0.5171102661596958
Darius,Teemo,488,266,0.5450819672131147
Graves,Janna,174,79,0.4540229885057471
Evelynn,Milio,156,77,0.4935897435897436
Evelynn,Nocturne,42,23,0.5476190476190477
Evelynn,Trundle,104,40,0.38461538461538464
Milio,Nocturne,253,134,0.5296442687747036
Milio,Trundle,267,128,0.4794007490636704
Nocturne,Trundle,147,86,0.5850340136054422
Nocturne,Vayne,404,201,0.4975247524752475
Amumu,TahmKench,375,188,0.5013333333333333
Draven,Nasus,233,121,0.51931330472103
JarvanIV,Nasus,243,125,0.51440329218107
JarvanIV,Varus,293,154,0.5255972696245734
Shen,Soraka,289,162,0.5605536332179931
Karma,Udyr,208,101,0.4855769230769231
Blitzcrank,Camille,140,67,0.4785714285714286
Blitzcrank,Singed,285,156,0.5473684210526316
Camille,Singed,77,33,0.42857142857142855
Camille,Urgot,48,26,0.5416666666666666
Naafiri,Urgot,176,77,0.4375
Singed,Urgot,120,59,0.49166666666666664
Diana,Maokai,280,148,0.5285714285714286
Gwen,Maokai,177,91,0.5141242937853108
Neeko,XinZhao,254,144,0.5669291338582677
Irelia,Tryndamere,135,65,0.48148148148148145
Irelia,Twitch,311,149,0.4790996784565916
Mordekaiser,Tryndamere,220,135,0.6136363636363636
Aurora,Velkoz,216,110,0.5092592592592593
Chogath,Velkoz,424,239,0.5636792452830188
Velkoz,Yasuo,585,327,0.558974358974359
Annie,Lissandra,76,37,0.4868421052631579
Annie,Sivir,202,97,0.4801980198019802
Lissandra,Sion,152,75,0.4934210526315789
Akshan,Zed,121,55,0.45454545454545453
Nocturne,Zaahen,280,164,0.5857142857142857
Diana,Morgana,791,405,0.5120101137800253
Blitzcrank,Ivern,149,71,0.47651006711409394
Karthus,Lucian,224,95,0.42410714285714285
Karthus,Pyke,229,114,0.4978165938864629
Lucian,Xayah,128,49,0.3828125
Pyke,Xayah,314,151,0.48089171974522293
Ezreal,KogMaw,178,80,0.449438202247191
Jinx,KogMaw,183,92,0.5027322404371585
Kayn,KogMaw,255,133,0.5215686274509804
KogMaw,Shaco,228,115,0.5043859649122807
AurelionSol,Karthus,133,70,0.5263157894736842
AurelionSol,Shen,238,127,0.5336134453781513
Nocturne,Quinn,146,70,0.4794520547945205
Nocturne,Rell,142,79,0.5563380281690141
Quinn,Rell,97,50,0.5154639175257731
Rell,Tristana,258,121,0.4689922480620155
Darius,Taliyah,188,102,0.5425531914893617
Diana,Lulu,473,218,0.4608879492600423
Ekko,Riven,281,135,0.4804270462633452
Draven,Nunu,213,101,0.47417840375586856
Nunu,Rumble,110,54,0.4909090909090909
Aurora,Qiyana,114,49,0.4298245614035088
Ashe,Lucian,303,149,0.49174917491749176
Lucian,Sejuani,210,92,0.4380952380952381
Lucian,Varus,183,82,0.44808743169398907
Sejuani,Xerath,155,77,0.4967741935483871
Varus,Xerath,403,186,0.46153846153846156
Blitzcrank,Blitzcrank,45,22,0.4888888888888889
Blitzcrank,Renekton,264,131,0.4962121212121212
Blitzcrank,Zilean,154,72,0.4675324675324675
Mordekaiser,Shyvana,204,104,0.5098039215686274
Mordekaiser,Zilean,245,120,0.4897959183673469
Renekton,Shyvana,103,52,0.5048543689320388
Akali,Teemo,552,271,0.49094202898550726
Teemo,Teemo,59,35,0.5932203389830508
Illaoi,Katarina,222,119,0.536036036036036
Kayn,Zeri,234,109,0.4658119658119658
Naafiri,Nunu,129,57,0.4418604651162791
Naafiri,Vayne,363,192,0.5289256198347108
Malphite,Shyvana,194,105,0.5412371134020618
Rell,Shyvana,84,50,0.5952380952380952
Annie,Bard,134,69,0.5149253731343284
Annie,Nocturne,182,95,0.521978021978022
Bard,Nocturne,211,112,0.5308056872037915
Hwei,Irelia,212,108,0.5094339622641509
Irelia,Velkoz,262,129,0.49236641221374045
Fizz,Galio,174,80,0.45977011494252873
Fizz,Kayle,266,148,0.556390977443609
Fizz,Riven,241,113,0.46887966804979253
Galio,Kayle,340,181,0.5323529411764706
Galio,Riven,269,144,0.5353159851301115
Kayle,Riven,187,88,0.47058823529411764
Azir,Belveth,90,46,0.5111111111111111
Azir,Zilean,89,35,0.39325842696629215
Belveth,Poppy,97,48,0.4948453608247423
Belveth,Rammus,70,35,0.5
Belveth,Zilean,75,35,0.4666666666666667
Nami,Poppy,223,117,0.5246636771300448
Nami,Rammus,214,118,0.5514018691588785
Nami,Zilean,119,64,0.5378151260504201
Poppy,Rammus,98,42,0.42857142857142855
Caitlyn,Jinx,357,170,0.47619047619047616
Karma,Yuumi,124,49,0.3951612903225806
Rengar,XinZhao,76,35,0.4605263157894737
Shyvana,XinZhao,91,50,0.5494505494505495
Shyvana,Yuumi,127,54,0.4251968503937008
Ambessa,Katarina,290,150,0.5172413793103449
Jayce,Yunara,199,95,0.47738693467336685
Akshan,Ashe,405,206,0.508641975308642
Rammus,Warwick,135,78,0.5777777777777777
Darius,Ryze,274,137,0.5
Ryze,Swain,209,116,0.5550239234449761
Karthus,Skarner,56,29,0.5178571428571429
Skarner,Thresh,128,53,0.4140625
Skarner,Varus,97,36,0.3711340206185567
JarvanIV,Malzahar,387,217,0.5607235142118863
Quinn,Sion,165,81,0.4909090909090909
Quinn,Warwick,292,145,0.4965753424657534
Gwen,Mordekaiser,233,117,0.5021459227467812
Mordekaiser,Ziggs,385,193,0.5012987012987012
Syndra,Ziggs,152,69,0.45394736842105265
Caitlyn,Zilean,414,202,0.48792270531400966
Thresh,Tristana,670,337,0.5029850746268657
Akshan,Heimerdinger,156,70,0.44871794871794873
Cassiopeia,Tryndamere,118,65,0.5508474576271186
Brand,Ivern,198,100,0.5050505050505051
Brand,Kayn,628,324,0.5159235668789809
Evelynn,Zed,201,85,0.4228855721393035
Pyke,Twitch,435,200,0.45977011494252873
Aatrox,TwistedFate,280,134,0.4785714285714286
Graves,Zoe,219,108,0.4931506849315068
Urgot,Zoe,171,80,0.4678362573099415
Bard,Lissandra,135,64,0.4740740740740741
Orianna,Velkoz,213,105,0.49295774647887325
Seraphine,Udyr,232,117,0.5043103448275862
Udyr,Warwick,179,87,0.4860335195530726
Irelia,Khazix,211,100,0.47393364928909953
Morgana,Varus,636,314,0.4937106918238994
Ahri,Veigar,391,193,0.4936061381074169
Varus,Veigar,455,223,0.4901098901098901
Shen,TahmKench,201,94,0.46766169154228854
Akshan,Soraka,183,88,0.4808743169398907
Akshan,Yorick,163,82,0.5030674846625767
Diana,Yorick,422,231,0.54739336492891
Illaoi,Zyra,272,153,0.5625
Kindred,Pyke,227,93,0.40969162995594716
Kalista,Velkoz,86,52,0.6046511627906976
Sion,Taric,154,65,0.42207792207792205
Sion,Yasuo,556,306,0.5503597122302158
Gangplank,Gwen,108,39,0.3611111111111111
Malzahar,Yuumi,358,166,0.46368715083798884
Ambessa,Chogath,267,155,0.5805243445692884
Ambessa,Heimerdinger,138,80,0.5797101449275363
Ambessa,MasterYi,277,142,0.5126353790613718
Heimerdinger,Xayah,212,110,0.5188679245283019
DrMundo,Nasus,293,160,0.5460750853242321
DrMundo,Shen,306,146,0.477124183006536
Nasus,Shen,188,92,0.48936170212765956
Shen,Sona,254,126,0.49606299212598426
Shen,Trundle,217,97,0.4470046082949309
Sona,Thresh,150,72,0.48
Sona,Trundle,244,118,0.48360655737704916
Trundle,Xerath,324,178,0.5493827160493827
Kindred,Thresh,322,147,0.45652173913043476
Irelia,Volibear,362,189,0.5220994475138122
Irelia,Xerath,305,158,0.5180327868852459
Poppy,Volibear,312,146,0.46794871794871795
Diana,Zac,180,77,0.42777777777777776
Leona,Zac,223,106,0.47533632286995514
Samira,Sett,438,220,0.502283105022831
Samira,Zac,207,101,0.48792270531400966
Fizz,MasterYi,403,205,0.5086848635235732
Jax,MasterYi,418,213,0.5095693779904307
Alistar,AurelionSol,187,93,0.49732620320855614
AurelionSol,Gangplank,141,61,0.4326241134751773
Jax,Orianna,386,205,0.5310880829015544
Gragas,Maokai,122,59,0.48360655737704916
Gragas,Smolder,332,160,0.4819277108433735
Smolder,Yunara,232,105,0.4525862068965517
Yunara,Zed,441,229,0.5192743764172335
Draven,Swain,282,149,0.5283687943262412
Senna,Skarner,114,48,0.42105263157894735
Senna,Swain,433,221,0.5103926096997691
Senna,Taliyah,195,94,0.48205128205128206
Skarner,Swain,119,57,0.4789915966386555
Skarner,Taliyah,52,20,0.38461538461538464
Hwei,Zilean,123,68,0.5528455284552846
MasterYi,Zilean,260,126,0.4846153846153846
Graves,Yuumi,225,111,0.49333333333333335
Braum,Olaf,103,55,0.5339805825242718
Braum,Smolder,346,183,0.5289017341040463
Ezreal,Olaf,223,113,0.5067264573991032
Yasuo,Zilean,285,151,0.5298245614035088
Ashe,Vladimir,561,268,0.47771836007130125
Khazix,Kled,91,50,0.5494505494505495
Khazix,Sion,255,132,0.5176470588235295
Kled,Sion,79,39,0.4936708860759494
Kled,Vladimir,88,35,0.3977272727272727
Braum,Leblanc,165,75,0.45454545454545453
Graves,Warwick,161,75,0.4658385093167702
Smolder,Trundle,491,240,0.48879837067209775
Pantheon,Pyke,421,207,0.4916864608076009
FiddleSticks,KSante,110,54,0.4909090909090909
FiddleSticks,Lulu,186,90,0.4838709677419355
KSante,Lulu,154,60,0.38961038961038963
Galio,Zaahen,527,293,0.5559772296015181
Akshan,Brand,292,147,0.5034246575342466
Caitlyn,Jhin,409,191,0.4669926650366748
Akali,Mel,412,177,0.42961165048543687
Akali,Samira,338,168,0.4970414201183432
Briar,Mel,840,436,0.5190476190476191
Kayn,Naafiri,224,123,0.5491071428571429
Nami,Zoe,290,153,0.5275862068965518
Nidalee,Zoe,164,67,0.40853658536585363
Twitch,Zoe,303,138,0.45544554455445546
Tristana,Vladimir,353,170,0.48158640226628896
Vi,Vladimir,219,93,0.4246575342465753
Ahri,Riven,379,186,0.49076517150395776
DrMundo,Veigar,846,441,0.5212765957446809
Poppy,Smolder,422,213,0.504739336492891
Poppy,Thresh,200,101,0.505
Nilah,Seraphine,181,98,0.5414364640883977
Viego,Warwick,214,99,0.46261682242990654
Diana,Poppy,341,182,0.533724340175953
Malzahar,Rell,225,121,0.5377777777777778
Rell,Trundle,156,86,0.5512820512820513
Aurora,Vi,199,105,0.5276381909547738
Akshan,Nocturne,146,72,0.4931506849315068
Karma,Nocturne,245,124,0.5061224489795918
Karma,Yorick,224,117,0.5223214285714286
Lulu,Qiyana,158,64,0.4050632911392405
Qiyana,Riven,137,53,0.38686131386861317
Qiyana,Zaahen,281,129,0.45907473309608543
Riven,Zaahen,284,129,0.45422535211267606
JarvanIV,Nautilus,366,163,0.4453551912568306
JarvanIV,Trundle,135,54,0.4
Camille,Poppy,87,44,0.5057471264367817
Camille,Yone,137,69,0.5036496350364964
Camille,Zaahen,122,53,0.4344262295081967
Aurora,Yorick,195,113,0.5794871794871795
TahmKench,Warwick,433,214,0.4942263279445728
Warwick,Yorick,390,215,0.5512820512820513
Graves,MonkeyKing,122,63,0.5163934426229508
Leblanc,Mel,289,129,0.4463667820069204
Leblanc,MonkeyKing,199,98,0.49246231155778897
MonkeyKing,Ornn,163,77,0.4723926380368098
Taric,Vayne,254,134,0.5275590551181102
Amumu,Lillia,171,103,0.6023391812865497
Amumu,MonkeyKing,175,100,0.5714285714285714
MonkeyKing,Soraka,251,133,0.5298804780876494
Senna,Soraka,192,104,0.5416666666666666
Malphite,Viktor,374,177,0.4732620320855615
Vayne,Viktor,398,173,0.43467336683417085
Fizz,Varus,299,148,0.49498327759197325
Galio,Taliyah,93,51,0.5483870967741935
Akshan,FiddleSticks,197,104,0.5279187817258884
Akshan,Pyke,214,102,0.4766355140186916
Akshan,Xayah,168,79,0.47023809523809523
FiddleSticks,Xayah,205,95,0.4634146341463415
Ornn,Pyke,425,188,0.4423529411764706
Samira,Senna,206,99,0.48058252427184467
Samira,Warwick,390,205,0.5256410256410257
Senna,Singed,333,171,0.5135135135135135
Singed,Warwick,298,159,0.5335570469798657
Khazix,Pantheon,291,130,0.44673539518900346
Galio,Nidalee,220,100,0.45454545454545453
Nami,Thresh,122,51,0.4180327868852459
Smolder,Talon,342,170,0.49707602339181284
Syndra,Varus,279,151,0.5412186379928315
Aatrox,Darius,220,112,0.509090909090909
Aatrox,Kassadin,154,73,0.474025974025974
Aatrox,Zeri,208,95,0.4567307692307692
Aatrox,Zilean,202,100,0.49504950495049505
Darius,Zilean,253,133,0.525691699604743
Kassadin,Zeri,66,23,0.3484848484848485
Kassadin,Zilean,74,41,0.5540540540540541
Zeri,Zilean,127,64,0.5039370078740157
Ekko,Kennen,145,77,0.5310344827586206
KogMaw,Morgana,330,180,0.5454545454545454
KogMaw,Samira,89,42,0.47191011235955055
Qiyana,Samira,162,66,0.4074074074074074
Morgana,Poppy,350,186,0.5314285714285715
Gwen,Viego,381,196,0.5144356955380578
Orianna,Zac,170,72,0.4235294117647059
Diana,Malzahar,392,208,0.5306122448979592
Diana,Zilean,204,120,0.5882352941176471
Malzahar,Vladimir,207,96,0.463768115942029
Vladimir,Zilean,127,54,0.4251968503937008
Aphelios,Ziggs,144,76,0.5277777777777778
Evelynn,Ziggs,111,59,0.5315315315315315
Braum,Mel,345,169,0.48985507246376814
Ahri,Janna,309,165,0.5339805825242718
Belveth,Fiora,103,40,0.3883495145631068
Belveth,Janna,95,46,0.4842105263157895
Fiora,Janna,128,60,0.46875
Aatrox,Zoe,307,131,0.42671009771986973
Sona,Sylas,404,220,0.5445544554455446
Galio,Yasuo,409,229,0.5599022004889975
Hecarim,Velkoz,200,108,0.54
Katarina,Velkoz,245,120,0.4897959183673469
Veigar,Velkoz,434,237,0.5460829493087558
Katarina,Sett,415,208,0.5012048192771085
Graves,Xayah,220,97,0.4409090909090909
Warwick,Xayah,365,196,0.536986301369863
Briar,Yorick,337,189,0.5608308605341247
Nunu,Yorick,203,116,0.5714285714285714
Yorick,Zyra,302,166,0.5496688741721855
Gwen,Pyke,396,176,0.4444444444444444
Lissandra,Urgot,137,77,0.5620437956204379
Lissandra,Yasuo,158,98,0.620253164556962
Pyke,Urgot,299,133,0.44481605351170567
Lillia,Seraphine,356,194,0.5449438202247191
AurelionSol,Irelia,180,94,0.5222222222222223
Anivia,Gwen,195,99,0.5076923076923077
Anivia,Ryze,96,49,0.5104166666666666
Anivia,Vayne,326,166,0.50920245398773
Gwen,Ryze,152,71,0.46710526315789475
Braum,Poppy,103,49,0.47572815533980584
Lux,Poppy,458,252,0.5502183406113537
Draven,Ekko,309,153,0.49514563106796117
Jax,KogMaw,236,119,0.5042372881355932
MasterYi,Ornn,303,155,0.5115511551155115
Ornn,Seraphine,300,131,0.43666666666666665
FiddleSticks,Neeko,211,96,0.4549763033175355
Neeko,Viktor,181,86,0.47513812154696133
Aphelios,Talon,151,77,0.5099337748344371
Rell,Swain,158,102,0.6455696202531646
Rell,Talon,107,48,0.4485981308411215
Aurora,LeeSin,250,120,0.48
Draven,Ziggs,149,82,0.5503355704697986
Akali,Tryndamere,274,128,0.46715328467153283
Garen,Tryndamere,178,96,0.5393258426966292
Fiora,Hecarim,123,58,0.4715447154471545
Hecarim,Jinx,437,188,0.4302059496567506
Hecarim,Lulu,201,102,0.5074626865671642
Ezreal,RekSai,131,62,0.4732824427480916
Mel,RekSai,178,88,0.4943820224719101
Nasus,RekSai,67,33,0.4925373134328358
Pantheon,RekSai,118,51,0.4322033898305085
Trundle,Zaahen,276,145,0.5253623188405797
Trundle,Zeri,169,74,0.4378698224852071
JarvanIV,Neeko,268,136,0.5074626865671642
JarvanIV,Syndra,282,151,0.5354609929078015
Nasus,Syndra,228,118,0.5175438596491229
Samira,Thresh,498,252,0.5060240963855421
Khazix,Yorick,186,81,0.43548387096774194
Nautilus,Quinn,304,153,0.5032894736842105
Nautilus,Vladimir,430,201,0.46744186046511627
Vayne,Vladimir,374,190,0.5080213903743316
Leona,Sion,395,204,0.5164556962025316
Akali,Fizz,138,60,0.43478260869565216
FiddleSticks,Fizz,212,108,0.5094339622641509
Kassadin,Vi,113,55,0.48672566371681414
Kassadin,Zaahen,183,92,0.5027322404371585
Diana,FiddleSticks,203,106,0.5221674876847291
FiddleSticks,Heimerdinger,193,101,0.5233160621761658
Heimerdinger,JarvanIV,194,97,0.5
Anivia,Gnar,108,55,0.5092592592592593
Anivia,Hecarim,134,59,0.44029850746268656
Gnar,Xerath,187,87,0.46524064171123
Malzahar,Rumble,160,82,0.5125
Braum,RekSai,77,32,0.4155844155844156
Braum,Singed,162,82,0.5061728395061729
Kaisa,RekSai,195,77,0.39487179487179486
Kaisa,Singed,399,214,0.5363408521303258
RekSai,Singed,75,40,0.5333333333333333
Singed,Vayne,346,165,0.476878612716763
Aphelios,Gangplank,132,56,0.42424242424242425
Aphelios,Thresh,558,274,0.4910394265232975
Gangplank,Orianna,141,58,0.41134751773049644
Gangplank,Thresh,285,125,0.43859649122807015
Orianna,Thresh,407,212,0.5208845208845209
Janna,Lulu,67,28,0.417910447761194
Anivia,Jhin,508,249,0.49015748031496065
Anivia,Renekton,160,81,0.50625
Anivia,Shaco,264,125,0.4734848484848485
Renekton,Yuumi,242,119,0.49173553719008267
Brand,Malzahar,491,258,0.5254582484725051
Varus,Vi,251,124,0.4940239043824701
Morgana,Skarner,171,83,0.4853801169590643
Varus,Xayah,151,79,0.5231788079470199
Sion,Tristana,431,215,0.4988399071925754
Blitzcrank,Udyr,228,120,0.5263157894736842
Udyr,Xayah,185,94,0.5081081081081081
Bard,Zyra,117,55,0.4700854700854701
Lux,Zyra,496,269,0.5423387096774194
Lucian,Senna,423,188,0.4444444444444444
Jayce,Kaisa,367,157,0.42779291553133514
Jayce,Kayle,159,69,0.4339622641509434
Kaisa,MissFortune,350,167,0.47714285714285715
Blitzcrank,Sejuani,177,92,0.519774011299435
Vayne,Zilean,277,146,0.5270758122743683
FiddleSticks,Kindred,110,50,0.45454545454545453
FiddleSticks,Shen,213,106,0.49765258215962443
Evelynn,Shaco,136,71,0.5220588235294118
Shaco,Varus,370,188,0.5081081081081081
Heimerdinger,Shen,174,94,0.5402298850574713
Heimerdinger,Vi,207,126,0.6086956521739131
Shen,Vi,231,112,0.48484848484848486
Garen,Pyke,578,280,0.4844290657439446
Swain,Viktor,248,118,0.47580645161290325
Trundle,Viego,187,93,0.49732620320855614
Jax,Zoe,335,150,0.44776119402985076
Gwen,LeeSin,253,124,0.4901185770750988
Kaisa,Taliyah,270,139,0.5148148148148148
Sett,Taliyah,208,101,0.4855769230769231
Anivia,Kayn,286,143,0.5
Anivia,Sion,234,118,0.5042735042735043
Kayn,Sion,477,247,0.5178197064989518
Neeko,Vi,239,119,0.497907949790795
Morgana,Velkoz,414,225,0.5434782608695652
Elise,Nautilus,184,90,0.4891304347826087
Elise,Smolder,233,104,0.44635193133047213
Elise,Teemo,161,80,0.4968944099378882
Nautilus,Syndra,426,218,0.5117370892018779
Syndra,Teemo,399,209,0.5238095238095238
FiddleSticks,Renekton,172,91,0.5290697674418605
FiddleSticks,Warwick,212,123,0.5801886792452831
Kaisa,Kled,220,94,0.42727272727272725
Kled,Renekton,40,18,0.45
Kled,Warwick,182,100,0.5494505494505495
Cassiopeia,Kayn,165,82,0.49696969696969695
Cassiopeia,Senna,190,81,0.4263157894736842
Cassiopeia,Smolder,231,113,0.48917748917748916
Cassiopeia,Udyr,81,44,0.5432098765432098
Cassiopeia,Viego,166,86,0.5180722891566265
KogMaw,Smolder,208,103,0.4951923076923077
Lux,Taliyah,258,123,0.47674418604651164
Diana,Irelia,493,247,0.5010141987829615
Irelia,Nami,444,213,0.4797297297297297
Jax,Pantheon,566,289,0.5106007067137809
Draven,Velkoz,244,118,0.48360655737704916
Ahri,Naafiri,278,131,0.4712230215827338
Hecarim,Teemo,291,154,0.5292096219931272
Hecarim,Trundle,104,59,0.5673076923076923
Sion,Syndra,288,138,0.4791666666666667
Naafiri,Nautilus,340,170,0.5
Chogath,Pantheon,605,318,0.5256198347107438
Twitch,Zyra,334,181,0.5419161676646707
Lissandra,MonkeyKing,104,53,0.5096153846153846
Lissandra,Veigar,136,76,0.5588235294117647
Kayle,Skarner,118,60,0.5084745762711864
Pantheon,Skarner,130,57,0.43846153846153846
Renekton,Sejuani,133,74,0.556390977443609
Akshan,Lucian,201,87,0.43283582089552236
Akshan,Renata,102,48,0.47058823529411764
Akshan,Vladimir,135,69,0.5111111111111111
Lucian,XinZhao,369,189,0.5121951219512195
Renata,Vladimir,131,59,0.45038167938931295
Renata,XinZhao,129,76,0.5891472868217055
Janna,Viego,228,116,0.5087719298245614
Janna,Yone,304,153,0.5032894736842105
DrMundo,Nidalee,260,127,0.48846153846153845
Karma,Nidalee,192,83,0.4322916666666667
Karma,Qiyana,198,87,0.4393939393939394
Qiyana,Sivir,189,87,0.4603174603174603
Anivia,Talon,115,52,0.45217391304347826
Talon,Vayne,292,138,0.4726027397260274
Kayn,Kennen,182,76,0.4175824175824176
Kayn,Nilah,199,86,0.4321608040201005
Kennen,RekSai,65,31,0.47692307692307695
Nilah,Xerath,114,58,0.5087719298245614
RekSai,Xerath,96,54,0.5625
Khazix,Zilean,128,60,0.46875
Evelynn,Kaisa,324,140,0.43209876543209874
Gragas,Volibear,238,96,0.40336134453781514
Graves,Morgana,451,229,0.5077605321507761
Graves,Orianna,212,94,0.44339622641509435
Ezreal,Lulu,296,106,0.3581081081081081
Lulu,Twitch,656,322,0.49085365853658536
Neeko,Rengar,170,77,0.45294117647058824
Garen,Rumble,144,78,0.5416666666666666
Mel,Rumble,234,120,0.5128205128205128
Ahri,Taric,259,133,0.5135135135135135
Renekton,Sivir,276,132,0.4782608695652174
Graves,Maokai,180,93,0.5166666666666667
Maokai,Twitch,281,140,0.498220640569395
Brand,Corki,231,116,0.5021645021645021
Caitlyn,Corki,149,86,0.5771812080536913
Alistar,MissFortune,516,262,0.5077519379844961
Draven,Xayah,79,33,0.4177215189873418
Gnar,Nasus,74,41,0.5540540540540541
Gnar,Orianna,126,68,0.5396825396825397
Gnar,Tryndamere,66,31,0.4696969696969697
Gnar,Velkoz,155,80,0.5161290322580645
Gnar,Xayah,125,63,0.504
Nasus,Orianna,206,113,0.5485436893203883
Nasus,Velkoz,321,164,0.5109034267912772
Tryndamere,Velkoz,239,129,0.5397489539748954
Tryndamere,Xayah,171,81,0.47368421052631576
Kalista,Naafiri,97,47,0.4845360824742268
Kalista,Riven,110,50,0.45454545454545453
Kalista,Shen,104,42,0.40384615384615385
Kalista,Swain,141,78,0.5531914893617021
Kalista,Trundle,97,46,0.4742268041237113
Naafiri,Riven,150,76,0.5066666666666667
Naafiri,Shen,239,130,0.5439330543933054
Riven,Shen,153,75,0.49019607843137253
Riven,Yasuo,394,190,0.48223350253807107
Shen,Shen,29,14,0.4827586206896552
Darius,Elise,217,111,0.511520737327189
Elise,Warwick,124,59,0.47580645161290325
Garen,Trundle,298,149,0.5
Elise,Kalista,58,30,0.5172413793103449
Elise,Malphite,207,105,0.5072463768115942
Elise,Rell,64,31,0.484375
Elise,Ryze,91,43,0.4725274725274725
JarvanIV,Kalista,108,46,0.42592592592592593
JarvanIV,Ryze,197,101,0.5126903553299492
JarvanIV,Talon,95,46,0.4842105263157895
Jhin,Kalista,113,55,0.48672566371681414
Kalista,Rell,84,41,0.4880952380952381
Kalista,Talon,76,31,0.40789473684210525
Rell,Ryze,130,74,0.5692307692307692
Ryze,Talon,127,63,0.49606299212598426
Blitzcrank,Braum,88,35,0.3977272727272727
Braum,Fizz,187,81,0.43315508021390375
Braum,Katarina,211,102,0.4834123222748815
Braum,Nami,78,36,0.46153846153846156
Braum,Seraphine,110,57,0.5181818181818182
Braum,Zed,240,115,0.4791666666666667
Fizz,Katarina,122,66,0.5409836065573771
Rammus,Xerath,181,107,0.5911602209944752
Draven,Leblanc,179,82,0.4581005586592179
AurelionSol,Pyke,292,136,0.4657534246575342
Ekko,Illaoi,260,134,0.5153846153846153
Ekko,Varus,335,161,0.48059701492537316
Illaoi,Pantheon,282,149,0.5283687943262412
Illaoi,Varus,237,106,0.4472573839662447
Jax,Nilah,217,114,0.5253456221198156
Nilah,Pantheon,204,103,0.5049019607843137
Cassiopeia,Ekko,112,51,0.45535714285714285
Fizz,Hecarim,181,81,0.44751381215469616
Fizz,Smolder,493,254,0.5152129817444219
Fizz,Tristana,437,228,0.5217391304347826
Hecarim,Mordekaiser,259,130,0.5019305019305019
Jax,Kennen,164,91,0.5548780487804879
Chogath,Olaf,186,97,0.521505376344086
Chogath,Ornn,258,111,0.43023255813953487
FiddleSticks,Ivern,84,40,0.47619047619047616
FiddleSticks,Khazix,113,62,0.5486725663716814
FiddleSticks,Olaf,86,51,0.5930232558139535
Ivern,Khazix,56,19,0.3392857142857143
Ivern,Olaf,81,37,0.4567901234567901
Ivern,Ornn,122,49,0.4016393442622951
Ivern,Sett,220,114,0.5181818181818182
Katarina,Ornn,276,126,0.45652173913043476
Khazix,Olaf,104,47,0.4519230769230769
Khazix,Sett,370,178,0.4810810810810811
Olaf,Ornn,111,57,0.5135135135135135
Ornn,Sett,232,99,0.4267241379310345
DrMundo,KogMaw,259,141,0.5444015444015444
Brand,Sion,510,265,0.5196078431372549
Kled,Shaco,135,61,0.45185185185185184
Galio,Khazix,273,148,0.5421245421245421
Malzahar,Talon,171,94,0.5497076023391813
Talon,Yunara,230,119,0.5173913043478261
Kassadin,Swain,130,62,0.47692307692307695
Kassadin,Yorick,112,46,0.4107142857142857
Tristana,Yorick,375,186,0.496
Braum,Hecarim,113,52,0.46017699115044247
Braum,Karma,88,35,0.3977272727272727
Braum,Urgot,164,67,0.40853658536585363
Karma,Urgot,229,120,0.5240174672489083
Karma,Xayah,226,121,0.5353982300884956
Senna,Senna,26,9,0.34615384615384615
Senna,Urgot,291,158,0.5429553264604811
Urgot,Urgot,32,14,0.4375
Urgot,Xayah,206,96,0.46601941747572817
Briar,Hecarim,92,44,0.4782608695652174
Hecarim,Irelia,169,75,0.4437869822485207
Hecarim,Volibear,160,83,0.51875
Irelia,Singed,133,63,0.47368421052631576
Diana,Nasus,393,203,0.5165394402035624
Nami,Rengar,347,181,0.521613832853026
Nami,Senna,260,125,0.4807692307692308
Senna,Shen,392,201,0.5127551020408163
Lux,Rammus,416,232,0.5576923076923077
Rammus,Yone,231,118,0.5108225108225108
Orianna,Shaco,264,127,0.4810606060606061
Orianna,Sivir,276,132,0.4782608695652174
Ivern,Rell,80,45,0.5625
Lux,Rell,246,138,0.5609756097560976
Kled,MonkeyKing,64,37,0.578125
MonkeyKing,Sylas,275,142,0.5163636363636364
RekSai,Ziggs,75,34,0.4533333333333333
Thresh,Ziggs,379,178,0.46965699208443273
Aphelios,Vi,196,105,0.5357142857142857
Brand,Ekko,403,206,0.511166253101737
Brand,Zeri,207,102,0.4927536231884058
Sett,Veigar,730,388,0.5315068493150685
Gnar,Mel,299,130,0.43478260869565216
Briar,KSante,172,75,0.436046511627907
KSante,Mordekaiser,100,47,0.47
KSante,Zilean,84,35,0.4166666666666667
Akali,Anivia,118,55,0.4661016949152542
Akali,Nunu,292,148,0.5068493150684932
Anivia,Ashe,475,233,0.4905263157894737
Annie,Pyke,224,107,0.47767857142857145
Naafiri,Pyke,282,118,0.41843971631205673
Naafiri,Zaahen,363,170,0.46831955922865015
Blitzcrank,Irelia,273,122,0.4468864468864469
Blitzcrank,Yorick,292,167,0.571917808219178
Irelia,Yone,272,139,0.5110294117647058
Irelia,Yorick,142,85,0.5985915492957746
Yorick,Zed,285,135,0.47368421052631576
Gangplank,Kayn,260,138,0.5307692307692308
Azir,Yorick,138,64,0.463768115942029
LeeSin,Yorick,217,111,0.511520737327189
LeeSin,Zoe,239,104,0.4351464435146444
Yorick,Zoe,212,105,0.49528301886792453
Kayn,Maokai,269,136,0.5055762081784386
Leona,MonkeyKing,286,154,0.5384615384615384
Kaisa,Kennen,266,118,0.44360902255639095
Kennen,Nautilus,236,115,0.4872881355932203
Kennen,Volibear,183,85,0.4644808743169399
Aphelios,Lissandra,145,79,0.5448275862068965
Aphelios,Trundle,247,112,0.4534412955465587
Aphelios,Velkoz,268,139,0.5186567164179104
Trundle,Velkoz,293,152,0.5187713310580204
Annie,AurelionSol,118,59,0.5
Annie,Taliyah,68,31,0.45588235294117646
AurelionSol,FiddleSticks,203,108,0.5320197044334976
AurelionSol,Taliyah,80,34,0.425
FiddleSticks,Taliyah,89,43,0.48314606741573035
Leblanc,Xayah,228,116,0.5087719298245614
AurelionSol,Belveth,111,61,0.5495495495495496
Jax,Zac,221,119,0.5384615384615384
JarvanIV,Leblanc,250,117,0.468
KSante,Leblanc,122,58,0.47540983606557374
KSante,Nautilus,207,87,0.42028985507246375
Leblanc,Nilah,92,53,0.5760869565217391
Gragas,Skarner,72,23,0.3194444444444444
Chogath,TahmKench,318,164,0.5157232704402516
Kaisa,Khazix,488,230,0.4713114754098361
Mel,TahmKench,469,226,0.48187633262260127
Brand,Rumble,175,102,0.5828571428571429
Caitlyn,Rumble,319,158,0.4952978056426332
Rumble,Yuumi,110,57,0.5181818181818182
Heimerdinger,Leblanc,156,70,0.44871794871794873
Leblanc,MasterYi,317,132,0.416403785488959
Leblanc,Urgot,185,92,0.4972972972972973
MasterYi,Urgot,360,194,0.5388888888888889
Gwen,Jax,301,163,0.5415282392026578
Gwen,Sett,289,152,0.5259515570934256
Jax,Urgot,226,120,0.5309734513274337
Lillia,Smolder,474,246,0.5189873417721519
Akshan,Belveth,84,34,0.40476190476190477
Akshan,Katarina,87,44,0.5057471264367817
Akshan,Renekton,132,64,0.48484848484848486
Amumu,Belveth,103,55,0.5339805825242718
Amumu,Rammus,105,55,0.5238095238095238
Ashe,Rammus,366,185,0.505464480874317
Belveth,Katarina,146,75,0.5136986301369864
Belveth,Malzahar,219,114,0.5205479452054794
Katarina,Renekton,198,82,0.41414141414141414
Malzahar,Yone,413,209,0.5060532687651331
Naafiri,Vladimir,176,82,0.4659090909090909
Lillia,Poppy,208,112,0.5384615384615384
Aatrox,Jax,318,158,0.4968553459119497
FiddleSticks,Nasus,231,127,0.5497835497835498
Amumu,Seraphine,501,265,0.5289421157684631
Amumu,Vi,189,101,0.5343915343915344
Seraphine,Vi,320,136,0.425
Pyke,Taric,110,54,0.4909090909090909
Rakan,Taric,36,16,0.4444444444444444
Rakan,Velkoz,110,58,0.5272727272727272
Taric,Teemo,226,113,0.5
Teemo,Velkoz,490,246,0.5020408163265306
Janna,LeeSin,205,85,0.4146341463414634
Janna,Nunu,152,84,0.5526315789473685
Janna,Ryze,130,67,0.5153846153846153
Jayce,LeeSin,152,66,0.4342105263157895
Illaoi,Viego,274,144,0.5255474452554745
Elise,Tristana,211,100,0.47393364928909953
Ambessa,Briar,251,135,0.5378486055776892
Ambessa,TahmKench,201,95,0.472636815920398
FiddleSticks,Rell,137,70,0.5109489051094891
Aphelios,TwistedFate,199,96,0.4824120603015075
FiddleSticks,Janna,132,62,0.4696969696969697
FiddleSticks,Malphite,339,184,0.5427728613569321
Janna,TwistedFate,180,85,0.4722222222222222
Blitzcrank,Kennen,171,85,0.49707602339181284
Blitzcrank,Milio,115,56,0.48695652173913045
Jax,Udyr,207,97,0.46859903381642515
Kennen,Udyr,121,60,0.49586776859504134
Kennen,Zyra,137,60,0.43795620437956206
Milio,Udyr,233,119,0.5107296137339056
Milio,Zyra,140,73,0.5214285714285715
Aphelios,MasterYi,361,182,0.5041551246537396
Aphelios,Skarner,88,40,0.45454545454545453
Brand,MasterYi,619,364,0.5880452342487884
MasterYi,Skarner,70,35,0.5
MasterYi,Volibear,394,210,0.5329949238578681
Skarner,Warwick,94,55,0.5851063829787234
Akshan,Nilah,97,40,0.41237113402061853
Akshan,TahmKench,219,119,0.54337899543379
Akshan,Veigar,226,112,0.49557522123893805
Akshan,Yone,174,90,0.5172413793103449
Nilah,Yone,204,107,0.5245098039215687
Veigar,Yone,512,251,0.490234375
Yone,Yone,33,22,0.6666666666666666
Hecarim,Leona,236,103,0.4364406779661017
Hecarim,Nami,318,167,0.5251572327044025
Hecarim,RekSai,44,16,0.36363636363636365
Leona,Nami,150,82,0.5466666666666666
Leona,RekSai,115,57,0.4956521739130435
Nami,Nautilus,204,88,0.43137254901960786
Nami,RekSai,164,78,0.47560975609756095
Nautilus,RekSai,123,55,0.44715447154471544
RekSai,Yone,129,70,0.5426356589147286
Darius,Karthus,235,112,0.4765957446808511
Darius,Vi,337,152,0.45103857566765576
Karthus,KogMaw,122,64,0.5245901639344263
Karthus,Nocturne,87,49,0.5632183908045977
Karthus,Seraphine,188,95,0.5053191489361702
Karthus,Vi,104,50,0.4807692307692308
KogMaw,Nocturne,151,78,0.5165562913907285
Nocturne,Vi,73,32,0.4383561643835616
Alistar,Galio,207,106,0.5120772946859904
Alistar,Milio,92,40,0.43478260869565216
Alistar,Rell,76,38,0.5
Galio,Gnar,153,73,0.477124183006536
Galio,Yunara,418,229,0.5478468899521531
Gnar,Milio,158,89,0.5632911392405063
Milio,Rell,38,22,0.5789473684210527
Milio,Zac,230,120,0.5217391304347826
Rell,Zac,109,57,0.5229357798165137
Talon,Zac,93,45,0.4838709677419355
Amumu,KSante,184,86,0.4673913043478261
Amumu,Karma,344,177,0.5145348837209303
Amumu,Leblanc,298,151,0.5067114093959731
Gwen,KSante,98,47,0.47959183673469385
Gwen,Karma,288,134,0.4652777777777778
Gwen,Leblanc,184,100,0.5434782608695652
Gwen,Singed,141,67,0.475177304964539
KSante,Shaco,182,84,0.46153846153846156
Leblanc,Singed,173,87,0.5028901734104047
Ahri,Yuumi,470,201,0.4276595744680851
Ezreal,Karthus,267,113,0.4232209737827715
Karthus,Karthus,9,4,0.4444444444444444
Karthus,Orianna,120,58,0.48333333333333334
Karthus,Yuumi,128,64,0.5
Orianna,Yuumi,180,81,0.45
Xayah,Yuumi,194,97,0.5
Hecarim,Jayce,106,42,0.39622641509433965
Aatrox,Swain,386,196,0.5077720207253886
Aatrox,Vladimir,281,140,0.498220640569395
TwistedFate,Vladimir,200,74,0.37
Vladimir,Yunara,295,117,0.39661016949152544
Brand,Zac,248,127,0.5120967741935484
Malzahar,Zac,228,126,0.5526315789473685
Leblanc,Senna,312,153,0.49038461538461536
Talon,Xerath,184,100,0.5434782608695652
Aurora,Karthus,108,47,0.4351851851851852
Aurora,Rumble,84,39,0.4642857142857143
Karthus,Milio,154,66,0.42857142857142855
Karthus,Rumble,67,39,0.582089552238806
Karthus,TwistedFate,163,82,0.5030674846625767
Milio,Rumble,160,74,0.4625
Milio,Shaco,288,152,0.5277777777777778
Rumble,Veigar,196,97,0.49489795918367346
KogMaw,TwistedFate,164,82,0.5
KogMaw,Zoe,137,62,0.45255474452554745
Lillia,Ornn,226,124,0.5486725663716814
Lillia,Rammus,97,47,0.4845360824742268
Lillia,TwistedFate,234,105,0.44871794871794873
Lillia,Zoe,185,93,0.5027027027027027
Nautilus,Zoe,292,129,0.4417808219178082
Ornn,Rammus,129,64,0.49612403100775193
Ornn,Zoe,199,86,0.4321608040201005
Rammus,Zoe,133,62,0.46616541353383456
Akshan,Nunu,198,98,0.494949494949495
Akshan,Volibear,312,155,0.4967948717948718
Kayn,Urgot,356,191,0.5365168539325843
Orianna,Urgot,199,102,0.5125628140703518
FiddleSticks,Senna,322,167,0.5186335403726708
Malzahar,Sona,312,163,0.5224358974358975
Malzahar,Urgot,330,184,0.5575757575757576
Sona,Urgot,212,115,0.5424528301886793
Ashe,Renata,253,133,0.525691699604743
Janna,Renata,46,23,0.5
Neeko,Nidalee,155,69,0.44516129032258067
Neeko,Renata,88,43,0.48863636363636365
Nidalee,Renata,86,31,0.36046511627906974
Garen,Singed,219,135,0.6164383561643836
FiddleSticks,Morgana,395,198,0.5012658227848101
Sejuani,Taliyah,65,26,0.4
Leona,Vex,288,147,0.5104166666666666
Katarina,Milio,340,179,0.5264705882352941
Khazix,Milio,275,131,0.4763636363636364
Khazix,Mordekaiser,381,202,0.5301837270341208
Jinx,Nidalee,446,216,0.484304932735426
Brand,Gnar,205,101,0.4926829268292683
Akali,Yasuo,388,194,0.5
Ashe,Yunara,268,123,0.458955223880597
Ambessa,Ivern,109,55,0.5045871559633027
Ambessa,JarvanIV,213,101,0.47417840375586856
Ambessa,Kennen,103,60,0.5825242718446602
Briar,Ivern,101,47,0.46534653465346537
Briar,Kennen,175,96,0.5485714285714286
Briar,Ornn,286,137,0.479020979020979
Ivern,JarvanIV,61,29,0.47540983606557374
Ivern,Kennen,67,29,0.43283582089552236
Ivern,Vi,72,38,0.5277777777777778
JarvanIV,Vi,105,59,0.5619047619047619
Kennen,Ornn,97,41,0.422680412371134
Kennen,Vi,136,68,0.5
Kennen,Zilean,114,51,0.4473684210526316
Vi,Zilean,162,86,0.5308641975308642
Ambessa,FiddleSticks,179,88,0.49162011173184356
Ambessa,Malphite,282,143,0.5070921985815603
Briar,Ezreal,509,235,0.46168958742632615
Briar,Vladimir,355,171,0.48169014084507045
Draven,FiddleSticks,184,89,0.483695652173913
FiddleSticks,Vladimir,177,92,0.519774011299435
Gwen,Zyra,289,151,0.5224913494809689
Ezreal,JarvanIV,393,183,0.46564885496183206
JarvanIV,Maokai,150,81,0.54
Corki,MissFortune,145,72,0.496551724137931
Corki,Thresh,239,120,0.502092050209205
Thresh,Vi,376,181,0.48138297872340424
Rengar,Sivir,219,104,0.4748858447488584
Sivir,TwistedFate,288,146,0.5069444444444444
Blitzcrank,Nautilus,227,90,0.3964757709251101
Nilah,Shen,139,85,0.6115107913669064
Nilah,Xayah,55,24,0.43636363636363634
Malzahar,Veigar,281,143,0.5088967971530249
Gangplank,Senna,235,101,0.4297872340425532
Gangplank,Twitch,213,92,0.431924882629108
Twitch,Volibear,543,259,0.47697974217311234
Irelia,Nautilus,438,189,0.4315068493150685
Annie,Kalista,98,47,0.47959183673469385
Kalista,Maokai,104,55,0.5288461538461539
Kalista,Nami,123,62,0.5040650406504065
Kalista,Renekton,98,47,0.47959183673469385
Maokai,Renekton,149,65,0.436241610738255
Lulu,Samira,184,85,0.46195652173913043
Lulu,Shaco,286,119,0.4160839160839161
Quinn,Samira,163,83,0.50920245398773
Quinn,Shaco,209,97,0.46411483253588515
Ahri,Corki,202,97,0.4801980198019802
Corki,Garen,200,98,0.49
Corki,Nunu,115,55,0.4782608695652174
Garen,Nunu,396,204,0.5151515151515151
Naafiri,Tryndamere,153,84,0.5490196078431373
Naafiri,TwistedFate,168,69,0.4107142857142857
Naafiri,Velkoz,227,116,0.5110132158590308
Naafiri,Xerath,219,107,0.4885844748858447
Naafiri,Ziggs,201,106,0.527363184079602
Naafiri,Zyra,249,125,0.5020080321285141
Velkoz,Zyra,204,116,0.5686274509803921
Xerath,Ziggs,281,153,0.5444839857651246
Ziggs,Zyra,263,140,0.532319391634981
Anivia,Belveth,96,54,0.5625
Anivia,Lulu,171,66,0.38596491228070173
Anivia,Urgot,175,94,0.5371428571428571
Belveth,Garen,191,95,0.4973821989528796
Belveth,Lulu,133,62,0.46616541353383456
Belveth,Urgot,115,68,0.591304347826087
Gwen,Poppy,209,110,0.5263157894736842
Lulu,Poppy,160,70,0.4375
Mordekaiser,Poppy,294,149,0.5068027210884354
Poppy,Urgot,158,76,0.4810126582278481
Graves,Singed,213,103,0.4835680751173709
Graves,Tryndamere,172,71,0.4127906976744186
Graves,Vi,103,50,0.4854368932038835
Nasus,Yone,341,178,0.5219941348973607
Singed,Tryndamere,153,76,0.49673202614379086
Singed,Veigar,320,156,0.4875
Tryndamere,Yone,253,125,0.49407114624505927
Gnar,MasterYi,179,83,0.46368715083798884
Gnar,Vayne,260,124,0.47692307692307695
Mordekaiser,Sejuani,187,97,0.5187165775401069
Sejuani,Zed,176,83,0.4715909090909091
Illaoi,Khazix,167,89,0.5329341317365269
Illaoi,Thresh,282,135,0.4787234042553192
FiddleSticks,Yasuo,442,258,0.583710407239819
Gragas,Hwei,168,79,0.47023809523809523
Gragas,Kled,57,36,0.631578947368421
Kled,Rell,71,36,0.5070422535211268
Kayle,Leblanc,213,104,0.48826291079812206
Kayle,Urgot,153,83,0.5424836601307189
Leblanc,Lulu,210,81,0.38571428571428573
Gragas,Trundle,163,72,0.44171779141104295
Gragas,Xerath,190,96,0.5052631578947369
Viktor,Xerath,147,92,0.6258503401360545
Bard,Nasus,222,117,0.527027027027027
Bard,Udyr,158,83,0.5253164556962026
Ekko,Katarina,217,109,0.5023041474654378
KogMaw,Nilah,56,30,0.5357142857142857
KogMaw,Veigar,291,137,0.47079037800687284
Gwen,Hwei,265,131,0.49433962264150944
Gwen,Khazix,220,103,0.4681818181818182
Khazix,Zyra,242,124,0.512396694214876
Ambessa,Jax,249,132,0.5301204819277109
Ambessa,Kayle,178,89,0.5
Senna,Zac,229,113,0.49344978165938863
AurelionSol,Brand,319,182,0.5705329153605015
Lucian,Skarner,128,61,0.4765625
Heimerdinger,TahmKench,207,107,0.5169082125603864
Kayle,Nilah,153,86,0.5620915032679739
Khazix,Ziggs,205,98,0.47804878048780486
Khazix,Zoe,189,100,0.5291005291005291
Ziggs,Zoe,175,93,0.5314285714285715
Anivia,DrMundo,311,162,0.5209003215434084
Anivia,Renata,83,43,0.5180722891566265
Diana,Renata,163,82,0.5030674846625767
DrMundo,Samira,461,228,0.4945770065075922
Renata,Samira,127,64,0.5039370078740157
Annie,Twitch,232,112,0.4827586206896552
Annie,Warwick,262,130,0.4961832061068702
Leblanc,Rengar,171,66,0.38596491228070173
Leblanc,Yasuo,225,115,0.5111111111111111
Leblanc,Yuumi,195,96,0.49230769230769234
Jayce,Rammus,83,42,0.5060240963855421
Jayce,Taliyah,88,38,0.4318181818181818
Lucian,Rammus,214,112,0.5233644859813084
Nautilus,Taliyah,228,107,0.4692982456140351
Akali,Alistar,250,112,0.448
Alistar,Volibear,288,155,0.5381944444444444
Aphelios,Blitzcrank,320,153,0.478125
Aphelios,Ezreal,114,53,0.4649122807017544
Aphelios,Xayah,78,34,0.4358974358974359
Lucian,Nilah,80,44,0.55
Nilah,Senna,161,72,0.4472049689440994
Nilah,Swain,193,102,0.5284974093264249
Yorick,Yuumi,226,110,0.48672566371681414
Ahri,Galio,276,143,0.5181159420289855
Ahri,Mordekaiser,823,438,0.5321992709599028
Heimerdinger,Shyvana,95,50,0.5263157894736842
Chogath,JarvanIV,339,158,0.46607669616519176
Lissandra,Mel,167,79,0.47305389221556887
Lissandra,Zaahen,230,131,0.5695652173913044
Anivia,Lux,368,183,0.49728260869565216
Anivia,MasterYi,282,147,0.5212765957446809
Anivia,Nasus,203,101,0.4975369458128079
Samira,Ziggs,154,83,0.538961038961039
Jax,Jayce,191,102,0.5340314136125655
Jayce,Shaco,192,86,0.4479166666666667
Jayce,Sivir,189,101,0.5343915343915344
Kalista,Twitch,96,51,0.53125
Aatrox,Jinx,740,361,0.48783783783783785
Aatrox,Shyvana,135,74,0.5481481481481482
Ekko,Shyvana,109,53,0.48623853211009177
JarvanIV,Quinn,157,81,0.5159235668789809
JarvanIV,Rakan,188,85,0.4521276595744681
Rakan,Yone,251,129,0.5139442231075697
Gragas,Kayle,164,77,0.4695121951219512
Akshan,Draven,148,67,0.4527027027027027
Camille,Darius,88,30,0.3409090909090909
Camille,Elise,85,37,0.43529411764705883
Camille,Jax,116,50,0.43103448275862066
Camille,Ornn,63,22,0.3492063492063492
Brand,Rakan,158,83,0.5253164556962026
Galio,Rakan,153,81,0.5294117647058824
Graves,Rakan,128,58,0.453125
Lucian,Rakan,159,80,0.5031446540880503
Anivia,Kayle,216,119,0.5509259259259259
Kayle,Sejuani,178,76,0.42696629213483145
Kayle,Syndra,236,108,0.4576271186440678
Ashe,Rumble,285,136,0.47719298245614034
Blitzcrank,Rakan,105,58,0.5523809523809524
Darius,Rakan,252,116,0.4603174603174603
Nunu,Rakan,139,76,0.5467625899280576
Rakan,Sett,252,139,0.5515873015873016
Rakan,Volibear,258,111,0.43023255813953487
Rumble,Sett,146,89,0.6095890410958904
Rumble,Volibear,138,81,0.5869565217391305
Blitzcrank,Rell,96,49,0.5104166666666666
Blitzcrank,Swain,303,152,0.5016501650165016
Nasus,Nasus,34,17,0.5
Rell,Sona,83,44,0.5301204819277109
DrMundo,Fiora,177,91,0.5141242937853108
DrMundo,Fizz,494,249,0.5040485829959515
Senna,XinZhao,331,170,0.513595166163142
Akali,Swain,368,189,0.5135869565217391
Akali,Xayah,335,164,0.48955223880597015
Ambessa,Volibear,235,128,0.5446808510638298
Volibear,Xayah,339,178,0.5250737463126843
MasterYi,Zyra,446,223,0.5
Singed,Trundle,207,113,0.5458937198067633
Singed,Zeri,152,72,0.47368421052631576
Trundle,Zed,288,136,0.4722222222222222
Zed,Zeri,197,87,0.4416243654822335
Nunu,Ziggs,195,91,0.4666666666666667
Malzahar,Rakan,223,113,0.5067264573991032
Nilah,Rakan,80,45,0.5625
Akali,Warwick,589,286,0.4855687606112054
LeeSin,Varus,334,120,0.3592814371257485
Alistar,Caitlyn,492,221,0.4491869918699187
Anivia,Udyr,127,60,0.47244094488188976
Anivia,Zaahen,327,179,0.5474006116207951
MissFortune,Udyr,505,267,0.5287128712871287
Khazix,Malzahar,363,182,0.5013774104683195
Lillia,Volibear,220,120,0.5454545454545454
Anivia,Karma,175,87,0.49714285714285716
Anivia,Khazix,169,84,0.4970414201183432
Karma,Nasus,260,132,0.5076923076923077
Janna,Malzahar,222,118,0.5315315315315315
Janna,Velkoz,134,68,0.5074626865671642
Sivir,Velkoz,341,175,0.5131964809384164
Aurora,Gnar,111,63,0.5675675675675675
Kassadin,TahmKench,111,51,0.4594594594594595
Ekko,Gwen,274,145,0.5291970802919708
Gwen,Udyr,138,74,0.5362318840579711
Kennen,Neeko,109,55,0.5045871559633027
Neeko,Singed,208,107,0.5144230769230769
Seraphine,Singed,281,148,0.5266903914590747
Akali,Ziggs,249,115,0.46184738955823296
Jhin,Ziggs,420,214,0.5095238095238095
AurelionSol,Karma,230,120,0.5217391304347826
Smolder,Yorick,463,245,0.5291576673866091
Trundle,Yorick,193,105,0.5440414507772021
Leblanc,Maokai,170,66,0.38823529411764707
Jax,Shen,345,196,0.5681159420289855
Chogath,Gragas,209,106,0.507177033492823
Jinx,Twitch,341,164,0.4809384164222874
Jinx,Varus,305,146,0.4786885245901639
Neeko,Velkoz,235,126,0.5361702127659574
Twitch,Varus,252,111,0.44047619047619047
Smolder,Varus,294,136,0.46258503401360546
Belveth,Zaahen,184,87,0.47282608695652173
Belveth,Ziggs,117,58,0.49572649572649574
Amumu,Zyra,442,255,0.5769230769230769
Olaf,Senna,168,86,0.5119047619047619
Olaf,Zyra,169,103,0.6094674556213018
Veigar,Zyra,463,245,0.5291576673866091
Neeko,Nilah,120,58,0.48333333333333334
Ambessa,Ekko,289,135,0.4671280276816609
FiddleSticks,Jax,275,142,0.5163636363636364
Kayle,Yasuo,525,255,0.4857142857142857
Akali,Azir,74,29,0.3918918918918919
Azir,Malphite,233,106,0.45493562231759654
DrMundo,Kayle,402,200,0.4975124378109453
Kayle,Malphite,405,205,0.5061728395061729
FiddleSticks,Fiora,146,77,0.5273972602739726
Gnar,Senna,202,103,0.5099009900990099
Gnar,Twitch,177,91,0.5141242937853108
Riven,Yunara,288,118,0.4097222222222222
Yasuo,Yunara,641,332,0.5179407176287052
Hecarim,KSante,94,48,0.5106382978723404
Hecarim,Samira,167,79,0.47305389221556887
Singed,Talon,160,84,0.525
Fizz,Syndra,119,61,0.5126050420168067
Briar,Cassiopeia,151,76,0.5033112582781457
Cassiopeia,Draven,108,55,0.5092592592592593
Cassiopeia,Karma,136,68,0.5
Kennen,MonkeyKing,108,55,0.5092592592592593
Kennen,Taliyah,52,28,0.5384615384615384
MonkeyKing,Taliyah,108,52,0.48148148148148145
Sion,Zaahen,348,188,0.5402298850574713
Tristana,Zeri,97,42,0.4329896907216495
Kayle,Qiyana,193,87,0.45077720207253885
Mel,Qiyana,295,142,0.48135593220338985
Alistar,Graves,210,103,0.49047619047619045
Alistar,TahmKench,160,66,0.4125
Gangplank,Morgana,365,177,0.4849315068493151
AurelionSol,Ivern,131,62,0.4732824427480916
Galio,Tryndamere,267,139,0.5205992509363296
Gangplank,Tryndamere,85,46,0.5411764705882353
Gangplank,Yasuo,236,108,0.4576271186440678
Aatrox,Tryndamere,156,77,0.4935897435897436
Orianna,Warwick,323,162,0.5015479876160991
Ezreal,Sona,475,230,0.4842105263157895
Lucian,TwistedFate,332,152,0.4578313253012048
Nami,Talon,305,149,0.4885245901639344
Nami,TwistedFate,379,182,0.48021108179419525
TwistedFate,Yone,230,114,0.4956521739130435
Kaisa,Nunu,428,214,0.5
Jax,Yone,597,337,0.5644891122278057
Aatrox,Gangplank,112,53,0.4732142857142857
Aatrox,Hecarim,195,89,0.4564102564102564
Aatrox,Neeko,337,154,0.456973293768546
Gangplank,Hecarim,93,47,0.5053763440860215
Gangplank,Malphite,243,121,0.49794238683127573
Hecarim,Zac,75,29,0.38666666666666666
Malphite,Taric,193,91,0.47150259067357514
Neeko,Taric,99,45,0.45454545454545453
Taric,Trundle,124,64,0.5161290322580645
Taric,Zac,79,28,0.35443037974683544
Trundle,Zac,128,65,0.5078125
Aatrox,MasterYi,411,189,0.45985401459854014
Aphelios,MissFortune,126,60,0.47619047619047616
Aphelios,Vex,197,97,0.49238578680203043
Karma,Naafiri,218,110,0.5045871559633027
MasterYi,Trundle,241,115,0.47717842323651455
MasterYi,Vex,329,168,0.5106382978723404
MissFortune,Naafiri,600,292,0.4866666666666667
Naafiri,Vex,111,54,0.4864864864864865
Aatrox,Mordekaiser,262,124,0.4732824427480916
Aatrox,Pyke,387,162,0.4186046511627907
AurelionSol,Zeri,137,65,0.4744525547445255
Gwen,Zilean,153,74,0.48366013071895425
Varus,Zilean,207,88,0.4251207729468599
Jinx,Samira,139,67,0.48201438848920863
Samira,Soraka,197,87,0.4416243654822335
Gragas,Nidalee,126,53,0.42063492063492064
Gragas,Zyra,188,89,0.4734042553191489
Nidalee,TwistedFate,202,91,0.4504950495049505
Draven,Irelia,208,93,0.44711538461538464
Draven,Lillia,209,118,0.5645933014354066
Brand,Braum,170,83,0.48823529411764705
Brand,Gwen,360,190,0.5277777777777778
Brand,Kalista,166,76,0.4578313253012048
Braum,Gwen,202,107,0.5297029702970297
Braum,Kalista,100,51,0.51
Gwen,Kalista,103,53,0.5145631067961165
Gwen,Rumble,75,34,0.4533333333333333
Kalista,Morgana,179,92,0.5139664804469274
Kalista,Rumble,74,31,0.4189189189189189
Draven,Taric,117,58,0.49572649572649574
Gangplank,Soraka,185,88,0.4756756756756757
Garen,Taric,186,94,0.5053763440860215
Leona,Naafiri,297,138,0.46464646464646464
Leona,Taric,93,40,0.43010752688172044
Leona,Zilean,105,55,0.5238095238095238
JarvanIV,TahmKench,242,109,0.45041322314049587
JarvanIV,Xerath,324,158,0.4876543209876543
TahmKench,Trundle,253,136,0.5375494071146245
Gwen,Sona,267,142,0.5318352059925093
Rammus,Viego,102,42,0.4117647058823529
Nasus,Zilean,174,86,0.4942528735632184
Akali,Taliyah,97,40,0.41237113402061853
Azir,Seraphine,211,75,0.35545023696682465
Azir,Sett,219,101,0.4611872146118721
Azir,Taliyah,52,18,0.34615384615384615
Seraphine,Taliyah,173,78,0.4508670520231214
Bard,Ivern,112,50,0.44642857142857145
Bard,Shyvana,107,53,0.4953271028037383
Braum,Ivern,95,46,0.4842105263157895
Braum,LeeSin,189,90,0.47619047619047616
Ivern,Mordekaiser,195,105,0.5384615384615384
Ivern,Shyvana,50,22,0.44
LeeSin,Shyvana,67,34,0.5074626865671642
MissFortune,Taric,346,176,0.5086705202312138
Elise,Nasus,120,45,0.375
Elise,Nunu,87,37,0.42528735632183906
Anivia,Orianna,79,39,0.4936708860759494
Aphelios,Morgana,542,282,0.5202952029520295
Lulu,Talon,183,70,0.3825136612021858
Talon,Varus,216,98,0.4537037037037037
Talon,Veigar,213,91,0.4272300469483568
Alistar,Blitzcrank,166,65,0.39156626506024095
Alistar,Vayne,377,187,0.4960212201591512
Tristana,Vayne,293,147,0.5017064846416383
Kennen,Pyke,186,89,0.478494623655914
Bard,Warwick,332,173,0.5210843373493976
Gragas,Vi,167,76,0.4550898203592814
Maokai,TahmKench,155,80,0.5161290322580645
Maokai,Veigar,321,149,0.46417445482866043
KogMaw,Taric,97,56,0.5773195876288659
Shaco,Taric,138,61,0.4420289855072464
Heimerdinger,Poppy,157,80,0.5095541401273885
Heimerdinger,Rengar,146,67,0.4589041095890411
Kalista,Volibear,178,82,0.4606741573033708
Volibear,Yuumi,441,227,0.5147392290249433
Annie,Shyvana,100,56,0.56
Cassiopeia,Shyvana,59,30,0.5084745762711864
Shyvana,Sivir,149,82,0.5503355704697986
Braum,Kayle,257,126,0.490272373540856
Braum,Swain,195,101,0.517948717948718
Karthus,Ryze,109,54,0.4954128440366973
Galio,Vex,144,81,0.5625
Jayce,Tristana,225,119,0.5288888888888889
Tristana,Vex,318,148,0.46540880503144655
Nocturne,Xayah,216,99,0.4583333333333333
Aurora,Sejuani,118,62,0.5254237288135594
Brand,Maokai,252,134,0.5317460317460317
Gangplank,Leblanc,152,55,0.3618421052631579
Annie,Thresh,295,141,0.47796610169491527
Lux,Xayah,617,310,0.5024311183144247
Draven,Kayn,350,148,0.4228571428571429
Draven,Yuumi,193,99,0.5129533678756477
Katarina,Tryndamere,226,122,0.5398230088495575
Karma,Zyra,183,113,0.6174863387978142
Pantheon,Zyra,423,209,0.4940898345153664
Akali,Sylas,333,171,0.5135135135135135
Lillia,Malzahar,321,185,0.5763239875389408
Brand,Seraphine,358,162,0.45251396648044695
Kayle,Vi,280,148,0.5285714285714286
Seraphine,Zeri,220,112,0.509090909090909
Vi,Zeri,141,73,0.5177304964539007
Aphelios,Ornn,251,123,0.4900398406374502
Ornn,Rengar,179,78,0.43575418994413406
Cassiopeia,Trundle,108,54,0.5
Lulu,Shen,269,131,0.48698884758364314
Fizz,Karma,277,153,0.5523465703971119
Ornn,Zaahen,285,155,0.543859649122807
Ivern,Jinx,300,147,0.49
Aurora,Urgot,173,87,0.5028901734104047
KogMaw,Syndra,158,86,0.5443037974683544
KogMaw,Velkoz,206,107,0.5194174757281553
Naafiri,Syndra,152,74,0.4868421052631579
Annie,Belveth,93,47,0.5053763440860215
Annie,Hwei,123,60,0.4878048780487805
Annie,Nautilus,294,136,0.46258503401360546
Annie,Swain,211,110,0.5213270142180095
Annie,Yasuo,204,124,0.6078431372549019
Belveth,Fizz,152,81,0.5328947368421053
Hwei,Swain,271,138,0.5092250922509225
Swain,Swain,63,43,0.6825396825396826
Kindred,Sejuani,81,36,0.4444444444444444
Lux,Ryze,403,200,0.49627791563275436
Ryze,Sejuani,117,56,0.47863247863247865
Ryze,Teemo,269,140,0.5204460966542751
Sejuani,Teemo,256,116,0.453125
Volibear,Volibear,64,29,0.453125
Seraphine,TahmKench,244,118,0.48360655737704916
Darius,Leblanc,357,161,0.45098039215686275
Leblanc,Trundle,201,90,0.44776119402985076
AurelionSol,AurelionSol,40,22,0.55
AurelionSol,Darius,355,199,0.5605633802816902
Aurora,Garen,326,192,0.588957055214724
Aurora,Sylas,259,127,0.49034749034749037
Lillia,Pyke,348,173,0.49712643678160917
Lillia,Shyvana,61,35,0.5737704918032787
Pyke,Senna,277,122,0.4404332129963899
Pyke,Shyvana,181,80,0.4419889502762431
Sejuani,Senna,222,98,0.44144144144144143
Shyvana,Zyra,142,67,0.47183098591549294
Nocturne,Volibear,207,101,0.48792270531400966
AurelionSol,Milio,244,123,0.5040983606557377
Caitlyn,Nunu,626,303,0.4840255591054313
Pyke,XinZhao,324,150,0.46296296296296297
Sylas,XinZhao,364,178,0.489010989010989
Akshan,Vayne,253,115,0.45454545454545453
Hecarim,Janna,119,60,0.5042016806722689
Janna,Vayne,334,166,0.49700598802395207
Jax,Khazix,240,120,0.5
Kayle,Khazix,260,128,0.49230769230769234
Belveth,KogMaw,87,36,0.41379310344827586
Belveth,Senna,161,84,0.5217391304347826
Belveth,Taliyah,72,38,0.5277777777777778
KogMaw,Taliyah,97,47,0.4845360824742268
Annie,Elise,74,43,0.581081081081081
Annie,Samira,176,81,0.4602272727272727
Elise,Samira,129,57,0.4418604651162791
Elise,Zac,87,39,0.4482758620689655
Chogath,Evelynn,197,91,0.4619289340101523
MissFortune,Vayne,442,217,0.49095022624434387
Sion,Trundle,277,142,0.5126353790613718
Aphelios,Jayce,159,64,0.4025157232704403
Jayce,TwistedFate,158,69,0.43670886075949367
Jayce,Zed,175,66,0.37714285714285717
Janna,Nocturne,155,72,0.4645161290322581
Twitch,Yone,548,280,0.5109489051094891
Veigar,Ziggs,408,203,0.49754901960784315
Corki,Neeko,161,72,0.4472049689440994
Kaisa,Ziggs,291,144,0.4948453608247423
Malphite,Rakan,256,111,0.43359375
Rakan,Vi,152,84,0.5526315789473685
Rakan,Ziggs,157,78,0.4968152866242038
Kaisa,Rengar,425,180,0.4235294117647059
Azir,Shyvana,70,27,0.38571428571428573
Azir,Swain,158,67,0.4240506329113924
Azir,Xayah,148,70,0.47297297297297297
Nunu,Shyvana,72,36,0.5
Belveth,Kayle,169,82,0.48520710059171596
Gangplank,Illaoi,79,30,0.379746835443038
Illaoi,Trundle,160,82,0.5125
Trundle,Twitch,339,161,0.4749262536873156
Janna,Vi,174,80,0.45977011494252873
Elise,Milio,122,65,0.5327868852459017
Lux,Milio,435,226,0.5195402298850574
Milio,Rakan,44,21,0.4772727272727273
Nami,Pantheon,512,274,0.53515625
Nami,Xayah,309,158,0.511326860841424
Lissandra,Ornn,132,59,0.44696969696969696
Lissandra,Varus,171,90,0.5263157894736842
Quinn,Varus,176,91,0.5170454545454546
Akshan,Smolder,290,129,0.44482758620689655
Gragas,Rammus,95,43,0.45263157894736844
Gragas,Tryndamere,122,60,0.4918032786885246
Rammus,Syndra,133,61,0.45864661654135336
Rammus,Tryndamere,130,62,0.47692307692307695
Gwen,RekSai,76,33,0.4342105263157895
Gwen,Soraka,314,172,0.5477707006369427
Mordekaiser,RekSai,126,63,0.5
RekSai,Soraka,108,57,0.5277777777777778
Sejuani,Urgot,109,66,0.6055045871559633
Sejuani,Viktor,109,61,0.5596330275229358
Aatrox,Briar,317,165,0.5205047318611987
Aphelios,Shaco,283,129,0.4558303886925795
Azir,Briar,172,82,0.47674418604651164
Azir,Illaoi,117,51,0.4358974358974359
Azir,Jhin,367,156,0.4250681198910082
Azir,Vayne,240,113,0.4708333333333333
Alistar,Naafiri,168,72,0.42857142857142855
Alistar,RekSai,55,28,0.509090909090909
Naafiri,RekSai,66,27,0.4090909090909091
RekSai,Yunara,113,52,0.46017699115044247
Heimerdinger,Vayne,346,173,0.5
JarvanIV,Leona,333,188,0.5645645645645646
KSante,Lissandra,70,29,0.4142857142857143
Lissandra,Shaco,143,76,0.5314685314685315
Shaco,Tristana,548,259,0.4726277372262774
Aatrox,Leblanc,254,118,0.4645669291338583
Aatrox,Morgana,657,326,0.4961948249619482
Kindred,TahmKench,203,98,0.4827586206896552
Braum,Nocturne,203,98,0.4827586206896552
Mordekaiser,Nami,673,384,0.5705794947994056
Azir,Soraka,173,83,0.4797687861271676
Azir,TahmKench,166,65,0.39156626506024095
Azir,Yasuo,195,81,0.4153846153846154
KSante,Zyra,160,75,0.46875
Mel,Naafiri,404,200,0.49504950495049505
AurelionSol,Neeko,194,95,0.4896907216494845
AurelionSol,RekSai,74,32,0.43243243243243246
Neeko,RekSai,87,41,0.47126436781609193
RekSai,Warwick,72,33,0.4583333333333333
Ambessa,Milio,268,134,0.5
Ambessa,Sion,196,106,0.5408163265306123
Kassadin,Senna,176,81,0.4602272727272727
Katarina,Volibear,403,212,0.5260545905707196
Brand,Jax,652,350,0.5368098159509203
KSante,Senna,193,85,0.44041450777202074
Ezreal,Nidalee,333,135,0.40540540540540543
Ezreal,Tristana,268,128,0.47761194029850745
Pantheon,Yorick,358,182,0.5083798882681564
Sion,Yorick,162,89,0.5493827160493827
LeeSin,Malzahar,414,206,0.4975845410628019
Anivia,Rammus,119,55,0.46218487394957986
Anivia,Teemo,320,162,0.50625
Alistar,Orianna,185,82,0.44324324324324327
Orianna,Rammus,135,70,0.5185185185185185
JarvanIV,Kled,86,37,0.43023255813953487
Graves,Jax,223,109,0.48878923766816146
Graves,Vladimir,273,125,0.45787545787545786
Diana,Hwei,282,143,0.5070921985815603
Hwei,Vayne,436,233,0.5344036697247706
Kayle,Malzahar,383,211,0.5509138381201044
Lux,TwistedFate,476,237,0.49789915966386555
TwistedFate,Warwick,348,170,0.4885057471264368
Gwen,Yone,532,266,0.5
Elise,Mel,200,101,0.505
Belveth,Elise,45,15,0.3333333333333333
Belveth,Gangplank,84,37,0.44047619047619047
Belveth,Milio,136,76,0.5588235294117647
Belveth,Warwick,100,48,0.48
Elise,Gangplank,75,42,0.56
Gangplank,Milio,181,92,0.5082872928176796
Gangplank,Warwick,201,103,0.5124378109452736
Milio,Warwick,502,282,0.5617529880478087
Singed,Yunara,279,129,0.46236559139784944
Leona,Zeri,217,106,0.48847926267281105
Vladimir,Zeri,179,91,0.5083798882681564
LeeSin,TwistedFate,257,106,0.41245136186770426
Camille,Evelynn,87,34,0.39080459770114945
Camille,Jinx,293,144,0.49146757679180886
MissFortune,RekSai,234,126,0.5384615384615384
RekSai,Sett,132,63,0.4772727272727273
RekSai,Veigar,111,53,0.4774774774774775
RekSai,Velkoz,109,56,0.5137614678899083
Vayne,Zac,328,173,0.5274390243902439
Rammus,Taric,71,32,0.4507042253521127
Taric,Vladimir,137,66,0.48175182481751827
Hwei,Kayle,266,127,0.4774436090225564
Kayle,Kled,77,40,0.5194805194805194
Kayle,Vex,212,120,0.5660377358490566
Kled,Talon,65,28,0.4307692307692308
Kled,Vex,98,45,0.45918367346938777
Twitch,Viktor,249,124,0.4979919678714859
Leblanc,LeeSin,260,113,0.4346153846153846
Irelia,Qiyana,147,65,0.4421768707482993
Irelia,Rakan,150,65,0.43333333333333335
Kayle,Vayne,475,235,0.49473684210526314
Mordekaiser,Rakan,268,125,0.4664179104477612
Annie,Heimerdinger,123,72,0.5853658536585366
Annie,Leblanc,86,45,0.5232558139534884
Annie,Ornn,171,70,0.4093567251461988
Heimerdinger,Ivern,91,48,0.5274725274725275
Ivern,Leblanc,104,47,0.4519230769230769
Ivern,Nautilus,215,97,0.4511627906976744
Kalista,Leblanc,83,25,0.30120481927710846
Kalista,Ornn,112,49,0.4375
Graves,Quinn,118,60,0.5084745762711864
Fizz,Janna,233,124,0.5321888412017167
Nunu,Sona,232,134,0.5775862068965517
Annie,Tryndamere,139,73,0.5251798561151079
Brand,Rengar,275,138,0.5018181818181818
Garen,Rengar,293,142,0.48464163822525597
Orianna,Trundle,219,110,0.502283105022831
Cassiopeia,Garen,168,83,0.49404761904761907
Cassiopeia,Khazix,93,34,0.3655913978494624
Garen,Senna,614,309,0.503257328990228
Ekko,Sylas,303,152,0.5016501650165016
Alistar,Mordekaiser,328,174,0.5304878048780488
Alistar,Nidalee,177,70,0.3954802259887006
Alistar,Qiyana,140,60,0.42857142857142855
Milio,Qiyana,181,100,0.5524861878453039
Blitzcrank,Taliyah,157,75,0.47770700636942676
Khazix,Taliyah,107,62,0.5794392523364486
MissFortune,Taliyah,360,181,0.5027777777777778
Gragas,Janna,136,57,0.41911764705882354
MonkeyKing,Morgana,437,235,0.5377574370709383
MonkeyKing,Vi,108,56,0.5185185185185185
Braum,Rammus,99,50,0.5050505050505051
Annie,Khazix,163,85,0.5214723926380368
Annie,Lucian,273,133,0.48717948717948717
Annie,Syndra,80,35,0.4375
Khazix,Syndra,260,119,0.4576923076923077
Riven,Syndra,225,121,0.5377777777777778
Velkoz,Zilean,142,87,0.6126760563380281
Fiora,Kaisa,349,165,0.47277936962750716
Fiora,Maokai,84,45,0.5357142857142857
Talon,Talon,9,4,0.4444444444444444
Trundle,Yone,339,167,0.49262536873156343
Akshan,Briar,223,107,0.4798206278026906
Akshan,Camille,88,43,0.48863636363636365
Briar,Leblanc,265,129,0.4867924528301887
Caitlyn,Camille,335,139,0.41492537313432837
Camille,Leblanc,119,44,0.3697478991596639
Camille,Malphite,135,57,0.4222222222222222
Leblanc,Yunara,271,136,0.5018450184501845
Akali,Kennen,121,53,0.4380165289256198
Camille,JarvanIV,138,70,0.5072463768115942
Camille,Kennen,50,22,0.44
JarvanIV,Zyra,252,145,0.5753968253968254
Malzahar,Viktor,115,69,0.6
Amumu,Aphelios,316,161,0.509493670886076
Ashe,Vex,526,280,0.532319391634981
Gangplank,Vladimir,153,59,0.38562091503267976
Jayce,Rakan,103,56,0.5436893203883495
MonkeyKing,Rakan,127,55,0.4330708661417323
Fiora,Leblanc,117,57,0.48717948717948717
Amumu,Viktor,343,183,0.5335276967930029
XinZhao,Ziggs,266,139,0.5225563909774437
Akali,Rakan,201,90,0.44776119402985076
Morgana,Rakan,209,115,0.5502392344497608
Hwei,Malzahar,177,90,0.5084745762711864
Hwei,Skarner,109,52,0.47706422018348627
Malphite,Skarner,123,55,0.44715447154471544
Malzahar,Skarner,135,64,0.4740740740740741
Nidalee,Senna,259,122,0.47104247104247104
Nidalee,Soraka,196,101,0.5153061224489796
Kindred,Nunu,103,51,0.49514563106796117
Kindred,Zoe,155,66,0.4258064516129032
Nunu,Ornn,213,106,0.49765258215962443
Graves,LeeSin,116,60,0.5172413793103449
Gragas,Renekton,120,53,0.44166666666666665
Gragas,Shaco,224,123,0.5491071428571429
Kalista,Mordekaiser,187,99,0.5294117647058824
Leblanc,Mordekaiser,329,147,0.44680851063829785
Ekko,Galio,290,164,0.5655172413793104
Quinn,Zoe,141,69,0.48936170212765956
Briar,Taliyah,158,82,0.5189873417721519
Alistar,Corki,132,67,0.5075757575757576
Alistar,Sett,299,153,0.5117056856187291
Alistar,Skarner,61,23,0.3770491803278688
Corki,Viego,161,74,0.45962732919254656
Sejuani,Sett,217,115,0.5299539170506913
Sejuani,Viego,77,38,0.4935064935064935
Sett,Skarner,143,67,0.46853146853146854
Skarner,Teemo,164,85,0.5182926829268293
Skarner,Viego,66,32,0.48484848484848486
Braum,Kled,74,28,0.3783783783783784
Braum,Nautilus,92,29,0.31521739130434784
Chogath,Kled,88,43,0.48863636363636365
Ezreal,Kled,180,85,0.4722222222222222
Kled,Tryndamere,57,23,0.40350877192982454
Illaoi,TahmKench,180,91,0.5055555555555555
Illaoi,Warwick,324,168,0.5185185185185185
Fizz,Rell,164,72,0.43902439024390244
Jinx,Rell,348,172,0.4942528735632184
Evelynn,Yone,312,161,0.5160256410256411
Aatrox,Yorick,117,53,0.452991452991453
Twitch,Vladimir,322,131,0.40683229813664595
Vladimir,Yorick,190,88,0.4631578947368421
Leona,Trundle,360,187,0.5194444444444445
Karma,Mel,491,256,0.5213849287169042
Kayle,Soraka,320,169,0.528125
Draven,Fizz,210,94,0.44761904761904764
Draven,Pyke,397,189,0.4760705289672544
Lillia,Naafiri,193,93,0.48186528497409326
Lillia,Nami,396,219,0.553030303030303
Maokai,Pantheon,221,117,0.5294117647058824
Kaisa,Ryze,406,190,0.46798029556650245
Rumble,Shyvana,59,27,0.4576271186440678
Ryze,Shyvana,92,59,0.6413043478260869
Fizz,Urgot,277,146,0.5270758122743683
Viktor,Yasuo,237,137,0.5780590717299579
Lucian,Mel,622,298,0.4790996784565916
Briar,Corki,138,70,0.5072463768115942
Briar,Jayce,164,87,0.5304878048780488
MasterYi,XinZhao,210,111,0.5285714285714286
AurelionSol,Morgana,360,185,0.5138888888888888
AurelionSol,Olaf,152,89,0.5855263157894737
Smolder,Xayah,217,100,0.4608294930875576
Milio,Olaf,150,86,0.5733333333333334
Olaf,Renekton,60,33,0.55
Brand,Udyr,285,158,0.5543859649122806
DrMundo,Udyr,247,136,0.5506072874493927
Ezreal,Qiyana,265,120,0.4528301886792453
Ezreal,TwistedFate,397,171,0.43073047858942065
Nidalee,Udyr,94,40,0.425531914893617
Nidalee,Warwick,175,82,0.4685714285714286
Qiyana,TwistedFate,116,55,0.47413793103448276
Qiyana,Udyr,102,48,0.47058823529411764
Qiyana,Warwick,169,73,0.4319526627218935
Graves,Kassadin,104,57,0.5480769230769231
Graves,Kindred,76,31,0.40789473684210525
Graves,Sona,223,105,0.47085201793721976
Graves,Zyra,255,115,0.45098039215686275
Kassadin,Kindred,91,38,0.4175824175824176
Kassadin,Singed,110,49,0.44545454545454544
Kassadin,TwistedFate,69,22,0.3188405797101449
Kassadin,Vladimir,81,35,0.43209876543209874
Kindred,Vladimir,194,78,0.4020618556701031
Sona,TwistedFate,228,118,0.5175438596491229
Sona,Vladimir,270,125,0.46296296296296297
Ahri,Olaf,217,122,0.5622119815668203
Diana,Hecarim,152,81,0.5328947368421053
DrMundo,Zoe,397,198,0.4987405541561713
Gwen,Katarina,268,119,0.44402985074626866
Katarina,Varus,288,132,0.4583333333333333
Katarina,Zoe,110,52,0.4727272727272727
Gragas,Sivir,250,108,0.432
Kaisa,Sivir,179,94,0.5251396648044693
AurelionSol,Ekko,182,92,0.5054945054945055
AurelionSol,Gwen,209,99,0.47368421052631576
AurelionSol,Singed,213,115,0.539906103286385
Gragas,Zeri,156,76,0.48717948717948717
Ezreal,Rell,190,89,0.46842105263157896
Rammus,Sylas,170,96,0.5647058823529412
Fiora,Garen,101,56,0.5544554455445545
MonkeyKing,Syndra,214,112,0.5233644859813084
Hwei,Morgana,443,224,0.5056433408577878
Aatrox,FiddleSticks,249,129,0.5180722891566265
Aatrox,Rell,199,105,0.5276381909547738
Ashe,Rell,328,169,0.5152439024390244
Leblanc,Leona,260,115,0.4423076923076923
Cassiopeia,Gnar,61,29,0.47540983606557374
Cassiopeia,Karthus,82,37,0.45121951219512196
Gnar,Karma,138,77,0.5579710144927537
Blitzcrank,Elise,126,57,0.4523809523809524
Elise,Mordekaiser,152,84,0.5526315789473685
Kayle,Neeko,293,135,0.46075085324232085
Fizz,Singed,224,126,0.5625
Fizz,Taric,155,80,0.5161290322580645
Singed,Taric,124,63,0.5080645161290323
Briar,Kassadin,140,77,0.55
Kassadin,Kayle,122,49,0.4016393442622951
Akali,Urgot,254,118,0.4645669291338583
Blitzcrank,Cassiopeia,177,82,0.4632768361581921
Cassiopeia,Kalista,59,36,0.6101694915254238
Cassiopeia,Orianna,75,38,0.5066666666666667
Cassiopeia,Rakan,76,39,0.5131578947368421
Kalista,Orianna,96,46,0.4791666666666667
Kalista,Rakan,67,36,0.5373134328358209
Orianna,Rakan,162,83,0.5123456790123457
Brand,Renata,139,68,0.4892086330935252
Brand,Tryndamere,381,203,0.5328083989501312
AurelionSol,Yunara,241,114,0.4730290456431535
AurelionSol,Ziggs,161,79,0.4906832298136646
Nasus,Volibear,337,170,0.5044510385756676
Braum,Lillia,194,102,0.5257731958762887
Braum,Zaahen,302,141,0.46688741721854304
Lillia,Trundle,155,95,0.6129032258064516
Diana,Rammus,137,59,0.4306569343065693
Diana,Yone,662,337,0.5090634441087614
Nocturne,Yuumi,257,119,0.46303501945525294
Kalista,Kalista,14,6,0.42857142857142855
Kalista,TwistedFate,107,50,0.4672897196261682
Vladimir,Volibear,341,146,0.4281524926686217
Riven,Sett,160,84,0.525
Riven,XinZhao,207,102,0.4927536231884058
Seraphine,Zoe,305,139,0.4557377049180328
Sett,Zoe,351,165,0.4700854700854701
XinZhao,Zoe,233,108,0.463519313304721
Kalista,Sivir,63,29,0.4603174603174603
Hecarim,Ryze,142,73,0.5140845070422535
Hecarim,Varus,214,113,0.5280373831775701
Malzahar,Ryze,136,71,0.5220588235294118
Ryze,Varus,196,94,0.47959183673469385
Graves,Tristana,310,151,0.4870967741935484
Graves,Volibear,191,92,0.4816753926701571
AurelionSol,Gnar,141,60,0.425531914893617
AurelionSol,Kaisa,395,203,0.5139240506329114
Bard,Gnar,140,75,0.5357142857142857
Bard,Kaisa,480,218,0.45416666666666666
Gnar,Malphite,148,77,0.5202702702702703
Gnar,Nautilus,215,96,0.44651162790697674
Irelia,Malphite,301,152,0.5049833887043189
Renekton,Sett,151,82,0.543046357615894
Tristana,Varus,244,119,0.48770491803278687
AurelionSol,Evelynn,119,59,0.4957983193277311
Darius,Kled,72,26,0.3611111111111111
Kled,Zoe,88,43,0.48863636363636365
Anivia,Gragas,130,55,0.4230769230769231
Jinx,Renekton,556,291,0.5233812949640287
Renekton,Thresh,380,195,0.5131578947368421
Illaoi,Karthus,140,77,0.55
Graves,Yunara,262,115,0.4389312977099237
Illaoi,Karma,191,102,0.5340314136125655
Illaoi,Kassadin,86,50,0.5813953488372093
Illaoi,Yunara,262,133,0.5076335877862596
Karma,Kassadin,106,52,0.49056603773584906
Jayce,Ornn,136,53,0.3897058823529412
Kindred,Tryndamere,160,78,0.4875
Rumble,Sivir,123,68,0.5528455284552846
Rumble,Udyr,86,47,0.5465116279069767
Vex,Yone,202,102,0.504950495049505
Bard,Syndra,268,142,0.5298507462686567
Ivern,Twitch,171,73,0.4269005847953216
Gragas,Leblanc,143,62,0.43356643356643354
Gragas,Zac,123,46,0.37398373983739835
Graves,Zac,133,71,0.5338345864661654
Leblanc,Zac,142,59,0.4154929577464789
Akshan,Ivern,100,50,0.5
Chogath,Talon,281,132,0.4697508896797153
Hwei,Jayce,191,88,0.4607329842931937
Akshan,Bard,174,72,0.41379310344827586
Bard,MasterYi,319,160,0.5015673981191222
Anivia,Corki,104,51,0.49038461538461536
Corki,Urgot,121,65,0.5371900826446281
Sylas,Trundle,358,176,0.49162011173184356
Galio,Lulu,305,132,0.43278688524590164
Galio,Varus,357,174,0.48739495798319327
Lulu,XinZhao,254,117,0.46062992125984253
Riven,Sona,206,105,0.5097087378640777
Illaoi,Lissandra,96,47,0.4895833333333333
Illaoi,Renata,87,44,0.5057471264367817
Khazix,Renata,89,34,0.38202247191011235
Nami,Qiyana,258,119,0.46124031007751937
Qiyana,Ryze,98,46,0.46938775510204084
Ezreal,MonkeyKing,375,193,0.5146666666666667
Nidalee,Sett,258,149,0.5775193798449613
Quinn,Sett,170,80,0.47058823529411764
Renekton,Yorick,84,44,0.5238095238095238
Nami,Neeko,201,99,0.4925373134328358
Nunu,Udyr,122,68,0.5573770491803278
Gnar,Nidalee,95,50,0.5263157894736842
Aatrox,Veigar,497,237,0.4768611670020121
Draven,Xerath,245,117,0.4775510204081633
Gwen,Xerath,258,129,0.5
Aurora,Renata,103,45,0.4368932038834951
Nunu,Renata,99,55,0.5555555555555556
Renata,Sett,156,81,0.5192307692307693
Akali,Poppy,294,139,0.47278911564625853
MasterYi,Poppy,297,150,0.5050505050505051
Karthus,Mordekaiser,192,99,0.515625
Fiora,Jayce,55,21,0.38181818181818183
Aurora,Blitzcrank,282,138,0.48936170212765956
Aurora,Gwen,200,111,0.555
Blitzcrank,Gwen,325,153,0.4707692307692308
Corki,Nautilus,245,99,0.40408163265306124
Naafiri,Pantheon,293,140,0.4778156996587031
Aatrox,Rammus,137,78,0.5693430656934306
Qiyana,Rammus,54,28,0.5185185185185185
Annie,Malzahar,129,67,0.5193798449612403
Jayce,KogMaw,130,56,0.4307692307692308
Jayce,Malzahar,212,111,0.5235849056603774
Bard,Kayle,299,151,0.5050167224080268
Neeko,Olaf,150,76,0.5066666666666667
Mel,Viktor,250,127,0.508
Leona,Singed,309,174,0.5631067961165048
Braum,Yorick,175,87,0.49714285714285716
Teemo,Yorick,333,185,0.5555555555555556
Braum,Heimerdinger,153,81,0.5294117647058824
Heimerdinger,Neeko,213,105,0.49295774647887325
Fiora,Smolder,333,159,0.4774774774774775
Annie,Ekko,152,82,0.5394736842105263
Annie,MissFortune,461,242,0.5249457700650759
LeeSin,Rengar,94,43,0.4574468085106383
LeeSin,Vladimir,281,138,0.49110320284697506
Shen,Volibear,353,196,0.5552407932011332
KSante,Nami,204,97,0.47549019607843135
KSante,Shen,86,39,0.45348837209302323
KSante,Vayne,209,91,0.4354066985645933
Seraphine,Skarner,126,49,0.3888888888888889
Lissandra,Ryze,64,37,0.578125
Illaoi,Ivern,77,46,0.5974025974025974
Illaoi,Maokai,143,73,0.5104895104895105
Ivern,Maokai,118,49,0.4152542372881356
Jayce,Maokai,152,70,0.4605263157894737
Jayce,Quinn,90,33,0.36666666666666664
Jayce,Zyra,196,100,0.5102040816326531
Quinn,Zilean,111,55,0.4954954954954955
Viego,Zilean,218,124,0.5688073394495413
Akshan,Viktor,94,50,0.5319148936170213
Gwen,Kayle,209,97,0.46411483253588515
Garen,Talon,279,146,0.5232974910394266
DrMundo,KSante,127,59,0.4645669291338583
KSante,Pantheon,178,75,0.42134831460674155
Ahri,Lucian,625,329,0.5264
Gwen,Naafiri,281,142,0.505338078291815
Garen,JarvanIV,412,232,0.5631067961165048
JarvanIV,Lucian,363,180,0.49586776859504134
Gragas,Seraphine,206,90,0.4368932038834951
Gragas,Urgot,95,52,0.5473684210526316
Nilah,Rengar,97,46,0.4742268041237113
Nasus,Taric,124,69,0.5564516129032258
AurelionSol,Vayne,339,166,0.4896755162241888
Lillia,Teemo,385,221,0.574025974025974
Ambessa,Azir,176,78,0.4431818181818182
Khazix,Smolder,424,212,0.5
AurelionSol,Yone,238,122,0.5126050420168067
Heimerdinger,Singed,144,83,0.5763888888888888
Khazix,Samira,191,99,0.518324607329843
Khazix,Singed,183,89,0.48633879781420764
Ivern,Morgana,209,107,0.5119617224880383
Ivern,Rengar,198,91,0.4595959595959596
Trundle,Urgot,199,97,0.48743718592964824
Fiora,MasterYi,229,107,0.4672489082969432
Fiora,Velkoz,194,109,0.5618556701030928
Taliyah,Velkoz,116,59,0.5086206896551724
Shaco,Zilean,170,84,0.49411764705882355
Urgot,Zilean,144,76,0.5277777777777778
Renekton,Yone,237,117,0.4936708860759494
KSante,Lillia,144,72,0.5
Taliyah,Yorick,114,56,0.49122807017543857
Taliyah,Ziggs,89,46,0.5168539325842697
Viego,Yorick,357,188,0.5266106442577031
Yorick,Ziggs,281,146,0.5195729537366548
Kassadin,Leona,163,76,0.4662576687116564
Leona,Rengar,268,119,0.44402985074626866
Jayce,Udyr,112,59,0.5267857142857143
Annie,Leona,210,119,0.5666666666666667
Hwei,Kalista,107,50,0.4672897196261682
Azir,Ekko,116,51,0.4396551724137931
Illaoi,Zac,138,71,0.5144927536231884
Neeko,Yone,439,226,0.5148063781321185
Smolder,Zac,328,170,0.5182926829268293
Yone,Zac,317,165,0.5205047318611987
TwistedFate,XinZhao,273,139,0.5091575091575091
Lucian,Ornn,299,144,0.4816053511705686
Corki,Malphite,249,123,0.4939759036144578
Ambessa,Nilah,127,60,0.47244094488188976
Camille,Nilah,76,35,0.4605263157894737
Camille,Pyke,154,64,0.4155844155844156
Rakan,Riven,155,69,0.44516129032258067
Riven,Zeri,154,69,0.44805194805194803
Diana,Nunu,181,95,0.5248618784530387
Aphelios,Seraphine,302,144,0.4768211920529801
Aurora,Janna,143,86,0.6013986013986014
Aurora,Karma,219,103,0.4703196347031963
Draven,MissFortune,140,63,0.45
Shyvana,Thresh,188,90,0.4787234042553192
FiddleSticks,Orianna,171,80,0.4678362573099415
Lux,Orianna,444,205,0.4617117117117117
Mordekaiser,Warwick,638,351,0.5501567398119123
Nilah,Ziggs,89,54,0.6067415730337079
Nilah,Zoe,104,46,0.4423076923076923
Swain,Zyra,306,179,0.5849673202614379
Fiora,Galio,194,108,0.5567010309278351
Fiora,JarvanIV,176,85,0.48295454545454547
Fiora,Morgana,358,177,0.49441340782122906
JarvanIV,Morgana,506,271,0.5355731225296443
Akali,Zoe,144,60,0.4166666666666667
Sona,Yasuo,441,236,0.5351473922902494
Fizz,Zilean,185,100,0.5405405405405406
Leblanc,Poppy,203,95,0.46798029556650245
Leblanc,Vladimir,103,44,0.42718446601941745
AurelionSol,Riven,199,100,0.5025125628140703
Belveth,Riven,94,36,0.3829787234042553
Lucian,Yorick,290,148,0.5103448275862069
Heimerdinger,Sona,208,124,0.5961538461538461
Hwei,Sona,215,116,0.5395348837209303
Heimerdinger,Syndra,148,71,0.4797297297297297
Heimerdinger,Udyr,156,81,0.5192307692307693
Ivern,Milio,106,59,0.5566037735849056
Ivern,Smolder,222,103,0.46396396396396394
Ivern,Viktor,115,45,0.391304347826087
Alistar,Anivia,128,62,0.484375
Anivia,Ezreal,315,144,0.45714285714285713
Brand,Neeko,291,143,0.49140893470790376
Lux,Zeri,393,186,0.4732824427480916
Neeko,Zeri,147,73,0.4965986394557823
Gnar,Nilah,63,36,0.5714285714285714
Gnar,Singed,88,45,0.5113636363636364
Gnar,Vi,103,57,0.5533980582524272
Nilah,Singed,123,67,0.5447154471544715
Nilah,Vi,101,60,0.594059405940594
Aphelios,Belveth,106,54,0.5094339622641509
Aphelios,Rakan,161,80,0.4968944099378882
Belveth,Rakan,88,38,0.4318181818181818
KSante,Vladimir,93,50,0.5376344086021505
MasterYi,RekSai,72,35,0.4861111111111111
Katarina,Vladimir,182,81,0.44505494505494503
Alistar,Tryndamere,159,83,0.5220125786163522
Leona,Sivir,335,185,0.5522388059701493
Olaf,Sivir,153,89,0.5816993464052288
Draven,Udyr,164,90,0.5487804878048781
Nasus,TwistedFate,248,124,0.5
Taric,Udyr,95,53,0.5578947368421052
Cassiopeia,Jax,196,98,0.5
Cassiopeia,Skarner,54,22,0.4074074074074074
Jax,Skarner,109,55,0.5045871559633027
Kaisa,Skarner,197,77,0.39086294416243655
Irelia,Sion,195,90,0.46153846153846156
Olaf,Sion,111,70,0.6306306306306306
Sion,Zoe,282,146,0.5177304964539007
Vayne,Zoe,367,178,0.48501362397820164
JarvanIV,Swain,318,165,0.5188679245283019
Ivern,Malzahar,164,85,0.5182926829268293
Janna,Varus,199,102,0.5125628140703518
Janna,Veigar,275,145,0.5272727272727272
Janna,Yorick,172,87,0.5058139534883721
Milio,Zed,434,221,0.5092165898617511
Jinx,KSante,339,156,0.46017699115044247
KSante,Katarina,132,63,0.4772727272727273
KSante,Pyke,173,91,0.5260115606936416
KSante,Trundle,104,48,0.46153846153846156
Jax,Riven,255,120,0.47058823529411764
Rakan,Samira,163,91,0.558282208588957
Riven,Samira,225,122,0.5422222222222223
Jhin,Yunara,229,114,0.4978165938864629
Poppy,Vayne,401,190,0.47381546134663344
Poppy,Vi,169,85,0.5029585798816568
Urgot,Vayne,346,182,0.5260115606936416
KSante,KSante,29,9,0.3103448275862069
KSante,Rammus,84,27,0.32142857142857145
KSante,Rumble,48,22,0.4583333333333333
KSante,Sion,101,48,0.4752475247524752
Lillia,Sion,354,187,0.5282485875706214
Pantheon,Rammus,199,104,0.5226130653266332
Rammus,Sion,169,89,0.5266272189349113
Rumble,Sion,109,58,0.5321100917431193
Hwei,Illaoi,217,118,0.543778801843318
Belveth,Draven,104,44,0.4230769230769231
Belveth,Sion,149,74,0.4966442953020134
Draven,Sejuani,130,63,0.4846153846153846
Sejuani,Sion,129,61,0.4728682170542636
Aphelios,Ryze,188,107,0.5691489361702128
Ahri,Elise,192,99,0.515625
Ashe,Elise,294,142,0.48299319727891155
Elise,Leona,128,54,0.421875
Diana,Olaf,164,89,0.5426829268292683
Draven,Viktor,207,108,0.5217391304347826
Gnar,Morgana,301,155,0.5149501661129569
Gnar,Olaf,31,17,0.5483870967741935
Gnar,Viktor,144,76,0.5277777777777778
Gnar,Warwick,168,79,0.47023809523809523
Morgana,Viktor,377,188,0.4986737400530504
Olaf,Viktor,118,62,0.5254237288135594
Olaf,Warwick,170,87,0.5117647058823529
Gragas,Kalista,63,29,0.4603174603174603
Gragas,Taric,91,37,0.4065934065934066
Kalista,Syndra,89,40,0.449438202247191
Taric,Yuumi,83,32,0.3855421686746988
Yuumi,Yuumi,50,22,0.44
Aphelios,Quinn,137,71,0.5182481751824818
Amumu,Diana,314,159,0.5063694267515924
Malzahar,Naafiri,249,124,0.4979919678714859
Karthus,Vex,114,54,0.47368421052631576
Akshan,Swain,269,142,0.5278810408921933
Akali,Annie,122,64,0.5245901639344263
Annie,Lillia,147,78,0.5306122448979592
Lillia,Lillia,28,17,0.6071428571428571
Akshan,AurelionSol,101,43,0.42574257425742573
Akshan,Irelia,114,54,0.47368421052631576
Irelia,Karthus,153,63,0.4117647058823529
Irelia,Renekton,117,60,0.5128205128205128
Hwei,Rumble,79,37,0.46835443037974683
Aatrox,Samira,265,118,0.44528301886792454
Aatrox,Taliyah,174,87,0.5
Briar,Kayn,197,102,0.5177664974619289
Malzahar,Taliyah,104,52,0.5
Belveth,Viego,63,30,0.47619047619047616
Blitzcrank,Syndra,317,151,0.47634069400630913
Shen,TwistedFate,235,115,0.48936170212765956
Syndra,TwistedFate,123,55,0.44715447154471544
TwistedFate,Viego,327,154,0.4709480122324159
Darius,Urgot,161,75,0.4658385093167702
JarvanIV,Kindred,85,41,0.4823529411764706
JarvanIV,Sylas,362,185,0.511049723756906
Ashe,Kindred,421,204,0.4845605700712589
Kindred,Warwick,134,72,0.5373134328358209
Lissandra,Warwick,187,96,0.5133689839572193
Vayne,Xayah,170,77,0.45294117647058824
Ahri,Zilean,265,126,0.47547169811320755
Bard,Kayn,355,153,0.4309859154929577
Bard,Tryndamere,174,98,0.5632183908045977
Aatrox,JarvanIV,271,140,0.5166051660516605
JarvanIV,Rumble,160,83,0.51875
MissFortune,Rumble,296,148,0.5
Briar,Nidalee,117,64,0.5470085470085471
Draven,Milio,248,122,0.49193548387096775
Camille,Rengar,102,42,0.4117647058823529
Renekton,Velkoz,259,146,0.5637065637065637
Ambessa,Evelynn,137,66,0.48175182481751827
Diana,Illaoi,306,168,0.5490196078431373
Diana,Talon,195,81,0.4153846153846154
Maokai,Seraphine,172,85,0.4941860465116279
Anivia,Chogath,278,131,0.4712230215827338
Chogath,Karthus,240,127,0.5291666666666667
Karthus,Kayn,133,72,0.5413533834586466
Karthus,Malphite,280,151,0.5392857142857143
Kindred,Zaahen,294,142,0.48299319727891155
Aphelios,Urgot,192,109,0.5677083333333334
Akshan,Anivia,126,65,0.5158730158730159
Akshan,Yasuo,192,106,0.5520833333333334
Anivia,Varus,221,112,0.5067873303167421
Khazix,Nunu,77,34,0.44155844155844154
Ambessa,Gangplank,95,45,0.47368421052631576
Ambessa,Rammus,112,62,0.5535714285714286
Nocturne,Rammus,53,23,0.4339622641509434
Bard,Belveth,111,59,0.5315315315315315
Belveth,Kled,56,20,0.35714285714285715
Alistar,Ashe,452,220,0.48672566371681414
Alistar,Varus,250,117,0.468
Naafiri,Veigar,268,125,0.4664179104477612
JarvanIV,Karthus,102,52,0.5098039215686274
Yone,Zilean,261,126,0.4827586206896552
Camille,Zoe,114,64,0.5614035087719298
Blitzcrank,Vex,275,146,0.5309090909090909
Galio,Xerath,240,146,0.6083333333333333
Kayn,Tristana,563,296,0.5257548845470693
Kindred,Taliyah,108,49,0.4537037037037037
Qiyana,Sion,181,88,0.4861878453038674
Sion,Taliyah,173,90,0.5202312138728323
Ambessa,Aphelios,219,103,0.4703196347031963
Aphelios,Ivern,104,54,0.5192307692307693
Ivern,Swain,166,89,0.536144578313253
Irelia,TwistedFate,178,79,0.4438202247191011
Poppy,Udyr,130,66,0.5076923076923077
Samira,Udyr,181,89,0.49171270718232046
Maokai,Zoe,166,80,0.4819277108433735
Bard,Talon,172,79,0.45930232558139533
Jayce,Talon,114,56,0.49122807017543857
Cassiopeia,Maokai,116,70,0.603448275862069
Cassiopeia,Seraphine,165,78,0.4727272727272727
MissFortune,Qiyana,424,186,0.4386792452830189
Ornn,Udyr,166,65,0.39156626506024095
Corki,Zaahen,166,98,0.5903614457831325
Neeko,TwistedFate,200,85,0.425
Ivern,Janna,82,38,0.4634146341463415
Ivern,Ryze,103,54,0.5242718446601942
Aurora,Azir,81,32,0.3950617283950617
Azir,Ryze,68,25,0.36764705882352944
Azir,Tryndamere,118,45,0.3813559322033898
Alistar,Illaoi,144,70,0.4861111111111111
DrMundo,Kindred,291,134,0.46048109965635736
Kindred,Urgot,165,74,0.4484848484848485
Cassiopeia,Sion,141,65,0.46099290780141844
Hecarim,Sion,182,84,0.46153846153846156
Jhin,Taric,291,149,0.5120274914089347
Sylas,Taric,191,99,0.518324607329843
KogMaw,Nunu,175,91,0.52
Ekko,Senna,490,232,0.47346938775510206
Camille,Heimerdinger,63,28,0.4444444444444444
Camille,Mordekaiser,102,47,0.46078431372549017
Camille,Smolder,234,119,0.5085470085470085
Galio,Naafiri,200,95,0.475
Yasuo,Zoe,238,118,0.4957983193277311
Belveth,Leblanc,90,41,0.45555555555555555
Belveth,Varus,139,54,0.38848920863309355
Leblanc,Riven,202,84,0.4158415841584158
Leblanc,Varus,259,112,0.43243243243243246
Mel,Riven,490,244,0.49795918367346936
Alistar,Seraphine,121,55,0.45454545454545453
Azir,Kindred,135,57,0.4222222222222222
Kayn,Kled,157,80,0.5095541401273885
Kled,Velkoz,100,52,0.52
Camille,Katarina,143,73,0.5104895104895105
Ezreal,Katarina,435,189,0.43448275862068964
Ezreal,Swain,497,247,0.4969818913480885
Ashe,Camille,305,146,0.4786885245901639
Neeko,Zoe,179,77,0.4301675977653631
Fizz,Taliyah,63,28,0.4444444444444444
Taliyah,Volibear,178,88,0.4943820224719101
Briar,Rell,196,108,0.5510204081632653
Rell,Teemo,248,115,0.4637096774193548
Ekko,Rengar,176,84,0.4772727272727273
Alistar,Malphite,302,152,0.5033112582781457
MissFortune,Samira,159,69,0.4339622641509434
Ambessa,Shaco,280,135,0.48214285714285715
Qiyana,Twitch,168,84,0.5
Qiyana,Xerath,191,79,0.41361256544502617
Qiyana,Yasuo,225,109,0.48444444444444446
Janna,Maokai,88,37,0.42045454545454547
KSante,Maokai,86,44,0.5116279069767442
KSante,Neeko,135,60,0.4444444444444444
Blitzcrank,Velkoz,282,138,0.48936170212765956
Janna,Pantheon,222,107,0.481981981981982
Kindred,Rell,128,59,0.4609375
Rell,Senna,126,63,0.5
Shyvana,Xerath,154,80,0.5194805194805194
Heimerdinger,Zilean,141,76,0.5390070921985816
Sett,Zilean,268,139,0.5186567164179104
Akshan,Alistar,148,83,0.5608108108108109
Alistar,Cassiopeia,135,68,0.5037037037037037
Alistar,Jax,293,149,0.5085324232081911
Alistar,Lucian,256,118,0.4609375
Cassiopeia,Irelia,95,42,0.4421052631578947
Irelia,Lucian,309,145,0.4692556634304207
Irelia,Warwick,404,196,0.48514851485148514
Jax,Warwick,463,242,0.5226781857451404
Annie,Aurora,94,45,0.4787234042553192
Annie,Sona,162,74,0.4567901234567901
Aurora,Nocturne,195,96,0.49230769230769234
Aurora,Ornn,209,102,0.4880382775119617
Nocturne,Ornn,202,96,0.4752475247524752
Ornn,Ornn,65,21,0.3230769230769231
Azir,Udyr,122,58,0.47540983606557374
Aatrox,RekSai,96,49,0.5104166666666666
RekSai,Zeri,60,29,0.48333333333333334
AurelionSol,Sivir,232,117,0.5043103448275862
Camille,Yuumi,114,59,0.5175438596491229
Talon,Ziggs,186,73,0.3924731182795699
Irelia,Nidalee,183,94,0.5136612021857924
Leona,Nidalee,228,107,0.4692982456140351
Nidalee,Samira,171,88,0.5146198830409356
Aurora,Braum,161,78,0.484472049689441
Aurora,Orianna,95,57,0.6
Lissandra,Vayne,230,127,0.5521739130434783
Irelia,Xayah,210,103,0.49047619047619045
MonkeyKing,Xayah,211,109,0.5165876777251185
Azir,Volibear,222,89,0.4009009009009009
Ambessa,Shen,150,69,0.46
Aurora,Soraka,220,122,0.5545454545454546
Fizz,Leona,353,164,0.46458923512747874
MasterYi,Shaco,313,161,0.5143769968051118
Ambessa,Singed,149,83,0.5570469798657718
KSante,Milio,156,73,0.46794871794871795
Akali,Yorick,308,145,0.4707792207792208
Vi,Yorick,205,112,0.5463414634146342
Aurora,Bard,199,99,0.49748743718592964
Bard,Volibear,313,160,0.5111821086261981
Lissandra,Morgana,223,107,0.4798206278026906
Gangplank,Nasus,111,46,0.4144144144144144
Karthus,Nasus,179,88,0.49162011173184356
Karthus,Ziggs,158,74,0.46835443037974683
Olaf,Taliyah,72,38,0.5277777777777778
Nasus,Tristana,375,188,0.5013333333333333
Evelynn,Senna,222,105,0.47297297297297297
Evelynn,Vex,119,63,0.5294117647058824
Akshan,Gangplank,112,60,0.5357142857142857
Draven,Vayne,131,68,0.5190839694656488
Ezreal,Taliyah,213,91,0.4272300469483568
Karma,Renekton,227,122,0.5374449339207048
Karma,Taliyah,140,65,0.4642857142857143
Aatrox,Quinn,112,55,0.49107142857142855
Quinn,Seraphine,246,125,0.508130081300813
Ashe,Taliyah,310,135,0.43548387096774194
Ashe,Xayah,222,113,0.509009009009009
Taliyah,Udyr,86,43,0.5
Taliyah,Zyra,136,69,0.5073529411764706
Udyr,Zoe,154,76,0.4935064935064935
Blitzcrank,Illaoi,272,133,0.4889705882352941
Illaoi,KSante,49,15,0.30612244897959184
Illaoi,Quinn,84,34,0.40476190476190477
KSante,Quinn,56,27,0.48214285714285715
KSante,Teemo,143,60,0.4195804195804196
MasterYi,Vi,143,88,0.6153846153846154
Riven,Vi,172,81,0.47093023255813954
Aurora,Jax,329,181,0.5501519756838906
Anivia,Malzahar,169,78,0.46153846153846156
Gangplank,Qiyana,97,41,0.422680412371134
Fizz,Kled,113,60,0.5309734513274337
Fizz,Ziggs,183,83,0.453551912568306
Kled,Soraka,120,65,0.5416666666666666
Kled,Ziggs,83,36,0.43373493975903615
Nunu,Soraka,272,141,0.5183823529411765
Janna,Urgot,146,73,0.5
Neeko,Urgot,221,102,0.46153846153846156
Nocturne,Urgot,214,109,0.5093457943925234
Nautilus,Zac,238,115,0.4831932773109244
Kayle,Yone,411,216,0.5255474452554745
Riven,Volibear,298,150,0.5033557046979866
Maokai,Xayah,194,104,0.5360824742268041
Ambessa,Rengar,162,72,0.4444444444444444
Annie,Vi,170,89,0.5235294117647059
Lissandra,Twitch,178,82,0.4606741573033708
Galio,Hecarim,188,92,0.48936170212765956
Galio,TwistedFate,203,108,0.5320197044334976
Hecarim,TwistedFate,186,73,0.3924731182795699
Mel,TwistedFate,290,126,0.43448275862068964
Ekko,Heimerdinger,228,109,0.4780701754385965
Heimerdinger,Jayce,148,76,0.5135135135135135
Heimerdinger,Katarina,158,85,0.5379746835443038
Heimerdinger,KogMaw,138,73,0.5289855072463768
Ambessa,Mordekaiser,229,115,0.5021834061135371
Jinx,MissFortune,370,167,0.45135135135135135
Jinx,Olaf,330,175,0.5303030303030303
Olaf,Rammus,102,47,0.46078431372549017
Blitzcrank,Leona,205,100,0.4878048780487805
Bard,Jax,380,196,0.5157894736842106
Evelynn,Jax,164,77,0.4695121951219512
Evelynn,Syndra,112,59,0.5267857142857143
AurelionSol,JarvanIV,225,125,0.5555555555555556
AurelionSol,Vex,111,56,0.5045045045045045
AurelionSol,Kindred,180,87,0.48333333333333334
AurelionSol,Taric,130,62,0.47692307692307695
FiddleSticks,Taric,87,43,0.4942528735632184
Kayle,Kindred,222,110,0.4954954954954955
Kayle,Taric,160,90,0.5625
Kindred,Maokai,171,93,0.543859649122807
Kindred,Taric,98,50,0.5102040816326531
Maokai,Taric,65,31,0.47692307692307695
Bard,Rell,52,21,0.40384615384615385
Kayle,Kayle,27,9,0.3333333333333333
Kayle,Rell,188,93,0.4946808510638298
Kayle,Tryndamere,198,95,0.4797979797979798
Rell,Tryndamere,121,64,0.5289256198347108
FiddleSticks,Veigar,301,156,0.5182724252491694
Blitzcrank,KogMaw,210,100,0.47619047619047616
Corki,KogMaw,72,45,0.625
Kennen,Talon,105,53,0.5047619047619047
Diana,RekSai,102,50,0.49019607843137253
RekSai,Twitch,109,51,0.46788990825688076
Kennen,Nami,199,98,0.49246231155778897
Kennen,Yone,174,96,0.5517241379310345
Hwei,Syndra,107,42,0.3925233644859813
Aurora,Singed,180,75,0.4166666666666667
MonkeyKing,Renekton,134,73,0.5447761194029851
Milio,Ornn,271,134,0.4944649446494465
Lucian,Nasus,350,171,0.48857142857142855
Heimerdinger,Velkoz,226,125,0.5530973451327433
Ezreal,Milio,393,188,0.47837150127226463
Amumu,Camille,153,73,0.477124183006536
Camille,Pantheon,179,74,0.4134078212290503
Camille,Veigar,199,102,0.5125628140703518
Lulu,Ziggs,189,93,0.49206349206349204
Fiora,Mordekaiser,117,48,0.41025641025641024
Varus,Yuumi,211,91,0.4312796208530806
Neeko,Poppy,178,94,0.5280898876404494
Neeko,Talon,180,84,0.4666666666666667
Graves,Katarina,250,118,0.472
Milio,Singed,216,115,0.5324074074074074
Nocturne,Syndra,220,105,0.4772727272727273
Gnar,Yuumi,140,60,0.42857142857142855
Pyke,Yuumi,137,57,0.41605839416058393
Teemo,Zeri,266,139,0.5225563909774437
Nocturne,Olaf,124,65,0.5241935483870968
Olaf,Vladimir,118,64,0.5423728813559322
Belveth,Graves,49,24,0.4897959183673469
Belveth,Rengar,36,13,0.3611111111111111
Graves,Rengar,80,37,0.4625
Graves,Zed,198,87,0.4393939393939394
Maokai,Rengar,143,67,0.46853146853146854
MissFortune,Nilah,100,38,0.38
Shen,Vex,223,123,0.5515695067264574
Pyke,Sion,386,193,0.5
Nilah,Sejuani,89,45,0.5056179775280899
Nilah,Smolder,107,49,0.45794392523364486
Sejuani,Swain,167,84,0.5029940119760479
Darius,RekSai,128,53,0.4140625
DrMundo,RekSai,94,43,0.4574468085106383
Ekko,RekSai,92,40,0.43478260869565216
Nunu,RekSai,48,19,0.3958333333333333
FiddleSticks,XinZhao,144,80,0.5555555555555556
Milio,XinZhao,318,177,0.5566037735849056
Chogath,Jax,471,241,0.5116772823779193
Karma,Quinn,191,88,0.4607329842931937
Aatrox,Udyr,176,83,0.4715909090909091
Swain,Udyr,244,135,0.5532786885245902
Sion,Viktor,271,138,0.5092250922509225
Alistar,Taric,93,52,0.5591397849462365
Darius,Gwen,261,107,0.4099616858237548
JarvanIV,Kayn,127,49,0.3858267716535433
Jayce,Olaf,64,37,0.578125
Jayce,Xerath,190,88,0.4631578947368421
Cassiopeia,Elise,45,22,0.4888888888888889
Cassiopeia,Fiora,68,26,0.38235294117647056
Cassiopeia,Nocturne,117,59,0.5042735042735043
Cassiopeia,Singed,122,50,0.4098360655737705
Cassiopeia,Viktor,54,23,0.42592592592592593
Cassiopeia,Yunara,135,63,0.4666666666666667
Elise,Fiora,79,39,0.4936708860759494
Elise,Nocturne,40,19,0.475
Elise,Rammus,56,28,0.5
Elise,Singed,106,44,0.41509433962264153
Elise,Viktor,112,50,0.44642857142857145
Fiora,Rammus,104,50,0.4807692307692308
Rammus,Singed,134,67,0.5
Rammus,Viktor,126,54,0.42857142857142855
Rammus,Yunara,204,94,0.46078431372549017
Singed,Viktor,169,85,0.5029585798816568
Viktor,Yunara,310,157,0.5064516129032258
Kayn,Zaahen,659,331,0.5022761760242792
Aatrox,Renata,158,81,0.5126582278481012
Kalista,Renata,119,57,0.4789915966386555
Orianna,Renata,119,57,0.4789915966386555
Amumu,Ivern,88,49,0.5568181818181818
Amumu,Orianna,294,153,0.5204081632653061
Ivern,Orianna,118,64,0.5423728813559322
Ivern,Vayne,216,116,0.5370370370370371
Hwei,Quinn,162,64,0.3950617283950617
Hwei,Yone,355,170,0.4788732394366197
Hwei,Zoe,141,70,0.49645390070921985
Blitzcrank,Talon,228,101,0.44298245614035087
Gnar,Nocturne,133,62,0.46616541353383456
Nocturne,Talon,79,30,0.379746835443038
Fizz,JarvanIV,263,135,0.5133079847908745
Fizz,Xerath,192,107,0.5572916666666666
Amumu,Twitch,434,237,0.5460829493087558
Twitch,Zac,222,118,0.5315315315315315
Azir,Tristana,201,86,0.42786069651741293
Khazix,Yone,317,162,0.5110410094637224
Alistar,Draven,200,108,0.54
Chogath,Graves,328,153,0.46646341463414637
Maokai,Varus,251,116,0.46215139442231074
FiddleSticks,Zilean,133,65,0.48872180451127817
XinZhao,Zilean,158,85,0.5379746835443038
Jinx,Tristana,284,148,0.5211267605633803
Tristana,Zoe,304,141,0.46381578947368424
Brand,Gragas,213,101,0.47417840375586856
Akshan,Darius,257,118,0.4591439688715953
Akshan,Hwei,127,54,0.4251968503937008
Anivia,MonkeyKing,162,83,0.5123456790123457
Gnar,Rammus,71,25,0.352112676056338
MonkeyKing,Rammus,59,32,0.5423728813559322
Annie,Kled,67,33,0.4925373134328358
Annie,Nilah,85,42,0.49411764705882355
Kled,Nilah,46,27,0.5869565217391305
Pantheon,Renekton,298,164,0.5503355704697986
Renekton,Riven,77,41,0.5324675324675324
Riven,Shaco,304,144,0.47368421052631576
Sett,Sett,143,87,0.6083916083916084
AurelionSol,Hecarim,158,74,0.46835443037974683
AurelionSol,Renata,135,63,0.4666666666666667
Hecarim,Renata,88,43,0.48863636363636365
Blitzcrank,Gangplank,235,124,0.5276595744680851
Gangplank,Lillia,185,85,0.4594594594594595
Aurora,Lucian,272,130,0.47794117647058826
Aurora,Olaf,113,58,0.5132743362831859
Bard,Gragas,162,80,0.49382716049382713
Bard,Senna,171,80,0.4678362573099415
Briar,Gragas,190,96,0.5052631578947369
Ivern,Seraphine,139,67,0.48201438848920863
Rengar,Seraphine,295,138,0.46779661016949153
Karma,Nami,130,65,0.5
Camille,Fizz,125,60,0.48
Camille,Viego,196,94,0.47959183673469385
FiddleSticks,Hwei,220,115,0.5227272727272727
Elise,Gnar,72,38,0.5277777777777778
Elise,Rengar,59,25,0.423728813559322
Elise,Zilean,76,43,0.5657894736842105
Gnar,Rengar,103,43,0.4174757281553398
Gnar,Zilean,94,49,0.5212765957446809
Corki,Kayn,196,93,0.4744897959183674
Corki,Samira,78,34,0.4358974358974359
Kayn,Nidalee,154,73,0.474025974025974
Alistar,Thresh,123,62,0.5040650406504065
Irelia,Thresh,405,180,0.4444444444444444
LeeSin,Vi,129,57,0.4418604651162791
Leblanc,Veigar,173,83,0.4797687861271676
Garen,Karthus,264,151,0.571969696969697
Lissandra,MissFortune,399,187,0.46867167919799496
Nunu,Renekton,187,93,0.49732620320855614
Jinx,Yunara,173,76,0.4393063583815029
KSante,Kaisa,295,127,0.43050847457627117
KSante,Ryze,110,47,0.42727272727272725
KSante,Soraka,177,70,0.3954802259887006
Kalista,Kassadin,49,24,0.4897959183673469
Kassadin,Volibear,170,76,0.4470588235294118
Aphelios,Fiora,153,79,0.5163398692810458
Malzahar,Rengar,319,155,0.48589341692789967
Illaoi,Xayah,171,87,0.5087719298245614
Anivia,Leblanc,94,38,0.40425531914893614
Anivia,Singed,163,83,0.50920245398773
Annie,Nasus,194,96,0.4948453608247423
Nasus,Shyvana,133,77,0.5789473684210527
Aphelios,RekSai,76,42,0.5526315789473685
FiddleSticks,Gangplank,148,78,0.527027027027027
FiddleSticks,RekSai,51,32,0.6274509803921569
Gangplank,RekSai,51,21,0.4117647058823529
Diana,Viego,343,158,0.4606413994169096
Brand,Olaf,223,137,0.6143497757847534
Kindred,Sivir,203,102,0.5024630541871922
Ornn,Sylas,363,167,0.46005509641873277
Ornn,Twitch,291,130,0.44673539518900346
Malphite,Nasus,293,151,0.515358361774744
Evelynn,Karma,152,70,0.4605263157894737
Evelynn,Neeko,145,66,0.45517241379310347
Diana,Jayce,230,96,0.41739130434782606
Diana,Rakan,258,140,0.5426356589147286
Kled,Mordekaiser,99,52,0.5252525252525253
Blitzcrank,Pyke,232,88,0.3793103448275862
Gwen,Zeri,180,81,0.45
Camille,Cassiopeia,60,30,0.5
Camille,Gragas,68,34,0.5
Camille,Lucian,158,65,0.41139240506329117
Camille,Olaf,47,27,0.574468085106383
Camille,Zeri,72,36,0.5
Cassiopeia,Olaf,64,33,0.515625
Cassiopeia,Yuumi,118,48,0.4067796610169492
Cassiopeia,Zeri,67,25,0.373134328358209
Cassiopeia,Zyra,139,78,0.5611510791366906
Gragas,Lucian,245,109,0.4448979591836735
Gragas,Olaf,85,40,0.47058823529411764
Yuumi,Zyra,132,63,0.4772727272727273
Syndra,Veigar,174,81,0.46551724137931033
Aurora,Ivern,95,46,0.4842105263157895
Aurora,Skarner,108,48,0.4444444444444444
Aurora,Viktor,74,34,0.4594594594594595
Gwen,Ivern,126,57,0.4523809523809524
Gwen,Skarner,122,55,0.45081967213114754
Ivern,Skarner,45,21,0.4666666666666667
Skarner,Viktor,90,39,0.43333333333333335
Aurora,Zaahen,343,186,0.5422740524781341
Anivia,Vi,185,96,0.518918918918919
Darius,Shyvana,200,97,0.485
Shyvana,Tristana,197,110,0.5583756345177665
Blitzcrank,Kindred,263,134,0.5095057034220533
Kindred,RekSai,48,21,0.4375
Kindred,Yorick,200,101,0.505
RekSai,Urgot,64,32,0.5
RekSai,Volibear,83,34,0.40963855421686746
RekSai,Yorick,80,34,0.425
Urgot,Yorick,71,34,0.4788732394366197
Yorick,Yorick,15,8,0.5333333333333333
AurelionSol,Corki,98,51,0.5204081632653061
Graves,Lissandra,149,76,0.5100671140939598
Lissandra,Soraka,162,85,0.5246913580246914
Lissandra,Tryndamere,111,62,0.5585585585585585
Alistar,Ambessa,226,97,0.42920353982300885
Ambessa,Qiyana,149,56,0.37583892617449666
Kayle,Ryze,192,98,0.5104166666666666
Kayle,Trundle,244,127,0.5204918032786885
RekSai,Udyr,32,17,0.53125
Ashe,Gnar,320,153,0.478125
Amumu,Khazix,124,61,0.49193548387096775
Ryze,Sion,236,115,0.4872881355932203
Ryze,Taliyah,55,24,0.43636363636363634
Swain,Thresh,372,208,0.5591397849462365
Urgot,Vladimir,176,74,0.42045454545454547
DrMundo,Shaco,544,286,0.5257352941176471
Braum,Lucian,548,302,0.551094890510949
Rengar,Sion,260,114,0.43846153846153846
Fizz,Rengar,179,80,0.44692737430167595
Graves,Riven,177,88,0.4971751412429379
Riven,Sion,160,79,0.49375
Cassiopeia,KSante,69,42,0.6086956521739131
Shyvana,Teemo,245,109,0.4448979591836735
Nidalee,Yuumi,126,55,0.4365079365079365
Aphelios,Caitlyn,133,58,0.43609022556390975
Aphelios,Jinx,119,53,0.44537815126050423
Alistar,Shaco,236,104,0.4406779661016949
Diana,Shaco,361,178,0.4930747922437673
Kayn,Zyra,452,237,0.5243362831858407
Thresh,Zyra,214,119,0.5560747663551402
Rengar,Urgot,126,71,0.5634920634920635
Azir,Rakan,100,55,0.55
Azir,XinZhao,130,57,0.43846153846153846
Rakan,XinZhao,157,80,0.5095541401273885
Chogath,Fizz,379,185,0.48812664907651715
Chogath,Fiora,162,91,0.5617283950617284
Azir,Kalista,81,29,0.35802469135802467
Briar,Pantheon,436,238,0.5458715596330275
Draven,Rammus,134,73,0.5447761194029851
Illaoi,Kalista,96,47,0.4895833333333333
Fizz,Jayce,182,93,0.510989010989011
Vayne,Vayne,37,16,0.43243243243243246
Anivia,Yone,214,122,0.5700934579439252
Jinx,Poppy,570,277,0.48596491228070177
Poppy,Taric,92,38,0.41304347826086957
Mel,Ryze,245,104,0.42448979591836733
Nocturne,Ryze,181,97,0.5359116022099447
Anivia,Braum,122,64,0.5245901639344263
Anivia,Zac,145,69,0.47586206896551725
Braum,Zac,125,56,0.448
Rumble,Zac,86,34,0.3953488372093023
DrMundo,Evelynn,226,119,0.5265486725663717
Kennen,Nidalee,113,52,0.46017699115044247
Kennen,Syndra,96,37,0.3854166666666667
DrMundo,Zeri,290,144,0.496551724137931
Akshan,Fiora,103,49,0.47572815533980584
Akshan,Lux,480,210,0.4375
Darius,Fiora,99,49,0.494949494949495
Nasus,Zaahen,217,116,0.5345622119815668
Nasus,Zed,350,172,0.49142857142857144
Draven,Sivir,78,32,0.41025641025641024
Draven,Zoe,186,90,0.4838709677419355
DrMundo,MonkeyKing,273,144,0.5274725274725275
Corki,Renekton,107,58,0.5420560747663551
FiddleSticks,Hecarim,81,42,0.5185185185185185
FiddleSticks,Jayce,157,74,0.4713375796178344
FiddleSticks,Kayn,193,90,0.46632124352331605
Hecarim,Sylas,258,130,0.5038759689922481
Jayce,Zoe,181,74,0.4088397790055249
Soraka,Zoe,226,122,0.5398230088495575
Alistar,Annie,142,78,0.5492957746478874
Alistar,Darius,307,154,0.501628664495114
Alistar,Ivern,115,51,0.4434782608695652
Alistar,MonkeyKing,157,70,0.445859872611465
Annie,MonkeyKing,174,94,0.5402298850574713
Darius,TahmKench,339,163,0.4808259587020649
Ivern,MonkeyKing,64,26,0.40625
Ivern,TahmKench,132,48,0.36363636363636365
Azir,Olaf,77,38,0.4935064935064935
Janna,Nautilus,140,77,0.55
Janna,Syndra,191,96,0.5026178010471204
Garen,Jayce,179,88,0.49162011173184356
Illaoi,Kayle,182,98,0.5384615384615384
Pyke,Yunara,437,199,0.45537757437070936
Jax,Sion,373,198,0.5308310991957105
Sion,TwistedFate,304,139,0.45723684210526316
Aphelios,Diana,417,212,0.5083932853717026
Aphelios,Poppy,206,94,0.4563106796116505
Leblanc,Zyra,223,114,0.5112107623318386
MissFortune,Zeri,117,54,0.46153846153846156
Briar,Evelynn,85,44,0.5176470588235295
Briar,XinZhao,143,81,0.5664335664335665
Evelynn,Malphite,243,128,0.5267489711934157
Evelynn,XinZhao,66,32,0.48484848484848486
Aphelios,Zac,173,91,0.5260115606936416
Briar,Zac,137,80,0.583941605839416
Akali,Chogath,395,186,0.4708860759493671
Akali,Taric,161,83,0.515527950310559
Taric,Yunara,146,77,0.5273972602739726
Fiora,Udyr,114,56,0.49122807017543857
Corki,Shen,160,79,0.49375
Shen,Sion,216,114,0.5277777777777778
Braum,Jax,339,161,0.4749262536873156
Fizz,Sylas,239,118,0.49372384937238495
Alistar,Ryze,192,91,0.4739583333333333
Twitch,Zilean,238,120,0.5042016806722689
Illaoi,Nasus,147,78,0.5306122448979592
Belveth,LeeSin,64,33,0.515625
Belveth,Lux,354,191,0.53954802259887
Braum,Volibear,281,136,0.48398576512455516
Heimerdinger,Yunara,226,117,0.5176991150442478
Heimerdinger,Malzahar,256,130,0.5078125
Akali,Gwen,310,136,0.43870967741935485
Akali,Nasus,311,168,0.5401929260450161
Ryze,Vex,82,36,0.43902439024390244
Vex,Vi,201,101,0.5024875621890548
Lulu,Nautilus,148,61,0.41216216216216217
Nocturne,Taliyah,106,61,0.5754716981132075
Leblanc,Vex,70,37,0.5285714285714286
Malzahar,Zed,275,144,0.5236363636363637
Galio,Urgot,248,162,0.6532258064516129
Galio,Zilean,155,82,0.5290322580645161
Akshan,Singed,199,110,0.5527638190954773
Singed,Udyr,181,98,0.5414364640883977
Kassadin,MonkeyKing,114,64,0.5614035087719298
Draven,Shaco,310,141,0.45483870967741935
Akshan,Talon,79,34,0.43037974683544306
Aphelios,Ashe,166,77,0.463855421686747
Braum,Nasus,176,85,0.48295454545454547
Chogath,Kennen,192,87,0.453125
Kennen,Taric,88,36,0.4090909090909091
Taric,Zyra,97,52,0.5360824742268041
Ezreal,Sejuani,251,116,0.46215139442231074
Riven,Sejuani,107,50,0.4672897196261682
Sejuani,Thresh,165,70,0.42424242424242425
Ekko,Lissandra,111,53,0.4774774774774775
Braum,Xerath,179,98,0.547486033519553
Gwen,Tryndamere,149,80,0.5369127516778524
Amumu,Rakan,177,86,0.4858757062146893
Nilah,Trundle,131,62,0.4732824427480916
Khazix,MonkeyKing,91,43,0.4725274725274725
Azir,Vex,67,27,0.40298507462686567
Briar,Khazix,81,37,0.4567901234567901
Katarina,Kled,112,59,0.5267857142857143
Kled,Viktor,111,61,0.5495495495495496
Lucian,Twitch,209,83,0.39712918660287083
Fiora,Karma,186,96,0.5161290322580645
Nasus,Vladimir,215,103,0.4790697674418605
Nilah,Viktor,117,61,0.5213675213675214
Rengar,Viktor,197,95,0.48223350253807107
KSante,Zed,176,76,0.4318181818181818
Malzahar,Ornn,315,170,0.5396825396825397
DrMundo,Janna,291,144,0.4948453608247423
Jayce,Syndra,169,77,0.4556213017751479
Ambessa,Orianna,192,89,0.4635416666666667
Orianna,Zilean,130,48,0.36923076923076925
Singed,Zilean,160,86,0.5375
Elise,Qiyana,93,38,0.40860215053763443
Draven,KogMaw,81,32,0.3950617283950617
KogMaw,Varus,145,59,0.4068965517241379
KogMaw,XinZhao,169,96,0.5680473372781065
Samira,Varus,132,68,0.5151515151515151
Samira,XinZhao,267,136,0.5093632958801498
Nidalee,Zilean,120,63,0.525
Lucian,Orianna,351,181,0.5156695156695157
Darius,Kennen,154,75,0.487012987012987
Chogath,Gnar,142,74,0.5211267605633803
Gnar,Yorick,53,29,0.5471698113207547
Nocturne,Sejuani,53,34,0.6415094339622641
Nocturne,Varus,261,132,0.5057471264367817
Briar,Soraka,353,193,0.546742209631728
Morgana,Nilah,269,144,0.5353159851301115
Morgana,Soraka,323,161,0.4984520123839009
Nilah,Soraka,234,135,0.5769230769230769
Neeko,Xerath,212,109,0.5141509433962265
Riven,Xerath,271,130,0.4797047970479705
Kindred,Renekton,136,63,0.4632352941176471
Talon,Zilean,100,45,0.45
Lulu,Velkoz,165,89,0.5393939393939394
Milio,Orianna,253,129,0.5098814229249012
Lissandra,Naafiri,87,44,0.5057471264367817
Ezreal,Hwei,413,192,0.4648910411622276
Neeko,Zed,364,168,0.46153846153846156
DrMundo,Shyvana,171,86,0.5029239766081871
Akali,Xerath,262,138,0.5267175572519084
Jayce,Qiyana,76,27,0.35526315789473684
TwistedFate,Xayah,234,115,0.49145299145299143
Naafiri,Zoe,116,46,0.39655172413793105
Ambessa,Sett,215,122,0.5674418604651162
Chogath,Rammus,203,99,0.4876847290640394
Chogath,Shyvana,182,94,0.5164835164835165
Malzahar,Shyvana,179,102,0.5698324022346368
Rammus,Shyvana,58,27,0.46551724137931033
Elise,Rumble,62,29,0.46774193548387094
Nidalee,Rumble,93,42,0.45161290322580644
MissFortune,Sivir,185,102,0.5513513513513514
Ekko,Kassadin,106,49,0.46226415094339623
Kassadin,Kennen,51,24,0.47058823529411764
Amumu,Kennen,192,94,0.4895833333333333
Cassiopeia,Morgana,205,99,0.48292682926829267
Cassiopeia,Rell,81,43,0.5308641975308642
Cassiopeia,Varus,140,56,0.4
Rell,Varus,164,72,0.43902439024390244
Ezreal,Hecarim,293,131,0.447098976109215
Hecarim,Quinn,113,49,0.4336283185840708
Lux,Olaf,400,225,0.5625
Xerath,Yuumi,184,83,0.45108695652173914
Ambessa,Fizz,277,136,0.49097472924187724
Aurora,Fizz,112,60,0.5357142857142857
Galio,Leona,391,205,0.5242966751918159
Galio,MonkeyKing,250,147,0.588
Leona,Thresh,145,72,0.496551724137931
Fiora,Sona,190,98,0.5157894736842106
Fiora,Ziggs,144,81,0.5625
Qiyana,Sona,148,67,0.4527027027027027
Sona,Ziggs,232,121,0.521551724137931
Lillia,Maokai,181,95,0.5248618784530387
Evelynn,Lillia,62,31,0.5
Evelynn,Taric,72,35,0.4861111111111111
Lillia,Taric,126,67,0.5317460317460317
Quinn,Taric,88,36,0.4090909090909091
Briar,Tryndamere,264,140,0.5303030303030303
Karma,Tristana,363,175,0.4820936639118457
Braum,Sivir,219,110,0.502283105022831
Annie,Talon,112,63,0.5625
Annie,Vayne,298,154,0.5167785234899329
Lulu,MonkeyKing,247,126,0.5101214574898786
Azir,Nocturne,109,46,0.42201834862385323
Azir,Shaco,177,75,0.423728813559322
Ambessa,Gragas,125,57,0.456
Gragas,Pantheon,313,140,0.4472843450479233
Kled,Malphite,123,66,0.5365853658536586
Karthus,Viktor,102,45,0.4411764705882353
Lulu,TwistedFate,250,106,0.424
Heimerdinger,Sivir,226,126,0.5575221238938053
Aphelios,Zoe,205,92,0.44878048780487806
Amumu,Hwei,337,179,0.5311572700296736
Gwen,MonkeyKing,176,87,0.4943181818181818
Shyvana,Yorick,119,64,0.5378151260504201
TahmKench,Talon,205,107,0.5219512195121951
Elise,Kayle,134,63,0.4701492537313433
Kayle,Lillia,258,123,0.47674418604651164
MonkeyKing,Riven,141,76,0.5390070921985816
Graves,MasterYi,150,69,0.46
Heimerdinger,Pyke,277,128,0.4620938628158845
Heimerdinger,Senna,317,158,0.49842271293375395
Gangplank,Seraphine,217,95,0.4377880184331797
Aphelios,Kaisa,131,60,0.4580152671755725
Ryze,Vladimir,158,77,0.4873417721518987
FiddleSticks,Vex,162,65,0.4012345679012346
Akali,Orianna,103,53,0.5145631067961165
Orianna,Taric,104,51,0.49038461538461536
Belveth,Vladimir,142,73,0.5140845070422535
Fizz,Vladimir,165,82,0.49696969696969695
Ambessa,Xerath,279,145,0.5197132616487455
Gangplank,Janna,142,68,0.4788732394366197
Gangplank,KogMaw,133,51,0.38345864661654133
Janna,Jinx,523,267,0.5105162523900574
Nidalee,Viego,128,72,0.5625
Khazix,Orianna,210,100,0.47619047619047616
Heimerdinger,XinZhao,180,98,0.5444444444444444
Akali,Varus,365,162,0.4438356164383562
Fizz,Heimerdinger,205,109,0.5317073170731708
Poppy,Zyra,159,77,0.48427672955974843
Qiyana,Taric,78,32,0.41025641025641024
TahmKench,Tristana,406,194,0.47783251231527096
Nunu,Yunara,300,158,0.5266666666666666
Akali,KSante,151,62,0.4105960264900662
Corki,Xayah,68,28,0.4117647058823529
AurelionSol,Camille,94,52,0.5531914893617021
AurelionSol,Khazix,183,93,0.5081967213114754
Camille,Milio,141,69,0.48936170212765956
Camille,Varus,117,50,0.42735042735042733
Milio,Varus,325,163,0.5015384615384615
Fiora,Yasuo,262,129,0.49236641221374045
Karthus,Morgana,283,161,0.568904593639576
Karthus,Riven,148,74,0.5
Camille,Vex,91,53,0.5824175824175825
Rell,Rengar,107,50,0.4672897196261682
Rell,Yorick,145,75,0.5172413793103449
Milio,Ziggs,191,92,0.4816753926701571
Ambessa,Belveth,99,55,0.5555555555555556
Belveth,Smolder,219,108,0.4931506849315068
Milio,Riven,274,148,0.5401459854014599
Aphelios,TahmKench,246,126,0.5121951219512195
Draven,Heimerdinger,179,88,0.49162011173184356
Draven,Yunara,80,31,0.3875
Jax,Karthus,211,115,0.5450236966824644
Illaoi,Zilean,121,56,0.4628099173553719
JarvanIV,MonkeyKing,112,58,0.5178571428571429
JarvanIV,Senna,349,169,0.48424068767908307
Rumble,Xayah,137,63,0.45985401459854014
Velkoz,Zeri,164,72,0.43902439024390244
Bard,Renekton,196,96,0.4897959183673469
Belveth,Renata,64,36,0.5625
Hwei,Renata,102,56,0.5490196078431373
LeeSin,Maokai,205,92,0.44878048780487806
Maokai,Renata,82,48,0.5853658536585366
Neeko,Tryndamere,204,96,0.47058823529411764
Teemo,Vi,385,208,0.5402597402597402
Alistar,Lissandra,128,61,0.4765625
Hwei,Lissandra,79,41,0.5189873417721519
Fizz,Kassadin,59,28,0.4745762711864407
Kassadin,Teemo,190,93,0.48947368421052634
Velkoz,Yorick,278,148,0.5323741007194245
Kayle,Kennen,109,64,0.5871559633027523
Kennen,Sona,123,62,0.5040650406504065
Kennen,Varus,172,81,0.47093023255813954
Nidalee,Riven,169,73,0.4319526627218935
Shen,Zac,157,78,0.4968152866242038
Swain,Zac,239,131,0.5481171548117155
Azir,Renata,72,33,0.4583333333333333
Azir,Yone,137,57,0.41605839416058393
Lillia,Renata,115,51,0.4434782608695652
KSante,Nidalee,97,37,0.38144329896907214
KSante,Vex,107,47,0.4392523364485981
Lucian,Nidalee,246,113,0.45934959349593496
Malphite,Vex,332,166,0.5
Singed,Vex,161,88,0.546583850931677
Lulu,TahmKench,142,60,0.4225352112676056
KSante,Zac,85,33,0.38823529411764707
Rammus,Zac,77,31,0.4025974025974026
Ezreal,Kassadin,194,83,0.42783505154639173
Ezreal,Sivir,155,60,0.3870967741935484
Kassadin,Renekton,108,53,0.49074074074074076
Kassadin,Viego,146,75,0.5136986301369864
Poppy,TahmKench,144,64,0.4444444444444444
Poppy,Yuumi,146,80,0.547945205479452
AurelionSol,Talon,125,61,0.488
Fiora,Naafiri,111,53,0.4774774774774775
Fiora,Taric,83,53,0.6385542168674698
Kayle,Veigar,489,249,0.50920245398773
KogMaw,MasterYi,259,143,0.5521235521235521
Lissandra,TwistedFate,74,36,0.4864864864864865
Akshan,Orianna,97,42,0.4329896907216495
Irelia,Janna,162,68,0.41975308641975306
Irelia,Ryze,116,60,0.5172413793103449
Milio,Samira,191,92,0.4816753926701571
Gragas,Vex,129,56,0.43410852713178294
Gragas,Zaahen,206,104,0.5048543689320388
Vex,Xayah,199,96,0.4824120603015075
KogMaw,Pantheon,268,133,0.4962686567164179
KogMaw,Urgot,133,68,0.5112781954887218
Riven,Urgot,88,45,0.5113636363636364
Ezreal,KSante,222,87,0.3918918918918919
Aurora,Katarina,111,52,0.46846846846846846
Hwei,Rakan,171,92,0.5380116959064327
Jax,Renata,188,106,0.5638297872340425
Malzahar,RekSai,124,66,0.532258064516129
Malzahar,Renata,153,95,0.6209150326797386
RekSai,Renata,46,21,0.45652173913043476
Nami,Nilah,211,102,0.4834123222748815
Ekko,Gragas,179,87,0.4860335195530726
Ekko,Rakan,221,109,0.49321266968325794
Gragas,Rakan,127,58,0.4566929133858268
Sion,Zac,214,105,0.49065420560747663
Kayle,Viego,405,213,0.5259259259259259
Leblanc,Sona,213,100,0.4694835680751174
Blitzcrank,Zac,195,87,0.4461538461538462
Sivir,Yunara,98,39,0.3979591836734694
Maokai,Samira,232,124,0.5344827586206896
Illaoi,Sett,169,92,0.5443786982248521
Illaoi,Sion,145,75,0.5172413793103449
Sett,Sion,333,187,0.5615615615615616
Sion,Yone,407,206,0.5061425061425061
Yone,Zeri,265,126,0.47547169811320755
Cassiopeia,Tristana,185,93,0.5027027027027027
Cassiopeia,Vi,106,55,0.5188679245283019
Vi,Viktor,239,128,0.5355648535564853
Ambessa,Rumble,90,51,0.5666666666666667
Brand,Ornn,344,164,0.47674418604651164
Briar,Rumble,129,59,0.4573643410852713
Ornn,Rumble,83,31,0.37349397590361444
Ornn,Skarner,79,27,0.34177215189873417
Rumble,Skarner,36,18,0.5
Kennen,LeeSin,150,71,0.47333333333333333
Kennen,Sett,176,87,0.4943181818181818
Anivia,Nami,259,130,0.5019305019305019
Nami,Renata,62,28,0.45161290322580644
Camille,Sona,133,67,0.5037593984962406
Camille,TwistedFate,118,40,0.3389830508474576
Camille,XinZhao,151,74,0.4900662251655629
Nautilus,Sona,175,71,0.4057142857142857
Gangplank,Rengar,122,47,0.38524590163934425
Gnar,Teemo,172,89,0.5174418604651163
Draven,Karthus,137,64,0.46715328467153283
Draven,Trundle,204,94,0.46078431372549017
Akshan,Milio,217,110,0.5069124423963134
Karthus,Kayle,177,90,0.5084745762711864
Darius,Kindred,302,136,0.4503311258278146
Heimerdinger,Trundle,220,109,0.4954545454545455
Nasus,Urgot,126,74,0.5873015873015873
Galio,Zyra,323,186,0.5758513931888545
Ahri,Aurora,164,79,0.4817073170731707
Gwen,Taliyah,119,59,0.4957983193277311
Alistar,Vi,190,95,0.5
Hecarim,Kalista,79,37,0.46835443037974683
Hecarim,Riven,117,52,0.4444444444444444
Kalista,Urgot,93,51,0.5483870967741935
Nasus,Riven,136,67,0.49264705882352944
Aatrox,LeeSin,309,131,0.42394822006472493
Ekko,Ryze,175,84,0.48
Corki,Viktor,93,48,0.5161290322580645
Leblanc,Viktor,102,43,0.4215686274509804
Rumble,Tryndamere,65,37,0.5692307692307692
Ambessa,DrMundo,278,149,0.5359712230215827
MasterYi,Rammus,145,80,0.5517241379310345
Diana,Nilah,189,105,0.5555555555555556
Nilah,Vayne,83,39,0.46987951807228917
Annie,Kennen,95,48,0.5052631578947369
Evelynn,Kennen,71,34,0.4788732394366197
Evelynn,Rell,103,46,0.44660194174757284
Evelynn,Warwick,131,67,0.5114503816793893
DrMundo,Kennen,169,83,0.4911242603550296
Kennen,Lissandra,65,26,0.4
Kennen,TwistedFate,108,44,0.4074074074074074
Lissandra,Nilah,78,37,0.47435897435897434
Lissandra,Skarner,46,26,0.5652173913043478
Nilah,Skarner,52,23,0.4423076923076923
Seraphine,TwistedFate,271,136,0.5018450184501845
Skarner,TwistedFate,105,34,0.3238095238095238
Ezreal,Kindred,312,147,0.47115384615384615
Janna,Zoe,147,70,0.47619047619047616
KSante,Kindred,117,43,0.36752136752136755
KSante,Zoe,114,46,0.40350877192982454
Fiora,TwistedFate,156,87,0.5576923076923077
Fiora,Varus,165,71,0.4303030303030303
Aphelios,Renata,131,70,0.5343511450381679
Renata,Yasuo,171,88,0.5146198830409356
Samira,Shyvana,124,58,0.46774193548387094
Rell,Twitch,190,95,0.5
Naafiri,Vi,127,58,0.4566929133858268
Bard,Sejuani,131,56,0.42748091603053434
Ivern,Pyke,156,66,0.4230769230769231
Ivern,Sejuani,33,14,0.42424242424242425
Ivern,Taric,66,31,0.4696969696969697
Sejuani,Taric,69,33,0.4782608695652174
Sett,Taric,208,117,0.5625
Rakan,Twitch,152,76,0.5
Jinx,Renata,298,148,0.4966442953020134
Nasus,Renata,135,68,0.5037037037037037
Renata,Xerath,102,52,0.5098039215686274
RekSai,Sylas,123,62,0.5040650406504065
RekSai,Yasuo,161,75,0.4658385093167702
Sylas,Ziggs,272,144,0.5294117647058824
Lulu,Viego,400,188,0.47
KSante,Varus,176,68,0.38636363636363635
AurelionSol,TwistedFate,168,84,0.5
Lissandra,Thresh,222,110,0.4954954954954955
Nilah,Nocturne,115,61,0.5304347826086957
Nilah,Orianna,115,44,0.3826086956521739
Nocturne,RekSai,37,16,0.43243243243243246
Orianna,RekSai,87,31,0.3563218390804598
RekSai,Yuumi,83,40,0.4819277108433735
Kindred,Rakan,137,65,0.4744525547445255
Mel,Rakan,302,149,0.49337748344370863
Sett,TwistedFate,383,197,0.5143603133159269
Camille,Zac,79,40,0.5063291139240507
Camille,Zed,179,83,0.46368715083798884
Nunu,Zac,108,58,0.5370370370370371
Zac,Zed,222,114,0.5135135135135135
Jayce,Khazix,138,65,0.47101449275362317
Akshan,Taric,95,47,0.49473684210526314
Galio,Shaco,391,206,0.5268542199488491
Ambessa,Garen,187,84,0.44919786096256686
Olaf,Zed,181,94,0.5193370165745856
Briar,Gnar,163,86,0.5276073619631901
Mel,Zilean,284,134,0.47183098591549294
Illaoi,Naafiri,135,81,0.6
Bard,Trundle,220,107,0.4863636363636364
Fizz,Sion,323,160,0.4953560371517028
Shaco,Trundle,251,119,0.47410358565737054
Shaco,XinZhao,194,104,0.5360824742268041
Alistar,Belveth,122,51,0.4180327868852459
Ryze,Shen,196,114,0.5816326530612245
Gangplank,Poppy,129,63,0.4883720930232558
Gangplank,Syndra,188,91,0.48404255319148937
Akshan,Ezreal,253,108,0.4268774703557312
Shaco,Vladimir,323,164,0.5077399380804953
JarvanIV,Kassadin,124,65,0.5241935483870968
JarvanIV,Zeri,171,87,0.5087719298245614
Ahri,RekSai,157,80,0.5095541401273885
Lucian,RekSai,133,64,0.48120300751879697
Cassiopeia,Gwen,113,59,0.5221238938053098
Cassiopeia,Kennen,64,25,0.390625
Cassiopeia,Kindred,96,44,0.4583333333333333
Cassiopeia,Mordekaiser,169,84,0.4970414201183432
Elise,Gwen,99,42,0.42424242424242425
Elise,Irelia,134,64,0.47761194029850745
Gwen,Kennen,96,47,0.4895833333333333
Irelia,Kennen,100,50,0.5
Jayce,Singed,127,69,0.5433070866141733
Jhin,Nilah,100,52,0.52
Leona,Nilah,174,92,0.5287356321839081
Nilah,Velkoz,131,58,0.44274809160305345
Singed,Velkoz,245,128,0.5224489795918368
Karma,Nunu,229,115,0.5021834061135371
Azir,Fiora,106,46,0.4339622641509434
Azir,Hwei,83,30,0.3614457831325301
Gangplank,Xerath,191,90,0.4712041884816754
Lissandra,Xerath,94,40,0.425531914893617
Annie,Trundle,194,105,0.5412371134020618
Karma,Samira,208,102,0.49038461538461536
Rengar,Samira,189,101,0.5343915343915344
Rengar,Trundle,101,41,0.40594059405940597
Lulu,Olaf,127,60,0.47244094488188976
Camille,Sejuani,65,28,0.4307692307692308
Anivia,Galio,138,75,0.5434782608695652
Anivia,Soraka,164,83,0.5060975609756098
Syndra,Viktor,80,43,0.5375
Viktor,Zeri,155,85,0.5483870967741935
Azir,KSante,91,30,0.32967032967032966
Azir,Riven,145,65,0.4482758620689655
KSante,Riven,71,25,0.352112676056338
KSante,Yorick,61,25,0.4098360655737705
Pantheon,Pantheon,56,34,0.6071428571428571
Riven,Yorick,110,65,0.5909090909090909
Sion,Xerath,409,217,0.530562347188264
Hecarim,Yorick,148,79,0.5337837837837838
Kennen,Yorick,81,45,0.5555555555555556
Akshan,Mordekaiser,381,173,0.4540682414698163
Gangplank,Mordekaiser,185,90,0.4864864864864865
Maokai,Mordekaiser,260,127,0.48846153846153845
Janna,Lucian,214,105,0.49065420560747663
Janna,Sylas,308,149,0.4837662337662338
Khazix,Nidalee,97,49,0.5051546391752577
AurelionSol,Lulu,213,112,0.5258215962441315
AurelionSol,Nilah,120,70,0.5833333333333334
Lulu,Pantheon,329,159,0.48328267477203646
Nilah,Sion,165,83,0.503030303030303
Alistar,Hecarim,155,68,0.43870967741935485
Alistar,Renekton,135,68,0.5037037037037037
Hecarim,Renekton,161,72,0.4472049689440994
Maokai,Sylas,260,123,0.47307692307692306
TahmKench,Zeri,137,62,0.45255474452554745
LeeSin,Orianna,245,119,0.4857142857142857
Syndra,Vladimir,130,60,0.46153846153846156
LeeSin,Taliyah,147,63,0.42857142857142855
Anivia,Zyra,179,91,0.5083798882681564
Rakan,Thresh,70,28,0.4
Ambessa,Viego,287,147,0.5121951219512195
Rakan,Ryze,114,56,0.49122807017543857
Gwen,Olaf,90,45,0.5
Gwen,Taric,132,65,0.49242424242424243
Karthus,Olaf,95,52,0.5473684210526316
Nasus,Olaf,99,58,0.5858585858585859
Olaf,Taric,71,46,0.647887323943662
Annie,Nunu,162,79,0.4876543209876543
Annie,RekSai,46,25,0.5434782608695652
Lissandra,Nasus,155,81,0.5225806451612903
Lissandra,RekSai,49,24,0.4897959183673469
Lissandra,Riven,122,60,0.4918032786885246
Nunu,Riven,217,113,0.5207373271889401
Renata,Riven,90,36,0.4
Alistar,Kalista,143,76,0.5314685314685315
Alistar,Renata,54,21,0.3888888888888889
Ambessa,Kalista,100,45,0.45
Ambessa,Renata,109,61,0.5596330275229358
Kalista,Kayn,162,71,0.4382716049382716
Galio,Velkoz,302,171,0.5662251655629139
Evelynn,Kassadin,61,28,0.45901639344262296
Rell,Viktor,164,79,0.4817073170731707
Leona,Shyvana,180,101,0.5611111111111111
Sett,Shyvana,246,140,0.5691056910569106
Shyvana,TwistedFate,103,38,0.36893203883495146
Neeko,Yorick,246,122,0.4959349593495935
Annie,Aphelios,155,75,0.4838709677419355
Annie,Fiora,124,73,0.5887096774193549
DrMundo,Zac,268,130,0.48507462686567165
Kayn,Singed,325,170,0.5230769230769231
Nunu,Singed,214,118,0.5514018691588785
Fiora,Gragas,104,45,0.4326923076923077
Gragas,MonkeyKing,135,60,0.4444444444444444
Milio,Seraphine,103,50,0.4854368932038835
Camille,Taliyah,83,44,0.5301204819277109
Leblanc,Olaf,105,61,0.580952380952381
Braum,Quinn,132,71,0.5378787878787878
Leblanc,Lucian,318,143,0.449685534591195
Leblanc,Quinn,153,77,0.5032679738562091
Aatrox,Gwen,222,119,0.536036036036036
Aatrox,Lillia,287,149,0.519163763066202
Aatrox,Urgot,113,61,0.5398230088495575
MonkeyKing,Urgot,143,78,0.5454545454545454
MonkeyKing,Yorick,164,96,0.5853658536585366
Brand,Shyvana,199,101,0.507537688442211
Aatrox,Rakan,204,97,0.47549019607843135
KogMaw,Rakan,109,53,0.48623853211009177
Anivia,Hwei,105,51,0.4857142857142857
Anivia,Yorick,158,86,0.5443037974683544
Khazix,Renekton,191,94,0.49214659685863876
Caitlyn,Rakan,320,154,0.48125
Rakan,Seraphine,80,33,0.4125
Braum,Rell,43,18,0.4186046511627907
Caitlyn,Caitlyn,40,21,0.525
Diana,Rumble,113,50,0.4424778761061947
Karma,Rumble,116,53,0.45689655172413796
Evelynn,Ezreal,266,123,0.462406015037594
Evelynn,Renekton,130,58,0.4461538461538462
Ezreal,Ezreal,26,12,0.46153846153846156
Ivern,Renata,57,20,0.3508771929824561
Ivern,Taliyah,59,31,0.5254237288135594
Ivern,Zed,126,57,0.4523809523809524
Katarina,Renata,131,66,0.5038167938931297
Renata,Velkoz,85,53,0.6235294117647059
Renata,Yorick,95,47,0.49473684210526314
Taliyah,Zed,130,54,0.4153846153846154
Udyr,Urgot,170,92,0.5411764705882353
Aphelios,Singed,215,117,0.5441860465116279
Leblanc,Lillia,197,93,0.4720812182741117
Kassadin,Khazix,103,55,0.5339805825242718
Kassadin,Trundle,117,55,0.4700854700854701
Khazix,Trundle,122,52,0.4262295081967213
Janna,Pyke,86,39,0.45348837209302323
Karthus,Smolder,278,144,0.5179856115107914
Aphelios,Hecarim,159,66,0.41509433962264153
KSante,Viktor,133,58,0.43609022556390975
KSante,Smolder,289,140,0.4844290657439446
Cassiopeia,Fizz,76,29,0.3815789473684211
Riven,TwistedFate,217,96,0.4423963133640553
Corki,Shaco,200,107,0.535
Blitzcrank,Leblanc,267,116,0.4344569288389513
Galio,Leblanc,143,69,0.4825174825174825
Akali,Rammus,175,94,0.5371428571428571
Rammus,Zyra,185,94,0.5081081081081081
Corki,KSante,89,33,0.3707865168539326
Corki,Kassadin,81,41,0.5061728395061729
Garen,KSante,85,44,0.5176470588235295
KSante,Kassadin,68,28,0.4117647058823529
Lulu,Zoe,197,94,0.47715736040609136
Ryze,Zoe,86,44,0.5116279069767442
Belveth,Lucian,149,72,0.48322147651006714
Belveth,Quinn,96,40,0.4166666666666667
Irelia,Naafiri,167,86,0.5149700598802395
JarvanIV,Naafiri,114,51,0.4473684210526316
Belveth,Camille,64,32,0.5
Belveth,Ivern,53,26,0.49056603773584906
Belveth,Jax,140,79,0.5642857142857143
Camille,Hwei,146,85,0.5821917808219178
Camille,Ivern,74,36,0.4864864864864865
Camille,Rakan,86,36,0.4186046511627907
Camille,Renekton,39,16,0.41025641025641024
Gragas,Ivern,114,52,0.45614035087719296
Rakan,Renekton,135,67,0.4962962962962963
Belveth,Belveth,33,17,0.5151515151515151
Belveth,Ornn,129,59,0.4573643410852713
Pantheon,Quinn,223,98,0.43946188340807174
Quinn,Tryndamere,111,52,0.46846846846846846
Rell,Zyra,113,60,0.5309734513274337
Rakan,Warwick,238,116,0.48739495798319327
Kindred,Orianna,176,79,0.44886363636363635
Ashe,Zeri,121,58,0.4793388429752066
Varus,Zeri,88,43,0.48863636363636365
Zeri,Zoe,127,58,0.4566929133858268
Akshan,Aurora,85,40,0.47058823529411764
Diana,Tryndamere,311,149,0.4790996784565916
Katarina,Katarina,23,10,0.43478260869565216
Maokai,Ziggs,173,85,0.4913294797687861
Aphelios,Cassiopeia,108,54,0.5
Aphelios,Taliyah,128,64,0.5
Azir,Cassiopeia,35,12,0.34285714285714286
Cassiopeia,Taliyah,52,26,0.5
Cassiopeia,Talon,69,31,0.4492753623188406
Taliyah,Talon,73,37,0.5068493150684932
Fizz,Renekton,222,106,0.4774774774774775
Gangplank,MonkeyKing,116,58,0.5
MonkeyKing,Nocturne,102,43,0.4215686274509804
MonkeyKing,TwistedFate,190,104,0.5473684210526316
Chogath,Poppy,289,143,0.49480968858131485
Gnar,Poppy,116,54,0.46551724137931033
Gnar,Vladimir,115,61,0.5304347826086957
Katarina,Yasuo,272,140,0.5147058823529411
Sejuani,Vladimir,110,54,0.4909090909090909
Darius,Zac,237,112,0.47257383966244726
Janna,Zac,117,58,0.49572649572649574
Kindred,Viktor,170,76,0.4470588235294118
Jayce,Kassadin,89,37,0.4157303370786517
Akali,Hwei,167,81,0.48502994011976047
Gnar,Lulu,148,64,0.43243243243243246
Leblanc,Vi,204,99,0.4852941176470588
Lulu,Vi,224,105,0.46875
Rakan,Shaco,183,87,0.47540983606557374
Nidalee,Orianna,158,72,0.45569620253164556
Orianna,TwistedFate,106,52,0.49056603773584906
Akshan,Vex,88,42,0.4772727272727273
Kassadin,LeeSin,133,65,0.48872180451127817
Kassadin,Ornn,120,58,0.48333333333333334
Katarina,Leona,376,187,0.4973404255319149
MonkeyKing,Olaf,94,51,0.5425531914893617
Samira,Skarner,99,45,0.45454545454545453
Aurora,Kindred,182,85,0.46703296703296704
Ahri,KogMaw,314,156,0.4968152866242038
KogMaw,Viktor,146,67,0.4589041095890411
Annie,Zed,204,96,0.47058823529411764
Ivern,Sivir,145,76,0.5241379310344828
Bard,Renata,46,22,0.4782608695652174
Bard,TwistedFate,226,111,0.4911504424778761
Renata,TwistedFate,149,71,0.47651006711409394
Kalista,Senna,87,46,0.5287356321839081
Kalista,XinZhao,109,55,0.5045871559633027
Pantheon,XinZhao,353,190,0.5382436260623229
Illaoi,Velkoz,261,145,0.5555555555555556
Karthus,Quinn,146,74,0.5068493150684932
Karthus,Vladimir,141,62,0.4397163120567376
Lillia,Orianna,191,89,0.46596858638743455
AurelionSol,Malzahar,164,85,0.5182926829268293
AurelionSol,Yorick,198,112,0.5656565656565656
Illaoi,Yorick,85,40,0.47058823529411764
Alistar,Sylas,317,170,0.5362776025236593
Ivern,Naafiri,85,38,0.4470588235294118
Ivern,Volibear,120,68,0.5666666666666667
Ivern,Zac,67,30,0.44776119402985076
Ezreal,Zac,278,126,0.45323741007194246
Karma,Zac,190,92,0.4842105263157895
Qiyana,Zac,100,52,0.52
Diana,Karthus,119,56,0.47058823529411764
Karthus,Xerath,143,68,0.4755244755244755
Graves,Nilah,107,50,0.4672897196261682
Aurora,Malzahar,139,64,0.460431654676259
Kindred,LeeSin,83,40,0.4819277108433735
Fizz,Samira,232,109,0.4698275862068966
Nilah,Samira,48,22,0.4583333333333333
Hwei,Trundle,247,127,0.5141700404858299
Jayce,Trundle,107,54,0.5046728971962616
Garen,Renata,180,91,0.5055555555555555
Rakan,Renata,45,17,0.37777777777777777
Fizz,RekSai,87,41,0.47126436781609193
Lillia,Vex,187,93,0.49732620320855614
Nautilus,Rakan,67,27,0.40298507462686567
Lissandra,Poppy,116,56,0.4827586206896552
MasterYi,Samira,349,166,0.47564469914040114
Rammus,Riven,115,58,0.5043478260869565
Kled,Nidalee,59,26,0.4406779661016949
Nidalee,Velkoz,216,111,0.5138888888888888
RekSai,Skarner,24,14,0.5833333333333334
Hecarim,Vladimir,188,98,0.5212765957446809
Draven,RekSai,71,35,0.49295774647887325
Karma,RekSai,95,44,0.4631578947368421
Qiyana,RekSai,51,16,0.3137254901960784
Rakan,RekSai,54,22,0.4074074074074074
Braum,Maokai,78,40,0.5128205128205128
Akshan,JarvanIV,157,76,0.4840764331210191
Anivia,JarvanIV,202,110,0.5445544554455446
Anivia,Lissandra,70,32,0.45714285714285713
JarvanIV,Lissandra,124,62,0.5
JarvanIV,XinZhao,118,53,0.4491525423728814
Lissandra,XinZhao,147,72,0.4897959183673469
Belveth,Briar,79,50,0.6329113924050633
Belveth,TahmKench,122,65,0.5327868852459017
Aatrox,Nasus,153,71,0.46405228758169936
Nasus,Ornn,151,67,0.44370860927152317
Pyke,Zac,217,107,0.4930875576036866
Gragas,Kayn,256,103,0.40234375
Jhin,KogMaw,241,115,0.47717842323651455
Kayle,KogMaw,190,98,0.5157894736842106
Corki,Zyra,169,79,0.46745562130177515
Amumu,Hecarim,87,45,0.5172413793103449
Amumu,Udyr,160,86,0.5375
Draven,Hecarim,166,86,0.5180722891566265
Hecarim,Udyr,83,45,0.5421686746987951
Nami,Yuumi,110,39,0.35454545454545455
Katarina,RekSai,119,61,0.5126050420168067
Nami,Swain,323,182,0.5634674922600619
Braum,Sejuani,101,50,0.49504950495049505
Braum,Viktor,194,84,0.4329896907216495
Ornn,Riven,115,53,0.4608695652173913
Kennen,Khazix,119,59,0.4957983193277311
Kennen,Zaahen,147,82,0.5578231292517006
Alistar,Urgot,160,77,0.48125
AurelionSol,Janna,153,73,0.477124183006536
AurelionSol,Rammus,128,72,0.5625
Rammus,Shaco,128,67,0.5234375
Jhin,Kled,246,114,0.4634146341463415
Kled,Shyvana,59,28,0.4745762711864407
Kled,Teemo,133,69,0.518796992481203
Alistar,FiddleSticks,167,84,0.5029940119760479
FiddleSticks,MonkeyKing,123,73,0.5934959349593496
Darius,Yorick,177,89,0.5028248587570622
Poppy,Soraka,182,95,0.521978021978022
KogMaw,Poppy,138,63,0.45652173913043476
KogMaw,Quinn,120,59,0.49166666666666664
MasterYi,Viego,155,78,0.5032258064516129
Camille,DrMundo,122,55,0.45081967213114754
DrMundo,Gragas,228,111,0.4868421052631579
Gragas,Mordekaiser,203,93,0.458128078817734
Ahri,Renata,204,108,0.5294117647058824
Ambessa,Anivia,175,91,0.52
Ambessa,Nasus,172,85,0.4941860465116279
Ambessa,Sejuani,138,71,0.5144927536231884
Anivia,Pyke,231,118,0.5108225108225108
Khazix,Pyke,271,112,0.4132841328413284
Khazix,Sejuani,51,22,0.43137254901960786
Nasus,Sejuani,142,67,0.47183098591549294
Pyke,Renata,75,24,0.32
Gwen,KogMaw,159,67,0.42138364779874216
Gwen,TahmKench,267,115,0.4307116104868914
Karthus,Malzahar,200,106,0.53
Kayle,Volibear,443,224,0.5056433408577878
Yuumi,Zilean,64,29,0.453125
Chogath,Udyr,269,152,0.5650557620817844
Corki,Udyr,111,60,0.5405405405405406
Tryndamere,Zilean,146,69,0.4726027397260274
TwistedFate,Zilean,155,73,0.47096774193548385
KogMaw,Twitch,170,85,0.5
Shen,Varus,297,133,0.4478114478114478
Ahri,Akali,244,118,0.48360655737704916
Kassadin,Lux,230,115,0.5
Kassadin,Shyvana,61,24,0.39344262295081966
Khazix,Rumble,108,51,0.4722222222222222
Amumu,Rell,173,87,0.5028901734104047
Rell,Vladimir,138,55,0.39855072463768115
Nunu,Tristana,348,180,0.5172413793103449
Rakan,Singed,134,68,0.5074626865671642
Rakan,Tristana,209,103,0.49282296650717705
Milio,Swain,217,103,0.47465437788018433
Azir,Galio,82,39,0.47560975609756095
Azir,Katarina,68,30,0.4411764705882353
Azir,Lissandra,36,20,0.5555555555555556
Briar,Lissandra,164,89,0.5426829268292683
Irelia,Lissandra,80,34,0.425
Poppy,Singed,185,89,0.4810810810810811
Draven,Renata,89,41,0.4606741573033708
Draven,Ryze,182,74,0.4065934065934066
Renata,Ryze,81,38,0.4691358024691358
Ryze,XinZhao,210,109,0.5190476190476191
Katarina,Qiyana,125,53,0.424
Katarina,Rumble,115,51,0.4434782608695652
Qiyana,Rumble,100,44,0.44
Rumble,Soraka,129,59,0.4573643410852713
Caitlyn,Nilah,82,37,0.45121951219512196
Karthus,Nilah,70,38,0.5428571428571428
Pyke,Tryndamere,268,137,0.5111940298507462
Elise,Neeko,84,43,0.5119047619047619
Azir,Lulu,170,71,0.4176470588235294
Azir,Vi,147,57,0.3877551020408163
LeeSin,Seraphine,393,167,0.42493638676844786
Azir,Gangplank,107,43,0.40186915887850466
Azir,Renekton,117,60,0.5128205128205128
Illaoi,Renekton,84,47,0.5595238095238095
FiddleSticks,Sejuani,72,42,0.5833333333333334
Belveth,Kalista,53,23,0.4339622641509434
Talon,Xayah,154,74,0.4805194805194805
Ivern,Shen,128,62,0.484375
Shen,Zilean,164,90,0.5487804878048781
Alistar,Trundle,200,85,0.425
Katarina,Skarner,108,48,0.4444444444444444
Poppy,Skarner,85,42,0.49411764705882355
Akali,MonkeyKing,298,167,0.5604026845637584
Sett,Trundle,321,174,0.5420560747663551
Darius,Singed,196,105,0.5357142857142857
Aphelios,Rumble,101,53,0.5247524752475248
Lissandra,Rumble,61,21,0.3442622950819672
Irelia,Rumble,108,54,0.5
Janna,Kennen,97,51,0.5257731958762887
Janna,Rumble,93,40,0.43010752688172044
Kennen,Rumble,53,32,0.6037735849056604
Kennen,Twitch,154,72,0.4675324675324675
Amumu,JarvanIV,152,71,0.46710526315789475
Amumu,Renata,149,85,0.5704697986577181
Hecarim,JarvanIV,68,36,0.5294117647058824
Hecarim,Vi,78,40,0.5128205128205128
Karma,Renata,72,31,0.4305555555555556
Renata,Swain,129,65,0.5038759689922481
Renata,Vi,116,67,0.5775862068965517
Amumu,Evelynn,104,64,0.6153846153846154
Elise,KSante,70,27,0.38571428571428573
KSante,Volibear,160,76,0.475
Pyke,Vex,266,124,0.46616541353383456
DrMundo,Lillia,373,198,0.5308310991957105
DrMundo,Taric,221,109,0.49321266968325794
Orianna,Renekton,204,103,0.5049019607843137
Shyvana,Sylas,153,81,0.5294117647058824
Shyvana,Taric,62,30,0.4838709677419355
Ekko,Rell,188,96,0.5106382978723404
Alistar,Amumu,248,115,0.4637096774193548
Alistar,Kennen,134,64,0.47761194029850745
Amumu,Kayn,195,96,0.49230769230769234
Jayce,Sona,184,85,0.46195652173913043
Sona,Taliyah,106,57,0.5377358490566038
Khazix,TwistedFate,232,103,0.44396551724137934
Maokai,Nautilus,146,66,0.4520547945205479
Maokai,Vex,123,63,0.5121951219512195
Illaoi,KogMaw,168,79,0.47023809523809523
Illaoi,XinZhao,194,101,0.520618556701031
Neeko,Soraka,144,90,0.625
Soraka,Yuumi,106,38,0.3584905660377358
Naafiri,TahmKench,201,90,0.44776119402985076
JarvanIV,Smolder,510,244,0.47843137254901963
Evelynn,Volibear,137,83,0.6058394160583942
Rumble,Yorick,78,40,0.5128205128205128
Amumu,Skarner,83,38,0.4578313253012048
Chogath,Skarner,128,52,0.40625
Caitlyn,Skarner,233,97,0.41630901287553645
Ivern,Viego,100,48,0.48
Skarner,Yunara,134,54,0.40298507462686567
Blitzcrank,Renata,93,36,0.3870967741935484
Orianna,Twitch,282,140,0.49645390070921985
Renata,Sona,68,41,0.6029411764705882
Janna,Leblanc,134,59,0.44029850746268656
Janna,Samira,147,67,0.4557823129251701
Anivia,Ziggs,161,71,0.4409937888198758
Azir,Corki,73,32,0.4383561643835616
Diana,Kassadin,105,44,0.41904761904761906
Hwei,Kassadin,53,21,0.39622641509433965
Cassiopeia,Malzahar,86,38,0.4418604651162791
Cassiopeia,Milio,114,60,0.5263157894736842
Cassiopeia,Sylas,113,59,0.5221238938053098
Alistar,Vladimir,198,93,0.4696969696969697
Fizz,Yorick,271,136,0.5018450184501845
Aatrox,Camille,88,37,0.42045454545454547
Aatrox,XinZhao,248,125,0.5040322580645161
Maokai,Senna,239,108,0.45188284518828453
Hwei,Neeko,219,115,0.5251141552511416
Neeko,Ryze,175,79,0.4514285714285714
Cassiopeia,Kayle,117,47,0.4017094017094017
Hwei,Karma,243,133,0.5473251028806584
KogMaw,Nasus,210,112,0.5333333333333333
Elise,Sett,194,105,0.5412371134020618
KogMaw,Renata,120,63,0.525
Quinn,Renata,95,45,0.47368421052631576
Cassiopeia,Rengar,91,38,0.4175824175824176
Bard,Kalista,90,39,0.43333333333333335
Garen,Zac,281,145,0.5160142348754448
Hwei,Zac,179,92,0.5139664804469274
Shen,Vladimir,234,114,0.48717948717948717
Aurora,Evelynn,100,48,0.48
Bard,Evelynn,119,58,0.48739495798319327
Fiora,Vladimir,123,58,0.4715447154471545
Seraphine,Zilean,115,54,0.46956521739130436
Kayle,RekSai,93,46,0.4946236559139785
MasterYi,Syndra,395,211,0.5341772151898734
RekSai,Smolder,170,83,0.48823529411764705
RekSai,Syndra,89,41,0.4606741573033708
Nautilus,Rumble,167,94,0.562874251497006
Rumble,Yunara,173,90,0.5202312138728323
Aatrox,Anivia,206,87,0.4223300970873786
Anivia,Draven,179,79,0.441340782122905
Corki,Nocturne,121,62,0.512396694214876
Jax,Leblanc,359,174,0.48467966573816157
Briar,Olaf,149,81,0.5436241610738255
Gnar,Graves,117,51,0.4358974358974359
Graves,Kaisa,515,260,0.5048543689320388
Milio,Nasus,283,158,0.558303886925795
Nilah,Yorick,143,76,0.5314685314685315
Braum,FiddleSticks,167,68,0.40718562874251496
Braum,Renata,52,21,0.40384615384615385
Ekko,Poppy,288,144,0.5
Poppy,Swain,260,148,0.5692307692307692
Kayle,Taliyah,131,60,0.4580152671755725
Draven,Shen,242,107,0.44214876033057854
Nunu,Sylas,281,155,0.5516014234875445
Gragas,Riven,130,55,0.4230769230769231
Gragas,Ziggs,174,93,0.5344827586206896
Hwei,Ziggs,170,64,0.3764705882352941
Irelia,Pantheon,346,182,0.5260115606936416
KSante,Zaahen,111,58,0.5225225225225225
Corki,Diana,192,85,0.4427083333333333
Corki,Ryze,95,39,0.4105263157894737
Diana,Ryze,157,69,0.4394904458598726
Alistar,Kled,77,36,0.4675324675324675
Evelynn,Hecarim,48,25,0.5208333333333334
Leblanc,Rammus,109,40,0.3669724770642202
Katarina,Rengar,257,132,0.5136186770428015
Jayce,Zeri,120,49,0.4083333333333333
Camille,Nami,215,111,0.5162790697674419
KogMaw,Leblanc,134,58,0.43283582089552236
Leblanc,XinZhao,223,106,0.47533632286995514
Fiora,Sett,118,67,0.5677966101694916
Chogath,Ryze,265,119,0.4490566037735849
Elise,LeeSin,96,45,0.46875
Elise,Yorick,101,51,0.504950495049505
FiddleSticks,Yunara,313,150,0.4792332268370607
Blitzcrank,Lulu,144,60,0.4166666666666667
Cassiopeia,Swain,142,75,0.528169014084507
Aphelios,Tryndamere,194,97,0.5
Nidalee,Tryndamere,174,99,0.5689655172413793
Kassadin,Ryze,70,35,0.5
Nasus,Poppy,197,94,0.47715736040609136
Brand,Sejuani,210,106,0.5047619047619047
Lucian,Lucian,21,7,0.3333333333333333
Ornn,Sejuani,80,39,0.4875
Pantheon,Sejuani,186,97,0.521505376344086
Rengar,Yunara,277,120,0.4332129963898917
Aatrox,Cassiopeia,151,80,0.5298013245033113
Cassiopeia,Taric,74,29,0.3918918918918919
Taric,Urgot,96,41,0.4270833333333333
Ezreal,Kennen,262,113,0.4312977099236641
Evelynn,Illaoi,123,58,0.4715447154471545
Evelynn,Qiyana,106,44,0.41509433962264153
Garen,Illaoi,136,63,0.4632352941176471
Kaisa,Kaisa,39,20,0.5128205128205128
Singed,Skarner,90,43,0.4777777777777778
Elise,Twitch,151,77,0.5099337748344371
Elise,Yone,224,116,0.5178571428571429
Mel,Zoe,295,133,0.45084745762711864
Irelia,Leblanc,185,85,0.4594594594594595
Irelia,Seraphine,383,168,0.4386422976501306
AurelionSol,Tryndamere,195,112,0.5743589743589743
Tryndamere,Urgot,109,55,0.5045871559633027
Cassiopeia,Diana,122,49,0.4016393442622951
Lissandra,Senna,187,86,0.45989304812834225
Lissandra,TahmKench,144,69,0.4791666666666667
Ivern,Neeko,130,53,0.4076923076923077
Vex,Ziggs,163,87,0.5337423312883436
JarvanIV,Xayah,211,113,0.5355450236966824
Kennen,Xayah,137,79,0.5766423357664233
Qiyana,Singed,131,66,0.5038167938931297
Hwei,Taliyah,79,38,0.4810126582278481
Jax,Taliyah,217,107,0.4930875576036866
Taliyah,TwistedFate,87,36,0.41379310344827586
Anivia,Tryndamere,184,78,0.42391304347826086
Belveth,Diana,116,62,0.5344827586206896
Belveth,Tryndamere,83,37,0.4457831325301205
Belveth,Vayne,199,100,0.5025125628140703
Anivia,Sivir,222,123,0.5540540540540541
Nasus,Renekton,131,72,0.549618320610687
Aurora,Shyvana,106,50,0.4716981132075472
MonkeyKing,XinZhao,124,71,0.5725806451612904
Amumu,TwistedFate,325,157,0.48307692307692307
Gragas,XinZhao,178,92,0.5168539325842697
Kalista,Samira,41,12,0.2926829268292683
Janna,TahmKench,101,51,0.504950495049505
Janna,Yuumi,59,15,0.2542372881355932
Draven,Zeri,49,18,0.3673469387755102
Chogath,TwistedFate,351,164,0.4672364672364672
Diana,Zoe,222,109,0.49099099099099097
Brand,KSante,169,77,0.4556213017751479
Darius,KSante,104,50,0.4807692307692308
KSante,Tryndamere,64,25,0.390625
Hecarim,Ivern,57,25,0.43859649122807015
Hecarim,Kled,72,48,0.6666666666666666
Ivern,Kassadin,59,27,0.4576271186440678
Ivern,Kled,52,26,0.5
Ivern,TwistedFate,119,49,0.4117647058823529
Kassadin,Kassadin,6,5,0.8333333333333334
Draven,Lulu,222,106,0.4774774774774775
Belveth,Sylas,163,96,0.588957055214724
Aurora,Riven,180,92,0.5111111111111111
Lillia,Warwick,229,141,0.6157205240174672
Gangplank,Kalista,72,32,0.4444444444444444
Hecarim,Naafiri,95,41,0.43157894736842106
Mel,Syndra,285,135,0.47368421052631576
Gangplank,Yone,193,95,0.49222797927461137
Sett,Vladimir,318,168,0.5283018867924528
Aatrox,Sion,223,113,0.5067264573991032
Hwei,XinZhao,273,147,0.5384615384615384
Khazix,XinZhao,86,45,0.5232558139534884
Milio,TahmKench,136,70,0.5147058823529411
Milio,Taliyah,152,76,0.5
Taliyah,XinZhao,155,76,0.49032258064516127
Akali,Vex,108,54,0.5
Karthus,Yasuo,310,180,0.5806451612903226
Karthus,Zeri,105,52,0.49523809523809526
Cassiopeia,Samira,109,51,0.46788990825688076
Graves,Trundle,131,69,0.5267175572519084
Morgana,Renata,147,85,0.5782312925170068
Renata,Thresh,72,33,0.4583333333333333
MissFortune,Yunara,219,94,0.4292237442922374
Fiora,Olaf,62,35,0.5645161290322581
Gragas,Sion,155,79,0.5096774193548387
Hwei,Olaf,138,79,0.572463768115942
Nautilus,Olaf,185,90,0.4864864864864865
Blitzcrank,Olaf,165,84,0.509090909090909
Blitzcrank,Zoe,246,123,0.5
Olaf,Yunara,174,88,0.5057471264367817
Gragas,Warwick,217,87,0.4009216589861751
Camille,Xerath,134,60,0.44776119402985076
Braum,Vladimir,184,78,0.42391304347826086
Azir,Evelynn,64,33,0.515625
Mordekaiser,Trundle,369,195,0.5284552845528455
Kalista,Tristana,97,49,0.5051546391752577
Aphelios,Smolder,166,84,0.5060240963855421
Camille,Viktor,113,52,0.46017699115044247
Alistar,Briar,239,134,0.5606694560669456
Anivia,Gangplank,128,53,0.4140625
Anivia,Kennen,78,42,0.5384615384615384
Belveth,Kennen,74,33,0.44594594594594594
Gangplank,Kennen,97,43,0.44329896907216493
Gangplank,Nami,265,130,0.49056603773584906
Akshan,Rell,101,53,0.5247524752475248
Karthus,Zoe,111,50,0.45045045045045046
Kennen,Shaco,178,76,0.42696629213483145
Shaco,Zoe,286,135,0.47202797202797203
Aurora,Hecarim,155,73,0.47096774193548385
Aurora,Taliyah,81,36,0.4444444444444444
Hecarim,Shyvana,41,18,0.43902439024390244
Hecarim,Taliyah,96,45,0.46875
JarvanIV,Sett,372,201,0.5403225806451613
Azir,Zaahen,238,118,0.4957983193277311
Illaoi,Zaahen,162,94,0.5802469135802469
Cassiopeia,Chogath,163,67,0.4110429447852761
Cassiopeia,Graves,119,59,0.4957983193277311
Chogath,Urgot,223,122,0.547085201793722
Gnar,Shyvana,73,34,0.4657534246575342
Ivern,Teemo,184,87,0.47282608695652173
Aurora,Samira,199,86,0.4321608040201005
Ivern,Yone,184,95,0.5163043478260869
Alistar,Xayah,199,87,0.4371859296482412
Anivia,Xayah,192,97,0.5052083333333334
Anivia,Zed,180,94,0.5222222222222223
Corki,Lulu,116,55,0.47413793103448276
Corki,Xerath,133,71,0.5338345864661654
Braum,Nidalee,151,65,0.4304635761589404
Nocturne,Poppy,176,95,0.5397727272727273
Darius,Nilah,220,111,0.5045454545454545
Belveth,Galio,170,85,0.5
Draven,Galio,240,129,0.5375
Cassiopeia,Naafiri,83,37,0.4457831325301205
Cassiopeia,Zilean,79,34,0.43037974683544306
Blitzcrank,Hecarim,250,120,0.48
Illaoi,Orianna,165,99,0.6
Alistar,Jayce,143,70,0.48951048951048953
Gnar,Kayle,92,40,0.43478260869565216
Briar,Maokai,222,106,0.4774774774774775
Maokai,Zyra,168,86,0.5119047619047619
Anivia,Fiora,113,54,0.4778761061946903
Qiyana,Viego,139,52,0.37410071942446044
XinZhao,Zeri,155,79,0.5096774193548387
Elise,Karma,97,52,0.5360824742268041
Maokai,RekSai,67,27,0.40298507462686567
RekSai,Zoe,87,37,0.42528735632183906
Anivia,Thresh,277,135,0.48736462093862815
Anivia,Viego,251,118,0.4701195219123506
Renata,Veigar,181,88,0.4861878453038674
Renata,Viego,148,76,0.5135135135135135
Akali,Naafiri,194,81,0.4175257731958763
Akali,RekSai,113,60,0.5309734513274337
RekSai,Sivir,83,46,0.5542168674698795
RekSai,Sion,84,36,0.42857142857142855
RekSai,Sona,99,39,0.3939393939393939
Galio,KogMaw,234,110,0.4700854700854701
Rumble,Zed,189,92,0.48677248677248675
Gwen,Rakan,166,77,0.463855421686747
Milio,Teemo,465,247,0.5311827956989247
Bard,Corki,155,76,0.49032258064516127
Bard,Zeri,143,73,0.5104895104895105
Nocturne,Rumble,114,54,0.47368421052631576
Rumble,Sona,127,64,0.5039370078740157
Gnar,Ivern,68,29,0.4264705882352941
Gnar,Skarner,60,24,0.4
Lillia,Skarner,58,27,0.46551724137931033
Udyr,Varus,214,109,0.5093457943925234
Udyr,Ziggs,161,87,0.5403726708074534
Kassadin,Lissandra,34,15,0.4411764705882353
Kassadin,Quinn,69,29,0.42028985507246375
Kassadin,Taliyah,52,21,0.40384615384615385
Kindred,Twitch,243,114,0.4691358024691358
Lissandra,Sett,209,98,0.4688995215311005
Lissandra,Taliyah,50,18,0.36
Nasus,Vex,216,112,0.5185185185185185
Graves,Hecarim,67,33,0.4925373134328358
Graves,Viktor,252,126,0.5
Skarner,TahmKench,92,45,0.4891304347826087
Skarner,Trundle,68,22,0.3235294117647059
Ezreal,Naafiri,355,161,0.4535211267605634
Galio,Syndra,154,76,0.4935064935064935
Illaoi,Kennen,87,35,0.40229885057471265
Kennen,Poppy,123,53,0.43089430894308944
Kennen,Vladimir,89,38,0.42696629213483145
Bard,Nilah,105,49,0.4666666666666667
Hwei,Nilah,125,65,0.52
Hwei,Shyvana,123,67,0.5447154471544715
Nilah,Qiyana,81,37,0.4567901234567901
Nilah,Shyvana,73,45,0.6164383561643836
Qiyana,Shyvana,72,36,0.5
FiddleSticks,Urgot,193,125,0.6476683937823834
FiddleSticks,Ryze,151,75,0.4966887417218543
Naafiri,Rammus,105,46,0.4380952380952381
Vi,Warwick,170,87,0.5117647058823529
Vi,Xerath,304,162,0.5328947368421053
Evelynn,Rammus,53,21,0.39622641509433965
Amumu,Taric,164,93,0.5670731707317073
Samira,Zoe,225,103,0.4577777777777778
Sejuani,Soraka,133,53,0.39849624060150374
Graves,Kayn,139,64,0.460431654676259
Mordekaiser,Rammus,237,134,0.5654008438818565
Corki,Kaisa,138,72,0.5217391304347826
Karma,Riven,280,138,0.4928571428571429
Corki,Gangplank,97,36,0.3711340206185567
Azir,Elise,66,24,0.36363636363636365
Briar,LeeSin,152,73,0.48026315789473684
Shen,XinZhao,268,143,0.5335820895522388
Evelynn,Veigar,230,119,0.5173913043478261
Irelia,Nocturne,232,123,0.5301724137931034
Shyvana,Zac,56,23,0.4107142857142857
Malphite,Rammus,225,111,0.49333333333333335
Nocturne,Taric,96,52,0.5416666666666666
Akali,Evelynn,167,75,0.4491017964071856
Aphelios,JarvanIV,253,118,0.466403162055336
Darius,Riven,149,76,0.5100671140939598
Anivia,Trundle,176,93,0.5284090909090909
Irelia,Vex,157,84,0.535031847133758
Morgana,Nunu,456,226,0.4956140350877193
Akali,AurelionSol,131,59,0.45038167938931295
Rengar,Zac,76,33,0.4342105263157895
Ambessa,MonkeyKing,152,78,0.5131578947368421
Kled,Qiyana,59,26,0.4406779661016949
Alistar,Karma,118,48,0.4067796610169492
Alistar,Zoe,141,56,0.3971631205673759
Karma,Zoe,204,89,0.4362745098039216
Viktor,Zoe,80,33,0.4125
Darius,Olaf,129,78,0.6046511627906976
Amumu,Urgot,309,174,0.5631067961165048
Kassadin,Nocturne,110,47,0.42727272727272725
Mordekaiser,TahmKench,401,188,0.4688279301745636
Galio,Veigar,304,158,0.5197368421052632
KSante,MasterYi,189,74,0.3915343915343915
KSante,Veigar,230,90,0.391304347826087
Orianna,Vi,203,106,0.5221674876847291
Quinn,Zac,127,61,0.48031496062992124
Cassiopeia,Teemo,227,108,0.47577092511013214
Graves,Poppy,165,75,0.45454545454545453
Kalista,Katarina,96,33,0.34375
Kalista,Teemo,174,81,0.46551724137931033
Anivia,Rell,106,53,0.5
Milio,Xayah,246,131,0.532520325203252
Rakan,Zac,106,51,0.4811320754716981
Poppy,Vex,157,89,0.5668789808917197
Belveth,Gnar,72,33,0.4583333333333333
Azir,Nidalee,96,41,0.4270833333333333
Alistar,Olaf,98,44,0.4489795918367347
Annie,Quinn,126,59,0.46825396825396826
Quinn,Senna,253,121,0.4782608695652174
Jax,KSante,156,75,0.4807692307692308
KSante,Kayle,100,48,0.48
Aatrox,Sejuani,150,74,0.49333333333333335
Taliyah,Vladimir,92,36,0.391304347826087
TahmKench,Velkoz,251,124,0.4940239043824701
Renata,Urgot,105,58,0.5523809523809524
Akshan,Sion,222,98,0.44144144144144143
KSante,KogMaw,85,37,0.43529411764705883
Azir,Kassadin,39,13,0.3333333333333333
Kassadin,Renata,54,26,0.48148148148148145
FiddleSticks,Karthus,90,38,0.4222222222222222
Ashe,Ashe,59,27,0.4576271186440678
Kennen,Swain,169,92,0.5443786982248521
Gangplank,Shen,123,55,0.44715447154471544
Irelia,Orianna,159,79,0.4968553459119497
Gragas,Hecarim,130,59,0.45384615384615384
Hecarim,Leblanc,141,70,0.49645390070921985
Hecarim,Viego,70,37,0.5285714285714286
Aatrox,Olaf,84,40,0.47619047619047616
Olaf,Qiyana,62,31,0.5
Kayle,Samira,288,156,0.5416666666666666
Darius,Poppy,304,147,0.48355263157894735
Illaoi,Singed,139,70,0.5035971223021583
Karthus,Rammus,77,36,0.4675324675324675
Leblanc,Leblanc,11,5,0.45454545454545453
Quinn,Rammus,103,48,0.46601941747572817
Annie,Briar,231,121,0.5238095238095238
Ekko,Velkoz,287,144,0.5017421602787456
Corki,Karthus,109,45,0.41284403669724773
Corki,Sylas,225,114,0.5066666666666667
DrMundo,Karthus,234,139,0.594017094017094
Skarner,Sylas,114,49,0.4298245614035088
Ryze,Twitch,256,130,0.5078125
Ryze,Urgot,166,91,0.5481927710843374
Tristana,Yunara,128,70,0.546875
Xayah,Zilean,168,81,0.48214285714285715
Nunu,Vex,172,86,0.5
Singed,XinZhao,244,132,0.5409836065573771
Nilah,Ryze,95,61,0.6421052631578947
Orianna,Ryze,81,41,0.5061728395061729
Quinn,Sona,193,99,0.5129533678756477
Kled,Pantheon,147,80,0.54421768707483
Soraka,Taliyah,131,67,0.5114503816793893
Azir,Fizz,69,26,0.37681159420289856
JarvanIV,Veigar,443,215,0.4853273137697517
Aphelios,Heimerdinger,191,91,0.47643979057591623
Heimerdinger,Rammus,149,76,0.5100671140939598
Ivern,Lissandra,75,36,0.48
Ivern,Nidalee,71,34,0.4788732394366197
Nidalee,Renekton,166,79,0.4759036144578313
Jax,Talon,230,109,0.47391304347826085
Talon,Zed,166,79,0.4759036144578313
Nami,Zeri,263,129,0.49049429657794674
Gangplank,Singed,113,47,0.415929203539823
Maokai,Olaf,88,42,0.4772727272727273
Maokai,Vladimir,196,82,0.41836734693877553
Ambessa,XinZhao,246,131,0.532520325203252
Nautilus,Taric,97,34,0.35051546391752575
Karma,Maokai,159,80,0.5031446540880503
Leblanc,Thresh,355,171,0.48169014084507045
Anivia,Graves,168,71,0.4226190476190476
Anivia,Sett,298,149,0.5
Irelia,Taric,123,59,0.4796747967479675
Kennen,Viego,184,87,0.47282608695652173
Senna,Taric,129,67,0.5193798449612403
Sion,Zyra,425,215,0.5058823529411764
Jinx,Jinx,35,12,0.34285714285714286
Khazix,Tristana,289,128,0.4429065743944637
Darius,Kalista,188,95,0.5053191489361702
Kalista,TahmKench,127,56,0.4409448818897638
Bard,Ryze,178,93,0.5224719101123596
Bard,Sion,263,130,0.49429657794676807
Brand,Nilah,187,106,0.5668449197860963
Nilah,Quinn,70,38,0.5428571428571428
Nilah,XinZhao,100,52,0.52
Belveth,Trundle,89,47,0.5280898876404494
Anivia,Rengar,145,63,0.43448275862068964
Irelia,Zac,150,73,0.4866666666666667
Ivern,Quinn,91,46,0.5054945054945055
Olaf,Xayah,116,61,0.5258620689655172
Diana,Elise,126,59,0.46825396825396826
Nami,Nasus,448,239,0.5334821428571429
Aatrox,KSante,100,45,0.45
Alistar,KSante,101,38,0.37623762376237624
Alistar,Nami,114,58,0.5087719298245614
Alistar,Quinn,155,76,0.49032258064516127
Nami,Xerath,355,203,0.571830985915493
Belveth,Illaoi,103,50,0.4854368932038835
Gwen,Orianna,199,89,0.4472361809045226
Gwen,Renekton,127,71,0.5590551181102362
MissFortune,Zac,515,259,0.5029126213592233
Kalista,Udyr,82,39,0.47560975609756095
Elise,Ivern,38,14,0.3684210526315789
Elise,RekSai,39,12,0.3076923076923077
Ivern,RekSai,37,18,0.4864864864864865
RekSai,Seraphine,126,62,0.49206349206349204
Ambessa,Twitch,272,121,0.44485294117647056
Karthus,Naafiri,117,57,0.48717948717948717
Aphelios,Yorick,266,131,0.4924812030075188
Rammus,Yorick,140,72,0.5142857142857142
MonkeyKing,Pyke,253,122,0.48221343873517786
Khazix,RekSai,36,16,0.4444444444444444
KogMaw,Warwick,272,128,0.47058823529411764
Akali,Syndra,120,65,0.5416666666666666
Ezreal,Ryze,312,141,0.4519230769230769
Mordekaiser,Ryze,255,136,0.5333333333333333
Ivern,Nilah,83,40,0.4819277108433735
Ivern,Xayah,131,72,0.549618320610687
Illaoi,Nautilus,282,135,0.4787234042553192
Graves,Naafiri,107,52,0.48598130841121495
Kled,Lulu,115,59,0.5130434782608696
Kled,Zed,135,49,0.362962962962963
Lulu,Skarner,85,36,0.4235294117647059
Shyvana,Skarner,38,22,0.5789473684210527
Shyvana,Zed,169,90,0.5325443786982249
Quinn,Yorick,108,61,0.5648148148148148
Annie,Urgot,150,76,0.5066666666666667
LeeSin,Urgot,198,87,0.4393939393939394
Jinx,Lissandra,315,160,0.5079365079365079
Lissandra,Ziggs,99,53,0.5353535353535354
Ivern,Karma,124,49,0.3951612903225806
Anivia,Ornn,169,81,0.47928994082840237
Anivia,Zilean,115,60,0.5217391304347826
Ornn,Yone,302,149,0.49337748344370863
Diana,Kindred,185,93,0.5027027027027027
Graves,Karthus,107,54,0.5046728971962616
Graves,Taliyah,130,58,0.4461538461538462
Akshan,Azir,58,20,0.3448275862068966
Ambessa,Tryndamere,102,50,0.49019607843137253
Azir,Sivir,194,98,0.5051546391752577
Heimerdinger,Zyra,257,138,0.5369649805447471
Illaoi,MonkeyKing,147,73,0.4965986394557823
Karthus,Soraka,195,98,0.5025641025641026
Karthus,Udyr,74,38,0.5135135135135135
Kindred,Leona,283,159,0.5618374558303887
Kindred,Udyr,79,39,0.4936708860759494
Taric,Xayah,125,73,0.584
Draven,Mel,436,204,0.46788990825688076
Elise,Kassadin,49,18,0.3673469387755102
Jhin,Kassadin,315,168,0.5333333333333333
Kayle,Renekton,149,86,0.5771812080536913
MasterYi,Singed,345,187,0.5420289855072464
FiddleSticks,Samira,209,108,0.5167464114832536
Cassiopeia,Velkoz,109,60,0.5504587155963303
Sion,Udyr,229,124,0.5414847161572053
Alistar,Vex,161,79,0.4906832298136646
Heimerdinger,Vex,168,90,0.5357142857142857
Veigar,Veigar,51,23,0.45098039215686275
Naafiri,Sejuani,71,31,0.43661971830985913
Sejuani,Yorick,106,50,0.4716981132075472
Annie,Olaf,108,60,0.5555555555555556
Kalista,Quinn,64,31,0.484375
Ambessa,Gnar,77,38,0.4935064935064935
Gnar,TahmKench,125,56,0.448
Rengar,Singed,170,78,0.4588235294117647
Aurora,Poppy,202,102,0.504950495049505
Aurora,Udyr,150,84,0.56
Kled,Poppy,76,30,0.39473684210526316
Kled,Rumble,34,11,0.3235294117647059
Kled,Udyr,91,42,0.46153846153846156
Aurora,KogMaw,133,56,0.42105263157894735
Kindred,Neeko,200,85,0.425
Thresh,Yuumi,129,56,0.43410852713178294
Hecarim,Zaahen,197,102,0.5177664974619289
Soraka,TwistedFate,255,124,0.48627450980392156
Blitzcrank,Sion,364,190,0.521978021978022
KSante,Rakan,99,44,0.4444444444444444
KSante,Shyvana,75,31,0.41333333333333333
Rakan,Shyvana,77,40,0.5194805194805194
Rakan,Xerath,129,68,0.5271317829457365
Evelynn,Poppy,123,60,0.4878048780487805
Annie,Katarina,92,40,0.43478260869565216
Nami,Varus,412,191,0.46359223300970875
Kassadin,Rammus,58,36,0.6206896551724138
Rammus,Udyr,73,41,0.5616438356164384
Galio,Shen,307,148,0.4820846905537459
FiddleSticks,Rumble,80,33,0.4125
Graves,Hwei,247,139,0.562753036437247
Aurora,Cassiopeia,59,26,0.4406779661016949
Shyvana,Varus,126,59,0.46825396825396826
Blitzcrank,Taric,123,62,0.5040650406504065
Fiora,Karthus,91,52,0.5714285714285714
Fiora,Skarner,64,35,0.546875
Karthus,Tristana,269,137,0.5092936802973977
Olaf,Skarner,43,23,0.5348837209302325
Rammus,Skarner,39,21,0.5384615384615384
Skarner,Taric,61,28,0.45901639344262296
Ivern,Yuumi,92,35,0.3804347826086957
Aphelios,Camille,127,60,0.47244094488188976
Camille,Irelia,77,28,0.36363636363636365
RekSai,Varus,83,38,0.4578313253012048
KogMaw,Zaahen,250,150,0.6
Katarina,Sivir,287,154,0.5365853658536586
KogMaw,Sivir,108,57,0.5277777777777778
Anivia,Neeko,169,76,0.44970414201183434
Neeko,Zyra,209,114,0.5454545454545454
Milio,Pyke,87,33,0.3793103448275862
Aphelios,Lillia,240,114,0.475
Graves,Lillia,126,68,0.5396825396825397
MonkeyKing,Yuumi,193,92,0.47668393782383417
JarvanIV,Samira,240,131,0.5458333333333333
Kalista,Zyra,93,50,0.5376344086021505
Cassiopeia,Yone,133,62,0.46616541353383456
Gragas,Tristana,294,132,0.4489795918367347
Heimerdinger,Olaf,115,64,0.5565217391304348
Rammus,Talon,70,32,0.45714285714285713
Akali,Zac,197,86,0.4365482233502538
Aurora,Jayce,138,66,0.4782608695652174
KogMaw,Ziggs,124,72,0.5806451612903226
Lillia,Ziggs,196,105,0.5357142857142857
Karma,Skarner,88,45,0.5113636363636364
Skarner,Xerath,125,66,0.528
Fiora,Illaoi,50,24,0.48
Fiora,Tryndamere,75,42,0.56
Nunu,Viktor,174,100,0.5747126436781609
Aphelios,Elise,136,71,0.5220588235294118
Aphelios,Riven,210,106,0.5047619047619047
MonkeyKing,Ryze,165,88,0.5333333333333333
Varus,Viktor,263,121,0.4600760456273764
Heimerdinger,Riven,133,66,0.49624060150375937
Ivern,Riven,115,49,0.4260869565217391
Nilah,Riven,100,48,0.48
Rell,Syndra,145,74,0.5103448275862069
Aatrox,Fiora,83,39,0.46987951807228917
Fiora,KogMaw,99,49,0.494949494949495
KogMaw,Yunara,117,47,0.4017094017094017
Aurora,Kennen,105,59,0.5619047619047619
Kennen,Shyvana,71,33,0.4647887323943662
Kayn,Leblanc,348,143,0.4109195402298851
Aurora,MonkeyKing,169,93,0.5502958579881657
Poppy,Tryndamere,161,77,0.4782608695652174
Gnar,Jayce,66,31,0.4696969696969697
DrMundo,Illaoi,211,114,0.5402843601895735
Illaoi,Nilah,104,54,0.5192307692307693
Akshan,Taliyah,81,39,0.48148148148148145
Taliyah,Taric,59,30,0.5084745762711864
Gragas,Illaoi,102,49,0.4803921568627451
Fizz,Ivern,130,71,0.5461538461538461
Ivern,Samira,122,58,0.47540983606557374
Heimerdinger,Nilah,116,60,0.5172413793103449
Samira,Yunara,105,55,0.5238095238095238
JarvanIV,Twitch,317,158,0.49842271293375395
Cassiopeia,Hecarim,96,46,0.4791666666666667
Fizz,Velkoz,274,148,0.5401459854014599
Kindred,Shaco,183,95,0.5191256830601093
Aurora,Vladimir,118,58,0.4915254237288136
Akshan,Zoe,99,46,0.46464646464646464
Nunu,Zilean,154,76,0.4935064935064935
Sivir,Tristana,143,74,0.5174825174825175
Evelynn,Viego,60,30,0.5
KSante,Qiyana,106,48,0.4528301886792453
Alistar,Alistar,66,25,0.3787878787878788
Fizz,Quinn,177,93,0.5254237288135594
Gangplank,Khazix,134,62,0.4626865671641791
Gangplank,XinZhao,152,69,0.45394736842105265
Sona,Zeri,187,88,0.47058823529411764
Taliyah,Zeri,71,29,0.4084507042253521
Warwick,Zac,184,97,0.5271739130434783
Elise,Nilah,57,28,0.49122807017543857
Orianna,Soraka,268,136,0.5074626865671642
Ahri,Vex,141,72,0.5106382978723404
Syndra,Vex,65,44,0.676923076923077
Aatrox,Illaoi,93,46,0.4946236559139785
Camille,Garen,95,38,0.4
Camille,Hecarim,97,38,0.3917525773195876
Camille,Illaoi,42,22,0.5238095238095238
Camille,Shaco,149,68,0.4563758389261745
Hecarim,Illaoi,130,63,0.4846153846153846
Ivern,Soraka,112,60,0.5357142857142857
Ivern,Vladimir,130,63,0.4846153846153846
MonkeyKing,Mordekaiser,294,153,0.5204081632653061
Briar,Poppy,238,128,0.5378151260504201
Akali,Gnar,152,69,0.45394736842105265
Gangplank,Vex,138,73,0.5289855072463768
Pyke,TahmKench,240,102,0.425
Illaoi,Zoe,171,77,0.4502923976608187
Kassadin,Lillia,115,60,0.5217391304347826
Kassadin,Samira,109,51,0.46788990825688076
Rumble,Viego,171,89,0.52046783625731
Ambessa,Leblanc,221,103,0.4660633484162896
Ambessa,Shyvana,100,56,0.56
Shyvana,Velkoz,137,73,0.5328467153284672
Graves,KogMaw,157,78,0.4968152866242038
KogMaw,Zeri,63,24,0.38095238095238093
Jayce,Urgot,76,41,0.5394736842105263
Galio,Hwei,180,90,0.5
Bard,Orianna,167,82,0.49101796407185627
Blitzcrank,FiddleSticks,236,116,0.4915254237288136
Gangplank,Viktor,138,58,0.42028985507246375
Anivia,Heimerdinger,132,65,0.49242424242424243
Anivia,Kalista,73,33,0.4520547945205479
Anivia,Sylas,194,97,0.5
Kalista,Kindred,72,28,0.3888888888888889
Diana,Gragas,179,92,0.5139664804469274
KSante,Karthus,76,33,0.4342105263157895
KSante,TwistedFate,147,51,0.3469387755102041
Udyr,Viktor,178,97,0.5449438202247191
Nidalee,Zac,100,49,0.49
Bard,Cassiopeia,113,55,0.48672566371681414
Cassiopeia,Corki,84,38,0.4523809523809524
Corki,Kindred,102,54,0.5294117647058824
Xayah,Yunara,88,44,0.5
Milio,Senna,196,98,0.5
Ekko,Viktor,167,76,0.4550898203592814
Lillia,Varus,295,158,0.535593220338983
Nidalee,Vladimir,171,75,0.43859649122807015
Nilah,Vladimir,129,58,0.4496124031007752
Alistar,JarvanIV,191,83,0.43455497382198954
Ornn,Poppy,184,75,0.4076086956521739
Ornn,Sion,182,90,0.4945054945054945
Poppy,Riven,151,68,0.4503311258278146
Poppy,Sion,216,116,0.5370370370370371
Cassiopeia,Darius,196,90,0.45918367346938777
Cassiopeia,Jayce,93,48,0.5161290322580645
Cassiopeia,Qiyana,61,29,0.47540983606557374
Jayce,Nidalee,161,77,0.4782608695652174
Orianna,Yone,231,113,0.48917748917748916
Aphelios,Senna,245,114,0.46530612244897956
Aphelios,Tristana,116,61,0.5258620689655172
Belveth,Tristana,167,95,0.5688622754491018
KogMaw,Nami,240,125,0.5208333333333334
Belveth,Heimerdinger,99,51,0.5151515151515151
Belveth,Sivir,124,59,0.47580645161290325
Belveth,Teemo,205,77,0.375609756097561
Gnar,Samira,138,65,0.47101449275362317
Corki,Ivern,85,33,0.38823529411764707
Aatrox,Garen,212,95,0.4481132075471698
Nocturne,Shen,288,145,0.5034722222222222
Nocturne,Zoe,205,101,0.4926829268292683
KSante,Yunara,190,90,0.47368421052631576
Aurora,XinZhao,198,114,0.5757575757575758
Annie,Rammus,111,50,0.45045045045045046
Annie,Singed,129,71,0.5503875968992248
Gnar,Gwen,86,48,0.5581395348837209
Nidalee,Pyke,273,121,0.4432234432234432
Ornn,Rakan,159,74,0.46540880503144655
Heimerdinger,Karma,210,109,0.5190476190476191
Gragas,Quinn,102,49,0.4803921568627451
Quinn,Skarner,72,32,0.4444444444444444
Aatrox,Nilah,155,83,0.535483870967742
Skarner,Zoe,89,36,0.4044943820224719
Bard,Nunu,206,103,0.5
Olaf,Sejuani,66,42,0.6363636363636364
Olaf,Volibear,158,86,0.5443037974683544
Ryze,Ryze,30,9,0.3
TahmKench,Urgot,210,100,0.47619047619047616
Annie,KSante,98,47,0.47959183673469385
Annie,Xerath,148,81,0.5472972972972973
Nami,Taric,71,32,0.4507042253521127
Samira,Yuumi,199,93,0.46733668341708545
Karma,Ryze,219,91,0.4155251141552511
Naafiri,Orianna,128,64,0.5
Braum,Zeri,101,48,0.4752475247524752
Karma,Soraka,120,54,0.45
Poppy,Renata,52,27,0.5192307692307693
Warwick,XinZhao,203,121,0.5960591133004927
Belveth,Nunu,69,36,0.5217391304347826
Kled,Vayne,179,85,0.4748603351955307
Braum,Taliyah,105,52,0.49523809523809526
Ambessa,TwistedFate,176,83,0.4715909090909091
Elise,Malzahar,153,72,0.47058823529411764
Elise,Shyvana,37,17,0.4594594594594595
Elise,Skarner,35,13,0.37142857142857144
Elise,Yuumi,111,48,0.43243243243243246
Ryze,Skarner,83,44,0.5301204819277109
Orianna,Poppy,195,105,0.5384615384615384
Graves,Yorick,172,80,0.46511627906976744
Taric,Thresh,85,39,0.4588235294117647
Thresh,Zilean,131,51,0.3893129770992366
Akali,Ivern,160,72,0.45
Rell,Zeri,97,51,0.5257731958762887
Rammus,Trundle,102,50,0.49019607843137253
Irelia,Zilean,150,61,0.4066666666666667
Akali,Quinn,182,88,0.4835164835164835
Belveth,Yorick,117,65,0.5555555555555556
KogMaw,Yorick,145,79,0.5448275862068965
KogMaw,Zyra,173,96,0.5549132947976878
AurelionSol,Orianna,105,51,0.4857142857142857
Orianna,Zaahen,378,206,0.544973544973545
TwistedFate,Vayne,370,181,0.4891891891891892
Ahri,Akshan,163,65,0.3987730061349693
Akshan,Galio,98,48,0.4897959183673469
Naafiri,Nocturne,124,57,0.4596774193548387
FiddleSticks,Graves,120,61,0.5083333333333333
Taliyah,Vex,53,25,0.4716981132075472
Gangplank,Udyr,133,74,0.556390977443609
Graves,Nidalee,149,71,0.47651006711409394
Graves,RekSai,54,29,0.5370370370370371
Lissandra,Samira,117,52,0.4444444444444444
Nidalee,RekSai,52,23,0.4423076923076923
Yone,Ziggs,408,201,0.49264705882352944
Ekko,Taric,143,70,0.48951048951048953
MonkeyKing,Warwick,198,92,0.46464646464646464
Elise,Naafiri,105,56,0.5333333333333333
Elise,Swain,153,68,0.4444444444444444
Nidalee,Xerath,204,94,0.46078431372549017
Rammus,Xayah,124,58,0.46774193548387094
Olaf,Riven,76,41,0.5394736842105263
Olaf,Ryze,105,59,0.5619047619047619
Olaf,Trundle,86,43,0.5
Cassiopeia,Nasus,142,77,0.5422535211267606
Karma,Milio,121,63,0.5206611570247934
Camille,Skarner,45,16,0.35555555555555557
Sona,TahmKench,142,68,0.4788732394366197
Khazix,KogMaw,128,58,0.453125
Khazix,MasterYi,112,51,0.45535714285714285
Kennen,Rengar,105,38,0.3619047619047619
Kennen,Thresh,213,105,0.49295774647887325
Kennen,Yunara,162,70,0.43209876543209874
Sion,Ziggs,337,163,0.4836795252225519
Ryze,Zilean,117,67,0.5726495726495726
Diana,MasterYi,385,212,0.5506493506493506
Diana,Shyvana,111,66,0.5945945945945946
Corki,Rumble,71,38,0.5352112676056338
Karma,Yone,408,212,0.5196078431372549
Shen,Yorick,135,69,0.5111111111111111
Gangplank,Shyvana,99,40,0.40404040404040403
Gangplank,Yorick,69,35,0.5072463768115942
Gnar,Sivir,140,63,0.45
Shyvana,Singed,124,65,0.5241935483870968
Corki,JarvanIV,125,57,0.456
Nocturne,Veigar,400,216,0.54
Evelynn,Singed,131,66,0.5038167938931297
KogMaw,Lucian,141,53,0.375886524822695
Alistar,Zyra,141,79,0.5602836879432624
Kled,Urgot,50,24,0.48
Briar,Elise,92,40,0.43478260869565216
Elise,Zoe,81,30,0.37037037037037035
Kennen,Renata,81,40,0.49382716049382713
Kennen,Viktor,94,37,0.39361702127659576
Renata,Zoe,112,51,0.45535714285714285
Mel,Skarner,200,87,0.435
Irelia,Jayce,109,43,0.3944954128440367
Gangplank,Quinn,81,40,0.49382716049382713
AurelionSol,Fizz,131,67,0.5114503816793893
AurelionSol,Nidalee,146,61,0.4178082191780822
Riven,Teemo,294,146,0.4965986394557823
Gwen,Nilah,144,72,0.5
Kennen,TahmKench,110,43,0.39090909090909093
Ivern,Trundle,84,41,0.4880952380952381
MonkeyKing,Trundle,128,61,0.4765625
Ornn,Sivir,225,115,0.5111111111111111
Trundle,Udyr,129,63,0.4883720930232558
Fiora,Yuumi,163,74,0.4539877300613497
Fiora,Zaahen,120,61,0.5083333333333333
Milio,Nilah,145,74,0.5103448275862069
Ashe,KogMaw,208,100,0.4807692307692308
Hwei,Rengar,214,102,0.4766355140186916
Gangplank,Irelia,96,46,0.4791666666666667
Anivia,Annie,114,52,0.45614035087719296
Maokai,Milio,111,64,0.5765765765765766
Kennen,Rakan,84,37,0.44047619047619047
Fiora,Rumble,48,28,0.5833333333333334
Leona,Talon,240,101,0.42083333333333334
Briar,Graves,99,50,0.5050505050505051
Gangplank,Ryze,119,50,0.42016806722689076
KogMaw,Vladimir,174,81,0.46551724137931033
Rengar,Xerath,221,114,0.5158371040723982
Evelynn,Sett,284,153,0.5387323943661971
Annie,MasterYi,255,126,0.49411764705882355
Annie,XinZhao,209,135,0.645933014354067
Ambessa,Yorick,115,67,0.5826086956521739
Ambessa,Zoe,244,103,0.42213114754098363
Naafiri,Ornn,191,83,0.43455497382198954
Ornn,Shyvana,114,47,0.41228070175438597
Nocturne,Skarner,55,28,0.509090909090909
Illaoi,RekSai,60,26,0.43333333333333335
Gangplank,Nidalee,120,56,0.4666666666666667
Fizz,Shyvana,122,48,0.39344262295081966
Shyvana,Yunara,161,88,0.546583850931677
Aurora,Zeri,149,66,0.4429530201342282
Ambessa,Annie,138,75,0.5434782608695652
Fiora,Yorick,62,32,0.5161290322580645
Hwei,Zeri,148,54,0.36486486486486486
Nilah,Zeri,33,9,0.2727272727272727
RekSai,Zilean,60,31,0.5166666666666667
Viktor,Zilean,134,66,0.4925373134328358
Darius,Gangplank,143,67,0.46853146853146854
Akshan,Rengar,149,60,0.40268456375838924
Akshan,Zyra,226,122,0.5398230088495575
Lissandra,Rengar,119,46,0.3865546218487395
Lissandra,Zyra,131,63,0.48091603053435117
Katarina,XinZhao,283,132,0.4664310954063604
Evelynn,Rumble,58,30,0.5172413793103449
Nilah,Sylas,243,118,0.48559670781893005
Aurora,Ziggs,158,71,0.44936708860759494
Yunara,Zeri,83,35,0.42168674698795183
Kalista,Smolder,95,37,0.3894736842105263
Kalista,Yone,162,87,0.5370370370370371
Gragas,Vladimir,139,68,0.4892086330935252
Braum,Camille,99,50,0.5050505050505051
Camille,Kindred,82,39,0.47560975609756095
Nidalee,Varus,230,113,0.49130434782608695
Kled,LeeSin,98,58,0.5918367346938775
Leblanc,Taliyah,59,19,0.3220338983050847
Leblanc,Zoe,101,38,0.37623762376237624
JarvanIV,Rammus,63,30,0.47619047619047616
RekSai,Vex,58,28,0.4827586206896552
Briar,Talon,123,64,0.5203252032520326
Anivia,Ekko,181,94,0.5193370165745856
Kayn,Talon,154,72,0.4675324675324675
Akshan,Syndra,94,47,0.5
Quinn,Udyr,114,63,0.5526315789473685
Kindred,Syndra,206,105,0.5097087378640777
Kindred,Zac,91,41,0.45054945054945056
Urgot,Zac,158,87,0.5506329113924051
Graves,JarvanIV,94,39,0.4148936170212766
Graves,Olaf,111,60,0.5405405405405406
Olaf,Yorick,77,48,0.6233766233766234
Belveth,Kaisa,247,114,0.46153846153846156
Belveth,Yuumi,160,63,0.39375
Ornn,Soraka,264,132,0.5
LeeSin,Qiyana,128,52,0.40625
LeeSin,Trundle,162,86,0.5308641975308642
Qiyana,Yuumi,170,69,0.40588235294117647
Lulu,Soraka,82,39,0.47560975609756095
Lissandra,Vladimir,69,30,0.43478260869565216
Lissandra,Sejuani,72,27,0.375
Quinn,TwistedFate,166,72,0.43373493975903615
Rell,Renekton,119,49,0.4117647058823529
Renekton,Sion,130,65,0.5
Brand,Camille,177,96,0.5423728813559322
Evelynn,Kayle,169,90,0.5325443786982249
Evelynn,TahmKench,175,79,0.4514285714285714
MonkeyKing,Samira,214,112,0.5233644859813084
Bard,TahmKench,126,47,0.373015873015873
Morgana,Morgana,50,33,0.66
Thresh,Thresh,17,8,0.47058823529411764
Belveth,Orianna,110,59,0.5363636363636364
Orianna,Ziggs,148,75,0.5067567567567568
Gangplank,Kindred,117,41,0.3504273504273504
Belveth,Karthus,65,32,0.49230769230769234
Gragas,Taliyah,81,34,0.41975308641975306
Gangplank,Talon,114,53,0.4649122807017544
Jax,Trundle,280,145,0.5178571428571429
Ekko,Karthus,148,72,0.4864864864864865
Karthus,Khazix,100,48,0.48
Sejuani,Trundle,91,44,0.4835164835164835
Bard,Urgot,191,107,0.5602094240837696
Lulu,Milio,62,29,0.46774193548387094
FiddleSticks,Seraphine,267,121,0.45318352059925093
Neeko,Quinn,172,85,0.4941860465116279
Camille,Velkoz,138,64,0.463768115942029
Xayah,Zeri,69,29,0.42028985507246375
Lucian,Trundle,337,175,0.5192878338278932
Corki,Gragas,118,52,0.4406779661016949
Nidalee,Viktor,173,81,0.4682080924855491
Aurora,Camille,116,52,0.4482758620689655
Camille,Lillia,116,48,0.41379310344827586
Lillia,Nidalee,106,56,0.5283018867924528
Nidalee,Ornn,192,92,0.4791666666666667
Lissandra,Lissandra,11,3,0.2727272727272727
Lissandra,Singed,115,71,0.6173913043478261
Nilah,Syndra,126,64,0.5079365079365079
AurelionSol,KogMaw,148,72,0.4864864864864865
Ambessa,Riven,124,58,0.46774193548387094
Samira,TahmKench,257,118,0.4591439688715953
Graves,Rammus,85,38,0.4470588235294118
Lulu,Taric,59,27,0.4576271186440678
Corki,Lissandra,86,50,0.5813953488372093
Lillia,Zilean,150,87,0.58
Kassadin,Pyke,161,68,0.422360248447205
Aphelios,Corki,63,29,0.4603174603174603
Annie,Braum,136,60,0.4411764705882353
Nautilus,Skarner,123,56,0.45528455284552843
Skarner,Veigar,165,69,0.41818181818181815
Leona,Milio,90,37,0.4111111111111111
Leblanc,Sejuani,111,36,0.32432432432432434
Karma,Kennen,134,62,0.4626865671641791
Graves,Ziggs,228,121,0.5307017543859649
Garen,Taliyah,214,103,0.48130841121495327
Olaf,Rengar,93,37,0.3978494623655914
Kennen,Nasus,119,63,0.5294117647058824
Hecarim,Zilean,155,81,0.5225806451612903
Lissandra,Volibear,189,91,0.48148148148148145
Heimerdinger,TwistedFate,172,94,0.5465116279069767
Kaisa,Xayah,141,62,0.4397163120567376
Neeko,Xayah,250,125,0.5
Kennen,Nocturne,117,57,0.48717948717948717
LeeSin,Nocturne,88,46,0.5227272727272727
Elise,Sivir,144,84,0.5833333333333334
Sivir,Soraka,363,173,0.4765840220385675
Maokai,Zac,116,60,0.5172413793103449
Teemo,Zac,283,133,0.46996466431095407
Camille,Gwen,82,30,0.36585365853658536
Camille,Tristana,161,73,0.453416149068323
Ekko,Gangplank,242,122,0.5041322314049587
Ekko,Renata,139,75,0.539568345323741
Akshan,Jayce,87,34,0.39080459770114945
Kassadin,Qiyana,52,20,0.38461538461538464
Cassiopeia,Xerath,95,46,0.4842105263157895
Kayn,Lillia,142,64,0.4507042253521127
Hecarim,Rengar,47,19,0.40425531914893614
Irelia,Zeri,149,60,0.40268456375838924
Ryze,Zeri,124,56,0.45161290322580644
Anivia,Shyvana,95,50,0.5263157894736842
Renata,Skarner,51,21,0.4117647058823529
Akshan,Riven,153,65,0.42483660130718953
TahmKench,Zac,170,79,0.4647058823529412
Fizz,Xayah,253,121,0.4782608695652174
Belveth,Rell,91,40,0.43956043956043955
Belveth,Samira,132,72,0.5454545454545454
Aurora,Talon,129,52,0.40310077519379844
Belveth,MonkeyKing,58,26,0.4482758620689655
FiddleSticks,Lissandra,101,53,0.5247524752475248
Belveth,Karma,137,67,0.48905109489051096
Aurora,Nilah,105,45,0.42857142857142855
Leblanc,Nocturne,185,86,0.4648648648648649
Gwen,Yunara,372,173,0.4650537634408602
Khazix,Taric,100,51,0.51
Graves,Ryze,193,87,0.45077720207253885
JarvanIV,Khazix,58,29,0.5
Akali,Qiyana,162,61,0.3765432098765432
Evelynn,Skarner,39,19,0.48717948717948717
Karthus,Qiyana,94,41,0.43617021276595747
KogMaw,Tryndamere,149,75,0.5033557046979866
Qiyana,Tryndamere,112,42,0.375
Akshan,TwistedFate,114,50,0.43859649122807015
Akshan,Zeri,110,45,0.4090909090909091
Maokai,TwistedFate,180,86,0.4777777777777778
RekSai,Zyra,82,44,0.5365853658536586
LeeSin,Olaf,116,59,0.5086206896551724
Jax,Zeri,245,136,0.5551020408163265
FiddleSticks,Kennen,121,60,0.49586776859504134
Kennen,Leblanc,108,43,0.39814814814814814
Naafiri,Renekton,156,74,0.47435897435897434
Janna,Viktor,164,68,0.4146341463414634
Rumble,Sejuani,86,42,0.4883720930232558
Rumble,Zeri,82,42,0.5121951219512195
Ambessa,Darius,207,103,0.4975845410628019
Hecarim,Heimerdinger,152,74,0.4868421052631579
Heimerdinger,Lissandra,95,44,0.4631578947368421
Karthus,Lissandra,87,40,0.45977011494252873
Lissandra,Xayah,143,77,0.5384615384615384
Anivia,Skarner,59,22,0.3728813559322034
Skarner,Zeri,68,30,0.4411764705882353
Ryze,Sylas,205,106,0.5170731707317073
Lissandra,Talon,87,44,0.5057471264367817
Ekko,Elise,129,67,0.5193798449612403
Ekko,Ivern,111,54,0.4864864864864865
Ivern,Vex,91,48,0.5274725274725275
Cassiopeia,Neeko,100,46,0.46
Cassiopeia,Ryze,68,30,0.4411764705882353
Gwen,Vex,202,87,0.4306930693069307
Jayce,Lillia,185,95,0.5135135135135135
XinZhao,Zac,145,71,0.4896551724137931
Cassiopeia,Nunu,96,53,0.5520833333333334
Rell,Smolder,281,127,0.45195729537366547
Lissandra,Qiyana,68,23,0.3382352941176471
Bard,Sona,97,45,0.4639175257731959
Lulu,Zyra,141,67,0.475177304964539
Rumble,Syndra,101,48,0.4752475247524752
LeeSin,MonkeyKing,117,58,0.49572649572649574
Anivia,Elise,74,38,0.5135135135135135
LeeSin,LeeSin,17,8,0.47058823529411764
Singed,Soraka,221,131,0.5927601809954751
Irelia,Nilah,131,67,0.5114503816793893
Nilah,Udyr,98,54,0.5510204081632653
Elise,Kayn,100,45,0.45
Elise,Taric,62,27,0.43548387096774194
Lissandra,Zed,130,67,0.5153846153846153
Kindred,Riven,162,76,0.4691358024691358
Malzahar,Riven,327,150,0.45871559633027525
Elise,Lulu,126,69,0.5476190476190477
KSante,Olaf,59,23,0.3898305084745763
Olaf,Ziggs,139,91,0.6546762589928058
Gangplank,Gragas,99,43,0.43434343434343436
Gangplank,Urgot,85,41,0.4823529411764706
Bard,Karthus,152,69,0.45394736842105265
Rell,Singed,143,74,0.5174825174825175
Briar,Heimerdinger,255,144,0.5647058823529412
KSante,Yuumi,125,57,0.456
Braum,Samira,130,54,0.4153846153846154
Azir,RekSai,65,21,0.3230769230769231
Gragas,RekSai,61,27,0.4426229508196721
Ornn,Zeri,141,70,0.49645390070921985
Aphelios,Kassadin,121,52,0.4297520661157025
Draven,Poppy,191,109,0.5706806282722513
Neeko,Shyvana,108,56,0.5185185185185185
Malzahar,Syndra,137,70,0.5109489051094891
Rell,Zilean,52,19,0.36538461538461536
Naafiri,Zeri,129,68,0.5271317829457365
Renata,Yuumi,46,17,0.3695652173913043
Gnar,Riven,52,22,0.4230769230769231
Karma,Leona,161,77,0.4782608695652174
Leblanc,Naafiri,164,80,0.4878048780487805
Leblanc,Zeri,132,64,0.48484848484848486
Aurora,Elise,94,33,0.35106382978723405
Aurora,KSante,122,54,0.4426229508196721
Evelynn,Yuumi,152,69,0.45394736842105265
Bard,Rakan,54,25,0.46296296296296297
Bard,Skarner,92,39,0.42391304347826086
Samira,Xayah,76,38,0.5
Orianna,TahmKench,223,91,0.4080717488789238
Orianna,Viktor,69,26,0.37681159420289856
Braum,Skarner,72,30,0.4166666666666667
Aphelios,Samira,60,21,0.35
Milio,Yuumi,72,25,0.3472222222222222
Illaoi,Jax,225,129,0.5733333333333334
Illaoi,Rakan,108,52,0.48148148148148145
Nilah,Rammus,90,50,0.5555555555555556
Akali,Rumble,121,52,0.4297520661157025
Corki,Hecarim,79,39,0.4936708860759494
Gwen,Ornn,192,81,0.421875
Quinn,Xayah,142,66,0.4647887323943662
Taliyah,Yuumi,112,46,0.4107142857142857
Alistar,Neeko,116,54,0.46551724137931033
Quinn,Sejuani,72,36,0.5
Aatrox,Ryze,218,115,0.5275229357798165
Trundle,TwistedFate,225,112,0.49777777777777776
Jayce,Veigar,247,116,0.46963562753036436
Blitzcrank,Poppy,184,83,0.45108695652173914
Rengar,Skarner,39,16,0.41025641025641024
Skarner,Yone,140,72,0.5142857142857142
Nasus,Qiyana,143,68,0.4755244755244755
Qiyana,Zyra,173,87,0.5028901734104047
Anivia,Kassadin,61,32,0.5245901639344263
Kassadin,Seraphine,138,62,0.4492753623188406
Kindred,Kled,90,51,0.5666666666666667
Kled,Seraphine,123,59,0.4796747967479675
Alistar,Janna,63,21,0.3333333333333333
Galio,Orianna,140,81,0.5785714285714286
Belveth,Xayah,95,45,0.47368421052631576
Fiora,Urgot,77,42,0.5454545454545454
Sejuani,XinZhao,80,38,0.475
Talon,Yasuo,234,112,0.47863247863247865
Poppy,Taliyah,113,50,0.4424778761061947
Caitlyn,Zeri,113,49,0.4336283185840708
Braum,Taric,62,21,0.3387096774193548
Ryze,Sett,325,177,0.5446153846153846
AurelionSol,Leblanc,119,43,0.36134453781512604
FiddleSticks,Riven,197,99,0.5025380710659898
Nautilus,Qiyana,258,130,0.5038759689922481
Riven,Riven,18,8,0.4444444444444444
Evelynn,JarvanIV,52,19,0.36538461538461536
Diana,Skarner,80,38,0.475
Fiora,Irelia,83,34,0.40963855421686746
Fiora,Zac,108,60,0.5555555555555556
Irelia,Skarner,72,36,0.5
LeeSin,Skarner,61,29,0.47540983606557374
Skarner,Zac,48,14,0.2916666666666667
Gnar,Zeri,80,43,0.5375
Nidalee,Taliyah,69,31,0.4492753623188406
Ambessa,Urgot,88,54,0.6136363636363636
Riven,Rumble,89,43,0.48314606741573035
Rumble,TahmKench,119,51,0.42857142857142855
Belveth,Yunara,168,78,0.4642857142857143
Heimerdinger,Viktor,151,77,0.5099337748344371
Fiora,Volibear,204,90,0.4411764705882353
Draven,Jhin,128,60,0.46875
Akshan,Kindred,117,51,0.4358974358974359
Kindred,Nilah,106,43,0.4056603773584906
Kindred,Rengar,59,20,0.3389830508474576
Amumu,Nocturne,109,51,0.46788990825688076
Nocturne,Zed,217,107,0.4930875576036866
Fiora,Samira,166,81,0.4879518072289157
Shaco,Shaco,54,25,0.46296296296296297
Bard,XinZhao,223,108,0.484304932735426
Leona,Poppy,189,86,0.455026455026455
Ornn,Vladimir,187,82,0.4385026737967914
Leblanc,Taric,113,47,0.415929203539823
Fizz,KogMaw,185,103,0.5567567567567567
Graves,Kled,92,43,0.4673913043478261
Kled,Ryze,54,35,0.6481481481481481
Akshan,Xerath,164,84,0.5121951219512195
Fiora,Lillia,177,83,0.4689265536723164
Chogath,Irelia,243,116,0.4773662551440329
Aphelios,Yunara,94,32,0.3404255319148936
Ekko,Tryndamere,287,143,0.49825783972125437
Aatrox,Rengar,233,127,0.5450643776824035
Heimerdinger,Taric,93,53,0.5698924731182796
Ahri,Lissandra,125,74,0.592
Gangplank,Rell,101,41,0.40594059405940597
Rell,Urgot,125,66,0.528
DrMundo,Ornn,263,125,0.4752851711026616
Draven,Mordekaiser,384,194,0.5052083333333334
Jax,MonkeyKing,226,115,0.5088495575221239
KogMaw,Renekton,144,77,0.5347222222222222
Elise,FiddleSticks,54,21,0.3888888888888889
Elise,MasterYi,110,50,0.45454545454545453
Elise,Udyr,70,31,0.44285714285714284
FiddleSticks,Zyra,216,111,0.5138888888888888
Soraka,Zyra,146,86,0.589041095890411
Elise,Graves,87,38,0.4367816091954023
Elise,Heimerdinger,90,51,0.5666666666666667
Elise,Veigar,191,95,0.4973821989528796
Kennen,XinZhao,139,75,0.539568345323741
Gragas,Rumble,74,34,0.4594594594594595
Lulu,Rengar,207,83,0.40096618357487923
Braum,Kennen,101,49,0.48514851485148514
Evelynn,Lissandra,67,29,0.43283582089552236
Lissandra,Maokai,103,58,0.5631067961165048
Lissandra,Neeko,111,53,0.4774774774774775
KSante,Skarner,46,22,0.4782608695652174
Pyke,Skarner,119,46,0.3865546218487395
Rumble,Trundle,104,49,0.47115384615384615
Kassadin,Malzahar,81,43,0.5308641975308642
Soraka,Zac,191,92,0.4816753926701571
Orianna,Udyr,123,66,0.5365853658536586
Brand,Cassiopeia,152,82,0.5394736842105263
Cassiopeia,Janna,84,40,0.47619047619047616
Cassiopeia,TahmKench,123,52,0.42276422764227645
Amumu,Nunu,153,73,0.477124183006536
Gwen,Nunu,183,80,0.4371584699453552
Sivir,Xayah,118,56,0.4745762711864407
Aurora,Lissandra,59,25,0.423728813559322
Aurora,Rammus,112,57,0.5089285714285714
Nunu,Rammus,78,39,0.5
Rammus,Zeri,100,53,0.53
Gnar,Neeko,139,59,0.4244604316546763
Fiora,Vi,151,81,0.5364238410596026
Renata,Sion,148,68,0.4594594594594595
FiddleSticks,Kassadin,83,28,0.3373493975903614
Galio,Kassadin,94,50,0.5319148936170213
Heimerdinger,Renekton,116,66,0.5689655172413793
KogMaw,Ryze,140,73,0.5214285714285715
Ivern,Urgot,90,45,0.5
AurelionSol,Kassadin,54,26,0.48148148148148145
Janna,Seraphine,108,54,0.5
Karthus,Poppy,140,66,0.4714285714285714
Ivern,Nasus,127,62,0.4881889763779528
Jayce,Sejuani,83,43,0.5180722891566265
Kennen,Rammus,88,40,0.45454545454545453
Akshan,Shen,197,92,0.467005076142132
Elise,Shaco,113,35,0.30973451327433627
Annie,Yone,207,124,0.5990338164251208
Alistar,Ekko,226,107,0.47345132743362833
Nidalee,Shaco,192,88,0.4583333333333333
Tryndamere,Zeri,131,59,0.45038167938931295
Akshan,Fizz,100,53,0.53
Akshan,Ryze,102,46,0.45098039215686275
Nidalee,Ryze,126,57,0.4523809523809524
Kennen,Vex,96,49,0.5104166666666666
Rakan,Zyra,82,38,0.4634146341463415
Ivern,Karthus,67,39,0.582089552238806
Nunu,Vladimir,203,101,0.4975369458128079
Neeko,TahmKench,198,93,0.4696969696969697
Aurora,Irelia,155,85,0.5483870967741935
Aurora,Taric,97,47,0.4845360824742268
KogMaw,Shyvana,88,45,0.5113636363636364
Maokai,Shyvana,93,51,0.5483870967741935
Leblanc,Shen,225,113,0.5022222222222222
Anivia,Leona,223,118,0.5291479820627802
Corki,Shyvana,80,37,0.4625
Kassadin,Sejuani,98,57,0.5816326530612245
Renata,Shyvana,66,35,0.5303030303030303
Renata,Warwick,190,101,0.531578947368421
Sejuani,Warwick,132,73,0.553030303030303
Qiyana,Vladimir,150,70,0.4666666666666667
Belveth,MasterYi,88,31,0.3522727272727273
Evelynn,MasterYi,101,51,0.504950495049505
Nocturne,Qiyana,87,36,0.41379310344827586
Quinn,Riven,88,34,0.38636363636363635
Azir,FiddleSticks,105,48,0.45714285714285713
Azir,Pyke,204,92,0.45098039215686275
Azir,TwistedFate,80,29,0.3625
Azir,Yuumi,128,51,0.3984375
Corki,Kennen,99,44,0.4444444444444444
Corki,Taric,72,35,0.4861111111111111
Riven,Taric,99,51,0.5151515151515151
Shyvana,Vi,81,45,0.5555555555555556
Shyvana,Vex,83,43,0.5180722891566265
Maokai,Yuumi,138,56,0.4057971014492754
Draven,Lucian,99,38,0.3838383838383838
Gragas,Renata,100,57,0.57
Kayn,Rammus,101,52,0.5148514851485149
KSante,Xayah,133,48,0.3609022556390977
Rakan,Udyr,127,62,0.4881889763779528
KSante,Kled,43,15,0.3488372093023256
Kassadin,Naafiri,73,29,0.3972602739726027
Kassadin,Xayah,119,53,0.44537815126050423
Kled,Naafiri,69,38,0.5507246376811594
Annie,Camille,82,41,0.5
Annie,Lulu,159,64,0.4025157232704403
Camille,Graves,119,63,0.5294117647058824
Lulu,Singed,212,102,0.4811320754716981
Janna,RekSai,54,24,0.4444444444444444
Aphelios,Maokai,167,96,0.5748502994011976
Ahri,Nilah,247,129,0.5222672064777328
Ivern,Zoe,106,51,0.4811320754716981
Anivia,Lillia,166,83,0.5
Anivia,TwistedFate,124,56,0.45161290322580644
Syndra,Talon,121,52,0.4297520661157025
JarvanIV,KogMaw,175,103,0.5885714285714285
Gragas,KSante,75,25,0.3333333333333333
Irelia,Ornn,129,56,0.43410852713178294
Lillia,Tryndamere,215,130,0.6046511627906976
Milio,Poppy,140,70,0.5
Nilah,Poppy,121,69,0.5702479338842975
Nilah,Tryndamere,110,60,0.5454545454545454
Nilah,Zed,155,84,0.5419354838709678
Janna,XinZhao,161,86,0.5341614906832298
LeeSin,Viego,120,61,0.5083333333333333
Viego,XinZhao,137,70,0.5109489051094891
Kayn,Rengar,112,51,0.45535714285714285
Nilah,Nunu,121,67,0.5537190082644629
Nilah,Olaf,60,28,0.4666666666666667
Nunu,Olaf,117,66,0.5641025641025641
Olaf,Quinn,69,34,0.4927536231884058
Zac,Zilean,123,51,0.4146341463414634
Amumu,Gnar,202,101,0.5
Azir,Zeri,105,47,0.44761904761904764
Khazix,Talon,86,31,0.36046511627906974
Chogath,Qiyana,202,90,0.44554455445544555
Qiyana,Zoe,114,42,0.3684210526315789
Amumu,FiddleSticks,180,101,0.5611111111111111
Jayce,Kennen,105,42,0.4
Bard,Blitzcrank,131,69,0.5267175572519084
Karma,Kled,103,58,0.5631067961165048
Kled,Trundle,80,36,0.45
Olaf,Zilean,103,67,0.6504854368932039
Skarner,Zilean,74,30,0.40540540540540543
Fizz,KSante,132,62,0.4696969696969697
Fizz,Kalista,105,54,0.5142857142857142
KSante,Kalista,66,31,0.4696969696969697
Hwei,Sejuani,127,61,0.48031496062992124
Janna,Quinn,98,48,0.4897959183673469
Akshan,Gnar,96,45,0.46875
Gnar,Sion,95,47,0.49473684210526314
Yunara,Yuumi,341,170,0.49853372434017595
Lucian,Yunara,118,53,0.4491525423728814
Anivia,Azir,51,21,0.4117647058823529
Azir,Rengar,95,32,0.3368421052631579
FiddleSticks,Nilah,116,66,0.5689655172413793
FiddleSticks,Talon,122,63,0.5163934426229508
Renata,Talon,89,37,0.4157303370786517
Soraka,Soraka,25,9,0.36
Evelynn,Udyr,59,29,0.4915254237288136
Mel,Renata,189,88,0.4656084656084656
Braum,Irelia,197,97,0.49238578680203043
Irelia,Sejuani,145,69,0.47586206896551725
Irelia,Taliyah,98,44,0.4489795918367347
Nautilus,Sejuani,179,83,0.46368715083798884
Neeko,Sejuani,135,71,0.5259259259259259
Rammus,Sejuani,63,37,0.5873015873015873
Evelynn,Swain,213,102,0.4788732394366197
Lulu,Nami,91,43,0.4725274725274725
Rumble,Samira,105,57,0.5428571428571428
DrMundo,Sejuani,188,93,0.4946808510638298
Amumu,Talon,168,98,0.5833333333333334
LeeSin,Talon,115,54,0.46956521739130436
Aatrox,Renekton,110,55,0.5
Graves,Renekton,196,104,0.5306122448979592
Neeko,Qiyana,174,59,0.3390804597701149
Aphelios,Lucian,92,49,0.532608695652174
Lissandra,Yone,159,87,0.5471698113207547
Neeko,Vladimir,199,105,0.5276381909547738
Anivia,Vladimir,109,59,0.5412844036697247
Lulu,Nunu,242,117,0.4834710743801653
Ambessa,Olaf,89,50,0.5617977528089888
Twitch,Yunara,168,80,0.47619047619047616
Rengar,Udyr,70,34,0.4857142857142857
Sona,Zilean,77,43,0.5584415584415584
Bard,Yuumi,68,22,0.3235294117647059
Bard,Zilean,103,48,0.46601941747572817
Irelia,Vi,206,103,0.5
Draven,Kassadin,98,46,0.46938775510204084
Ivern,Varus,134,61,0.4552238805970149
Elise,Xayah,126,55,0.4365079365079365
Evelynn,Taliyah,70,31,0.44285714285714284
Taliyah,Trundle,122,58,0.47540983606557374
Taliyah,Vi,106,56,0.5283018867924528
Ezreal,Kalista,92,41,0.44565217391304346
Aurora,Fiora,135,73,0.5407407407407407
Shyvana,Soraka,119,63,0.5294117647058824
Udyr,Yorick,146,80,0.547945205479452
Ryze,Singed,157,88,0.5605095541401274
Kindred,Yone,320,143,0.446875
KSante,Leona,186,92,0.4946236559139785
Gnar,Tristana,171,78,0.45614035087719296
Fiora,Kalista,65,26,0.4
Kalista,Warwick,140,72,0.5142857142857142
MonkeyKing,Nasus,171,88,0.5146198830409356
Fiora,Rengar,116,54,0.46551724137931033
Akshan,Elise,104,44,0.4230769230769231
Kalista,Nunu,121,52,0.4297520661157025
Maokai,Talon,129,63,0.4883720930232558
Elise,KogMaw,79,39,0.4936708860759494
Elise,Lillia,78,34,0.4358974358974359
KogMaw,Lux,419,218,0.5202863961813843
Camille,Mel,263,127,0.4828897338403042
Belveth,Ekko,103,54,0.5242718446601942
Belveth,Singed,129,65,0.5038759689922481
Belveth,Udyr,72,36,0.5
Gragas,Singed,138,65,0.47101449275362317
Nocturne,XinZhao,96,47,0.4895833333333333
Olaf,Poppy,100,57,0.57
Olaf,XinZhao,145,84,0.5793103448275863
Hecarim,Qiyana,77,31,0.4025974025974026
Gnar,Kassadin,63,32,0.5079365079365079
Kalista,Milio,94,55,0.5851063829787234
Heimerdinger,Ziggs,210,114,0.5428571428571428
Akali,Kassadin,69,31,0.4492753623188406
Orianna,Zeri,135,65,0.48148148148148145
Alistar,XinZhao,210,107,0.5095238095238095
RekSai,Zaahen,103,48,0.46601941747572817
Riven,Zac,142,64,0.4507042253521127
Lissandra,Zac,104,51,0.49038461538461536
Brand,Taric,186,110,0.5913978494623656
Draven,Lissandra,106,55,0.5188679245283019
Brand,Kled,138,77,0.5579710144927537
Elise,Illaoi,99,49,0.494949494949495
KogMaw,Orianna,170,90,0.5294117647058824
Darius,Renata,173,85,0.4913294797687861
Ezreal,Renata,188,80,0.425531914893617
Diana,Kled,140,66,0.4714285714285714
Jax,Kled,94,43,0.4574468085106383
Kennen,Naafiri,98,44,0.4489795918367347
Naafiri,Skarner,70,26,0.37142857142857144
Skarner,Vex,61,31,0.5081967213114754
Nami,Rell,75,39,0.52
TwistedFate,Urgot,208,106,0.5096153846153846
FiddleSticks,Nidalee,131,55,0.4198473282442748
Alistar,Yorick,158,80,0.5063291139240507
TwistedFate,Yorick,200,100,0.5
Camille,FiddleSticks,103,59,0.5728155339805825
Amumu,Elise,92,47,0.5108695652173914
Ambessa,KogMaw,157,86,0.5477707006369427
Cassiopeia,Illaoi,71,39,0.5492957746478874
Illaoi,Olaf,91,57,0.6263736263736264
Belveth,Corki,72,31,0.4305555555555556
Belveth,FiddleSticks,81,45,0.5555555555555556
Belveth,Lissandra,62,29,0.46774193548387094
Corki,Lucian,108,52,0.48148148148148145
Qiyana,Zeri,102,35,0.3431372549019608
MonkeyKing,Rengar,82,39,0.47560975609756095
Belveth,Irelia,106,48,0.4528301886792453
Lulu,Pyke,129,45,0.3488372093023256
Olaf,Syndra,119,60,0.5042016806722689
Amumu,Rengar,113,52,0.46017699115044247
Anivia,Maokai,168,74,0.44047619047619047
Gangplank,Zed,186,74,0.3978494623655914
Sejuani,Talon,83,35,0.42168674698795183
Garen,Gnar,99,51,0.5151515151515151
Pyke,Pyke,40,12,0.3
Cassiopeia,Xayah,122,54,0.4426229508196721
Fiora,Rell,109,44,0.4036697247706422
Hwei,Poppy,217,114,0.5253456221198156
Draven,Kled,77,38,0.4935064935064935
Galio,Rumble,129,75,0.5813953488372093
Kled,Ornn,55,16,0.2909090909090909
Rumble,XinZhao,127,61,0.48031496062992124
Bard,Swain,189,94,0.4973544973544973
MonkeyKing,Rell,121,59,0.48760330578512395
Kassadin,Rumble,44,28,0.6363636363636364
MasterYi,MonkeyKing,157,75,0.47770700636942676
MonkeyKing,Zac,101,64,0.6336633663366337
Belveth,Zeri,76,32,0.42105263157894735
KogMaw,MissFortune,181,88,0.4861878453038674
LeeSin,Naafiri,120,60,0.5
Sion,Urgot,180,92,0.5111111111111111
Braum,Fiora,116,47,0.4051724137931034
Fiora,Lissandra,85,38,0.4470588235294118
Qiyana,Vex,97,48,0.4948453608247423
Elise,Evelynn,46,17,0.3695652173913043
Elise,Orianna,89,38,0.42696629213483145
Evelynn,Shen,146,75,0.5136986301369864
Diana,MonkeyKing,234,119,0.5085470085470085
Milio,Naafiri,217,116,0.5345622119815668
Hwei,Kindred,216,108,0.5
Camille,Rell,89,35,0.39325842696629215
Camille,Sivir,144,74,0.5138888888888888
KogMaw,Sejuani,112,50,0.44642857142857145
Ryze,TahmKench,206,97,0.470873786407767
Anivia,Riven,169,76,0.44970414201183434
Alistar,Udyr,162,73,0.4506172839506173
Rakan,Rammus,98,48,0.4897959183673469
AurelionSol,Zoe,115,58,0.5043478260869565
Bard,Fiora,155,78,0.5032258064516129
Fiora,Heimerdinger,99,53,0.5353535353535354
Heimerdinger,Talon,130,69,0.5307692307692308
Ryze,Udyr,130,69,0.5307692307692308
Sejuani,Vi,81,43,0.5308641975308642
Anivia,Taliyah,53,25,0.4716981132075472
Corki,Mordekaiser,238,131,0.5504201680672269
Gragas,Lissandra,87,39,0.4482758620689655
Fizz,Zoe,116,59,0.5086206896551724
Zed,Zoe,215,89,0.413953488372093
Kayle,Udyr,195,106,0.5435897435897435
Azir,Sona,138,71,0.5144927536231884
Fizz,Fizz,25,11,0.44
Aphelios,Zeri,53,25,0.4716981132075472
Hecarim,Zeri,129,58,0.4496124031007752
Ambessa,Trundle,173,70,0.4046242774566474
Gwen,Heimerdinger,136,65,0.47794117647058826
Kennen,Ziggs,109,46,0.42201834862385323
Katarina,Kindred,214,98,0.45794392523364486
Alistar,Zeri,128,60,0.46875
Taric,Zeri,83,35,0.42168674698795183
Nasus,TahmKench,262,137,0.5229007633587787
Maokai,Shen,142,80,0.5633802816901409
Nilah,Talon,84,28,0.3333333333333333
Nilah,Taric,82,41,0.5
Taric,Veigar,220,100,0.45454545454545453
Poppy,Poppy,20,7,0.35
Braum,Ziggs,155,73,0.47096774193548385
Aurora,Corki,110,52,0.4727272727272727
Aurora,Ekko,181,78,0.430939226519337
Fizz,Zac,139,51,0.3669064748201439
Corki,Quinn,83,42,0.5060240963855421
Khazix,Urgot,166,81,0.4879518072289157
Bard,Velkoz,144,69,0.4791666666666667
Kalista,Qiyana,60,17,0.2833333333333333
Corki,Orianna,117,59,0.5042735042735043
Karma,Lissandra,141,68,0.48226950354609927
Lissandra,Taric,72,39,0.5416666666666666
Nidalee,Olaf,94,55,0.5851063829787234
Jayce,Nasus,100,46,0.46
Anivia,AurelionSol,117,54,0.46153846153846156
Belveth,Neeko,128,64,0.5
Kennen,Lillia,109,49,0.44954128440366975
Kennen,Nunu,135,72,0.5333333333333333
Kennen,Vayne,217,102,0.4700460829493088
Camille,Udyr,95,49,0.5157894736842106
Alistar,LeeSin,218,97,0.44495412844036697
Elise,Senna,171,79,0.4619883040935672
Kindred,Nocturne,60,29,0.48333333333333334
Kindred,Shyvana,72,40,0.5555555555555556
Nocturne,Shyvana,44,21,0.4772727272727273
Illaoi,JarvanIV,167,74,0.4431137724550898
Graves,Shen,228,110,0.4824561403508772
RekSai,Tryndamere,58,29,0.5
Cassiopeia,Yorick,107,60,0.5607476635514018
Fiora,Rakan,108,49,0.4537037037037037
Hecarim,Rakan,108,41,0.37962962962962965
Kassadin,Yuumi,108,42,0.3888888888888889
Heimerdinger,Maokai,184,100,0.5434782608695652
Singed,Syndra,189,101,0.5343915343915344
Anivia,Nocturne,170,78,0.4588235294117647
Ornn,Urgot,123,67,0.5447154471544715
Azir,Leblanc,63,23,0.36507936507936506
Kalista,Kled,40,14,0.35
Kalista,Thresh,217,91,0.41935483870967744
Taric,Yorick,130,67,0.5153846153846153
Akshan,Akshan,18,8,0.4444444444444444
Gnar,Renekton,42,18,0.42857142857142855
Gnar,Swain,199,117,0.5879396984924623
Renekton,Singed,101,56,0.5544554455445545
Seraphine,Taric,80,43,0.5375
Anivia,Cassiopeia,77,31,0.4025974025974026
Anivia,Velkoz,150,78,0.52
Elise,Velkoz,94,37,0.39361702127659576
Nunu,Poppy,171,91,0.5321637426900585
Maokai,Riven,149,79,0.5302013422818792
Maokai,Ryze,128,69,0.5390625
Aurora,Nidalee,159,73,0.4591194968553459
Kled,Varus,103,41,0.39805825242718446
Sivir,Viktor,241,119,0.49377593360995853
Akshan,Poppy,150,72,0.48
Rell,TwistedFate,139,54,0.38848920863309355
Talon,Udyr,132,65,0.49242424242424243
Gragas,Qiyana,97,48,0.4948453608247423
Karma,Talon,209,105,0.5023923444976076
Draven,Rengar,194,90,0.4639175257731959
Talon,Viktor,153,72,0.47058823529411764
Rakan,Urgot,130,65,0.5
Aurora,Sion,234,117,0.5
Aatrox,Bard,287,132,0.45993031358885017
Hwei,Viktor,119,54,0.453781512605042
Gnar,Soraka,133,57,0.42857142857142855
Nautilus,Renata,94,43,0.4574468085106383
Olaf,Shaco,179,104,0.5810055865921788
Alistar,Kassadin,103,38,0.36893203883495146
Azir,Hecarim,106,39,0.36792452830188677
Swain,Zilean,162,99,0.6111111111111112
Belveth,Zac,66,28,0.42424242424242425
Olaf,Vex,134,72,0.5373134328358209
Vex,Zac,125,67,0.536
Khazix,Udyr,81,35,0.43209876543209874
Ekko,Evelynn,112,54,0.48214285714285715
Alistar,Rumble,103,53,0.5145631067961165
Belveth,Vi,56,28,0.5
Graves,Qiyana,108,52,0.48148148148148145
Jinx,Qiyana,376,196,0.5212765957446809
Ambessa,AurelionSol,201,109,0.5422885572139303
Kassadin,Ziggs,74,32,0.43243243243243246
Sejuani,TahmKench,114,56,0.49122807017543857
Corki,Yuumi,91,43,0.4725274725274725
Gnar,Syndra,137,59,0.4306569343065693
Gnar,Ziggs,125,51,0.408
Kalista,Nidalee,75,30,0.4
Kalista,Zoe,79,32,0.4050632911392405
Nilah,Urgot,106,51,0.4811320754716981
Nilah,Varus,73,35,0.4794520547945205
Kalista,Singed,96,47,0.4895833333333333
Corki,Khazix,122,61,0.5
Khazix,Rakan,152,72,0.47368421052631576
Corki,Nasus,158,81,0.5126582278481012
Aphelios,Karthus,139,75,0.539568345323741
Graves,Kennen,134,57,0.4253731343283582
Graves,XinZhao,117,67,0.5726495726495726
Graves,Khazix,63,24,0.38095238095238093
KogMaw,Soraka,206,114,0.5533980582524272
Kayn,XinZhao,163,76,0.4662576687116564
Katarina,TwistedFate,141,60,0.425531914893617
Udyr,Zeri,124,62,0.5
Sejuani,Zoe,100,51,0.51
Yuumi,Ziggs,177,85,0.480225988700565
Skarner,Velkoz,116,61,0.5258620689655172
Braum,Ornn,193,84,0.43523316062176165
Braum,TahmKench,109,48,0.44036697247706424
Braum,Zilean,67,36,0.5373134328358209
Ornn,Shen,151,66,0.4370860927152318
TahmKench,Zilean,118,62,0.5254237288135594
Azir,Skarner,60,31,0.5166666666666667
Gragas,Malphite,185,83,0.4486486486486487
Nocturne,Nunu,77,38,0.4935064935064935
RekSai,Renekton,47,18,0.3829787234042553
Brand,Brand,75,43,0.5733333333333334
Kennen,Renekton,82,45,0.5487804878048781
Akali,Ryze,102,40,0.39215686274509803
Aphelios,Kalista,47,21,0.44680851063829785
Elise,Vladimir,110,43,0.39090909090909093
Quinn,Zeri,95,47,0.49473684210526314
Gragas,Kennen,96,47,0.4895833333333333
Kassadin,Nilah,64,35,0.546875
Anivia,Vex,93,48,0.5161290322580645
Sivir,Vex,225,111,0.49333333333333335
Evelynn,KSante,84,34,0.40476190476190477
Fiora,XinZhao,168,85,0.5059523809523809
Quinn,Talon,102,53,0.5196078431372549
Belveth,Lillia,52,30,0.5769230769230769
Lillia,Rengar,88,30,0.3409090909090909
Naafiri,Taliyah,84,41,0.4880952380952381
KogMaw,RekSai,68,31,0.45588235294117646
Annie,Azir,56,31,0.5535714285714286
Kindred,Viego,74,28,0.3783783783783784
Kassadin,Sion,153,80,0.5228758169934641
Galio,Sejuani,137,75,0.5474452554744526
Kalista,Yorick,91,44,0.4835164835164835
Shyvana,Syndra,123,59,0.4796747967479675
Leona,Rakan,65,35,0.5384615384615384
Khazix,LeeSin,86,27,0.313953488372093
Rell,Zoe,109,43,0.3944954128440367
Ambessa,Irelia,139,58,0.4172661870503597
Udyr,Vladimir,179,81,0.45251396648044695
Anivia,Nilah,95,55,0.5789473684210527
KSante,Rengar,108,43,0.39814814814814814
Maokai,Ornn,155,75,0.4838709677419355
Milio,Shyvana,151,80,0.5298013245033113
Rakan,Smolder,312,144,0.46153846153846156
Janna,Kled,67,29,0.43283582089552236
Gragas,Rengar,146,73,0.5
Ivern,Singed,128,66,0.515625
Aatrox,Belveth,134,60,0.44776119402985076
Akshan,Olaf,97,51,0.5257731958762887
Aphelios,Sejuani,125,59,0.472
Milio,Sejuani,140,72,0.5142857142857142
Kassadin,Varus,133,58,0.43609022556390975
Sejuani,Singed,127,68,0.5354330708661418
Draven,Evelynn,124,66,0.532258064516129
Renata,Renekton,110,54,0.4909090909090909
Fiora,Khazix,157,77,0.49044585987261147
Khazix,Qiyana,88,34,0.38636363636363635
Lucian,Samira,97,48,0.4948453608247423
Nidalee,Rengar,101,45,0.44554455445544555
Nidalee,Singed,138,71,0.5144927536231884
Fizz,Lissandra,67,26,0.3880597014925373
Corki,Vladimir,136,62,0.45588235294117646
Annie,Vex,102,57,0.5588235294117647
JarvanIV,JarvanIV,8,4,0.5
Gragas,Nilah,83,42,0.5060240963855421
Garen,Nilah,219,117,0.5342465753424658
Maokai,Nilah,96,48,0.5
Garen,Garen,48,27,0.5625
Nunu,Rengar,98,37,0.37755102040816324
Kennen,Zeri,87,45,0.5172413793103449
Gnar,Urgot,56,27,0.48214285714285715
Nidalee,Urgot,152,67,0.4407894736842105
Rakan,Zoe,113,54,0.4778761061946903
Gnar,Janna,88,39,0.4431818181818182
Gnar,KogMaw,98,51,0.5204081632653061
Ivern,KogMaw,80,45,0.5625
Ambessa,Rakan,159,76,0.4779874213836478
Fizz,Rakan,178,87,0.4887640449438202
Hecarim,Rumble,86,34,0.3953488372093023
Nasus,Rumble,100,57,0.57
Rumble,Viktor,100,49,0.49
Aurora,Yone,230,110,0.4782608695652174
Skarner,Ziggs,64,27,0.421875
Elise,Sejuani,56,29,0.5178571428571429
Rakan,Sejuani,86,44,0.5116279069767442
Ryze,Zed,195,94,0.48205128205128206
Nilah,Tristana,81,43,0.5308641975308642
Illaoi,Riven,104,49,0.47115384615384615
Naafiri,Nilah,93,48,0.5161290322580645
Ivern,Kindred,58,29,0.5
Nocturne,Udyr,85,39,0.4588235294117647
Elise,Xerath,108,40,0.37037037037037035
Kled,Swain,132,64,0.48484848484848486
Leblanc,Renata,89,36,0.4044943820224719
Kalista,Lulu,85,38,0.4470588235294118
Annie,Taric,101,50,0.49504950495049505
Annie,Zoe,74,41,0.5540540540540541
Braum,Sona,70,36,0.5142857142857142
Braum,Qiyana,126,56,0.4444444444444444
Kennen,Qiyana,85,39,0.4588235294117647
KSante,Nasus,67,26,0.3880597014925373
Ryze,Veigar,179,95,0.5307262569832403
Ryze,Taric,94,47,0.5
Fiora,Gwen,89,50,0.5617977528089888
Azir,Orianna,54,24,0.4444444444444444
Azir,Ornn,158,62,0.3924050632911392
Olaf,Orianna,118,62,0.5254237288135594
Chogath,KSante,111,57,0.5135135135135135
Kassadin,MasterYi,148,65,0.4391891891891892
Lissandra,Viktor,58,28,0.4827586206896552
Camille,Rumble,42,23,0.5476190476190477
Hwei,Kennen,113,58,0.5132743362831859
Akali,TwistedFate,142,50,0.352112676056338
Kennen,Maokai,100,46,0.46
Azir,Syndra,48,15,0.3125
Katarina,Ryze,106,53,0.5
Braum,Yuumi,63,21,0.3333333333333333
Jayce,Yuumi,156,67,0.42948717948717946
Ambessa,Corki,128,68,0.53125
Milio,Zilean,79,42,0.5316455696202531
Renata,Trundle,115,61,0.5304347826086957
Ornn,Talon,161,69,0.42857142857142855
Aatrox,Braum,252,127,0.503968253968254
Darius,Darius,44,14,0.3181818181818182
KSante,Rell,87,38,0.4367816091954023
Cassiopeia,Renata,63,25,0.3968253968253968
Kalista,Kayle,131,68,0.5190839694656488
Kennen,Quinn,67,38,0.5671641791044776
Gragas,Orianna,136,59,0.4338235294117647
Heimerdinger,Irelia,150,77,0.5133333333333333
Camille,Qiyana,72,29,0.4027777777777778
Cassiopeia,MonkeyKing,101,46,0.45544554455445546
Leblanc,Rakan,133,63,0.47368421052631576
Karthus,Rengar,82,39,0.47560975609756095
Gnar,Rumble,49,27,0.5510204081632653
Nidalee,Shyvana,56,28,0.5
Nocturne,Zilean,142,69,0.4859154929577465
FiddleSticks,Sona,158,79,0.5
Nami,Sona,101,49,0.48514851485148514
RekSai,Tristana,106,47,0.44339622641509435
Qiyana,Vi,107,55,0.514018691588785
Poppy,Ziggs,191,99,0.518324607329843
Jayce,Skarner,62,26,0.41935483870967744
Corki,Rammus,89,49,0.550561797752809
Kalista,Neeko,128,72,0.5625
Evelynn,LeeSin,75,34,0.4533333333333333
KSante,RekSai,54,21,0.3888888888888889
Irelia,Rell,144,70,0.4861111111111111
RekSai,XinZhao,65,28,0.4307692307692308
Elise,Zeri,89,44,0.4943820224719101
Yorick,Zeri,138,74,0.5362318840579711
Camille,Gnar,35,15,0.42857142857142855
Jayce,RekSai,50,25,0.5
Renekton,Skarner,83,41,0.4939759036144578
Janna,Soraka,59,25,0.423728813559322
Elise,Urgot,104,60,0.5769230769230769
LeeSin,Nidalee,133,61,0.45864661654135336
Rengar,Vi,98,42,0.42857142857142855
Singed,Sion,224,132,0.5892857142857143
Corki,Poppy,135,64,0.4740740740740741
Illaoi,Ornn,117,51,0.4358974358974359
Pyke,Rell,93,35,0.3763440860215054
Mordekaiser,Rumble,98,52,0.5306122448979592
Rumble,Vayne,179,90,0.5027932960893855
Cassiopeia,Leblanc,69,35,0.5072463768115942
Heimerdinger,Orianna,128,58,0.453125
Sejuani,Xayah,130,56,0.4307692307692308
Evelynn,Sejuani,48,25,0.5208333333333334
Kalista,Vex,81,35,0.43209876543209874
Belveth,Nasus,129,70,0.5426356589147286
Shaco,Vi,186,96,0.5161290322580645
KogMaw,Zilean,128,61,0.4765625
LeeSin,Zilean,187,97,0.5187165775401069
Gnar,Nunu,129,70,0.5426356589147286
Corki,Zac,105,53,0.5047619047619047
Rumble,Taric,69,41,0.5942028985507246
Khazix,Skarner,41,16,0.3902439024390244
Khazix,Vi,82,37,0.45121951219512196
Skarner,Urgot,84,37,0.44047619047619047
FiddleSticks,Thresh,336,172,0.5119047619047619
Anivia,Ivern,90,42,0.4666666666666667
Kled,Veigar,179,93,0.5195530726256983
Singed,TahmKench,219,112,0.5114155251141552
Seraphine,Zac,210,85,0.40476190476190477
Graves,Rumble,113,60,0.5309734513274337
Karthus,Rakan,102,51,0.5
Leblanc,Ryze,98,46,0.46938775510204084
KSante,Syndra,141,66,0.46808510638297873
Ambessa,KSante,90,34,0.37777777777777777
Elise,Leblanc,94,43,0.4574468085106383
Braum,Kassadin,102,45,0.4411764705882353
Camille,Kassadin,58,29,0.5
Rakan,Soraka,55,14,0.2545454545454545
Lissandra,Yorick,109,58,0.5321100917431193
Vi,Vi,36,25,0.6944444444444444
Jayce,Lissandra,88,45,0.5113636363636364
Evelynn,Kayn,90,43,0.4777777777777778
Samira,Zilean,121,69,0.5702479338842975
Skarner,Tryndamere,79,43,0.5443037974683544
JarvanIV,Tryndamere,187,89,0.47593582887700536
Kennen,Tryndamere,91,47,0.5164835164835165
Renekton,Tryndamere,85,44,0.5176470588235295
Aphelios,Nilah,35,17,0.4857142857142857
Samira,Zeri,46,24,0.5217391304347826
Graves,Nocturne,50,21,0.42
KSante,Talon,107,39,0.3644859813084112
Evelynn,Rengar,33,13,0.3939393939393939
Corki,Rell,104,62,0.5961538461538461
Alistar,Leblanc,174,78,0.4482758620689655
Evelynn,Naafiri,117,60,0.5128205128205128
Kalista,Lucian,62,24,0.3870967741935484
Kalista,Skarner,47,20,0.425531914893617
Shyvana,Twitch,163,73,0.44785276073619634
Camille,Trundle,91,39,0.42857142857142855
Camille,Renata,48,24,0.5
Zeri,Zeri,10,3,0.3
Fiora,RekSai,59,25,0.423728813559322
Poppy,RekSai,70,27,0.38571428571428573
Rengar,Rumble,79,31,0.3924050632911392
Rumble,Zyra,109,59,0.5412844036697247
Taliyah,Xerath,107,50,0.4672897196261682
Fiora,TahmKench,148,67,0.4527027027027027
Renekton,Trundle,151,76,0.5033112582781457
Ahri,Kalista,176,99,0.5625
Kalista,Karthus,83,47,0.5662650602409639
Xayah,Xayah,11,4,0.36363636363636365
Belveth,Kindred,50,21,0.42
Kindred,Vi,88,37,0.42045454545454547
Orianna,Xerath,148,72,0.4864864864864865
Belveth,Cassiopeia,52,23,0.4423076923076923
Cassiopeia,Vex,65,28,0.4307692307692308
KSante,Taliyah,79,39,0.4936708860759494
Gwen,Sejuani,110,53,0.4818181818181818
Gangplank,Kassadin,73,38,0.5205479452054794
Kassadin,Leblanc,46,15,0.32608695652173914
Evelynn,Renata,66,33,0.5
Karthus,Rell,115,53,0.4608695652173913
Katarina,Zac,174,74,0.42528735632183906
Aatrox,Skarner,95,45,0.47368421052631576
Nidalee,Poppy,136,63,0.4632352941176471
Braum,Galio,150,72,0.48
Kalista,Varus,65,28,0.4307692307692308
Azir,Morgana,246,112,0.45528455284552843
Leblanc,Orianna,92,40,0.43478260869565216
DrMundo,DrMundo,119,57,0.4789915966386555
Qiyana,Zed,130,52,0.4
Lillia,Talon,152,73,0.48026315789473684
Bard,Naafiri,190,99,0.5210526315789473
Shyvana,Urgot,119,57,0.4789915966386555
Rengar,Shaco,136,55,0.40441176470588236
Ezreal,Gnar,197,94,0.47715736040609136
Corki,Vayne,117,61,0.5213675213675214
FiddleSticks,FiddleSticks,14,7,0.5
Leblanc,Lissandra,69,33,0.4782608695652174
MasterYi,MasterYi,91,50,0.5494505494505495
Camille,Kayle,104,44,0.4230769230769231
Heimerdinger,Kennen,86,38,0.4418604651162791
Ornn,RekSai,79,33,0.4177215189873418
RekSai,Zed,95,44,0.4631578947368421
Heimerdinger,Rumble,85,43,0.5058823529411764
FiddleSticks,Rakan,100,49,0.49
Shen,Taric,116,61,0.5258620689655172
Ekko,Sejuani,134,67,0.5
Jayce,Renekton,81,40,0.49382716049382713
LeeSin,Twitch,344,180,0.5232558139534884
Camille,TahmKench,108,48,0.4444444444444444
Elise,Kled,57,26,0.45614035087719296
Elise,Olaf,45,28,0.6222222222222222
Kled,Olaf,37,24,0.6486486486486487
Alistar,Bard,77,37,0.4805194805194805
TwistedFate,Vex,110,50,0.45454545454545453
Velkoz,Zoe,196,106,0.5408163265306123
Lissandra,Lulu,154,86,0.5584415584415584
KSante,Sejuani,58,23,0.39655172413793105
Akshan,Braum,153,80,0.5228758169934641
Renata,Xayah,136,60,0.4411764705882353
Jayce,Renata,89,42,0.47191011235955055
TahmKench,TahmKench,48,19,0.3958333333333333
Corki,Varus,96,45,0.46875
AurelionSol,Gragas,122,53,0.4344262295081967
Kalista,Viktor,99,51,0.5151515151515151
Aatrox,Gnar,81,40,0.49382716049382713
Aatrox,Kled,53,23,0.4339622641509434
Aphelios,Kled,85,39,0.4588235294117647
Gangplank,Kled,48,23,0.4791666666666667
Gnar,Kled,26,10,0.38461538461538464
Renata,Seraphine,76,39,0.5131578947368421
Alistar,Rakan,69,31,0.4492753623188406
Qiyana,Sejuani,68,24,0.35294117647058826
Sejuani,Sejuani,17,7,0.4117647058823529
Akshan,Kled,76,31,0.40789473684210525
Evelynn,Talon,85,43,0.5058823529411764
Anivia,Aurora,98,47,0.47959183673469385
Irelia,Ivern,118,48,0.4067796610169492
Jinx,Nilah,76,35,0.4605263157894737
Alistar,Camille,100,40,0.4
Anivia,Camille,106,51,0.4811320754716981
Anivia,RekSai,75,35,0.4666666666666667
Camille,RekSai,40,24,0.6
Gnar,Zyra,164,83,0.5060975609756098
Kayn,Sejuani,88,38,0.4318181818181818
Cassiopeia,Kled,47,18,0.3829787234042553
Gwen,Rammus,129,65,0.5038759689922481
Singed,Xayah,197,109,0.5532994923857868
Naafiri,Olaf,100,52,0.52
Cassiopeia,Syndra,63,29,0.4603174603174603
Alistar,Shyvana,106,52,0.49056603773584906
RekSai,Shyvana,26,9,0.34615384615384615
Shyvana,Volibear,130,56,0.4307692307692308
Bard,Rammus,121,47,0.3884297520661157
Alistar,Elise,79,34,0.43037974683544306
Ambessa,Fiora,77,39,0.5064935064935064
Lux,Lux,49,30,0.6122448979591837
Ekko,Rumble,108,57,0.5277777777777778
Fiora,Riven,67,32,0.47761194029850745
Braum,Cassiopeia,99,44,0.4444444444444444
Braum,Rakan,39,11,0.28205128205128205
Kassadin,Viktor,34,17,0.5
Hecarim,Hecarim,12,4,0.3333333333333333
Hecarim,Lillia,78,40,0.5128205128205128
Hecarim,XinZhao,93,41,0.44086021505376344
Corki,Graves,142,70,0.49295774647887325
Kalista,Tryndamere,95,50,0.5263157894736842
Pyke,Zilean,106,44,0.41509433962264153
Akshan,RekSai,56,26,0.4642857142857143
RekSai,Ryze,81,42,0.5185185185185185
Kled,Twitch,114,60,0.5263157894736842
Gragas,Kassadin,69,28,0.4057971014492754
Hecarim,Sejuani,53,24,0.4528301886792453
Shaco,Zac,158,67,0.4240506329113924
Aatrox,Aatrox,25,7,0.28
Irelia,Kassadin,72,20,0.2777777777777778
Kassadin,Rakan,84,31,0.36904761904761907
Kled,Lissandra,52,23,0.4423076923076923
Jayce,Shyvana,107,54,0.5046728971962616
Gnar,Zaahen,89,46,0.5168539325842697
Annie,Soraka,174,80,0.45977011494252873
Renata,Smolder,232,121,0.521551724137931
Rumble,Singed,89,50,0.5617977528089888
RekSai,Talon,37,17,0.4594594594594595
Akshan,Qiyana,83,30,0.3614457831325301
Elise,Maokai,82,41,0.5
Braum,Ryze,164,81,0.49390243902439024
Kennen,Olaf,57,33,0.5789473684210527
Kennen,Soraka,129,75,0.5813953488372093
Aphelios,Renekton,190,90,0.47368421052631576
Belveth,Qiyana,59,25,0.423728813559322
AurelionSol,Ryze,93,46,0.4946236559139785
Janna,Xerath,158,84,0.5316455696202531
Camille,Sion,80,44,0.55
Hecarim,MasterYi,102,53,0.5196078431372549
Samira,Vex,215,108,0.5023255813953489
Udyr,Udyr,24,17,0.7083333333333334
Shaco,Shyvana,104,47,0.4519230769230769
Gragas,Sejuani,97,40,0.41237113402061853
Janna,Skarner,50,20,0.4
Nilah,Renekton,91,43,0.4725274725274725
Fiora,Quinn,62,36,0.5806451612903226
Bard,Nami,81,26,0.32098765432098764
Gwen,XinZhao,202,99,0.4900990099009901
Kayle,Renata,152,72,0.47368421052631576
Sejuani,Ziggs,139,68,0.4892086330935252
Rell,Yuumi,60,31,0.5166666666666667
JarvanIV,Taliyah,120,64,0.5333333333333333
Poppy,Rakan,99,44,0.4444444444444444
Nami,Rakan,53,27,0.5094339622641509
JarvanIV,Nunu,109,54,0.4954128440366973
Kindred,Samira,158,64,0.4050632911392405
Anivia,FiddleSticks,154,80,0.5194805194805194
JarvanIV,Nidalee,132,68,0.5151515151515151
Kled,Taric,60,28,0.4666666666666667
Gragas,Zilean,88,46,0.5227272727272727
Briar,Briar,42,20,0.47619047619047616
Briar,Shyvana,79,43,0.5443037974683544
Rell,Vex,128,70,0.546875
Kled,Renata,48,26,0.5416666666666666
Kled,Yorick,47,23,0.48936170212765956
Rumble,Urgot,68,41,0.6029411764705882
Nautilus,Nautilus,37,16,0.43243243243243246
Janna,Zyra,127,72,0.5669291338582677
Renekton,Urgot,70,36,0.5142857142857142
Belveth,Naafiri,74,32,0.43243243243243246
Katarina,Taric,144,63,0.4375
Corki,Evelynn,98,45,0.45918367346938777
Jayce,Rengar,114,53,0.4649122807017544
Gangplank,Rakan,116,55,0.47413793103448276
Elise,Lissandra,50,19,0.38
Lissandra,Orianna,62,35,0.5645161290322581
Corki,Singed,121,59,0.48760330578512395
Corki,Yorick,109,52,0.47706422018348627
Ornn,Yorick,110,48,0.43636363636363634
Kled,Zac,64,28,0.4375
Xerath,Xerath,11,6,0.5454545454545454
Janna,Morgana,181,85,0.4696132596685083
Olaf,Tryndamere,98,66,0.673469387755102
Syndra,Zoe,102,52,0.5098039215686274
Azir,Jayce,86,37,0.43023255813953487
Garen,Kled,74,40,0.5405405405405406
Kennen,Zac,97,53,0.5463917525773195
Nami,Soraka,108,54,0.5
Fiora,KSante,43,13,0.3023255813953488
Kennen,Riven,104,42,0.40384615384615385
Azir,Ivern,67,33,0.4925373134328358
MonkeyKing,Naafiri,100,48,0.48
MonkeyKing,Rumble,106,62,0.5849056603773585
Vex,Vladimir,115,57,0.4956521739130435
Elise,Quinn,99,45,0.45454545454545453
Illaoi,Shen,117,64,0.5470085470085471
Bard,Maokai,88,40,0.45454545454545453
Ivern,KSante,70,39,0.5571428571428572
Akshan,Sejuani,95,44,0.4631578947368421
Rumble,Swain,146,78,0.5342465753424658
Kennen,Velkoz,131,62,0.4732824427480916
MonkeyKing,Sejuani,71,31,0.43661971830985913
RekSai,Rumble,39,16,0.41025641025641024
KSante,MonkeyKing,87,47,0.5402298850574713
RekSai,Rell,49,22,0.4489795918367347
Corki,RekSai,48,27,0.5625
Gangplank,Skarner,53,18,0.33962264150943394
Gnar,Ryze,112,56,0.5
Braum,Lulu,65,30,0.46153846153846156
Lulu,Renata,81,32,0.3950617283950617
Tryndamere,Tryndamere,32,15,0.46875
Rumble,Varus,133,67,0.5037593984962406
Camille,Xayah,95,48,0.5052631578947369
Kassadin,Nunu,108,47,0.4351851851851852
KSante,Nocturne,118,60,0.5084745762711864
Braum,Nilah,89,42,0.47191011235955055
Braum,Thresh,74,30,0.40540540540540543
Karthus,Lillia,109,52,0.47706422018348627
Skarner,Twitch,120,52,0.43333333333333335
Cassiopeia,FiddleSticks,114,52,0.45614035087719296
RekSai,Rengar,34,17,0.5
Lulu,Rakan,48,18,0.375
Naafiri,Viktor,132,70,0.5303030303030303
Belveth,Taric,80,38,0.475
Kassadin,Taric,61,22,0.36065573770491804
Qiyana,XinZhao,117,48,0.41025641025641024
Malphite,RekSai,125,60,0.48
Draven,Talon,148,75,0.5067567567567568
Camille,Riven,45,15,0.3333333333333333
RekSai,Shen,70,36,0.5142857142857142
Evelynn,FiddleSticks,79,36,0.45569620253164556
Braum,Lissandra,105,52,0.49523809523809526
Kassadin,Skarner,52,20,0.38461538461538464
Jayce,Rell,110,54,0.4909090909090909
Katarina,Vex,84,45,0.5357142857142857
Aurora,Leblanc,111,42,0.3783783783783784
Akshan,Corki,88,39,0.4431818181818182
Janna,Kassadin,91,37,0.4065934065934066
Karthus,Kled,83,47,0.5662650602409639
AurelionSol,Rumble,83,37,0.4457831325301205
Gnar,Kennen,63,29,0.4603174603174603
Annie,Draven,149,76,0.5100671140939598
Nocturne,Viego,54,25,0.46296296296296297
Azir,Rumble,56,27,0.48214285714285715
Viktor,Zac,167,76,0.4550898203592814
Amumu,Amumu,66,42,0.6363636363636364
Kassadin,Rell,60,29,0.48333333333333334
Shen,Singed,171,100,0.5847953216374269
Ryze,Syndra,88,43,0.48863636363636365
RekSai,Trundle,52,21,0.40384615384615385
Malzahar,Zoe,116,50,0.43103448275862066
Azir,Bard,135,56,0.4148148148148148
Belveth,Soraka,155,80,0.5161290322580645
Karma,Zilean,107,56,0.5233644859813084
Hecarim,Rell,98,52,0.5306122448979592
Maokai,Nocturne,141,74,0.524822695035461
Kled,Leblanc,82,38,0.4634146341463415
Lillia,Nocturne,71,33,0.4647887323943662
Anivia,Nidalee,136,68,0.5
Rumble,Vladimir,79,39,0.4936708860759494
Corki,Fiora,78,36,0.46153846153846156
Akshan,Kalista,62,33,0.532258064516129
Janna,Taric,54,22,0.4074074074074074
Leona,Leona,62,24,0.3870967741935484
Irelia,Renata,86,48,0.5581395348837209
Kalista,Olaf,56,27,0.48214285714285715
Yunara,Yunara,58,28,0.4827586206896552
Ahri,Cassiopeia,121,57,0.47107438016528924
Graves,Taric,122,66,0.5409836065573771
Renata,Taric,46,21,0.45652173913043476
Leona,Renata,74,36,0.4864864864864865
Sivir,Vayne,178,86,0.48314606741573035
Gangplank,Riven,81,38,0.4691358024691358
Janna,Nami,66,28,0.42424242424242425
Taliyah,Zilean,78,40,0.5128205128205128
Gnar,Ornn,89,45,0.5056179775280899
Lissandra,Zoe,65,27,0.4153846153846154
Gwen,Kled,61,31,0.5081967213114754
Irelia,Kled,64,33,0.515625
Renata,Zyra,81,41,0.5061728395061729
Cassiopeia,Vladimir,65,28,0.4307692307692308
Camille,Corki,70,34,0.4857142857142857
Lulu,Rell,52,27,0.5192307692307693
Janna,Rakan,36,18,0.5
Maokai,Rumble,93,39,0.41935483870967744
Orianna,Taliyah,68,37,0.5441176470588235
Orianna,Vladimir,102,44,0.43137254901960786
KSante,Renekton,42,20,0.47619047619047616
Skarner,XinZhao,78,39,0.5
Renata,Zilean,57,33,0.5789473684210527
Briar,RekSai,64,34,0.53125
Lulu,Zilean,66,27,0.4090909090909091
Akali,Leblanc,112,41,0.36607142857142855
Jayce,Kindred,102,41,0.4019607843137255
Milio,Thresh,106,51,0.4811320754716981
Kled,Rakan,57,19,0.3333333333333333
Camille,Shyvana,63,27,0.42857142857142855
Kassadin,Zed,108,43,0.39814814814814814
Ornn,Taric,121,59,0.48760330578512395
Aphelios,Taric,118,52,0.4406779661016949
Kalista,Nocturne,91,48,0.5274725274725275
Kalista,Yunara,67,27,0.40298507462686567
Nocturne,Renata,102,46,0.45098039215686275
Olaf,Renata,79,43,0.5443037974683544
Hecarim,Orianna,146,69,0.4726027397260274
Fiora,Fiora,11,8,0.7272727272727273
Sona,Sona,22,15,0.6818181818181818
Bard,RekSai,89,36,0.4044943820224719
Sivir,Sivir,9,3,0.3333333333333333
Taliyah,Taliyah,10,5,0.5
Corki,TwistedFate,125,57,0.456
Naafiri,Naafiri,24,11,0.4583333333333333
Quinn,TahmKench,173,87,0.5028901734104047
Bard,Lulu,52,18,0.34615384615384615
Kennen,Sejuani,82,35,0.4268292682926829
Sejuani,TwistedFate,120,49,0.4083333333333333
Graves,Shyvana,74,36,0.4864864864864865
Galio,Galio,36,21,0.5833333333333334
Belveth,Jayce,75,39,0.52
KSante,Ornn,89,30,0.33707865168539325
Azir,Viktor,60,17,0.2833333333333333
Zac,Zeri,112,60,0.5357142857142857
Corki,Draven,65,33,0.5076923076923077
Bard,Seraphine,116,56,0.4827586206896552
TahmKench,Taric,97,41,0.422680412371134
Rakan,Rakan,7,3,0.42857142857142855
Cassiopeia,Sejuani,59,31,0.5254237288135594
Kled,Rammus,51,26,0.5098039215686274
Evelynn,Zilean,85,36,0.4235294117647059
Sejuani,Zilean,69,35,0.5072463768115942
Evelynn,Kindred,55,23,0.41818181818181815
Graves,Ivern,85,40,0.47058823529411764
Aphelios,Katarina,264,139,0.5265151515151515
Quinn,RekSai,51,26,0.5098039215686274
Kled,Sivir,100,43,0.43
Rakan,Shen,138,65,0.47101449275362317
Janna,Taliyah,97,47,0.4845360824742268
Anivia,Evelynn,100,54,0.54
Corki,Yunara,78,38,0.48717948717948717
Kled,RekSai,48,15,0.3125
Renekton,Rumble,62,38,0.6129032258064516
Cassiopeia,Zoe,63,23,0.36507936507936506
Ahri,Ahri,35,16,0.45714285714285713
Corki,Irelia,111,40,0.36036036036036034
Mel,Mel,30,18,0.6
Camille,Kled,28,18,0.6428571428571429
Irelia,Irelia,9,5,0.5555555555555556
Cassiopeia,RekSai,54,20,0.37037037037037035
JarvanIV,Skarner,45,17,0.37777777777777777
Kled,Yone,137,67,0.48905109489051096
Samira,Twitch,111,54,0.4864864864864865
Gangplank,Velkoz,174,90,0.5172413793103449
Nasus,Skarner,88,40,0.45454545454545453
Aphelios,Shyvana,109,55,0.5045871559633027
Azir,Nilah,71,38,0.5352112676056338
Olaf,TwistedFate,109,49,0.44954128440366975
Azir,Kennen,61,30,0.4918032786885246
RekSai,Zac,38,22,0.5789473684210527
Hecarim,Nocturne,53,26,0.49056603773584906
Gnar,TwistedFate,145,71,0.4896551724137931
Alistar,Zilean,94,41,0.43617021276595747
Fiora,Nilah,82,32,0.3902439024390244
Evelynn,Janna,104,50,0.4807692307692308
Belveth,Evelynn,39,23,0.5897435897435898
Bard,Elise,88,41,0.4659090909090909
Rengar,Rengar,6,2,0.3333333333333333
Kassadin,Katarina,56,26,0.4642857142857143
Ivern,Qiyana,55,25,0.45454545454545453
Braum,Janna,53,21,0.39622641509433965
Gnar,Trundle,116,59,0.5086206896551724
RekSai,Taric,49,17,0.3469387755102041
Nidalee,Skarner,52,17,0.3269230769230769
Belveth,Nilah,55,39,0.7090909090909091
Janna,Olaf,98,60,0.6122448979591837
Heimerdinger,Kled,66,42,0.6363636363636364
RekSai,Shaco,66,31,0.4696969696969697
RekSai,Xayah,69,35,0.5072463768115942
Rell,Taric,43,20,0.46511627906976744
Illaoi,Shyvana,110,57,0.5181818181818182
Rakan,Yuumi,48,18,0.375
Fiora,Graves,158,64,0.4050632911392405
Elise,Hecarim,58,22,0.3793103448275862
Gnar,Taliyah,82,43,0.524390243902439
Nunu,Nunu,20,13,0.65
Talon,Urgot,135,72,0.5333333333333333
Kalista,Nilah,30,13,0.43333333333333335
Gnar,KSante,41,11,0.2682926829268293
Poppy,Shyvana,92,42,0.45652173913043476
AurelionSol,Cassiopeia,60,35,0.5833333333333334
FiddleSticks,Skarner,64,24,0.375
Hecarim,MonkeyKing,74,33,0.44594594594594594
Fiora,Ornn,83,36,0.43373493975903615
Bard,Kassadin,116,40,0.3448275862068966
Jayce,KSante,48,15,0.3125
Cassiopeia,Rumble,50,24,0.48
Khazix,Quinn,114,51,0.4473684210526316
Fiora,Renata,83,29,0.3493975903614458
Cassiopeia,Lissandra,54,28,0.5185185185185185
Tristana,Tristana,22,12,0.5454545454545454
Hecarim,Skarner,34,15,0.4411764705882353
Velkoz,Velkoz,16,10,0.625
Corki,LeeSin,151,67,0.44370860927152317
Olaf,Olaf,35,18,0.5142857142857142
Lissandra,Vex,68,24,0.35294117647058826
Lulu,Sona,79,29,0.3670886075949367
Ambessa,Lissandra,129,75,0.5813953488372093
Fiora,Gangplank,51,21,0.4117647058823529
Khazix,Khazix,14,6,0.42857142857142855
Taliyah,Zac,87,45,0.5172413793103449
Evelynn,Karthus,68,38,0.5588235294117647
Evelynn,Graves,61,21,0.3442622950819672
Renata,Senna,111,61,0.5495495495495496
Nunu,Sejuani,84,51,0.6071428571428571
Akshan,Skarner,76,35,0.4605263157894737
Shyvana,Trundle,92,53,0.5760869565217391
Khazix,Zac,89,43,0.48314606741573035
Vex,Viktor,59,35,0.5932203389830508
Annie,Kindred,142,65,0.45774647887323944
Rell,Sejuani,89,52,0.5842696629213483
Aurora,RekSai,82,35,0.4268292682926829
Nocturne,Nocturne,15,6,0.4
JarvanIV,Nocturne,73,41,0.5616438356164384
Hecarim,Nidalee,71,25,0.352112676056338
Lillia,Zac,113,56,0.49557522123893805
Nunu,Talon,121,58,0.4793388429752066
Ambessa,Ambessa,24,16,0.6666666666666666
Corki,Corki,6,2,0.3333333333333333
Maokai,Taliyah,119,56,0.47058823529411764
Ivern,Ivern,19,10,0.5263157894736842
Annie,Annie,16,8,0.5
Kennen,Kled,33,14,0.42424242424242425
Milio,Taric,74,35,0.47297297297297297
Kennen,Ryze,95,43,0.45263157894736844
KogMaw,Rumble,74,45,0.6081081081081081
Ekko,Ekko,22,9,0.4090909090909091
Orianna,Syndra,70,25,0.35714285714285715
Cassiopeia,Evelynn,61,25,0.4098360655737705
Varus,Varus,15,3,0.2
Kindred,Skarner,31,14,0.45161290322580644
Akshan,Naafiri,93,40,0.43010752688172044
Sivir,Zeri,62,29,0.46774193548387094
Elise,Khazix,64,22,0.34375
Kled,KogMaw,69,34,0.4927536231884058
Draven,Nilah,39,23,0.5897435897435898
Cassiopeia,JarvanIV,140,62,0.44285714285714284
Belveth,Khazix,41,22,0.5365853658536586
Gnar,Illaoi,42,16,0.38095238095238093
Maokai,Maokai,26,20,0.7692307692307693
Janna,Milio,44,19,0.4318181818181818
Belveth,Nocturne,40,15,0.375
Aphelios,Sivir,74,30,0.40540540540540543
JarvanIV,Zac,108,54,0.5
Ambessa,RekSai,70,32,0.45714285714285713
Skarner,Talon,44,24,0.5454545454545454
Shyvana,Shyvana,13,10,0.7692307692307693
Anivia,Anivia,6,2,0.3333333333333333
Singed,Singed,59,30,0.5084745762711864
Quinn,Rumble,76,33,0.4342105263157895
Kindred,Kindred,10,3,0.3
Vex,Vex,7,1,0.14285714285714285
Azir,KogMaw,84,43,0.5119047619047619
KogMaw,Skarner,80,40,0.5
Gangplank,Gangplank,13,3,0.23076923076923078
Samira,Samira,26,5,0.19230769230769232
Malzahar,Malzahar,23,16,0.6956521739130435
Akshan,Evelynn,129,66,0.5116279069767442
Kindred,Lillia,86,37,0.43023255813953487
Zac,Zac,26,14,0.5384615384615384
Camille,Taric,42,30,0.7142857142857143
Nilah,Sivir,56,26,0.4642857142857143
Belveth,Kayn,66,31,0.4696969696969697
XinZhao,XinZhao,48,33,0.6875
Neeko,Neeko,17,9,0.5294117647058824
RekSai,Taliyah,42,15,0.35714285714285715
Nilah,Rumble,57,31,0.543859649122807
Nidalee,Taric,82,39,0.47560975609756095
Sejuani,Udyr,52,28,0.5384615384615384
Alistar,KogMaw,112,54,0.48214285714285715
Kled,Quinn,39,22,0.5641025641025641
Nidalee,Sejuani,68,36,0.5294117647058824
Taric,Viktor,121,64,0.5289256198347108
Evelynn,Olaf,87,47,0.5402298850574713
Fiora,Shyvana,95,50,0.5263157894736842
Fizz,Orianna,103,52,0.5048543689320388
Lillia,RekSai,49,22,0.4489795918367347
RekSai,Sejuani,30,14,0.4666666666666667
Rammus,Rammus,23,9,0.391304347826087
JarvanIV,RekSai,45,18,0.4
Khazix,Kindred,41,12,0.2926829268292683
MissFortune,MissFortune,28,12,0.42857142857142855
Heimerdinger,Heimerdinger,19,11,0.5789473684210527
Milio,Milio,13,6,0.46153846153846156
Kalista,KogMaw,65,27,0.4153846153846154
Fiora,Gnar,30,15,0.5
Karthus,RekSai,43,24,0.5581395348837209
Shen,Skarner,76,29,0.3815789473684211
Rengar,Sejuani,41,20,0.4878048780487805
Graves,Nunu,97,47,0.4845360824742268
Anivia,Taric,98,48,0.4897959183673469
Trundle,Trundle,28,8,0.2857142857142857
Kennen,Kennen,5,4,0.8
Evelynn,Evelynn,10,4,0.4
Olaf,RekSai,33,15,0.45454545454545453
JarvanIV,Rengar,66,23,0.3484848484848485
Evelynn,RekSai,32,13,0.40625
Milio,Renata,45,15,0.3333333333333333
Kalista,Lissandra,56,32,0.5714285714285714
Lissandra,Shyvana,71,30,0.4225352112676056
Renekton,Renekton,19,10,0.5263157894736842
Graves,Graves,23,9,0.391304347826087
Twitch,Twitch,34,19,0.5588235294117647
Zilean,Zilean,10,7,0.7
MonkeyKing,Skarner,48,22,0.4583333333333333
Belveth,Skarner,35,10,0.2857142857142857
Camille,Fiora,35,12,0.34285714285714286
Ziggs,Ziggs,15,5,0.3333333333333333
Rakan,Rell,37,18,0.4864864864864865
Corki,Nilah,44,20,0.45454545454545453
Camille,Gangplank,48,17,0.3541666666666667
Zed,Zed,31,12,0.3870967741935484
Kassadin,Syndra,45,15,0.3333333333333333
Aphelios,Draven,49,26,0.5306122448979592
Kalista,RekSai,36,16,0.4444444444444444
Camille,Lissandra,65,33,0.5076923076923077
Viktor,Viktor,6,4,0.6666666666666666
Bard,Bard,12,6,0.5
Kled,Riven,48,20,0.4166666666666667
Warwick,Warwick,54,30,0.5555555555555556
Camille,KSante,38,13,0.34210526315789475
Elise,Elise,7,3,0.42857142857142855
Nidalee,Talon,101,49,0.48514851485148514
Gragas,Gragas,13,3,0.23076923076923078
Kassadin,Orianna,41,17,0.4146341463414634
Draven,Draven,13,5,0.38461538461538464
Akali,Akali,18,7,0.3888888888888889
Belveth,RekSai,25,13,0.52
Nidalee,Nidalee,10,6,0.6
Gnar,RekSai,39,17,0.4358974358974359
Jayce,Jayce,9,4,0.4444444444444444
Diana,Diana,10,10,1.0
Lulu,Lulu,11,1,0.09090909090909091
Viego,Viego,29,16,0.5517241379310345
Rumble,Rumble,5,3,0.6
Karma,Karma,25,8,0.32
Taric,Taric,10,6,0.6
MonkeyKing,MonkeyKing,10,5,0.5
RekSai,RekSai,3,2,0.6666666666666666
Quinn,Quinn,6,1,0.16666666666666666
Aphelios,Aphelios,6,1,0.16666666666666666
Zoe,Zoe,7,2,0.2857142857142857
Gwen,Gwen,20,10,0.5
TwistedFate,TwistedFate,27,12,0.4444444444444444
Qiyana,Qiyana,8,1,0.125
Hwei,Hwei,15,4,0.26666666666666666
Azir,Azir,7,4,0.5714285714285714
Gnar,Gnar,8,4,0.5
Skarner,Skarner,11,7,0.6363636363636364
Orianna,Orianna,9,6,0.6666666666666666
Strawberry_Briar,Strawberry_Leona,1,0,0.0
Braum,Braum,8,2,0.25
Nilah,Nilah,7,4,0.5714285714285714
Aurora,Aurora,14,8,0.5714285714285714
Seraphine,Seraphine,9,6,0.6666666666666666
Strawberry_Illaoi,Strawberry_Jinx,2,0,0.0
Syndra,Syndra,6,3,0.5
Cassiopeia,Cassiopeia,7,4,0.5714285714285714
Kled,Kled,5,2,0.4
KogMaw,KogMaw,5,1,0.2
Janna,Janna,6,2,0.3333333333333333
Strawberry_Briar,Strawberry_Jinx,2,2,1.0
Strawberry_Illaoi,Strawberry_Leona,1,0,0.0
Camille,Camille,1,0,0.0
Strawberry_Jinx,Strawberry_Seraphine,1,0,0.0
