ChampionA,ChampionB,Games,Wins,WinRate
Nasus,Trundle,370,184,0.4972972972972973
LeeSin,Trundle,272,125,0.45955882352941174
Trundle,Xerath,327,158,0.4831804281345566
Trundle,Xayah,231,125,0.5411255411255411
Rell,Trundle,175,83,0.4742857142857143
Briar,Nasus,409,202,0.4938875305623472
Briar,LeeSin,377,218,0.5782493368700266
Briar,Xerath,407,228,0.5601965601965602
Briar,Xayah,308,170,0.551948051948052
Briar,Rell,202,112,0.5544554455445545
Nasus,Swain,421,198,0.47030878859857483
LeeSin,Swain,414,192,0.463768115942029
Swain,Xerath,458,225,0.4912663755458515
Swain,Xayah,337,174,0.516320474777448
Rell,Swain,223,97,0.4349775784753363
Kaisa,Nasus,560,256,0.45714285714285713
Kaisa,LeeSin,649,331,0.5100154083204931
Kaisa,Xerath,662,322,0.486404833836858
Kaisa,Xayah,660,306,0.4636363636363636
Kaisa,Rell,299,139,0.46488294314381273
Janna,Nasus,179,86,0.48044692737430167
Janna,LeeSin,219,115,0.5251141552511416
Janna,Xerath,224,108,0.48214285714285715
Janna,Xayah,199,115,0.5778894472361809
Janna,Rell,142,55,0.3873239436619718
Aatrox,Yorick,326,162,0.49693251533742333
Nocturne,Yorick,268,153,0.5708955223880597
Malzahar,Yorick,363,187,0.5151515151515151
Aphelios,Yorick,218,102,0.46788990825688076
Soraka,Yorick,314,156,0.4968152866242038
Aatrox,MasterYi,502,243,0.48406374501992033
MasterYi,Nocturne,398,207,0.5201005025125628
Malzahar,MasterYi,688,357,0.5188953488372093
Aphelios,MasterYi,384,184,0.4791666666666667
MasterYi,Soraka,438,220,0.502283105022831
Aatrox,Ahri,607,292,0.48105436573311366
Ahri,Nocturne,494,247,0.5
Ahri,Malzahar,838,408,0.48687350835322196
Ahri,Aphelios,518,259,0.5
Ahri,Soraka,595,300,0.5042016806722689
Aatrox,Yunara,441,237,0.5374149659863946
Nocturne,Yunara,322,166,0.515527950310559
Malzahar,Yunara,590,310,0.5254237288135594
Aphelios,Yunara,425,242,0.5694117647058824
Soraka,Yunara,398,218,0.5477386934673367
Aatrox,Nami,597,283,0.474036850921273
Nami,Nocturne,443,222,0.5011286681715575
Malzahar,Nami,734,395,0.5381471389645777
Aphelios,Nami,454,217,0.4779735682819383
Nami,Soraka,563,273,0.4849023090586146
Diana,Irelia,433,214,0.4942263279445728
Aatrox,Irelia,379,192,0.5065963060686016
Irelia,Kayle,322,156,0.484472049689441
Irelia,Twitch,335,175,0.5223880597014925
Irelia,Katarina,286,143,0.5
Diana,Rammus,189,110,0.582010582010582
Aatrox,Rammus,183,85,0.4644808743169399
Kayle,Rammus,209,105,0.5023923444976076
Rammus,Twitch,202,112,0.5544554455445545
Katarina,Rammus,186,89,0.478494623655914
Diana,Vladimir,383,194,0.5065274151436031
Aatrox,Vladimir,339,177,0.5221238938053098
Kayle,Vladimir,348,172,0.4942528735632184
Twitch,Vladimir,348,194,0.5574712643678161
Katarina,Vladimir,281,143,0.5088967971530249
Aphelios,Diana,404,184,0.45544554455445546
Aatrox,Aphelios,348,171,0.49137931034482757
Aphelios,Kayle,338,166,0.4911242603550296
Aphelios,Twitch,331,160,0.48338368580060426
Aphelios,Katarina,287,144,0.5017421602787456
Diana,Lulu,420,226,0.5380952380952381
Aatrox,Lulu,379,205,0.5408970976253298
Kayle,Lulu,354,197,0.556497175141243
Lulu,Twitch,402,186,0.4626865671641791
Katarina,Lulu,286,152,0.5314685314685315
Corki,Graves,158,79,0.5
Bard,Corki,149,78,0.5234899328859061
Corki,Heimerdinger,129,61,0.4728682170542636
Corki,Ornn,152,79,0.5197368421052632
Corki,Samira,138,72,0.5217391304347826
Graves,MonkeyKing,231,99,0.42857142857142855
Bard,MonkeyKing,217,111,0.511520737327189
Heimerdinger,MonkeyKing,195,108,0.5538461538461539
MonkeyKing,Ornn,211,117,0.5545023696682464
MonkeyKing,Samira,225,119,0.5288888888888889
Graves,Sett,400,189,0.4725
Bard,Sett,379,175,0.46174142480211083
Heimerdinger,Sett,385,191,0.4961038961038961
Ornn,Sett,468,216,0.46153846153846156
Samira,Sett,477,212,0.4444444444444444
Graves,Hwei,254,119,0.468503937007874
Bard,Hwei,248,128,0.5161290322580645
Heimerdinger,Hwei,263,138,0.5247148288973384
Hwei,Ornn,249,132,0.5301204819277109
Hwei,Samira,279,136,0.4874551971326165
Graves,Sivir,264,130,0.49242424242424243
Bard,Sivir,287,128,0.445993031358885
Heimerdinger,Sivir,275,127,0.4618181818181818
Ornn,Sivir,257,127,0.49416342412451364
Samira,Sivir,307,158,0.5146579804560261
Ahri,Twitch,681,360,0.5286343612334802
Leona,Twitch,437,213,0.4874141876430206
Taliyah,Twitch,204,105,0.5147058823529411
Neeko,Twitch,364,168,0.46153846153846156
Samira,Twitch,346,179,0.5173410404624278
Smolder,Twitch,702,350,0.4985754985754986
Gangplank,Twitch,260,124,0.47692307692307695
Ahri,TahmKench,504,279,0.5535714285714286
Leona,TahmKench,411,213,0.5182481751824818
TahmKench,Taliyah,154,88,0.5714285714285714
Neeko,TahmKench,331,171,0.5166163141993958
Samira,TahmKench,281,144,0.5124555160142349
Smolder,TahmKench,528,287,0.5435606060606061
Rammus,TahmKench,169,86,0.5088757396449705
Gangplank,TahmKench,203,73,0.35960591133004927
Ahri,Renata,221,109,0.49321266968325794
Leona,Renata,183,93,0.5081967213114754
Renata,Taliyah,65,36,0.5538461538461539
Neeko,Renata,152,69,0.45394736842105265
Renata,Samira,117,56,0.47863247863247865
Renata,Smolder,258,124,0.4806201550387597
Rammus,Renata,84,34,0.40476190476190477
Gangplank,Renata,81,46,0.5679012345679012
Ahri,FiddleSticks,436,214,0.4908256880733945
FiddleSticks,Leona,353,178,0.5042492917847026
FiddleSticks,Taliyah,128,68,0.53125
FiddleSticks,Neeko,257,136,0.5291828793774319
FiddleSticks,Samira,198,121,0.6111111111111112
FiddleSticks,Smolder,447,246,0.5503355704697986
FiddleSticks,Rammus,121,61,0.5041322314049587
FiddleSticks,Gangplank,158,104,0.6582278481012658
Ahri,Zed,642,332,0.5171339563862928
Leona,Zed,454,227,0.5
Taliyah,Zed,177,84,0.4745762711864407
Neeko,Zed,343,169,0.49271137026239065
Samira,Zed,349,184,0.5272206303724928
Smolder,Zed,660,364,0.5515151515151515
Rammus,Zed,197,91,0.4619289340101523
Gangplank,Zed,248,118,0.47580645161290325
Ahri,Rengar,342,170,0.49707602339181284
Leona,Rengar,265,134,0.5056603773584906
Rengar,Taliyah,109,53,0.48623853211009177
Neeko,Rengar,203,97,0.47783251231527096
Rengar,Samira,201,92,0.4577114427860697
Rengar,Smolder,411,197,0.4793187347931874
Rammus,Rengar,144,83,0.5763888888888888
Gangplank,Rengar,157,83,0.5286624203821656
Ahri,Galio,579,268,0.46286701208981
Galio,Leona,467,254,0.5438972162740899
Galio,Taliyah,215,106,0.4930232558139535
Galio,Neeko,330,164,0.49696969696969695
Galio,Samira,310,160,0.5161290322580645
Galio,Smolder,656,312,0.47560975609756095
Galio,Rammus,189,111,0.5873015873015873
Galio,Gangplank,233,123,0.5278969957081545
Ahri,Rammus,323,175,0.541795665634675
Leona,Rammus,215,104,0.48372093023255813
Rammus,Taliyah,64,35,0.546875
Neeko,Rammus,155,76,0.49032258064516127
Rammus,Samira,169,85,0.5029585798816568
Rammus,Smolder,314,154,0.49044585987261147
Rammus,Rammus,28,1,0.03571428571428571
Gangplank,Rammus,121,66,0.5454545454545454
Teemo,Zaahen,1117,614,0.549686660698299
Rengar,Teemo,374,162,0.43315508021390375
Ahri,Teemo,1055,525,0.4976303317535545
Caitlyn,Teemo,1548,797,0.5148578811369509
Soraka,Teemo,618,323,0.5226537216828478
MonkeyKing,Zaahen,334,142,0.4251497005988024
MonkeyKing,Rengar,181,104,0.574585635359116
Ahri,MonkeyKing,403,189,0.46898263027295284
Caitlyn,MonkeyKing,623,264,0.42375601926163725
MonkeyKing,Soraka,231,102,0.44155844155844154
Hwei,Zaahen,480,245,0.5104166666666666
Hwei,Rengar,245,128,0.5224489795918368
Ahri,Hwei,549,286,0.5209471766848816
Caitlyn,Hwei,803,402,0.5006226650062267
Hwei,Soraka,353,183,0.5184135977337111
Sivir,Zaahen,429,187,0.4358974358974359
Rengar,Sivir,218,80,0.3669724770642202
Ahri,Sivir,552,265,0.48007246376811596
Caitlyn,Sivir,992,487,0.4909274193548387
Sivir,Soraka,322,157,0.48757763975155277
Shen,Zaahen,503,216,0.4294234592445328
Rengar,Shen,259,106,0.4092664092664093
Ahri,Shen,550,284,0.5163636363636364
Caitlyn,Shen,810,416,0.5135802469135803
Shen,Soraka,322,171,0.531055900621118
Lulu,Milio,383,182,0.4751958224543081
Jayce,Lulu,232,119,0.5129310344827587
Bard,Lulu,291,139,0.47766323024054985
Anivia,Lulu,218,107,0.4908256880733945
Caitlyn,Lulu,797,413,0.5181932245922208
Irelia,Milio,336,156,0.4642857142857143
Irelia,Jayce,204,106,0.5196078431372549
Bard,Irelia,246,115,0.46747967479674796
Anivia,Irelia,206,107,0.5194174757281553
Caitlyn,Irelia,791,403,0.5094816687737042
Graves,Milio,307,139,0.4527687296416938
Graves,Jayce,184,98,0.532608695652174
Bard,Graves,235,121,0.5148936170212766
Anivia,Graves,216,96,0.4444444444444444
Caitlyn,Graves,653,339,0.5191424196018377
Milio,Senna,435,212,0.48735632183908045
Jayce,Senna,266,138,0.518796992481203
Bard,Senna,357,159,0.44537815126050423
Anivia,Senna,304,146,0.48026315789473684
Caitlyn,Senna,1160,574,0.49482758620689654
Milio,Udyr,220,100,0.45454545454545453
Jayce,Udyr,113,54,0.4778761061946903
Bard,Udyr,192,93,0.484375
Anivia,Udyr,125,65,0.52
Caitlyn,Udyr,558,254,0.4551971326164875
Riven,Zaahen,573,244,0.4258289703315881
Briar,Riven,332,182,0.5481927710843374
Riven,Vex,194,87,0.4484536082474227
Nilah,Riven,129,71,0.5503875968992248
Riven,TahmKench,232,125,0.5387931034482759
Warwick,Zaahen,802,373,0.46508728179551123
Briar,Warwick,716,358,0.5
Vex,Warwick,400,195,0.4875
Nilah,Warwick,228,117,0.5131578947368421
TahmKench,Warwick,481,239,0.4968814968814969
Yone,Zaahen,881,404,0.4585698070374574
Briar,Yone,629,333,0.5294117647058824
Vex,Yone,414,209,0.5048309178743962
Nilah,Yone,233,128,0.5493562231759657
TahmKench,Yone,501,235,0.469061876247505
Jhin,Zaahen,1394,678,0.48637015781922527
Briar,Jhin,925,482,0.5210810810810811
Jhin,Vex,600,286,0.4766666666666667
Jhin,Nilah,343,189,0.5510204081632653
Jhin,TahmKench,705,366,0.5191489361702127
Blitzcrank,Zaahen,594,264,0.4444444444444444
Blitzcrank,Briar,459,209,0.4553376906318083
Blitzcrank,Vex,277,128,0.4620938628158845
Blitzcrank,Nilah,210,98,0.4666666666666667
Blitzcrank,TahmKench,368,172,0.4673913043478261
Gwen,Warwick,532,254,0.4774436090225564
Gwen,Shyvana,154,68,0.44155844155844154
Akshan,Gwen,204,106,0.5196078431372549
Gwen,Mel,674,342,0.5074183976261127
Gwen,Nami,492,230,0.46747967479674796
Qiyana,Warwick,275,106,0.38545454545454544
Qiyana,Shyvana,82,34,0.4146341463414634
Akshan,Qiyana,136,66,0.4852941176470588
Mel,Qiyana,386,194,0.5025906735751295
Nami,Qiyana,282,168,0.5957446808510638
Sylas,Warwick,746,357,0.4785522788203753
Shyvana,Sylas,222,107,0.481981981981982
Akshan,Sylas,326,159,0.48773006134969327
Mel,Sylas,1021,507,0.49657198824681686
Nami,Sylas,792,421,0.5315656565656566
Draven,Warwick,397,184,0.4634760705289673
Draven,Shyvana,113,53,0.4690265486725664
Akshan,Draven,174,80,0.45977011494252873
Draven,Mel,503,218,0.43339960238568587
Draven,Nami,456,224,0.49122807017543857
Rell,Warwick,270,126,0.4666666666666667
Rell,Shyvana,96,47,0.4895833333333333
Akshan,Rell,115,58,0.5043478260869565
Mel,Rell,307,156,0.50814332247557
Nami,Rell,261,144,0.5517241379310345
Morgana,Sion,718,343,0.4777158774373259
Draven,Morgana,508,221,0.43503937007874016
Ashe,Morgana,1673,804,0.4805738194859534
Kalista,Morgana,261,128,0.4904214559386973
Malzahar,Morgana,950,491,0.5168421052631579
MonkeyKing,Morgana,486,248,0.5102880658436214
Morgana,Zilean,389,198,0.5089974293059126
Morgana,Nautilus,982,531,0.5407331975560081
Jax,Sion,560,289,0.5160714285714286
Draven,Jax,380,188,0.49473684210526314
Ashe,Jax,1164,545,0.468213058419244
Jax,Kalista,176,104,0.5909090909090909
Jax,Malzahar,720,353,0.49027777777777776
Jax,MonkeyKing,379,187,0.49340369393139843
Jax,Zilean,278,138,0.49640287769784175
Jax,Nautilus,726,379,0.522038567493113
Akshan,Sion,245,108,0.44081632653061226
Akshan,Ashe,466,225,0.48283261802575106
Akshan,Kalista,98,55,0.5612244897959183
Akshan,Malzahar,290,131,0.4517241379310345
Akshan,MonkeyKing,184,85,0.46195652173913043
Akshan,Zilean,147,66,0.4489795918367347
Akshan,Nautilus,328,173,0.5274390243902439
Hecarim,Sion,247,110,0.44534412955465585
Draven,Hecarim,150,74,0.49333333333333335
Ashe,Hecarim,442,229,0.5180995475113123
Hecarim,Kalista,84,45,0.5357142857142857
Hecarim,Malzahar,253,123,0.48616600790513836
Hecarim,MonkeyKing,171,82,0.47953216374269003
Hecarim,Zilean,124,55,0.4435483870967742
Hecarim,Nautilus,320,149,0.465625
Rammus,Sion,222,103,0.46396396396396394
Draven,Rammus,117,53,0.452991452991453
Ashe,Rammus,407,182,0.44717444717444715
Kalista,Rammus,74,39,0.527027027027027
Malzahar,Rammus,229,130,0.5676855895196506
MonkeyKing,Rammus,134,71,0.5298507462686567
Rammus,Zilean,119,64,0.5378151260504201
Nautilus,Rammus,253,128,0.5059288537549407
Jhin,Sion,955,447,0.4680628272251309
Draven,Jhin,683,317,0.46412884333821375
Ashe,Jhin,1979,971,0.49065184436584136
Jhin,Kalista,302,164,0.543046357615894
Jhin,Malzahar,1145,550,0.48034934497816595
Jhin,MonkeyKing,595,293,0.492436974789916
Jhin,Zilean,451,226,0.5011086474501109
Jhin,Nautilus,1141,563,0.4934268185801928
Maokai,Sion,283,144,0.508833922261484
Draven,Maokai,174,76,0.4367816091954023
Ashe,Maokai,464,257,0.5538793103448276
Kalista,Maokai,115,53,0.4608695652173913
Malzahar,Maokai,296,155,0.5236486486486487
Maokai,MonkeyKing,167,92,0.5508982035928144
Maokai,Zilean,157,78,0.4968152866242038
Maokai,Nautilus,338,184,0.5443786982248521
Sion,Tristana,489,239,0.4887525562372188
Draven,Tristana,326,150,0.4601226993865031
Ashe,Tristana,987,492,0.49848024316109424
Kalista,Tristana,168,74,0.44047619047619047
Malzahar,Tristana,621,327,0.5265700483091788
MonkeyKing,Tristana,347,177,0.5100864553314121
Tristana,Zilean,274,149,0.5437956204379562
Nautilus,Tristana,635,297,0.46771653543307085
DrMundo,Teemo,996,533,0.535140562248996
DrMundo,Khazix,422,241,0.5710900473933649
DrMundo,Vladimir,467,266,0.569593147751606
DrMundo,Jinx,1278,660,0.5164319248826291
DrMundo,Lulu,471,243,0.5159235668789809
Ivern,Teemo,254,130,0.5118110236220472
Ivern,Khazix,117,62,0.5299145299145299
Ivern,Vladimir,137,63,0.45985401459854014
Ivern,Jinx,352,167,0.4744318181818182
Ivern,Lulu,117,59,0.5042735042735043
Cassiopeia,Teemo,257,129,0.5019455252918288
Cassiopeia,Khazix,110,61,0.5545454545454546
Cassiopeia,Vladimir,129,59,0.4573643410852713
Cassiopeia,Jinx,356,161,0.45224719101123595
Cassiopeia,Lulu,150,86,0.5733333333333334
Caitlyn,Khazix,687,363,0.5283842794759825
Caitlyn,Vladimir,677,365,0.5391432791728212
Caitlyn,Jinx,2389,1137,0.47593135203013814
Teemo,Ziggs,494,238,0.4817813765182186
Khazix,Ziggs,216,98,0.4537037037037037
Vladimir,Ziggs,242,113,0.4669421487603306
Jinx,Ziggs,715,362,0.5062937062937063
Lulu,Ziggs,283,131,0.4628975265017668
Malphite,Ornn,411,201,0.48905109489051096
Ornn,Pantheon,475,231,0.4863157894736842
Ornn,Xerath,268,111,0.4141791044776119
Ornn,Yunara,348,173,0.49712643678160917
Ornn,Zilean,188,81,0.4308510638297872
Karthus,Malphite,288,160,0.5555555555555556
Karthus,Pantheon,286,150,0.5244755244755245
Karthus,Xerath,209,99,0.47368421052631576
Karthus,Yunara,246,141,0.573170731707317
Karthus,Zilean,137,78,0.5693430656934306
Akali,Malphite,637,313,0.4913657770800628
Akali,Pantheon,620,280,0.45161290322580644
Akali,Xerath,378,185,0.4894179894179894
Akali,Yunara,494,254,0.5141700404858299
Akali,Zilean,198,89,0.4494949494949495
Caitlyn,Malphite,1385,650,0.4693140794223827
Caitlyn,Pantheon,1356,670,0.4941002949852507
Caitlyn,Xerath,995,447,0.4492462311557789
Caitlyn,Yunara,960,500,0.5208333333333334
Caitlyn,Zilean,460,238,0.5173913043478261
Malphite,Neeko,482,251,0.520746887966805
Neeko,Pantheon,471,227,0.4819532908704883
Neeko,Xerath,348,155,0.4454022988505747
Neeko,Yunara,392,210,0.5357142857142857
Neeko,Zilean,211,100,0.47393364928909953
Sejuani,TwistedFate,158,89,0.5632911392405063
TwistedFate,Yuumi,246,116,0.4715447154471545
Kaisa,TwistedFate,529,229,0.43289224952741023
TwistedFate,Vex,204,93,0.45588235294117646
Lulu,TwistedFate,299,145,0.48494983277591974
Nilah,Sejuani,80,38,0.475
Nilah,Yuumi,154,101,0.6558441558441559
Kaisa,Nilah,324,133,0.4104938271604938
Nilah,Vex,95,51,0.5368421052631579
Lulu,Nilah,142,69,0.4859154929577465
Sejuani,Yasuo,290,128,0.4413793103448276
Yasuo,Yuumi,515,306,0.5941747572815534
Kaisa,Yasuo,1223,578,0.47260834014717906
Vex,Yasuo,528,263,0.4981060606060606
Lulu,Yasuo,603,294,0.48756218905472637
Sejuani,Twitch,223,109,0.48878923766816146
Twitch,Yuumi,376,186,0.4946808510638298
Kaisa,Twitch,756,367,0.48544973544973546
Twitch,Vex,339,167,0.49262536873156343
Cassiopeia,Sejuani,91,40,0.43956043956043955
Cassiopeia,Yuumi,138,72,0.5217391304347826
Cassiopeia,Kaisa,271,132,0.4870848708487085
Cassiopeia,Vex,116,51,0.4396551724137931
Fiora,Ornn,183,103,0.5628415300546448
Fiora,Vi,170,78,0.4588235294117647
Fiora,TwistedFate,161,92,0.5714285714285714
Fiora,Jhin,469,233,0.4968017057569296
Elise,Fiora,91,41,0.45054945054945056
Amumu,Ornn,330,194,0.5878787878787879
Amumu,Vi,387,199,0.5142118863049095
Amumu,TwistedFate,305,171,0.5606557377049181
Amumu,Jhin,1031,567,0.5499515033947624
Amumu,Elise,181,87,0.48066298342541436
Ornn,Swain,383,156,0.4073107049608355
Swain,Vi,361,219,0.6066481994459834
Swain,TwistedFate,369,214,0.5799457994579946
Jhin,Swain,984,475,0.48272357723577236
Elise,Swain,185,79,0.42702702702702705
Ornn,Xayah,254,126,0.49606299212598426
Vi,Xayah,252,117,0.4642857142857143
TwistedFate,Xayah,245,124,0.5061224489795918
Jhin,Xayah,696,388,0.5574712643678161
Elise,Xayah,129,64,0.49612403100775193
Mel,Ornn,497,262,0.5271629778672032
Mel,Vi,516,263,0.5096899224806202
Mel,TwistedFate,482,258,0.5352697095435685
Jhin,Mel,1690,850,0.5029585798816568
Elise,Mel,277,130,0.4693140794223827
Mordekaiser,Yorick,539,252,0.4675324675324675
Udyr,Yorick,219,104,0.4748858447488584
Yasuo,Yorick,566,281,0.49646643109540634
Ashe,Yorick,752,373,0.49601063829787234
Leona,Yorick,395,198,0.5012658227848101
Mordekaiser,Shaco,624,307,0.49198717948717946
Shaco,Udyr,295,145,0.4915254237288136
Shaco,Yasuo,780,358,0.45897435897435895
Ashe,Shaco,920,480,0.5217391304347826
Leona,Shaco,476,236,0.4957983193277311
Lux,Mordekaiser,1462,733,0.5013679890560876
Lux,Udyr,563,271,0.48134991119005327
Lux,Yasuo,1729,822,0.47541931752458066
Ashe,Lux,2239,1105,0.4935238945958017
Leona,Lux,1110,545,0.49099099099099097
Jinx,Mordekaiser,1198,596,0.4974958263772955
Jinx,Udyr,509,269,0.5284872298624754
Jinx,Yasuo,1495,728,0.48695652173913045
Ashe,Jinx,2035,982,0.48255528255528257
Jinx,Leona,1010,501,0.49603960396039604
Maokai,Mordekaiser,353,179,0.5070821529745042
Maokai,Udyr,150,86,0.5733333333333334
Maokai,Yasuo,367,166,0.45231607629427795
Leona,Maokai,294,167,0.5680272108843537
Garen,Nasus,619,340,0.5492730210016155
Nasus,XinZhao,278,147,0.5287769784172662
Nasus,Vladimir,295,170,0.576271186440678
Ezreal,Nasus,495,234,0.4727272727272727
Nasus,Soraka,353,172,0.48725212464589235
Garen,Viego,744,361,0.4852150537634409
Viego,XinZhao,423,225,0.5319148936170213
Viego,Vladimir,382,191,0.5
Ezreal,Viego,677,335,0.4948301329394387
Soraka,Viego,462,246,0.5324675324675324
Garen,Xerath,538,255,0.4739776951672863
Xerath,XinZhao,332,163,0.49096385542168675
Vladimir,Xerath,291,139,0.47766323024054985
Ezreal,Xerath,565,278,0.4920353982300885
Soraka,Xerath,365,177,0.4849315068493151
Garen,Yunara,629,315,0.5007949125596184
XinZhao,Yunara,381,195,0.5118110236220472
Vladimir,Yunara,319,165,0.5172413793103449
Ezreal,Yunara,574,274,0.47735191637630664
Garen,Thresh,815,422,0.5177914110429448
Thresh,XinZhao,481,242,0.5031185031185031
Thresh,Vladimir,455,248,0.545054945054945
Ezreal,Thresh,791,379,0.47914032869785084
Soraka,Thresh,496,251,0.5060483870967742
Brand,Teemo,808,409,0.5061881188118812
Teemo,Volibear,864,451,0.5219907407407407
Galio,Teemo,637,329,0.5164835164835165
Teemo,Tristana,835,436,0.5221556886227545
Swain,Teemo,761,388,0.5098554533508541
Brand,Briar,516,260,0.5038759689922481
Briar,Volibear,626,293,0.4680511182108626
Briar,Galio,415,219,0.5277108433734939
Briar,Tristana,533,277,0.5196998123827392
Briar,Swain,507,236,0.46548323471400394
Brand,Yone,730,370,0.5068493150684932
Volibear,Yone,757,389,0.5138705416116248
Galio,Yone,536,252,0.4701492537313433
Tristana,Yone,695,350,0.5035971223021583
Swain,Yone,634,316,0.49842271293375395
Brand,Samira,437,247,0.5652173913043478
Samira,Volibear,466,236,0.5064377682403434
Samira,Tristana,390,188,0.48205128205128206
Samira,Swain,407,191,0.4692874692874693
Ashe,Brand,1113,518,0.46540880503144655
Ashe,Volibear,1048,518,0.49427480916030536
Ashe,Galio,794,381,0.47984886649874053
Ashe,Swain,962,482,0.501039501039501
Sion,Yasuo,691,326,0.4717800289435601
Graves,Yasuo,512,218,0.42578125
Pantheon,Yasuo,1080,550,0.5092592592592593
Smolder,Yasuo,1027,475,0.4625121713729309
Milio,Yasuo,662,318,0.48036253776435045
Sion,Warwick,550,281,0.5109090909090909
Graves,Warwick,350,145,0.4142857142857143
Pantheon,Warwick,836,409,0.4892344497607656
Smolder,Warwick,881,453,0.5141884222474461
Milio,Warwick,506,276,0.5454545454545454
Sion,Sylas,652,332,0.50920245398773
Graves,Sylas,435,214,0.49195402298850577
Pantheon,Sylas,792,419,0.5290404040404041
Smolder,Sylas,953,462,0.48478488982161594
Milio,Sylas,592,295,0.4983108108108108
Lucian,Sion,471,234,0.4968152866242038
Graves,Lucian,385,195,0.5064935064935064
Lucian,Pantheon,619,289,0.4668820678513732
Lucian,Smolder,700,359,0.5128571428571429
Lucian,Milio,441,217,0.49206349206349204
Sion,Thresh,583,314,0.5385934819897084
Graves,Thresh,412,204,0.49514563106796117
Pantheon,Thresh,791,384,0.4854614412136536
Smolder,Thresh,905,485,0.5359116022099447
Milio,Thresh,552,285,0.5163043478260869
Gwen,Sett,512,220,0.4296875
Gwen,Nocturne,294,147,0.5
Ahri,Gwen,566,303,0.5353356890459364
Gwen,MissFortune,915,464,0.507103825136612
Gwen,Neeko,317,156,0.4921135646687697
Briar,Sett,639,303,0.47417840375586856
Briar,Nocturne,350,184,0.5257142857142857
Ahri,Briar,660,324,0.4909090909090909
Briar,MissFortune,1079,547,0.5069508804448564
Briar,Neeko,347,170,0.4899135446685879
Sett,Yasuo,979,511,0.5219611848825332
Nocturne,Yasuo,521,241,0.46257197696737046
Ahri,Yasuo,989,467,0.47219413549039435
MissFortune,Yasuo,1630,782,0.47975460122699387
Neeko,Yasuo,541,267,0.49353049907578556
Kaisa,Sett,967,426,0.4405377456049638
Kaisa,Nocturne,556,268,0.48201438848920863
Ahri,Kaisa,1040,516,0.49615384615384617
Kaisa,MissFortune,1838,869,0.47279651795429817
Kaisa,Neeko,566,285,0.5035335689045937
Lux,Sett,1296,601,0.4637345679012346
Lux,Nocturne,859,407,0.47380675203725264
Ahri,Lux,1725,819,0.4747826086956522
Lux,MissFortune,2714,1363,0.502210759027266
Lux,Neeko,972,483,0.49691358024691357
Teemo,Urgot,443,224,0.5056433408577878
Olaf,Urgot,153,76,0.49673202614379086
Katarina,Urgot,275,115,0.41818181818181815
Ashe,Urgot,589,260,0.44142614601018676
Urgot,Yuumi,223,128,0.5739910313901345
Hecarim,Teemo,342,162,0.47368421052631576
Hecarim,Olaf,127,69,0.5433070866141733
Hecarim,Katarina,188,110,0.5851063829787234
Hecarim,Yuumi,182,91,0.5
Teemo,Yone,913,453,0.49616648411829134
Olaf,Yone,228,114,0.5
Katarina,Yone,501,258,0.5149700598802395
Ashe,Yone,1258,671,0.5333863275039745
Yone,Yuumi,475,257,0.5410526315789473
Lux,Teemo,1864,938,0.5032188841201717
Lux,Olaf,390,189,0.4846153846153846
Katarina,Lux,949,473,0.49841938883034775
Lux,Yuumi,857,432,0.5040840140023337
Olaf,Swain,188,94,0.5
Katarina,Swain,363,167,0.46005509641873277
Swain,Yuumi,381,213,0.5590551181102362
Ambessa,Gwen,305,149,0.4885245901639344
Graves,Gwen,250,117,0.468
Gwen,Veigar,506,246,0.48616600790513836
Ambessa,Amumu,357,189,0.5294117647058824
Amumu,Graves,314,168,0.535031847133758
Amumu,Veigar,690,364,0.527536231884058
Amumu,Mel,884,465,0.5260180995475113
Amumu,Nami,593,283,0.4772344013490725
Ambessa,Malzahar,347,146,0.4207492795389049
Graves,Malzahar,389,176,0.4524421593830334
Malzahar,Veigar,738,383,0.518970189701897
Malzahar,Mel,963,522,0.5420560747663551
Ambessa,Vayne,452,224,0.49557522123893805
Graves,Vayne,403,195,0.4838709677419355
Vayne,Veigar,798,390,0.48872180451127817
Mel,Vayne,1047,542,0.5176695319961796
Nami,Vayne,709,371,0.5232722143864598
Ambessa,Leona,346,157,0.45375722543352603
Graves,Leona,340,170,0.5
Leona,Veigar,643,318,0.49455676516329705
Leona,Mel,867,445,0.5132641291810842
Leona,Nami,605,300,0.49586776859504134
Aatrox,Sett,564,278,0.4929078014184397
Khazix,Sett,367,150,0.4087193460490463
Fizz,Sett,497,241,0.48490945674044267
Mel,Sett,993,453,0.4561933534743202
Seraphine,Sett,654,288,0.44036697247706424
Aatrox,FiddleSticks,271,144,0.5313653136531366
FiddleSticks,Khazix,178,82,0.4606741573033708
FiddleSticks,Fizz,243,126,0.5185185185185185
FiddleSticks,Mel,510,259,0.5078431372549019
FiddleSticks,Seraphine,330,177,0.5363636363636364
Aatrox,Teemo,625,297,0.4752
Khazix,Teemo,425,196,0.4611764705882353
Fizz,Teemo,586,289,0.4931740614334471
Mel,Teemo,1246,628,0.5040128410914928
Seraphine,Teemo,865,402,0.4647398843930636
Aatrox,Ezreal,610,326,0.5344262295081967
Ezreal,Khazix,404,186,0.4603960396039604
Ezreal,Fizz,504,234,0.4642857142857143
Ezreal,Mel,980,430,0.4387755102040816
Ezreal,Seraphine,672,318,0.4732142857142857
Aatrox,Pantheon,616,303,0.49188311688311687
Khazix,Pantheon,395,188,0.4759493670886076
Fizz,Pantheon,505,243,0.48118811881188117
Mel,Pantheon,1061,546,0.5146088595664468
Pantheon,Seraphine,665,356,0.5353383458646617
Jax,Leblanc,389,194,0.4987146529562982
Leblanc,Vex,251,99,0.3944223107569721
Leblanc,Renekton,213,105,0.49295774647887325
Leblanc,Nautilus,365,154,0.42191780821917807
Leblanc,MissFortune,655,303,0.46259541984732827
Jax,Xerath,548,264,0.48175182481751827
Vex,Xerath,264,134,0.5075757575757576
Renekton,Xerath,258,117,0.45348837209302323
Nautilus,Xerath,513,241,0.4697855750487329
MissFortune,Xerath,1058,521,0.4924385633270321
Jax,TwistedFate,404,217,0.5371287128712872
Renekton,TwistedFate,227,132,0.5814977973568282
Nautilus,TwistedFate,383,215,0.5613577023498695
MissFortune,TwistedFate,623,329,0.5280898876404494
Malzahar,Vex,317,162,0.5110410094637224
Malzahar,Renekton,320,181,0.565625
Malzahar,Nautilus,661,360,0.5446293494704992
Malzahar,MissFortune,1297,654,0.5042405551272167
Ekko,Jax,580,274,0.4724137931034483
Ekko,Vex,317,153,0.48264984227129337
Ekko,Renekton,288,138,0.4791666666666667
Ekko,Nautilus,592,290,0.48986486486486486
Ekko,MissFortune,1037,494,0.476374156219865
Fiora,Vex,153,73,0.477124183006536
Briar,Vex,291,132,0.4536082474226804
Vex,Zoe,205,102,0.4975609756097561
Ashe,Vex,570,274,0.4807017543859649
Milio,Vex,269,132,0.49070631970260226
Fiora,Kayn,271,132,0.4870848708487085
Briar,Kayn,634,339,0.5347003154574133
Kayn,Zoe,372,199,0.5349462365591398
Ashe,Kayn,1103,546,0.49501359927470534
Kayn,Milio,529,263,0.497164461247637
Fiora,Malzahar,251,119,0.47410358565737054
Briar,Malzahar,546,268,0.4908424908424908
Malzahar,Zoe,366,210,0.5737704918032787
Ashe,Malzahar,1078,524,0.48608534322820035
Malzahar,Milio,495,234,0.4727272727272727
Fiora,Lucian,249,115,0.46184738955823296
Briar,Lucian,451,243,0.5388026607538803
Lucian,Zoe,319,183,0.5736677115987461
Ashe,Lucian,910,479,0.5263736263736264
Fiora,Nami,306,130,0.42483660130718953
Briar,Nami,590,291,0.49322033898305084
Nami,Zoe,390,211,0.541025641025641
Ashe,Nami,1136,556,0.4894366197183099
Milio,Nami,630,306,0.4857142857142857
Chogath,Mordekaiser,769,343,0.4460338101430429
Chogath,DrMundo,824,373,0.4526699029126214
Aphelios,Chogath,383,182,0.4751958224543081
Chogath,Vayne,773,369,0.47736093143596375
Chogath,Teemo,919,442,0.4809575625680087
Mordekaiser,Warwick,902,422,0.4678492239467849
DrMundo,Warwick,891,424,0.47586980920314254
Aphelios,Warwick,437,206,0.47139588100686497
Vayne,Warwick,764,360,0.4712041884816754
Teemo,Warwick,966,486,0.5031055900621118
Ashe,Mordekaiser,1207,604,0.5004142502071252
Ashe,DrMundo,1302,633,0.4861751152073733
Aphelios,Ashe,664,313,0.4713855421686747
Ashe,Vayne,1253,646,0.515562649640862
Ashe,Teemo,1407,689,0.4896943852167733
MissFortune,Mordekaiser,1423,736,0.517217146872804
DrMundo,MissFortune,1460,744,0.5095890410958904
Aphelios,MissFortune,788,384,0.4873096446700508
MissFortune,Vayne,1563,790,0.5054382597568778
MissFortune,Teemo,1777,837,0.4710185706246483
Brand,Mordekaiser,719,387,0.5382475660639777
Brand,DrMundo,764,393,0.5143979057591623
Aphelios,Brand,371,164,0.4420485175202156
Brand,Vayne,699,370,0.5293276108726752
Akali,Vladimir,362,185,0.511049723756906
Akali,Trundle,365,162,0.4438356164383562
Ahri,Akali,721,378,0.5242718446601942
Akali,Jinx,893,393,0.4400895856662934
Akali,Seraphine,546,277,0.5073260073260073
Amumu,Vladimir,353,209,0.5920679886685553
Amumu,Trundle,400,199,0.4975
Ahri,Amumu,690,322,0.4666666666666667
Amumu,Jinx,937,467,0.4983991462113127
Amumu,Seraphine,590,322,0.5457627118644067
Akshan,Vladimir,200,97,0.485
Akshan,Trundle,211,92,0.43601895734597157
Ahri,Akshan,417,218,0.5227817745803357
Akshan,Jinx,557,259,0.4649910233393178
Akshan,Seraphine,311,158,0.5080385852090032
KogMaw,Vladimir,180,94,0.5222222222222223
KogMaw,Trundle,159,86,0.5408805031446541
Ahri,KogMaw,395,208,0.5265822784810127
Jinx,KogMaw,494,265,0.5364372469635628
KogMaw,Seraphine,289,136,0.47058823529411764
Vladimir,Yuumi,257,116,0.45136186770428016
Trundle,Yuumi,279,143,0.5125448028673835
Ahri,Yuumi,503,256,0.5089463220675944
Jinx,Yuumi,693,384,0.5541125541125541
Seraphine,Yuumi,393,194,0.49363867684478374
Ambessa,Pantheon,481,217,0.45114345114345117
Ambessa,Kindred,187,87,0.46524064171123
Ambessa,Mel,539,285,0.5287569573283859
Ambessa,Anivia,196,75,0.3826530612244898
Ambessa,Seraphine,331,163,0.49244712990936557
Nocturne,Pantheon,436,240,0.5504587155963303
Kindred,Nocturne,202,106,0.5247524752475248
Mel,Nocturne,534,275,0.5149812734082397
Anivia,Nocturne,170,87,0.5117647058823529
Nocturne,Seraphine,370,182,0.4918918918918919
Lux,Pantheon,1483,767,0.5171948752528658
Kindred,Lux,592,267,0.4510135135135135
Lux,Mel,1938,972,0.5015479876160991
Anivia,Lux,589,281,0.4770797962648557
Lux,Seraphine,1472,781,0.5305706521739131
Pantheon,Sivir,532,265,0.4981203007518797
Kindred,Sivir,228,102,0.4473684210526316
Mel,Sivir,661,323,0.4886535552193646
Anivia,Sivir,230,116,0.5043478260869565
Seraphine,Sivir,440,216,0.4909090909090909
Galio,Pantheon,563,303,0.5381882770870338
Galio,Kindred,225,124,0.5511111111111111
Galio,Mel,734,375,0.510899182561308
Anivia,Galio,236,101,0.4279661016949153
Galio,Seraphine,453,244,0.5386313465783664
KSante,Renekton,136,56,0.4117647058823529
Renekton,Ziggs,209,98,0.4688995215311005
JarvanIV,Renekton,216,103,0.47685185185185186
Renekton,Seraphine,328,176,0.5365853658536586
Caitlyn,Renekton,670,359,0.5358208955223881
KSante,Volibear,251,100,0.398406374501992
Volibear,Ziggs,418,229,0.5478468899521531
JarvanIV,Volibear,426,216,0.5070422535211268
Seraphine,Volibear,654,320,0.4892966360856269
Caitlyn,Volibear,1203,578,0.48046550290939316
KSante,Vex,111,44,0.3963963963963964
Vex,Ziggs,255,116,0.4549019607843137
JarvanIV,Vex,231,121,0.5238095238095238
Seraphine,Vex,323,153,0.47368421052631576
Caitlyn,Vex,626,298,0.476038338658147
Jhin,KSante,381,219,0.5748031496062992
Jhin,Ziggs,668,339,0.5074850299401198
JarvanIV,Jhin,693,358,0.5165945165945166
Jhin,Seraphine,1053,540,0.5128205128205128
Caitlyn,Jhin,2559,1219,0.476357952325127
KSante,Zilean,95,40,0.42105263157894735
Ziggs,Zilean,208,114,0.5480769230769231
JarvanIV,Zilean,199,105,0.5276381909547738
Seraphine,Zilean,272,140,0.5147058823529411
Darius,Volibear,765,354,0.4627450980392157
Darius,Naafiri,355,174,0.49014084507042255
Darius,Hwei,470,217,0.46170212765957447
Darius,Lucian,542,288,0.5313653136531366
Blitzcrank,Darius,505,269,0.5326732673267327
Volibear,XinZhao,471,242,0.5138004246284501
Naafiri,XinZhao,273,120,0.43956043956043955
Hwei,XinZhao,278,152,0.5467625899280576
Lucian,XinZhao,367,170,0.46321525885558584
Blitzcrank,XinZhao,345,147,0.4260869565217391
Ahri,Volibear,850,427,0.5023529411764706
Ahri,Naafiri,434,186,0.42857142857142855
Ahri,Lucian,688,348,0.5058139534883721
Ahri,Blitzcrank,661,340,0.5143721633888049
Mel,Volibear,917,436,0.47546346782988
Mel,Naafiri,548,270,0.4927007299270073
Hwei,Mel,653,324,0.49617151607963245
Lucian,Mel,736,347,0.47146739130434784
Blitzcrank,Mel,744,358,0.48118279569892475
Nami,Volibear,728,382,0.5247252747252747
Naafiri,Nami,373,174,0.46648793565683644
Hwei,Nami,450,202,0.4488888888888889
Lucian,Nami,605,279,0.46115702479338844
Blitzcrank,Nami,543,283,0.5211786372007366
Irelia,Vayne,455,206,0.45274725274725275
Ahri,Irelia,527,289,0.5483870967741935
Gragas,Irelia,192,98,0.5104166666666666
Irelia,Shyvana,138,74,0.5362318840579711
Irelia,Shen,270,123,0.45555555555555555
Sona,Vayne,459,247,0.5381263616557734
Ahri,Sona,467,241,0.5160599571734475
Gragas,Sona,199,84,0.4221105527638191
Shyvana,Sona,140,79,0.5642857142857143
Shen,Sona,280,131,0.46785714285714286
Vayne,Yuumi,466,241,0.5171673819742489
Gragas,Yuumi,202,100,0.49504950495049505
Shyvana,Yuumi,165,88,0.5333333333333333
Shen,Yuumi,323,174,0.5386996904024768
JarvanIV,Vayne,460,222,0.4826086956521739
Ahri,JarvanIV,541,278,0.5138632162661737
Gragas,JarvanIV,199,84,0.4221105527638191
JarvanIV,Shyvana,151,84,0.5562913907284768
JarvanIV,Shen,311,150,0.48231511254019294
Jhin,Vayne,1337,639,0.4779356768885565
Ahri,Jhin,1366,680,0.4978038067349927
Gragas,Jhin,507,227,0.4477317554240631
Jhin,Shyvana,364,189,0.5192307692307693
Jhin,Shen,781,389,0.4980793854033291
Irelia,Riven,270,129,0.4777777777777778
Riven,Viego,362,174,0.48066298342541436
Fizz,Riven,268,146,0.5447761194029851
Jhin,Riven,671,373,0.555886736214605
Gragas,Riven,160,85,0.53125
Irelia,Zed,370,202,0.5459459459459459
Viego,Zed,577,283,0.4904679376083189
Fizz,Zed,406,211,0.5197044334975369
Jhin,Zed,957,481,0.5026123301985371
Gragas,Zed,292,134,0.4589041095890411
Irelia,Yone,479,242,0.5052192066805845
Viego,Yone,722,355,0.4916897506925208
Fizz,Yone,458,233,0.5087336244541485
Jhin,Yone,1289,631,0.4895267649340574
Gragas,Yone,309,146,0.47249190938511326
Irelia,Kaisa,612,284,0.46405228758169936
Kaisa,Viego,847,410,0.48406139315230223
Fizz,Kaisa,631,311,0.4928684627575277
Jhin,Kaisa,1759,896,0.5093803297328028
Gragas,Kaisa,425,201,0.47294117647058825
Irelia,Lux,852,388,0.45539906103286387
Lux,Viego,1286,632,0.49144634525660963
Fizz,Lux,916,447,0.48799126637554585
Jhin,Lux,2255,1132,0.5019955654101995
Gragas,Lux,515,210,0.4077669902912621
Renekton,Yorick,238,123,0.5168067226890757
MasterYi,Yorick,439,214,0.4874715261958998
Hwei,Yorick,258,132,0.5116279069767442
Twitch,Yorick,327,161,0.4923547400611621
Nami,Yorick,438,215,0.4908675799086758
Mordekaiser,Renekton,400,212,0.53
MasterYi,Mordekaiser,766,391,0.5104438642297651
Hwei,Mordekaiser,500,229,0.458
Mordekaiser,Twitch,628,352,0.5605095541401274
Mordekaiser,Nami,744,376,0.5053763440860215
Renekton,Veigar,376,189,0.5026595744680851
MasterYi,Veigar,723,344,0.47579529737206083
Hwei,Veigar,464,226,0.4870689655172414
Twitch,Veigar,636,310,0.48742138364779874
Nami,Veigar,706,353,0.5
Caitlyn,MasterYi,1266,608,0.4802527646129542
Caitlyn,Twitch,1026,517,0.5038986354775828
Caitlyn,Nami,1312,624,0.47560975609756095
Morgana,Renekton,474,246,0.5189873417721519
MasterYi,Morgana,978,479,0.4897750511247444
Hwei,Morgana,639,319,0.49921752738654146
Morgana,Twitch,750,391,0.5213333333333333
Morgana,Nami,980,482,0.49183673469387756
Gangplank,Nidalee,142,63,0.44366197183098594
Nidalee,Nilah,91,43,0.4725274725274725
LeeSin,Nidalee,215,112,0.5209302325581395
Ezreal,Nidalee,354,172,0.4858757062146893
Nidalee,Ornn,197,104,0.5279187817258884
Kaisa,Nidalee,411,196,0.4768856447688564
Galio,Nidalee,213,127,0.596244131455399
Cassiopeia,Nidalee,113,60,0.5309734513274337
Gangplank,Kassadin,89,43,0.48314606741573035
Kassadin,Nilah,62,33,0.532258064516129
Kassadin,LeeSin,120,54,0.45
Ezreal,Kassadin,213,105,0.49295774647887325
Kassadin,Ornn,132,72,0.5454545454545454
Kaisa,Kassadin,255,141,0.5529411764705883
Galio,Kassadin,145,85,0.5862068965517241
Cassiopeia,Kassadin,68,31,0.45588235294117646
Gangplank,Mordekaiser,255,110,0.43137254901960786
Mordekaiser,Nilah,234,117,0.5
LeeSin,Mordekaiser,478,211,0.44142259414225943
Ezreal,Mordekaiser,746,334,0.4477211796246649
Mordekaiser,Ornn,494,297,0.6012145748987854
Kaisa,Mordekaiser,1001,453,0.45254745254745254
Galio,Mordekaiser,584,276,0.4726027397260274
Cassiopeia,Mordekaiser,229,109,0.4759825327510917
Gangplank,Yone,301,130,0.4318936877076412
LeeSin,Yone,505,242,0.4792079207920792
Ezreal,Yone,788,351,0.44543147208121825
Ornn,Yone,432,190,0.4398148148148148
Kaisa,Yone,980,492,0.5020408163265306
Cassiopeia,Yone,215,103,0.4790697674418605
Belveth,Gangplank,93,45,0.4838709677419355
Belveth,Nilah,70,37,0.5285714285714286
Belveth,LeeSin,146,74,0.5068493150684932
Belveth,Ezreal,223,116,0.5201793721973094
Belveth,Ornn,155,90,0.5806451612903226
Belveth,Kaisa,266,118,0.44360902255639095
Belveth,Galio,164,75,0.4573170731707317
Belveth,Cassiopeia,75,37,0.49333333333333335
Chogath,Gangplank,286,166,0.5804195804195804
Chogath,Nilah,208,105,0.5048076923076923
Chogath,LeeSin,436,233,0.5344036697247706
Chogath,Ezreal,700,384,0.5485714285714286
Chogath,Ornn,425,251,0.5905882352941176
Chogath,Kaisa,881,438,0.49716231555051077
Chogath,Galio,513,251,0.48927875243664715
Cassiopeia,Chogath,235,115,0.48936170212765956
Gangplank,XinZhao,171,73,0.4269005847953216
Nilah,XinZhao,147,74,0.5034013605442177
LeeSin,XinZhao,323,138,0.42724458204334365
Ezreal,XinZhao,464,216,0.46551724137931033
Ornn,XinZhao,269,120,0.44609665427509293
Kaisa,XinZhao,598,280,0.4682274247491639
Galio,XinZhao,328,168,0.5121951219512195
Cassiopeia,XinZhao,139,68,0.4892086330935252
Teemo,Trundle,542,256,0.47232472324723246
Kayn,Teemo,870,399,0.4586206896551724
Malzahar,Teemo,844,451,0.5343601895734598
MasterYi,Trundle,431,201,0.46635730858468677
Kayn,MasterYi,762,357,0.468503937007874
MasterYi,Mel,910,468,0.5142857142857142
Lux,MasterYi,1348,693,0.5140949554896143
Heimerdinger,Trundle,212,110,0.5188679245283019
Heimerdinger,Kayn,314,160,0.5095541401273885
Heimerdinger,Malzahar,397,190,0.47858942065491183
Heimerdinger,Mel,522,256,0.4904214559386973
Heimerdinger,Lux,703,349,0.49644381223328593
AurelionSol,Trundle,229,123,0.537117903930131
AurelionSol,Kayn,367,184,0.5013623978201635
AurelionSol,Malzahar,362,172,0.47513812154696133
AurelionSol,Mel,592,315,0.5320945945945946
AurelionSol,Lux,704,335,0.4758522727272727
Nami,Trundle,411,212,0.5158150851581509
Kayn,Nami,705,337,0.47801418439716314
Mel,Nami,962,470,0.4885654885654886
Lux,Nami,1398,679,0.48569384835479257
Aurora,Varus,313,160,0.5111821086261981
Akali,Varus,408,204,0.5
Pantheon,Varus,510,248,0.48627450980392156
Sona,Varus,312,182,0.5833333333333334
Lux,Varus,973,547,0.5621788283658787
Aurora,Zoe,211,122,0.5781990521327014
Akali,Zoe,305,145,0.47540983606557374
Pantheon,Zoe,408,219,0.5367647058823529
Sona,Zoe,279,145,0.5197132616487455
Lux,Zoe,734,371,0.5054495912806539
Aurora,Taliyah,126,59,0.46825396825396826
Akali,Taliyah,181,97,0.5359116022099447
Pantheon,Taliyah,254,128,0.5039370078740157
Sona,Taliyah,127,62,0.4881889763779528
Lux,Taliyah,396,199,0.5025252525252525
Aurora,Chogath,383,190,0.4960835509138381
Akali,Chogath,547,262,0.4789762340036563
Chogath,Pantheon,733,375,0.5115961800818554
Chogath,Sona,425,211,0.4964705882352941
Chogath,Lux,1176,586,0.49829931972789115
Aurora,Nasus,277,147,0.5306859205776173
Akali,Nasus,343,149,0.43440233236151604
Nasus,Pantheon,454,226,0.4977973568281938
Nasus,Sona,282,130,0.46099290780141844
Lux,Nasus,900,461,0.5122222222222222
Gangplank,Kayle,255,118,0.4627450980392157
Kayle,Olaf,190,102,0.5368421052631579
Akali,Kayle,439,218,0.49658314350797267
Kayle,Lucian,486,255,0.5246913580246914
Galio,Kayle,411,224,0.5450121654501217
Gangplank,Sett,307,124,0.40390879478827363
Olaf,Sett,271,144,0.5313653136531366
Akali,Sett,594,261,0.4393939393939394
Lucian,Sett,601,271,0.4509151414309484
Galio,Sett,559,264,0.47227191413237923
Gangplank,Talon,142,74,0.5211267605633803
Olaf,Talon,93,61,0.6559139784946236
Akali,Talon,261,131,0.5019157088122606
Lucian,Talon,254,128,0.5039370078740157
Galio,Talon,217,115,0.5299539170506913
Gangplank,Seraphine,251,108,0.4302788844621514
Olaf,Seraphine,195,108,0.5538461538461539
Lucian,Seraphine,493,223,0.45233265720081134
Gangplank,Orianna,193,95,0.49222797927461137
Olaf,Orianna,103,48,0.46601941747572817
Akali,Orianna,306,158,0.5163398692810458
Lucian,Orianna,338,166,0.4911242603550296
Galio,Orianna,269,152,0.5650557620817844
Camille,Ivern,61,31,0.5081967213114754
Ivern,Orianna,129,58,0.4496124031007752
Ivern,Senna,193,94,0.48704663212435234
Ivern,Nautilus,225,123,0.5466666666666666
Ivern,Neeko,126,58,0.4603174603174603
Camille,XinZhao,160,62,0.3875
Orianna,XinZhao,218,124,0.5688073394495413
Senna,XinZhao,403,170,0.4218362282878412
Nautilus,XinZhao,436,202,0.463302752293578
Neeko,XinZhao,268,119,0.44402985074626866
Camille,DrMundo,229,101,0.4410480349344978
DrMundo,Orianna,414,226,0.5458937198067633
DrMundo,Senna,701,359,0.5121255349500713
DrMundo,Nautilus,780,435,0.5576923076923077
DrMundo,Neeko,481,263,0.5467775467775468
Camille,Cassiopeia,59,35,0.5932203389830508
Cassiopeia,Orianna,125,52,0.416
Cassiopeia,Senna,193,97,0.5025906735751295
Cassiopeia,Nautilus,233,109,0.4678111587982833
Cassiopeia,Neeko,123,57,0.4634146341463415
Camille,Poppy,122,56,0.45901639344262296
Orianna,Poppy,213,107,0.5023474178403756
Poppy,Senna,328,174,0.5304878048780488
Nautilus,Poppy,394,200,0.5076142131979695
Neeko,Poppy,212,94,0.44339622641509435
Irelia,Zaahen,506,226,0.44664031620553357
Evelynn,Zaahen,283,122,0.43109540636042404
Katarina,Zaahen,593,264,0.4451939291736931
Zaahen,Zaahen,1112,241,0.21672661870503598
Brand,Zaahen,757,379,0.5006605019815059
Amumu,Irelia,369,195,0.5284552845528455
Amumu,Evelynn,201,115,0.572139303482587
Amumu,Katarina,385,204,0.5298701298701298
Amumu,Zaahen,624,312,0.5
Amumu,Brand,638,325,0.5094043887147336
Ekko,Irelia,342,190,0.5555555555555556
Ekko,Evelynn,220,112,0.509090909090909
Ekko,Katarina,387,188,0.48578811369509045
Ekko,Zaahen,592,246,0.4155405405405405
Brand,Ekko,544,296,0.5441176470588235
Irelia,Zeri,175,98,0.56
Evelynn,Zeri,98,48,0.4897959183673469
Katarina,Zeri,185,101,0.5459459459459459
Zaahen,Zeri,362,188,0.5193370165745856
Brand,Zeri,265,151,0.569811320754717
Blitzcrank,Irelia,340,181,0.5323529411764706
Blitzcrank,Evelynn,223,111,0.4977578475336323
Blitzcrank,Katarina,326,173,0.5306748466257669
Blitzcrank,Brand,572,278,0.486013986013986
Draven,Malphite,431,181,0.419953596287703
Malphite,Veigar,834,417,0.5
Malphite,Tristana,723,354,0.4896265560165975
Belveth,Draven,117,61,0.5213675213675214
Belveth,Veigar,237,114,0.4810126582278481
Akali,Belveth,171,68,0.39766081871345027
Belveth,Caitlyn,363,202,0.5564738292011019
Belveth,Tristana,213,87,0.4084507042253521
Draven,Leona,324,141,0.4351851851851852
Akali,Leona,482,223,0.46265560165975106
Caitlyn,Leona,997,506,0.5075225677031093
Leona,Tristana,533,256,0.4803001876172608
Draven,Yasuo,477,231,0.48427672955974843
Veigar,Yasuo,868,436,0.5023041474654378
Akali,Yasuo,852,377,0.4424882629107981
Caitlyn,Yasuo,1630,755,0.46319018404907975
Tristana,Yasuo,772,362,0.4689119170984456
Draven,Rumble,119,56,0.47058823529411764
Rumble,Veigar,201,97,0.48258706467661694
Akali,Rumble,145,73,0.503448275862069
Caitlyn,Rumble,342,181,0.5292397660818714
Rumble,Tristana,218,121,0.555045871559633
XinZhao,Zilean,188,104,0.5531914893617021
Veigar,XinZhao,460,231,0.5021739130434782
Soraka,XinZhao,315,156,0.49523809523809526
Karthus,Lucian,267,145,0.5430711610486891
Karthus,Veigar,352,172,0.48863636363636365
Karthus,Soraka,222,114,0.5135135135135135
Kaisa,Karthus,333,156,0.46846846846846846
Jhin,Lucian,1008,539,0.5347222222222222
Jhin,Veigar,1205,612,0.5078838174273859
Jhin,Soraka,799,408,0.5106382978723404
Vayne,Zilean,289,147,0.5086505190311419
Lucian,Vayne,627,309,0.49282296650717705
Soraka,Vayne,469,232,0.4946695095948827
Kaisa,Vayne,1135,520,0.4581497797356828
Nidalee,Zilean,145,75,0.5172413793103449
Lucian,Nidalee,312,159,0.5096153846153846
Nidalee,Veigar,380,166,0.4368421052631579
Nidalee,Soraka,235,94,0.4
Chogath,Zaahen,734,331,0.45095367847411444
Akshan,Chogath,278,125,0.44964028776978415
Blitzcrank,Chogath,555,264,0.4756756756756757
Ekko,LeeSin,382,211,0.5523560209424084
Akshan,Ekko,251,122,0.4860557768924303
Ekko,Kaisa,797,404,0.506900878293601
Blitzcrank,Ekko,449,208,0.46325167037861914
XinZhao,Zaahen,471,209,0.4437367303609342
Akshan,XinZhao,195,84,0.4307692307692308
Twitch,Zaahen,585,250,0.42735042735042733
LeeSin,Twitch,385,175,0.45454545454545453
Akshan,Twitch,248,125,0.5040322580645161
Blitzcrank,Twitch,509,263,0.5166994106090373
Swain,Zaahen,694,346,0.49855907780979825
Akshan,Swain,286,136,0.4755244755244755
Kaisa,Swain,839,413,0.4922526817640048
Blitzcrank,Swain,542,240,0.44280442804428044
Bard,Blitzcrank,318,166,0.5220125786163522
Blitzcrank,Rumble,162,80,0.49382716049382713
Blitzcrank,Tristana,556,269,0.48381294964028776
Blitzcrank,Taliyah,203,100,0.49261083743842365
Bard,Malzahar,376,162,0.4308510638297872
Malzahar,Rumble,190,96,0.5052631578947369
Malzahar,Taliyah,204,106,0.5196078431372549
Bard,Kalista,99,55,0.5555555555555556
Kalista,Rumble,51,28,0.5490196078431373
Ahri,Kalista,201,104,0.5174129353233831
Kalista,Taliyah,80,30,0.375
Graves,Rumble,146,69,0.4726027397260274
Ahri,Graves,445,233,0.5235955056179775
Graves,Tristana,380,198,0.5210526315789473
Graves,Taliyah,130,56,0.4307692307692308
Aatrox,Bard,327,169,0.5168195718654435
Aatrox,Rumble,136,74,0.5441176470588235
Aatrox,Tristana,487,242,0.49691991786447637
Aatrox,Taliyah,191,98,0.5130890052356021
Pantheon,Riven,417,237,0.5683453237410072
Pantheon,Trundle,507,264,0.5207100591715976
Ezreal,Pantheon,787,362,0.4599745870393901
Blitzcrank,Pantheon,564,288,0.5106382978723404
Riven,Taliyah,130,53,0.4076923076923077
Taliyah,Trundle,132,63,0.4772727272727273
Ezreal,Taliyah,235,110,0.46808510638297873
Riven,Sylas,449,206,0.45879732739420936
Sylas,Trundle,433,222,0.5127020785219399
Aatrox,Sylas,678,353,0.5206489675516224
Ezreal,Sylas,797,374,0.46925972396486826
Blitzcrank,Sylas,564,279,0.4946808510638298
Riven,Vayne,356,164,0.4606741573033708
Trundle,Vayne,490,253,0.5163265306122449
Aatrox,Vayne,567,272,0.47971781305114636
Ezreal,Vayne,816,378,0.4632352941176471
Blitzcrank,Vayne,596,299,0.5016778523489933
Morgana,Riven,507,284,0.5601577909270217
Morgana,Trundle,618,325,0.5258899676375405
Aatrox,Morgana,653,313,0.4793261868300153
Ezreal,Morgana,997,437,0.4383149448345035
Blitzcrank,Morgana,753,355,0.4714475431606906
Urgot,Vayne,396,195,0.49242424242424243
Draven,Vayne,432,212,0.49074074074074076
Vayne,Yone,789,400,0.5069708491761724
Varus,Vayne,496,222,0.4475806451612903
JarvanIV,Urgot,243,113,0.46502057613168724
Draven,JarvanIV,252,113,0.44841269841269843
JarvanIV,Yone,458,264,0.5764192139737991
JarvanIV,Varus,318,164,0.5157232704402516
Brand,JarvanIV,415,217,0.5228915662650603
Karma,Urgot,241,122,0.5062240663900415
Draven,Karma,297,148,0.4983164983164983
Karma,Yone,475,228,0.48
Karma,Varus,386,194,0.5025906735751295
Brand,Karma,478,245,0.5125523012552301
Urgot,Yunara,313,158,0.5047923322683706
Draven,Yunara,307,140,0.4560260586319218
Yone,Yunara,587,334,0.5689948892674617
Varus,Yunara,412,208,0.5048543689320388
Brand,Yunara,491,283,0.5763747454175153
Blitzcrank,Urgot,316,157,0.49683544303797467
Blitzcrank,Draven,301,155,0.5149501661129569
Blitzcrank,Yone,543,271,0.4990791896869245
Blitzcrank,Varus,428,224,0.5233644859813084
Darius,Quinn,271,121,0.44649446494464945
Darius,Trundle,440,219,0.49772727272727274
Aurora,Darius,354,177,0.5
Darius,Ezreal,725,392,0.5406896551724137
Darius,Zyra,531,243,0.4576271186440678
Kayn,Quinn,302,144,0.4768211920529801
Kayn,Trundle,501,255,0.5089820359281437
Aurora,Kayn,318,168,0.5283018867924528
Ezreal,Kayn,728,341,0.4684065934065934
Kayn,Zyra,509,227,0.44597249508840864
Quinn,Yone,325,159,0.48923076923076925
Trundle,Yone,480,234,0.4875
Aurora,Yone,388,198,0.5103092783505154
Yone,Zyra,500,242,0.484
Jhin,Quinn,512,258,0.50390625
Jhin,Trundle,737,380,0.5156037991858887
Aurora,Jhin,639,309,0.4835680751173709
Ezreal,Jhin,1300,634,0.4876923076923077
Jhin,Zyra,872,436,0.5
Lulu,Quinn,211,92,0.43601895734597157
Lulu,Trundle,268,131,0.48880597014925375
Aurora,Lulu,234,135,0.5769230769230769
Ezreal,Lulu,482,242,0.5020746887966805
Lulu,Zyra,351,158,0.45014245014245013
Kayle,Kennen,195,103,0.5282051282051282
Kayle,Yasuo,638,286,0.4482758620689655
Caitlyn,Kayle,905,464,0.512707182320442
Kayle,Sivir,375,191,0.5093333333333333
Kennen,Ziggs,160,70,0.4375
Yasuo,Ziggs,480,256,0.5333333333333333
Caitlyn,Ziggs,800,398,0.4975
Sivir,Ziggs,333,152,0.45645645645645644
Kennen,Sett,240,117,0.4875
Lulu,Sett,454,205,0.45154185022026433
Caitlyn,Sett,1258,565,0.4491255961844197
Sett,Sivir,486,236,0.48559670781893005
Kennen,Viktor,158,77,0.4873417721518987
Viktor,Yasuo,482,245,0.508298755186722
Lulu,Viktor,281,141,0.501779359430605
Caitlyn,Viktor,761,380,0.49934296977660975
Sivir,Viktor,263,116,0.44106463878326996
Kennen,MissFortune,390,169,0.43333333333333335
Lulu,MissFortune,791,357,0.45132743362831856
Caitlyn,MissFortune,2925,1468,0.5018803418803419
MissFortune,Sivir,971,481,0.49536560247167866
Renekton,Teemo,423,202,0.47754137115839246
Qiyana,Teemo,334,143,0.4281437125748503
Taliyah,Teemo,256,114,0.4453125
Lucian,Teemo,692,318,0.4595375722543353
Renekton,Viego,330,168,0.509090909090909
Qiyana,Viego,281,132,0.4697508896797153
Taliyah,Viego,212,102,0.4811320754716981
Lucian,Viego,540,271,0.5018518518518519
Swain,Viego,579,283,0.48877374784110533
Renekton,Smolder,470,235,0.5
Qiyana,Smolder,367,165,0.44959128065395093
Smolder,Taliyah,257,132,0.5136186770428015
Smolder,Swain,701,345,0.4921540656205421
Kaisa,Renekton,477,234,0.49056603773584906
Kaisa,Qiyana,385,202,0.5246753246753246
Kaisa,Taliyah,302,146,0.48344370860927155
Kaisa,Lucian,871,435,0.49942594718714123
Alistar,Renekton,188,79,0.42021276595744683
Alistar,Qiyana,162,96,0.5925925925925926
Alistar,Taliyah,127,71,0.5590551181102362
Alistar,Lucian,310,160,0.5161290322580645
Alistar,Swain,296,147,0.4966216216216216
Malphite,Thresh,830,411,0.4951807228915663
Malphite,Viego,713,384,0.5385694249649369
Malphite,Morgana,1081,526,0.486586493987049
Malphite,Shaco,655,340,0.5190839694656488
Malphite,Ryze,344,172,0.5
Blitzcrank,Thresh,574,276,0.4808362369337979
Blitzcrank,Viego,461,233,0.5054229934924078
Blitzcrank,Shaco,460,227,0.4934782608695652
Blitzcrank,Ryze,252,128,0.5079365079365079
Sett,Thresh,724,371,0.5124309392265194
Sett,Viego,697,377,0.5408895265423243
Morgana,Sett,966,461,0.4772256728778468
Sett,Shaco,624,332,0.532051282051282
Ryze,Sett,339,144,0.4247787610619469
Lux,Thresh,1394,691,0.49569583931133426
Lux,Morgana,2145,1103,0.5142191142191143
Lux,Shaco,1131,590,0.5216622458001768
Lux,Ryze,565,275,0.48672566371681414
Annie,Thresh,298,156,0.5234899328859061
Annie,Viego,270,133,0.4925925925925926
Annie,Morgana,399,181,0.45363408521303256
Annie,Shaco,262,128,0.48854961832061067
Annie,Ryze,167,78,0.46706586826347307
Bard,Gragas,177,89,0.5028248587570622
Bard,Karma,292,142,0.4863013698630137
Bard,KogMaw,177,82,0.4632768361581921
Aphelios,Bard,226,111,0.4911504424778761
Bard,Garen,438,201,0.4589041095890411
Gragas,Teemo,358,151,0.42178770949720673
Karma,Teemo,539,267,0.49536178107606677
KogMaw,Teemo,343,177,0.5160349854227405
Aphelios,Teemo,494,242,0.4898785425101215
Garen,Teemo,930,457,0.4913978494623656
Ashe,Gragas,471,264,0.5605095541401274
Ashe,Karma,746,391,0.5241286863270778
Ashe,KogMaw,449,206,0.45879732739420936
Ashe,Garen,1213,577,0.4756801319043693
Gragas,Nautilus,312,156,0.5
Karma,Nautilus,464,225,0.4849137931034483
KogMaw,Nautilus,334,176,0.5269461077844312
Aphelios,Nautilus,412,220,0.5339805825242718
Garen,Nautilus,766,395,0.5156657963446475
Gragas,Veigar,381,167,0.43832020997375326
Karma,Veigar,502,238,0.47410358565737054
KogMaw,Veigar,342,197,0.5760233918128655
Aphelios,Veigar,375,174,0.464
Garen,Veigar,819,402,0.4908424908424908
Illaoi,Tryndamere,206,102,0.49514563106796117
Kindred,Tryndamere,182,80,0.43956043956043955
Tryndamere,Vex,194,92,0.4742268041237113
MissFortune,Tryndamere,635,307,0.48346456692913387
Senna,Tryndamere,363,191,0.5261707988980716
Illaoi,Vi,228,118,0.5175438596491229
Kindred,Vi,183,86,0.46994535519125685
Vex,Vi,184,88,0.4782608695652174
MissFortune,Vi,666,335,0.503003003003003
Senna,Vi,325,157,0.48307692307692307
Illaoi,Zoe,165,84,0.509090909090909
Kindred,Zoe,201,96,0.47761194029850745
MissFortune,Zoe,728,399,0.5480769230769231
Senna,Zoe,357,183,0.5126050420168067
Illaoi,Lux,630,317,0.5031746031746032
Lux,Vex,720,391,0.5430555555555555
Lux,Senna,1179,615,0.5216284987277354
Illaoi,Veigar,402,188,0.46766169154228854
Kindred,Veigar,353,173,0.49008498583569404
Veigar,Vex,409,230,0.5623471882640587
MissFortune,Veigar,1367,686,0.5018288222384785
Senna,Veigar,692,346,0.5
Rumble,Zaahen,218,96,0.44036697247706424
Karma,Rumble,144,68,0.4722222222222222
MasterYi,Rumble,201,99,0.4925373134328358
Rumble,TwistedFate,146,77,0.5273972602739726
Nautilus,Rumble,194,98,0.5051546391752577
Lux,Zaahen,1605,782,0.48722741433021804
Karma,Lux,856,427,0.49883177570093457
Lux,TwistedFate,695,379,0.5453237410071943
Lux,Nautilus,1272,649,0.5102201257861635
Vex,Zaahen,359,151,0.4206128133704735
Karma,Vex,240,118,0.49166666666666664
MasterYi,Vex,395,208,0.5265822784810127
Nautilus,Vex,356,153,0.4297752808988764
Lulu,Zaahen,425,177,0.4164705882352941
Karma,Lulu,350,177,0.5057142857142857
Lulu,MasterYi,437,216,0.494279176201373
Lulu,Nautilus,478,231,0.48326359832635984
Xerath,Zaahen,544,279,0.5128676470588235
Karma,Xerath,379,192,0.5065963060686016
MasterYi,Xerath,507,259,0.5108481262327417
TwistedFate,Xerath,296,131,0.44256756756756754
Poppy,Vayne,468,239,0.5106837606837606
Amumu,Poppy,331,185,0.5589123867069486
Poppy,Taliyah,126,67,0.5317460317460317
Caitlyn,Poppy,630,296,0.46984126984126984
Pantheon,Poppy,431,208,0.48259860788863107
Vayne,Zaahen,860,433,0.5034883720930232
Taliyah,Zaahen,227,97,0.42731277533039647
Caitlyn,Zaahen,1443,684,0.47401247401247404
Pantheon,Zaahen,867,396,0.45674740484429066
Vayne,Viktor,412,195,0.4733009708737864
Amumu,Viktor,326,179,0.549079754601227
Taliyah,Viktor,133,60,0.45112781954887216
Pantheon,Viktor,394,210,0.5329949238578681
Irelia,Taliyah,118,50,0.423728813559322
Irelia,Pantheon,469,217,0.4626865671641791
Bard,Vayne,427,207,0.4847775175644028
Amumu,Bard,321,171,0.5327102803738317
Bard,Taliyah,148,80,0.5405405405405406
Bard,Caitlyn,691,351,0.507959479015919
Bard,Pantheon,418,210,0.5023923444976076
Soraka,Urgot,257,140,0.5447470817120622
Twitch,Urgot,294,149,0.5068027210884354
FiddleSticks,Urgot,203,103,0.5073891625615764
Urgot,Zeri,151,87,0.5761589403973509
Morgana,Soraka,680,359,0.5279411764705882
FiddleSticks,Morgana,477,237,0.4968553459119497
Morgana,Zeri,336,194,0.5773809523809523
Katarina,Morgana,606,298,0.49174917491749176
Ahri,Zeri,293,154,0.5255972696245734
Ahri,Katarina,567,273,0.48148148148148145
Blitzcrank,Soraka,406,206,0.5073891625615764
Blitzcrank,FiddleSticks,297,151,0.5084175084175084
Blitzcrank,Zeri,226,124,0.5486725663716814
Twitch,XinZhao,350,168,0.48
FiddleSticks,XinZhao,224,122,0.5446428571428571
XinZhao,Zeri,208,108,0.5192307692307693
Katarina,XinZhao,276,144,0.5217391304347826
Jax,Nasus,458,225,0.4912663755458515
Jax,Lillia,426,220,0.5164319248826291
Azir,Jax,250,106,0.424
Jax,Jinx,1231,609,0.49471974004874086
Jax,Zyra,502,230,0.4581673306772908
Kindred,Nasus,226,105,0.4646017699115044
Kindred,Lillia,199,104,0.5226130653266332
Azir,Kindred,120,63,0.525
Jinx,Kindred,534,295,0.552434456928839
Kindred,Zyra,276,118,0.427536231884058
Mel,Nasus,585,276,0.4717948717948718
Lillia,Mel,564,283,0.50177304964539
Azir,Mel,320,164,0.5125
Jinx,Mel,1552,788,0.5077319587628866
Mel,Zyra,717,332,0.4630404463040446
Nasus,Smolder,540,248,0.45925925925925926
Lillia,Smolder,483,252,0.5217391304347826
Azir,Smolder,264,118,0.44696969696969696
Jinx,Smolder,1442,734,0.5090152565880721
Smolder,Zyra,631,307,0.4865293185419968
Nami,Nasus,443,217,0.4898419864559819
Lillia,Nami,437,207,0.47368421052631576
Azir,Nami,233,106,0.45493562231759654
Jinx,Nami,1128,538,0.4769503546099291
Nami,Zyra,529,273,0.5160680529300568
Camille,Shyvana,59,26,0.4406779661016949
Camille,Udyr,102,50,0.49019607843137253
Camille,Katarina,154,76,0.4935064935064935
Camille,Smolder,284,148,0.5211267605633803
Camille,Nami,245,117,0.4775510204081633
Shyvana,Volibear,235,102,0.4340425531914894
Udyr,Volibear,372,198,0.532258064516129
Katarina,Volibear,437,216,0.494279176201373
Smolder,Volibear,854,437,0.5117096018735363
Shyvana,Yasuo,264,128,0.48484848484848486
Udyr,Yasuo,402,199,0.49502487562189057
Katarina,Yasuo,606,265,0.4372937293729373
Nami,Yasuo,863,427,0.4947856315179606
MissFortune,Shyvana,383,197,0.5143603133159269
MissFortune,Udyr,533,256,0.4803001876172608
Katarina,MissFortune,867,424,0.48904267589388695
MissFortune,Smolder,1649,839,0.5087932080048514
MissFortune,Nami,1372,683,0.4978134110787172
Maokai,Shyvana,112,47,0.41964285714285715
Katarina,Maokai,202,93,0.4603960396039604
Maokai,Smolder,371,178,0.4797843665768194
Maokai,Nami,322,149,0.46273291925465837
AurelionSol,Morgana,512,256,0.5
Aphelios,Morgana,548,282,0.5145985401459854
Morgana,Sona,633,315,0.4976303317535545
Morgana,Veigar,1113,561,0.5040431266846361
AurelionSol,Bard,188,95,0.5053191489361702
Bard,Twitch,323,161,0.4984520123839009
Bard,Sona,245,112,0.45714285714285713
Bard,Veigar,414,222,0.5362318840579711
AurelionSol,Caitlyn,648,301,0.4645061728395062
Aphelios,Caitlyn,773,392,0.5071151358344114
Caitlyn,Sona,730,364,0.4986301369863014
Caitlyn,Veigar,1337,664,0.49663425579655945
AurelionSol,Gwen,261,145,0.5555555555555556
Gwen,Twitch,360,183,0.5083333333333333
Aphelios,Gwen,279,147,0.5268817204301075
Gwen,Sona,257,126,0.490272373540856
AurelionSol,Hecarim,168,89,0.5297619047619048
Hecarim,Twitch,277,149,0.5379061371841155
Aphelios,Hecarim,181,92,0.5082872928176796
Hecarim,Sona,209,98,0.4688995215311005
Hecarim,Veigar,258,125,0.4844961240310077
Alistar,Hwei,228,109,0.4780701754385965
Alistar,Zed,311,165,0.5305466237942122
Alistar,Fiora,169,83,0.4911242603550296
Alistar,Singed,231,90,0.38961038961038963
Alistar,MonkeyKing,169,80,0.47337278106508873
Hwei,Senna,437,213,0.4874141876430206
Senna,Zed,502,271,0.5398406374501992
Fiora,Senna,254,129,0.5078740157480315
Senna,Singed,349,176,0.504297994269341
MonkeyKing,Senna,298,164,0.5503355704697986
Hwei,Yuumi,275,151,0.5490909090909091
Yuumi,Zed,362,171,0.4723756906077348
Fiora,Yuumi,170,91,0.5352941176470588
Singed,Yuumi,246,124,0.5040650406504065
MonkeyKing,Yuumi,231,124,0.5367965367965368
Rengar,Zed,328,157,0.47865853658536583
Fiora,Rengar,132,76,0.5757575757575758
Rengar,Singed,182,76,0.4175824175824176
Hwei,Talon,178,95,0.5337078651685393
Talon,Zed,320,157,0.490625
Fiora,Talon,120,63,0.525
Singed,Talon,185,100,0.5405405405405406
MonkeyKing,Talon,163,94,0.5766871165644172
Renekton,Sett,429,203,0.4731934731934732
Sett,Taric,230,131,0.5695652173913044
Graves,Renekton,198,96,0.48484848484848486
Briar,Graves,308,157,0.5097402597402597
Galio,Graves,313,158,0.5047923322683706
Graves,Taric,123,66,0.5365853658536586
Briar,Leblanc,302,175,0.5794701986754967
Galio,Leblanc,309,176,0.56957928802589
Leblanc,Lucian,331,145,0.4380664652567976
Leblanc,Taric,126,59,0.46825396825396826
Ezreal,Renekton,407,190,0.4668304668304668
Briar,Ezreal,571,342,0.5989492119089317
Ezreal,Galio,546,231,0.4230769230769231
Ezreal,Lucian,657,333,0.5068493150684932
Ezreal,Taric,208,95,0.4567307692307692
Nami,Renekton,372,196,0.5268817204301075
Galio,Nami,498,258,0.5180722891566265
Nami,Taric,208,110,0.5288461538461539
Evelynn,Fizz,182,90,0.4945054945054945
Fizz,Shyvana,142,73,0.5140845070422535
Fizz,Xayah,282,134,0.475177304964539
Fizz,Khazix,236,130,0.5508474576271186
Evelynn,Trundle,156,74,0.47435897435897434
Riven,Trundle,203,99,0.4876847290640394
Shyvana,Trundle,156,85,0.5448717948717948
Khazix,Trundle,207,93,0.4492753623188406
Evelynn,Neeko,163,76,0.4662576687116564
Neeko,Riven,238,144,0.6050420168067226
Neeko,Shyvana,145,76,0.5241379310344828
Neeko,Xayah,272,129,0.4742647058823529
Khazix,Neeko,218,97,0.44495412844036697
Evelynn,Fiora,90,49,0.5444444444444444
Fiora,Riven,166,90,0.5421686746987951
Fiora,Shyvana,92,48,0.5217391304347826
Fiora,Xayah,157,70,0.445859872611465
Fiora,Khazix,174,85,0.4885057471264368
Evelynn,Teemo,339,148,0.4365781710914454
Riven,Teemo,469,229,0.488272921108742
Shyvana,Teemo,252,130,0.5158730158730159
Teemo,Xayah,491,268,0.5458248472505092
Aatrox,Mordekaiser,582,259,0.44501718213058417
Mordekaiser,Sylas,787,412,0.5235069885641678
Mordekaiser,Yasuo,993,494,0.49748237663645517
Mordekaiser,Xerath,544,266,0.4889705882352941
Aatrox,Viego,568,269,0.4735915492957746
Sylas,Viego,817,421,0.5152998776009792
Viego,Yasuo,911,452,0.4961580680570801
Viego,Xerath,484,234,0.4834710743801653
Aatrox,Yone,631,299,0.47385103011093505
Sylas,Yone,839,429,0.5113230035756854
Yasuo,Yone,1218,636,0.5221674876847291
Xerath,Yone,529,265,0.500945179584121
Aatrox,Kaisa,777,397,0.510939510939511
Kaisa,Sylas,1089,506,0.46464646464646464
Ezreal,Kaisa,1069,537,0.5023386342376053
Aatrox,Sona,321,153,0.4766355140186916
Sona,Sylas,453,229,0.5055187637969095
Sona,Yasuo,517,236,0.4564796905222437
Ezreal,Sona,431,174,0.4037122969837587
Sona,Xerath,339,165,0.48672566371681414
Pantheon,Shyvana,229,126,0.5502183406113537
MasterYi,Shyvana,199,108,0.542713567839196
Mel,Shyvana,282,148,0.524822695035461
Shyvana,Taric,77,45,0.5844155844155844
MasterYi,Pantheon,749,395,0.527369826435247
MasterYi,MasterYi,146,19,0.13013698630136986
MasterYi,Yasuo,958,464,0.48434237995824636
MasterYi,Taric,235,97,0.4127659574468085
Lux,Taric,368,183,0.49728260869565216
Caitlyn,Mel,1784,877,0.4915919282511211
Caitlyn,Taric,352,162,0.4602272727272727
Morgana,Pantheon,994,520,0.5231388329979879
Morgana,Yasuo,1223,647,0.5290269828291088
Mel,Morgana,1304,653,0.5007668711656442
Morgana,Taric,278,151,0.5431654676258992
Ornn,Vayne,453,201,0.44370860927152317
Nasus,Ornn,285,164,0.5754385964912281
Caitlyn,Ornn,607,296,0.4876441515650741
Ornn,Thresh,378,190,0.5026455026455027
Vayne,Volibear,754,400,0.5305039787798409
Nasus,Volibear,496,246,0.4959677419354839
Chogath,Volibear,707,334,0.4724186704384724
Thresh,Volibear,709,355,0.5007052186177715
Nasus,Veigar,566,269,0.4752650176678445
Chogath,Veigar,666,357,0.536036036036036
Thresh,Veigar,730,371,0.5082191780821917
Vayne,Yasuo,973,488,0.5015416238437821
Nasus,Yasuo,597,290,0.48576214405360135
Chogath,Yasuo,835,383,0.45868263473053894
Thresh,Yasuo,988,455,0.4605263157894737
Blitzcrank,Nasus,388,178,0.4587628865979381
Blitzcrank,Caitlyn,937,483,0.5154749199573105
Gragas,Sett,337,131,0.3887240356083086
Gragas,Kayn,299,153,0.5117056856187291
DrMundo,Gragas,351,198,0.5641025641025641
Gragas,TahmKench,214,102,0.4766355140186916
Elise,Sett,209,101,0.48325358851674644
Elise,Kayn,243,113,0.46502057613168724
DrMundo,Elise,239,136,0.5690376569037657
Elise,Jhin,333,166,0.4984984984984985
Elise,TahmKench,140,60,0.42857142857142855
Sett,Shen,545,274,0.5027522935779817
Kayn,Shen,478,228,0.4769874476987448
DrMundo,Shen,484,241,0.49793388429752067
Shen,TahmKench,332,177,0.5331325301204819
MissFortune,Sett,1317,640,0.4859529233105543
Kayn,MissFortune,1332,672,0.5045045045045045
Jhin,MissFortune,2553,1261,0.49392871132001565
MissFortune,TahmKench,829,421,0.5078407720144753
Kayn,Lux,1376,622,0.45203488372093026
DrMundo,Lux,1475,774,0.5247457627118645
Lux,TahmKench,808,423,0.5235148514851485
Mordekaiser,Udyr,371,187,0.5040431266846361
Diana,Mordekaiser,756,363,0.4801587301587302
Akshan,Mordekaiser,309,147,0.47572815533980584
Mordekaiser,Sivir,487,242,0.49691991786447637
Mordekaiser,Sona,481,256,0.5322245322245323
Jax,Udyr,340,163,0.47941176470588237
Diana,Jax,738,352,0.47696476964769646
Akshan,Jax,316,139,0.439873417721519
Jax,Sivir,497,242,0.4869215291750503
Jax,Sona,437,218,0.4988558352402746
TwistedFate,Udyr,206,79,0.38349514563106796
Diana,TwistedFate,350,199,0.5685714285714286
Akshan,TwistedFate,206,121,0.587378640776699
Sivir,TwistedFate,299,166,0.5551839464882943
Sona,TwistedFate,258,136,0.5271317829457365
Jhin,Udyr,513,245,0.4775828460038986
Diana,Jhin,1166,582,0.49914236706689535
Akshan,Jhin,523,265,0.5066921606118547
Jhin,Sivir,823,388,0.47144592952612396
Jhin,Sona,713,348,0.48807854137447404
Diana,Milio,538,264,0.49070631970260226
Akshan,Milio,224,108,0.48214285714285715
Milio,Sivir,334,179,0.5359281437125748
Milio,Sona,330,178,0.5393939393939394
Camille,Teemo,228,96,0.42105263157894735
Camille,MasterYi,193,99,0.5129533678756477
Camille,Veigar,206,90,0.4368932038834951
Camille,Karthus,74,40,0.5405405405405406
Camille,Sona,130,65,0.5
MasterYi,Warwick,881,419,0.47559591373439275
Veigar,Warwick,738,377,0.510840108401084
Karthus,Warwick,223,123,0.5515695067264574
Sona,Warwick,438,223,0.5091324200913242
Syndra,Teemo,468,227,0.48504273504273504
MasterYi,Syndra,371,191,0.5148247978436657
Syndra,Veigar,433,201,0.46420323325635104
Karthus,Syndra,173,95,0.5491329479768786
Sona,Syndra,275,137,0.49818181818181817
Teemo,Vayne,917,489,0.5332606324972737
MasterYi,Vayne,715,348,0.48671328671328673
Karthus,Vayne,304,166,0.5460526315789473
Morgana,Teemo,1244,591,0.47508038585209006
Karthus,Morgana,378,192,0.5079365079365079
Sion,Zaahen,548,219,0.39963503649635035
Volibear,Zaahen,644,322,0.5
Zaahen,Zed,624,330,0.5288461538461539
MissFortune,Zaahen,1876,926,0.4936034115138593
Leblanc,Sion,276,132,0.4782608695652174
Leblanc,Volibear,352,175,0.4971590909090909
Leblanc,Zed,356,144,0.4044943820224719
Leblanc,Swain,320,143,0.446875
Hwei,Sion,377,198,0.5251989389920424
Hwei,Volibear,435,230,0.5287356321839081
Hwei,Zed,410,203,0.4951219512195122
Hwei,MissFortune,784,378,0.48214285714285715
Hwei,Swain,392,191,0.4872448979591837
Kaisa,Sion,695,315,0.45323741007194246
Kaisa,Volibear,954,439,0.46016771488469604
Kaisa,Zed,821,407,0.49573690621193667
Sion,Volibear,550,265,0.4818181818181818
Volibear,Volibear,67,6,0.08955223880597014
Volibear,Zed,534,289,0.5411985018726592
MissFortune,Volibear,1306,669,0.5122511485451761
Swain,Volibear,630,324,0.5142857142857142
Fiora,Quinn,116,58,0.5
Briar,Fiora,221,118,0.5339366515837104
Fiora,Irelia,198,101,0.51010101010101
Fiora,Smolder,371,172,0.4636118598382749
Anivia,Fiora,126,63,0.5
Quinn,Sylas,275,141,0.5127272727272727
Briar,Sylas,595,301,0.5058823529411764
Irelia,Sylas,456,238,0.5219298245614035
Anivia,Sylas,328,171,0.5213414634146342
Quinn,Vex,168,78,0.4642857142857143
Irelia,Vex,228,96,0.42105263157894735
Smolder,Vex,412,205,0.4975728155339806
Anivia,Vex,168,81,0.48214285714285715
Jinx,Quinn,493,249,0.5050709939148073
Briar,Jinx,926,476,0.5140388768898488
Irelia,Jinx,722,338,0.46814404432132967
Anivia,Jinx,520,261,0.5019230769230769
Quinn,Seraphine,249,135,0.5421686746987951
Briar,Seraphine,512,285,0.556640625
Irelia,Seraphine,411,205,0.49878345498783455
Seraphine,Smolder,800,384,0.48
Anivia,Seraphine,290,141,0.4862068965517241
Jinx,Taric,325,149,0.4584615384615385
Jinx,Soraka,807,401,0.4969021065675341
Jayce,Jinx,427,204,0.477751756440281
Ezreal,Jinx,1221,574,0.4701064701064701
Jinx,Twitch,955,497,0.5204188481675392
Taric,Yone,221,110,0.497737556561086
Soraka,Yone,551,275,0.49909255898366606
Jayce,Yone,290,132,0.45517241379310347
Twitch,Yone,559,300,0.5366726296958855
Sona,Taric,156,80,0.5128205128205128
Sona,Soraka,365,177,0.4849315068493151
Jayce,Sona,186,77,0.41397849462365593
Sona,Twitch,353,185,0.5240793201133145
Taric,Zed,165,81,0.4909090909090909
Soraka,Zed,430,244,0.5674418604651162
Jayce,Zed,270,135,0.5
Ezreal,Zed,678,318,0.4690265486725664
Twitch,Zed,428,211,0.4929906542056075
Amumu,Taric,205,111,0.5414634146341464
Amumu,Soraka,425,209,0.49176470588235294
Amumu,Jayce,214,115,0.5373831775700935
Amumu,Ezreal,618,334,0.540453074433657
Amumu,Twitch,476,284,0.5966386554621849
Sion,Syndra,350,175,0.5
AurelionSol,Sion,348,194,0.5574712643678161
Sion,Smolder,633,317,0.5007898894154819
Corki,Yasuo,268,141,0.5261194029850746
Corki,Syndra,174,81,0.46551724137931033
Corki,Volibear,220,101,0.4590909090909091
AurelionSol,Corki,137,70,0.5109489051094891
Corki,Smolder,282,139,0.4929078014184397
Akali,Syndra,350,162,0.46285714285714286
Akali,Volibear,549,263,0.4790528233151184
Akali,AurelionSol,267,121,0.45318352059925093
Akali,Smolder,681,342,0.5022026431718062
Janna,Yasuo,368,169,0.4592391304347826
Janna,Syndra,208,92,0.4423076923076923
Janna,Volibear,284,132,0.4647887323943662
AurelionSol,Janna,177,93,0.5254237288135594
Janna,Smolder,389,205,0.5269922879177378
Heimerdinger,Yasuo,425,215,0.5058823529411764
Heimerdinger,Syndra,206,93,0.45145631067961167
Heimerdinger,Volibear,364,184,0.5054945054945055
AurelionSol,Heimerdinger,206,105,0.5097087378640777
Heimerdinger,Smolder,419,192,0.45823389021479716
Draven,Nocturne,235,99,0.42127659574468085
Nocturne,Quinn,178,87,0.4887640449438202
AurelionSol,Nocturne,215,114,0.5302325581395348
Aurora,Nocturne,199,102,0.5125628140703518
FiddleSticks,Lux,691,336,0.48625180897250364
Draven,FiddleSticks,222,104,0.46846846846846846
FiddleSticks,Quinn,161,82,0.5093167701863354
AurelionSol,FiddleSticks,195,101,0.517948717948718
Aurora,FiddleSticks,190,92,0.4842105263157895
Lux,Viktor,708,410,0.5790960451977402
Draven,Viktor,213,108,0.5070422535211268
Quinn,Viktor,172,82,0.47674418604651164
AurelionSol,Viktor,215,112,0.5209302325581395
Aurora,Viktor,213,100,0.4694835680751174
Lucian,Lux,1086,511,0.4705340699815838
Draven,Lucian,353,171,0.48441926345609065
Lucian,Quinn,272,127,0.46691176470588236
AurelionSol,Lucian,284,159,0.5598591549295775
Aurora,Lucian,336,162,0.48214285714285715
Nami,Quinn,285,151,0.5298245614035088
AurelionSol,Nami,359,185,0.5153203342618384
Aurora,Nami,380,181,0.4763157894736842
Jayce,Yorick,141,58,0.41134751773049644
Jayce,MasterYi,265,132,0.4981132075471698
Jayce,Veigar,329,164,0.49848024316109424
Jayce,Twitch,239,123,0.5146443514644351
Jayce,Seraphine,249,128,0.5140562248995983
Nocturne,Veigar,431,215,0.4988399071925754
Nocturne,Twitch,309,167,0.540453074433657
Gangplank,Yorick,165,75,0.45454545454545453
Gangplank,MasterYi,294,142,0.48299319727891155
Gangplank,Veigar,321,144,0.4485981308411215
Jinx,Yorick,731,354,0.4842681258549932
Jinx,MasterYi,1166,602,0.516295025728988
Jinx,Veigar,1181,562,0.4758679085520745
Jinx,Seraphine,1051,528,0.5023786869647955
Yorick,Zac,177,91,0.5141242937853108
MasterYi,Zac,295,148,0.5016949152542373
Veigar,Zac,345,160,0.463768115942029
Twitch,Zac,226,116,0.5132743362831859
Seraphine,Zac,278,138,0.49640287769784175
Aatrox,Gragas,249,131,0.5261044176706827
Gragas,Viego,260,117,0.45
Chogath,Gragas,319,173,0.542319749216301
Brand,Gragas,314,166,0.5286624203821656
Gragas,Thresh,329,166,0.5045592705167173
Aatrox,Poppy,272,137,0.5036764705882353
Poppy,Viego,297,144,0.48484848484848486
Chogath,Poppy,368,205,0.5570652173913043
Brand,Poppy,343,184,0.5364431486880467
Poppy,Thresh,400,210,0.525
Aatrox,Katarina,374,178,0.47593582887700536
Katarina,Viego,409,203,0.4963325183374083
Chogath,Katarina,459,239,0.5206971677559913
Brand,Katarina,478,277,0.5794979079497908
Katarina,Thresh,456,228,0.5
Aatrox,Ashe,847,417,0.4923258559622196
Ashe,Viego,1027,487,0.4741966893865628
Ashe,Chogath,1029,506,0.49173955296404276
Ashe,Thresh,1152,597,0.5182291666666666
Aatrox,Pyke,531,266,0.5009416195856874
Pyke,Viego,535,276,0.5158878504672897
Chogath,Pyke,582,300,0.5154639175257731
Brand,Pyke,559,294,0.5259391771019678
Pyke,Thresh,638,311,0.48746081504702193
Illaoi,Sett,409,210,0.5134474327628362
Amumu,Sett,706,351,0.4971671388101983
Sett,Xerath,510,255,0.5
Jinx,Sett,1147,548,0.4777680906713165
Anivia,Sett,346,177,0.5115606936416185
Illaoi,Lillia,211,103,0.4881516587677725
Amumu,Lillia,359,172,0.479108635097493
Lillia,Xerath,286,131,0.458041958041958
Jinx,Lillia,671,338,0.503725782414307
Anivia,Lillia,182,91,0.5
Aurora,Illaoi,184,87,0.47282608695652173
Amumu,Aurora,328,171,0.5213414634146342
Aurora,Xerath,264,129,0.48863636363636365
Aurora,Jinx,567,277,0.48853615520282184
Anivia,Aurora,188,102,0.5425531914893617
Caitlyn,Illaoi,613,302,0.4926590538336052
Amumu,Caitlyn,1084,576,0.5313653136531366
Anivia,Caitlyn,584,279,0.4777397260273973
Amumu,Lux,1172,587,0.5008532423208191
Lux,Xerath,1192,587,0.4924496644295302
Jinx,Lux,2224,1083,0.4869604316546763
Garen,Yasuo,1007,506,0.5024826216484608
FiddleSticks,Yasuo,443,217,0.4898419864559819
Varus,Yasuo,573,259,0.45200698080279234
Nautilus,Yasuo,878,413,0.47038724373576307
Garen,Sejuani,246,125,0.508130081300813
FiddleSticks,Sejuani,139,67,0.48201438848920863
Sejuani,Yone,203,94,0.4630541871921182
Sejuani,Varus,160,82,0.5125
Nautilus,Sejuani,245,131,0.5346938775510204
Garen,Syndra,431,237,0.5498839907192575
FiddleSticks,Syndra,220,108,0.4909090909090909
Syndra,Yone,412,217,0.5266990291262136
Syndra,Varus,324,178,0.5493827160493827
Nautilus,Syndra,445,211,0.47415730337078654
Garen,Twitch,631,350,0.554675118858954
FiddleSticks,Twitch,332,172,0.5180722891566265
Twitch,Varus,479,250,0.5219206680584552
Nautilus,Twitch,591,275,0.4653130287648054
Garen,Leona,662,345,0.5211480362537765
Leona,Yone,602,320,0.53156146179402
Leona,Varus,431,225,0.5220417633410673
Leona,Nautilus,742,396,0.5336927223719676
Fiora,Malphite,329,150,0.45592705167173253
Fiora,LeeSin,221,117,0.5294117647058824
Fiora,Fizz,202,102,0.504950495049505
Fiora,Yunara,244,124,0.5081967213114754
Fiora,Lulu,210,109,0.5190476190476191
Kindred,Malphite,392,170,0.4336734693877551
Kindred,LeeSin,243,118,0.48559670781893005
Fizz,Kindred,244,135,0.5532786885245902
Kindred,Yunara,269,134,0.49814126394052044
Kindred,Lulu,213,109,0.5117370892018779
Akali,LeeSin,355,183,0.5154929577464789
Akali,Fizz,396,201,0.5075757575757576
Akali,Lulu,376,185,0.4920212765957447
Malphite,Zeri,331,180,0.5438066465256798
LeeSin,Zeri,171,81,0.47368421052631576
Fizz,Zeri,204,109,0.5343137254901961
Yunara,Zeri,242,127,0.5247933884297521
Lulu,Zeri,177,96,0.5423728813559322
Malphite,Milio,599,292,0.48747913188647746
LeeSin,Milio,320,135,0.421875
Fizz,Milio,339,174,0.5132743362831859
Milio,Yunara,407,216,0.5307125307125307
Jayce,Kindred,141,68,0.48226950354609927
Ahri,Jayce,325,186,0.5723076923076923
Jayce,Yunara,240,120,0.5
Jayce,Soraka,199,92,0.4623115577889447
Irelia,Warwick,466,220,0.4721030042918455
Kindred,Warwick,340,163,0.47941176470588237
Ahri,Warwick,881,455,0.5164585698070374
Warwick,Yunara,616,331,0.5373376623376623
Soraka,Warwick,489,242,0.4948875255623722
Irelia,Leblanc,233,122,0.5236051502145923
Kindred,Leblanc,188,114,0.6063829787234043
Ahri,Leblanc,449,243,0.5412026726057907
Leblanc,Yunara,323,154,0.47678018575851394
Leblanc,Soraka,260,123,0.47307692307692306
Irelia,Smolder,490,246,0.5020408163265306
Kindred,Smolder,407,195,0.47911547911547914
Ahri,Smolder,990,508,0.5131313131313131
Smolder,Yunara,794,368,0.4634760705289673
Smolder,Soraka,565,285,0.504424778761062
Irelia,Nami,459,238,0.5185185185185185
Kindred,Nami,329,149,0.45288753799392095
Ahri,Nami,828,380,0.45893719806763283
Nami,Yunara,612,348,0.5686274509803921
KSante,TahmKench,170,82,0.4823529411764706
Kayn,TahmKench,497,257,0.5171026156941649
Renata,TahmKench,155,83,0.535483870967742
KSante,Khazix,127,64,0.5039370078740157
Kayn,Khazix,400,193,0.4825
Khazix,Yone,412,189,0.4587378640776699
Khazix,MissFortune,666,322,0.48348348348348347
Khazix,Renata,100,47,0.47
Ahri,KSante,237,145,0.6118143459915611
Ahri,Kayn,810,403,0.49753086419753084
Ahri,Yone,904,477,0.5276548672566371
Ahri,MissFortune,1553,793,0.510624597553123
KSante,Yasuo,355,151,0.4253521126760563
Kayn,Yasuo,988,489,0.4949392712550607
Renata,Yasuo,223,100,0.4484304932735426
KSante,Soraka,189,77,0.4074074074074074
Kayn,Soraka,536,243,0.4533582089552239
MissFortune,Soraka,932,432,0.463519313304721
Renata,Soraka,131,62,0.4732824427480916
Quinn,Zaahen,284,134,0.47183098591549294
Quinn,Sejuani,87,47,0.5402298850574713
Kaisa,Quinn,351,185,0.5270655270655271
Leona,Quinn,273,137,0.5018315018315018
Amumu,Sejuani,260,136,0.5230769230769231
Amumu,Sylas,686,354,0.5160349854227405
Amumu,Kaisa,774,443,0.5723514211886305
Amumu,Leona,571,293,0.5131348511383538
Malzahar,Zaahen,741,369,0.4979757085020243
Malzahar,Sejuani,236,113,0.4788135593220339
Malzahar,Sylas,689,336,0.4876632801161103
Kaisa,Malzahar,820,364,0.44390243902439025
Leona,Malzahar,548,252,0.45985401459854014
Yunara,Zaahen,667,299,0.4482758620689655
Sejuani,Yunara,177,85,0.480225988700565
Sylas,Yunara,589,312,0.5297113752122241
Kaisa,Yunara,878,446,0.5079726651480638
Leona,Yunara,488,232,0.47540983606557374
Milio,Zaahen,581,289,0.4974182444061962
Milio,Sejuani,167,86,0.5149700598802395
Kaisa,Milio,713,335,0.46984572230014027
Leona,Milio,431,208,0.48259860788863107
Jax,Warwick,851,440,0.5170387779083431
Jhin,Warwick,1216,606,0.49835526315789475
Nautilus,Warwick,715,342,0.4783216783216783
Jax,Khazix,378,206,0.544973544973545
Khazix,Zaahen,387,177,0.4573643410852713
Jhin,Khazix,656,328,0.5
Khazix,Nautilus,356,183,0.5140449438202247
Jax,Viktor,427,213,0.49882903981264637
DrMundo,Viktor,422,228,0.5402843601895735
Viktor,Zaahen,429,193,0.44988344988344986
Jhin,Viktor,657,332,0.5053272450532724
Nautilus,Viktor,416,202,0.4855769230769231
Jax,MissFortune,1409,721,0.5117104329311568
MissFortune,Nautilus,1210,670,0.5537190082644629
Jax,Shaco,619,314,0.5072697899838449
DrMundo,Shaco,662,350,0.5287009063444109
Shaco,Zaahen,610,269,0.44098360655737706
Jhin,Shaco,1001,517,0.5164835164835165
Nautilus,Shaco,562,258,0.45907473309608543
Renekton,Tristana,330,172,0.5212121212121212
Gangplank,Renekton,130,72,0.5538461538461539
Ashe,Renekton,556,268,0.48201438848920863
Renekton,Zac,153,86,0.5620915032679739
Senna,Tristana,584,270,0.4623287671232877
Gangplank,Senna,290,127,0.4379310344827586
Ashe,Senna,960,519,0.540625
Senna,TwistedFate,410,196,0.47804878048780486
Senna,Zac,259,132,0.5096525096525096
Ornn,Tristana,356,155,0.4353932584269663
Gangplank,Ornn,176,88,0.5
Ashe,Ornn,585,304,0.5196581196581197
Ornn,TwistedFate,247,122,0.4939271255060729
Ornn,Zac,217,106,0.48847926267281105
Karthus,Tristana,277,138,0.4981949458483754
Gangplank,Karthus,131,59,0.45038167938931295
Ashe,Karthus,429,197,0.4592074592074592
Karthus,TwistedFate,188,102,0.5425531914893617
Karthus,Zac,137,70,0.5109489051094891
Janna,Tristana,305,149,0.4885245901639344
Gangplank,Janna,142,66,0.4647887323943662
Ashe,Janna,444,219,0.49324324324324326
Janna,TwistedFate,201,114,0.5671641791044776
Janna,Zac,142,82,0.5774647887323944
Janna,Lulu,199,95,0.47738693467336685
Lissandra,Lulu,148,83,0.5608108108108109
Lulu,Rammus,158,79,0.5
Blitzcrank,Lulu,359,180,0.5013927576601671
Khazix,Lulu,268,131,0.48880597014925375
Janna,Nocturne,148,71,0.4797297297297297
Lissandra,Nocturne,134,66,0.4925373134328358
Nocturne,Rammus,162,79,0.4876543209876543
Blitzcrank,Nocturne,267,122,0.45692883895131087
Khazix,Nocturne,212,87,0.41037735849056606
Illaoi,Janna,136,71,0.5220588235294118
Illaoi,Lissandra,96,53,0.5520833333333334
Illaoi,Rammus,106,63,0.5943396226415094
Blitzcrank,Illaoi,273,128,0.46886446886446886
Illaoi,Khazix,171,92,0.5380116959064327
Janna,Malzahar,310,131,0.42258064516129035
Lissandra,Malzahar,205,82,0.4
Blitzcrank,Malzahar,517,240,0.46421663442940037
Khazix,Malzahar,347,163,0.4697406340057637
Janna,MissFortune,503,230,0.4572564612326044
Lissandra,MissFortune,396,180,0.45454545454545453
MissFortune,Rammus,430,220,0.5116279069767442
Blitzcrank,MissFortune,959,498,0.5192909280500522
Fiora,Zed,247,121,0.4898785425101215
Jax,Zed,581,309,0.53184165232358
AurelionSol,Zed,293,139,0.47440273037542663
Caitlyn,Zed,1017,503,0.4945919370698132
Jax,Rengar,359,211,0.5877437325905293
AurelionSol,Rengar,161,82,0.5093167701863354
Caitlyn,Rengar,566,311,0.549469964664311
Fiora,Kayle,177,84,0.4745762711864407
Jax,Kayle,552,295,0.5344202898550725
AurelionSol,Kayle,295,152,0.5152542372881356
Kayle,Leona,464,228,0.49137931034482757
Ezreal,Fiora,316,136,0.43037974683544306
Ezreal,Jax,688,306,0.44476744186046513
AurelionSol,Ezreal,424,236,0.5566037735849056
Caitlyn,Ezreal,1484,763,0.5141509433962265
Ezreal,Leona,628,275,0.43789808917197454
Fiora,Nautilus,277,139,0.5018050541516246
AurelionSol,Nautilus,364,186,0.510989010989011
Caitlyn,Nautilus,1188,579,0.48737373737373735
Shen,Singed,269,120,0.44609665427509293
Kayn,Singed,353,167,0.4730878186968839
Garen,Singed,410,198,0.48292682926829267
Kaisa,Singed,478,228,0.4769874476987448
Karthus,Shen,167,88,0.5269461077844312
Karthus,Kayn,231,108,0.4675324675324675
Garen,Karthus,265,157,0.5924528301886792
Karthus,Yuumi,169,72,0.4260355029585799
Shen,Zed,431,224,0.5197215777262181
Kayn,Zed,630,312,0.49523809523809526
Garen,Zed,614,312,0.50814332247557
MissFortune,Shen,863,443,0.5133256083429896
Garen,MissFortune,1440,729,0.50625
MissFortune,Yuumi,739,369,0.4993234100135318
Maokai,Shen,212,109,0.5141509433962265
Kayn,Maokai,292,150,0.5136986301369864
Garen,Maokai,303,152,0.5016501650165016
Kaisa,Maokai,410,191,0.4658536585365854
Maokai,Yuumi,193,98,0.5077720207253886
Gragas,Shen,199,90,0.45226130653266333
Alistar,Shen,269,117,0.4349442379182156
Fizz,Shen,328,150,0.4573170731707317
Shen,TwistedFate,285,159,0.5578947368421052
Kindred,Shen,201,99,0.4925373134328358
Gragas,Nidalee,168,88,0.5238095238095238
Alistar,Nidalee,179,101,0.5642458100558659
Fizz,Nidalee,234,116,0.49572649572649574
Nidalee,TwistedFate,244,126,0.5163934426229508
Kindred,Nidalee,161,81,0.5031055900621118
Gragas,Hwei,206,93,0.45145631067961167
Fizz,Hwei,289,152,0.5259515570934256
Hwei,TwistedFate,259,126,0.4864864864864865
Hwei,Kindred,234,115,0.49145299145299143
Gragas,Nami,306,133,0.434640522875817
Alistar,Nami,305,143,0.46885245901639344
Fizz,Nami,447,205,0.45861297539149887
Nami,TwistedFate,409,217,0.530562347188264
Cassiopeia,Gragas,82,37,0.45121951219512196
Alistar,Cassiopeia,128,60,0.46875
Cassiopeia,Fizz,127,56,0.4409448818897638
Cassiopeia,TwistedFate,136,71,0.5220588235294118
Cassiopeia,Kindred,113,65,0.5752212389380531
KSante,Tryndamere,139,63,0.45323741007194246
KSante,MasterYi,209,92,0.44019138755980863
Ashe,KSante,379,199,0.525065963060686
KSante,Twitch,181,92,0.5082872928176796
KSante,Leona,208,85,0.40865384615384615
Tryndamere,Warwick,431,198,0.4593967517401392
Ashe,Warwick,1183,552,0.46661031276415893
Twitch,Warwick,561,257,0.45811051693404636
Leona,Warwick,655,311,0.47480916030534354
Anivia,Tryndamere,172,81,0.47093023255813954
Anivia,MasterYi,288,134,0.4652777777777778
Anivia,Ashe,493,234,0.4746450304259635
Anivia,Twitch,260,132,0.5076923076923077
Anivia,Leona,255,128,0.5019607843137255
Tryndamere,Zeri,157,96,0.6114649681528662
MasterYi,Zeri,226,113,0.5
Ashe,Zeri,453,237,0.5231788079470199
Twitch,Zeri,242,120,0.49586776859504134
Leona,Zeri,230,131,0.5695652173913044
Swain,Tryndamere,353,188,0.5325779036827195
MasterYi,Swain,632,301,0.4762658227848101
Swain,Twitch,477,254,0.5324947589098532
Leona,Swain,541,244,0.4510166358595194
Nasus,Sett,517,243,0.4700193423597679
Hecarim,Sett,309,142,0.459546925566343
Nautilus,Sett,761,332,0.43626806833114323
Nilah,Sett,225,104,0.4622222222222222
Pyke,Sett,583,283,0.4854202401372213
Nasus,Vi,267,126,0.47191011235955055
Hecarim,Vi,185,82,0.44324324324324327
Nautilus,Vi,391,183,0.4680306905370844
Nilah,Vi,129,67,0.5193798449612403
Pyke,Vi,344,158,0.45930232558139533
Gangplank,Nasus,205,87,0.424390243902439
Gangplank,Hecarim,122,52,0.4262295081967213
Gangplank,Nautilus,287,143,0.49825783972125437
Gangplank,Nilah,103,42,0.4077669902912621
Gangplank,Pyke,250,122,0.488
Nasus,Sivir,320,165,0.515625
Hecarim,Sivir,216,102,0.4722222222222222
Nautilus,Sivir,519,232,0.44701348747591524
Nilah,Sivir,134,65,0.48507462686567165
Pyke,Sivir,398,164,0.4120603015075377
Hecarim,Lux,477,217,0.4549266247379455
Lux,Nilah,393,211,0.5368956743002544
Lux,Pyke,1186,627,0.5286677908937606
Fiora,Olaf,91,40,0.43956043956043955
Fiora,Viego,254,126,0.49606299212598426
Fiora,Seraphine,251,120,0.47808764940239046
Fiora,Xerath,223,116,0.5201793721973094
Olaf,Sion,169,86,0.5088757396449705
Sion,Viego,519,268,0.5163776493256262
Malzahar,Sion,552,285,0.5163043478260869
Seraphine,Sion,514,259,0.5038910505836576
Sion,Xerath,401,205,0.5112219451371571
Olaf,Veigar,262,129,0.49236641221374045
Veigar,Viego,652,315,0.4831288343558282
Seraphine,Veigar,707,355,0.5021216407355021
Veigar,Xerath,632,295,0.46677215189873417
Olaf,Vayne,220,120,0.5454545454545454
Vayne,Viego,722,333,0.46121883656509693
Malzahar,Vayne,709,381,0.53737658674189
Seraphine,Vayne,690,312,0.45217391304347826
Vayne,Xerath,541,265,0.4898336414048059
Malzahar,Swain,592,268,0.4527027027027027
Seraphine,Swain,539,255,0.47309833024118736
Garen,Gnar,247,132,0.5344129554655871
Gnar,Kayn,247,126,0.5101214574898786
Gnar,Morgana,300,130,0.43333333333333335
Gnar,Xerath,163,77,0.4723926380368098
Gnar,Karma,158,71,0.44936708860759494
Garen,Volibear,758,372,0.49076517150395776
Kayn,Volibear,797,393,0.493099121706399
Morgana,Volibear,948,508,0.5358649789029536
Volibear,Xerath,495,253,0.5111111111111111
Karma,Volibear,447,221,0.49440715883668906
Garen,Hwei,492,229,0.4654471544715447
Hwei,Kayn,445,247,0.5550561797752809
Hwei,Xerath,377,180,0.47745358090185674
Hwei,Karma,319,162,0.5078369905956113
Garen,Kaisa,1016,561,0.5521653543307087
Kaisa,Kayn,959,479,0.4994786235662148
Kaisa,Morgana,1309,624,0.4766997708174179
Kaisa,Karma,623,295,0.47351524879614765
Garen,Shaco,595,305,0.5126050420168067
Kayn,Shaco,616,327,0.5308441558441559
Morgana,Shaco,760,391,0.5144736842105263
Shaco,Xerath,399,190,0.47619047619047616
Karma,Shaco,362,166,0.4585635359116022
DrMundo,Sett,810,394,0.48641975308641977
FiddleSticks,Sett,415,204,0.491566265060241
Aurora,Sett,445,205,0.4606741573033708
Aphelios,Sett,414,197,0.4758454106280193
Milio,Sett,521,290,0.5566218809980806
DrMundo,Rammus,261,133,0.5095785440613027
Aurora,Rammus,128,67,0.5234375
Aphelios,Rammus,138,68,0.4927536231884058
Milio,Rammus,155,73,0.47096774193548385
DrMundo,Hwei,461,237,0.5140997830802603
FiddleSticks,Hwei,229,108,0.47161572052401746
Aurora,Hwei,251,124,0.4940239043824701
Aphelios,Hwei,293,142,0.48464163822525597
Hwei,Milio,298,143,0.4798657718120805
DrMundo,KogMaw,370,189,0.5108108108108108
FiddleSticks,KogMaw,163,78,0.4785276073619632
Aurora,KogMaw,203,108,0.5320197044334976
Aphelios,KogMaw,181,89,0.49171270718232046
KogMaw,Milio,197,97,0.49238578680203043
FiddleSticks,Lulu,226,126,0.5575221238938053
Aphelios,Lulu,320,162,0.50625
Aatrox,Darius,597,276,0.4623115577889447
Aatrox,LeeSin,401,208,0.5187032418952618
Aatrox,Lucian,431,223,0.5174013921113689
Darius,DrMundo,821,403,0.49086479902557856
DrMundo,LeeSin,501,294,0.5868263473053892
DrMundo,Sylas,828,409,0.4939613526570048
DrMundo,Lucian,635,338,0.5322834645669291
DrMundo,Nami,839,379,0.45172824791418353
AurelionSol,Darius,373,197,0.5281501340482574
AurelionSol,LeeSin,274,134,0.48905109489051096
AurelionSol,Sylas,374,176,0.47058823529411764
Darius,Jhin,1141,545,0.4776511831726556
Jhin,LeeSin,819,431,0.5262515262515263
Jhin,Sylas,1259,612,0.48610007942811756
Jhin,Nami,1217,593,0.48726376335250615
Darius,Seraphine,612,301,0.4918300653594771
LeeSin,Seraphine,429,197,0.4592074592074592
Seraphine,Sylas,684,333,0.4868421052631579
Nami,Seraphine,673,336,0.49925705794947994
Graves,Nidalee,229,108,0.47161572052401746
Ekko,Graves,326,167,0.5122699386503068
Graves,Qiyana,184,97,0.5271739130434783
Graves,Morgana,507,250,0.4930966469428008
Gwen,Nidalee,198,106,0.5353535353535354
Ekko,Gwen,391,201,0.5140664961636828
Gwen,Qiyana,209,112,0.5358851674641149
Gwen,Tristana,418,194,0.46411483253588515
Gwen,Morgana,624,293,0.46955128205128205
Malphite,Nidalee,342,187,0.5467836257309941
Ekko,Malphite,635,330,0.5196850393700787
Malphite,Qiyana,349,201,0.5759312320916905
Ekko,Lucian,515,257,0.49902912621359224
Lucian,Qiyana,231,121,0.5238095238095238
Lucian,Tristana,579,287,0.49568221070811747
Lucian,Morgana,728,334,0.45879120879120877
Nami,Nidalee,292,163,0.5582191780821918
Ekko,Nami,636,299,0.470125786163522
Nami,Tristana,640,322,0.503125
Ambessa,Singed,263,131,0.49809885931558934
Ambessa,Lillia,250,113,0.452
Ambessa,Katarina,280,141,0.5035714285714286
Ambessa,MissFortune,703,341,0.4850640113798009
Ambessa,Bard,246,135,0.5487804878048781
Nidalee,Singed,188,76,0.40425531914893614
Lillia,Nidalee,185,104,0.5621621621621622
Katarina,Nidalee,206,111,0.5388349514563107
MissFortune,Nidalee,484,261,0.5392561983471075
Bard,Nidalee,178,86,0.48314606741573035
Singed,Yone,392,197,0.5025510204081632
Lillia,Yone,441,227,0.5147392290249433
MissFortune,Yone,1401,704,0.502498215560314
Bard,Yone,444,219,0.49324324324324326
Ashe,Singed,596,268,0.44966442953020136
Ashe,Lillia,648,330,0.5092592592592593
Ashe,Katarina,743,409,0.550471063257066
Ashe,MissFortune,2530,1207,0.47707509881422927
Ashe,Bard,644,309,0.4798136645962733
Lulu,Singed,264,104,0.3939393939393939
Lillia,Lulu,247,142,0.5748987854251012
KSante,Riven,143,62,0.43356643356643354
Graves,Riven,234,109,0.4658119658119658
Riven,Xerath,295,123,0.41694915254237286
Caitlyn,Riven,692,352,0.5086705202312138
Bard,Riven,251,132,0.5258964143426295
Graves,MasterYi,344,163,0.4738372093023256
Bard,MasterYi,364,166,0.45604395604395603
Hwei,KSante,145,79,0.5448275862068965
KSante,MissFortune,391,188,0.48081841432225064
Graves,MissFortune,684,349,0.5102339181286549
Bard,MissFortune,637,316,0.49607535321821034
KSante,Rell,92,40,0.43478260869565216
Graves,Rell,139,68,0.4892086330935252
Rell,Xerath,147,67,0.4557823129251701
Caitlyn,Rell,421,210,0.498812351543943
Bard,Rell,155,74,0.4774193548387097
Cassiopeia,Quinn,105,53,0.5047619047619047
Amumu,Quinn,272,155,0.5698529411764706
Pantheon,Quinn,289,142,0.4913494809688581
Lux,Quinn,598,295,0.49331103678929766
Quinn,Sivir,241,102,0.42323651452282157
Cassiopeia,Zaahen,180,86,0.4777777777777778
Cassiopeia,Diana,171,80,0.4678362573099415
Amumu,Diana,587,306,0.5212947189097104
Diana,Pantheon,741,359,0.4844804318488529
Diana,Lux,1374,676,0.49199417758369723
Diana,Sivir,451,210,0.4656319290465632
AurelionSol,Cassiopeia,127,63,0.49606299212598426
Amumu,AurelionSol,332,165,0.49698795180722893
AurelionSol,Pantheon,412,184,0.44660194174757284
AurelionSol,Sivir,262,133,0.5076335877862596
Cassiopeia,Veigar,219,91,0.4155251141552511
Pantheon,Veigar,765,363,0.4745098039215686
Lux,Veigar,1522,800,0.5256241787122208
Sivir,Veigar,473,247,0.5221987315010571
Gnar,Kalista,80,42,0.525
Gnar,Zaahen,222,101,0.45495495495495497
Gnar,Taliyah,76,43,0.5657894736842105
Gnar,Yasuo,301,128,0.42524916943521596
Gnar,Heimerdinger,119,55,0.46218487394957986
Kalista,MonkeyKing,104,54,0.5192307692307693
MonkeyKing,Taliyah,133,64,0.48120300751879697
MonkeyKing,Yasuo,418,209,0.5
Kalista,Varus,132,69,0.5227272727272727
Varus,Zaahen,503,217,0.43141153081510936
Taliyah,Varus,173,88,0.5086705202312138
Heimerdinger,Varus,298,166,0.5570469798657718
Kaisa,Kalista,213,96,0.4507042253521127
Kaisa,Zaahen,1056,480,0.45454545454545453
Heimerdinger,Kaisa,494,290,0.5870445344129555
Kalista,Thresh,171,83,0.4853801169590643
Thresh,Zaahen,788,357,0.4530456852791878
Taliyah,Thresh,252,137,0.5436507936507936
Heimerdinger,Thresh,371,196,0.5283018867924528
Blitzcrank,Neeko,344,181,0.5261627906976745
Blitzcrank,DrMundo,637,308,0.4835164835164835
Blitzcrank,Mordekaiser,586,309,0.5273037542662116
Blitzcrank,Smolder,662,334,0.5045317220543807
Blitzcrank,Syndra,360,191,0.5305555555555556
Neeko,Viego,408,188,0.46078431372549017
DrMundo,Viego,698,351,0.502865329512894
Mordekaiser,Viego,707,367,0.5190947666195191
Smolder,Viego,714,351,0.49159663865546216
Syndra,Viego,392,198,0.5051020408163265
Neeko,Orianna,249,130,0.5220883534136547
Mordekaiser,Orianna,368,197,0.5353260869565217
Orianna,Smolder,474,215,0.45358649789029537
Orianna,Syndra,315,157,0.4984126984126984
Neeko,Samira,262,132,0.5038167938931297
DrMundo,Samira,479,244,0.5093945720250522
Mordekaiser,Samira,494,241,0.48785425101214575
Samira,Smolder,544,267,0.49080882352941174
Samira,Syndra,258,125,0.4844961240310077
Morgana,Neeko,662,355,0.5362537764350453
DrMundo,Morgana,1100,560,0.509090909090909
Mordekaiser,Morgana,1075,533,0.4958139534883721
Morgana,Smolder,1117,591,0.5290957923008057
Morgana,Syndra,572,300,0.5244755244755245
DrMundo,Garen,892,457,0.5123318385650224
Diana,DrMundo,816,386,0.4730392156862745
DrMundo,Vi,477,244,0.5115303983228512
DrMundo,TahmKench,530,289,0.5452830188679245
Ashe,Diana,1133,556,0.4907325684024713
Ashe,Vi,564,263,0.46631205673758863
Ashe,TahmKench,719,345,0.47983310152990266
Annie,Garen,299,162,0.5418060200668896
Annie,Diana,260,128,0.49230769230769234
Annie,Vi,218,109,0.5
Annie,KogMaw,154,78,0.5064935064935064
Annie,TahmKench,208,108,0.5192307692307693
Diana,Viego,675,340,0.5037037037037037
Vi,Viego,390,207,0.5307692307692308
KogMaw,Viego,257,124,0.48249027237354086
TahmKench,Viego,407,189,0.4643734643734644
Garen,Senna,662,357,0.5392749244712991
Diana,Senna,596,303,0.5083892617449665
KogMaw,Senna,270,129,0.4777777777777778
Senna,TahmKench,387,210,0.5426356589147286
Darius,Yone,802,426,0.5311720698254364
Akali,Darius,590,282,0.47796610169491527
Darius,MissFortune,1345,677,0.5033457249070632
Darius,Sett,814,382,0.4692874692874693
MasterYi,Yone,768,397,0.5169270833333334
MasterYi,Volibear,730,356,0.4876712328767123
Akali,MasterYi,574,285,0.4965156794425087
MasterYi,MissFortune,1305,628,0.4812260536398467
MasterYi,Sett,711,346,0.4866385372714487
Aurora,Volibear,369,186,0.5040650406504065
Akali,Aurora,301,144,0.47840531561461797
Aurora,MissFortune,651,299,0.4592933947772657
Caitlyn,Yone,1316,634,0.4817629179331307
Akali,Caitlyn,1035,503,0.4859903381642512
Rell,Yone,284,143,0.5035211267605634
Rell,Volibear,277,136,0.49097472924187724
Akali,Rell,227,112,0.4933920704845815
MissFortune,Rell,416,226,0.5432692307692307
Rell,Sett,295,144,0.488135593220339
Gnar,Malphite,273,111,0.4065934065934066
Malphite,Vex,378,188,0.4973544973544973
Jinx,Malphite,1216,586,0.4819078947368421
Braum,Malphite,375,179,0.47733333333333333
Gnar,Graves,140,74,0.5285714285714286
Graves,Viego,376,182,0.48404255319148937
Graves,Vex,208,92,0.4423076923076923
Graves,Jinx,616,304,0.4935064935064935
Braum,Graves,206,106,0.5145631067961165
Gnar,Leblanc,134,71,0.5298507462686567
Leblanc,Viego,347,164,0.47262247838616717
Jinx,Leblanc,605,319,0.5272727272727272
Braum,Leblanc,189,93,0.49206349206349204
Gnar,Vayne,256,120,0.46875
Vayne,Vex,393,180,0.4580152671755725
Jinx,Vayne,1318,661,0.5015174506828528
Braum,Vayne,377,170,0.4509283819628647
Gnar,Nami,260,125,0.4807692307692308
Nami,Viego,683,368,0.5387994143484627
Nami,Vex,339,167,0.49262536873156343
Braum,Nami,345,147,0.4260869565217391
KSante,Teemo,223,95,0.4260089686098655
Teemo,Vi,472,234,0.4957627118644068
Sona,Teemo,532,270,0.5075187969924813
Diana,KSante,226,130,0.5752212389380531
Diana,Vi,384,180,0.46875
Diana,Galio,555,265,0.4774774774774775
Diana,Sona,363,193,0.5316804407713499
KSante,Leblanc,114,56,0.49122807017543857
Leblanc,Vi,192,95,0.4947916666666667
Ashe,Leblanc,543,288,0.5303867403314917
Leblanc,Sona,211,93,0.44075829383886256
Jhin,Vi,630,308,0.4888888888888889
Galio,Jhin,810,431,0.5320987654320988
KSante,Seraphine,194,92,0.4742268041237113
Seraphine,Vi,366,163,0.4453551912568306
Ashe,Seraphine,1076,541,0.5027881040892194
Seraphine,Sona,399,225,0.5639097744360902
Jax,Sylas,732,365,0.49863387978142076
Jax,MasterYi,836,445,0.5322966507177034
Jax,Milio,513,269,0.5243664717348928
Malphite,Sylas,1172,551,0.47013651877133106
Malphite,MasterYi,803,433,0.539227895392279
Malphite,TwistedFate,405,235,0.5802469135802469
Sylas,Syndra,444,227,0.5112612612612613
Syndra,TwistedFate,268,137,0.5111940298507462
Jinx,Syndra,657,338,0.5144596651445966
Milio,Syndra,360,178,0.49444444444444446
Caitlyn,Sylas,1261,625,0.4956383822363204
Caitlyn,TwistedFate,667,317,0.4752623688155922
Caitlyn,Milio,922,454,0.4924078091106291
Poppy,Sylas,404,223,0.551980198019802
MasterYi,Poppy,319,153,0.47962382445141066
Poppy,TwistedFate,211,103,0.4881516587677725
Jinx,Poppy,513,281,0.5477582846003899
Milio,Poppy,287,141,0.4912891986062718
Illaoi,Mordekaiser,429,200,0.4662004662004662
Lillia,Mordekaiser,437,225,0.5148741418764302
Mordekaiser,Zeri,263,149,0.5665399239543726
Heimerdinger,Mordekaiser,436,237,0.5435779816513762
Illaoi,Talon,143,66,0.46153846153846156
Lillia,Talon,154,86,0.5584415584415584
Jinx,Talon,474,266,0.5611814345991561
Talon,Zeri,129,65,0.5038759689922481
Heimerdinger,Talon,161,89,0.5527950310559007
Illaoi,Vex,219,120,0.547945205479452
Lillia,Vex,199,103,0.5175879396984925
Jinx,Vex,569,293,0.5149384885764499
Vex,Zeri,117,64,0.5470085470085471
Heimerdinger,Vex,210,107,0.5095238095238095
Illaoi,Kaisa,415,212,0.5108433734939759
Kaisa,Lillia,497,243,0.48893360160965793
Jinx,Kaisa,1587,794,0.5003150598613737
Kaisa,Zeri,385,179,0.4649350649350649
Illaoi,Morgana,468,245,0.5235042735042735
Lillia,Morgana,540,278,0.5148148148148148
Jinx,Morgana,1543,765,0.4957874270900843
Heimerdinger,Morgana,554,281,0.5072202166064982
Ashe,Illaoi,587,287,0.4889267461669506
Ashe,Udyr,446,190,0.4260089686098655
Ashe,Sona,630,324,0.5142857142857142
Illaoi,Warwick,377,203,0.5384615384615384
Lillia,Warwick,443,225,0.5079006772009029
Udyr,Warwick,344,178,0.5174418604651163
Illaoi,Katarina,216,123,0.5694444444444444
Katarina,Lillia,275,141,0.5127272727272727
Katarina,Udyr,190,90,0.47368421052631576
Jhin,Katarina,751,376,0.5006657789613849
Katarina,Sona,277,130,0.4693140794223827
Illaoi,Smolder,405,192,0.4740740740740741
Smolder,Udyr,374,188,0.5026737967914439
Jhin,Smolder,1492,753,0.5046916890080428
Smolder,Sona,507,241,0.47534516765285995
Illaoi,Malphite,397,212,0.5340050377833753
Lillia,Malphite,458,228,0.4978165938864629
Malphite,Udyr,346,164,0.47398843930635837
Jhin,Malphite,1304,638,0.4892638036809816
Malphite,Sona,492,234,0.47560975609756095
Sion,Tryndamere,310,158,0.5096774193548387
Sion,Talon,249,128,0.5140562248995983
Sion,Sivir,376,174,0.4627659574468085
Sion,Taric,199,103,0.5175879396984925
JarvanIV,Tryndamere,264,121,0.4583333333333333
JarvanIV,Talon,215,112,0.5209302325581395
Hwei,JarvanIV,305,142,0.46557377049180326
JarvanIV,Sivir,330,162,0.4909090909090909
JarvanIV,Taric,133,75,0.5639097744360902
Azir,Tryndamere,132,60,0.45454545454545453
Azir,Talon,104,48,0.46153846153846156
Azir,Hwei,158,67,0.4240506329113924
Azir,Sivir,189,81,0.42857142857142855
Azir,Taric,86,48,0.5581395348837209
Kaisa,Tryndamere,462,223,0.48268398268398266
Kaisa,Talon,461,242,0.5249457700650759
Hwei,Kaisa,646,335,0.5185758513931888
Kaisa,Sivir,687,336,0.4890829694323144
Kaisa,Taric,305,155,0.5081967213114754
Braum,Tryndamere,192,88,0.4583333333333333
Braum,Talon,145,70,0.4827586206896552
Braum,Hwei,180,103,0.5722222222222222
Braum,Sivir,233,110,0.4721030042918455
Braum,Taric,118,60,0.5084745762711864
Chogath,Rammus,273,132,0.4835164835164835
Ahri,Chogath,773,377,0.48771021992238034
Chogath,Varus,512,258,0.50390625
Chogath,Nautilus,694,380,0.547550432276657
FiddleSticks,Volibear,369,192,0.5203252032520326
FiddleSticks,Varus,312,169,0.5416666666666666
FiddleSticks,Nautilus,368,186,0.5054347826086957
Varus,Zed,408,196,0.4803921568627451
Nautilus,Zed,626,335,0.5351437699680511
Jhin,Volibear,1184,577,0.4873310810810811
Jhin,Rammus,383,199,0.5195822454308094
Jhin,Varus,908,468,0.5154185022026432
Lux,Volibear,1320,678,0.5136363636363637
Lux,Rammus,438,221,0.5045662100456622
Darius,Teemo,840,387,0.4607142857142857
Draven,Teemo,434,210,0.4838709677419355
Illaoi,Teemo,428,214,0.5
Darius,Diana,638,301,0.4717868338557994
Diana,Qiyana,263,170,0.6463878326996197
Diana,Draven,359,183,0.5097493036211699
Diana,Illaoi,333,167,0.5015015015015015
Darius,Vex,322,174,0.5403726708074534
Qiyana,Vex,162,67,0.41358024691358025
Draven,Vex,179,86,0.48044692737430167
Caitlyn,Darius,1306,668,0.5114854517611026
Caitlyn,Qiyana,488,275,0.5635245901639344
Caitlyn,Lux,2591,1243,0.4797375530683134
Caitlyn,Draven,695,360,0.5179856115107914
Darius,Neeko,418,206,0.49282296650717705
Neeko,Qiyana,194,117,0.6030927835051546
Draven,Neeko,228,110,0.4824561403508772
Illaoi,Neeko,210,111,0.5285714285714286
Hecarim,Hwei,170,87,0.5117647058823529
Fizz,Hecarim,208,106,0.5096153846153846
Hecarim,Nami,303,144,0.4752475247524752
Hecarim,Kayn,283,149,0.5265017667844523
Hecarim,TahmKench,166,84,0.5060240963855421
Hecarim,Jax,311,157,0.5048231511254019
Hecarim,Nunu,189,98,0.5185185185185185
Blitzcrank,Hecarim,247,127,0.5141700404858299
Hwei,Yasuo,543,257,0.4732965009208103
Fizz,Yasuo,560,272,0.4857142857142857
TahmKench,Yasuo,582,257,0.4415807560137457
Jax,Yasuo,910,437,0.48021978021978023
Nunu,Yasuo,492,244,0.4959349593495935
Blitzcrank,Yasuo,651,307,0.4715821812596006
Fizz,Kayn,464,245,0.5280172413793104
Kayn,Kayn,53,8,0.1509433962264151
Jax,Kayn,749,365,0.48731642189586116
Kayn,Nunu,414,219,0.5289855072463768
Blitzcrank,Kayn,519,263,0.5067437379576107
Fizz,Morgana,642,321,0.5
Kayn,Morgana,907,435,0.4796030871003308
Morgana,TahmKench,639,331,0.5179968701095462
Jax,Morgana,982,464,0.4725050916496945
Morgana,Nunu,578,294,0.5086505190311419
Kayn,Kindred,337,170,0.5044510385756676
Kindred,TahmKench,229,104,0.45414847161572053
Jax,Kindred,337,188,0.5578635014836796
Kindred,Nunu,205,100,0.4878048780487805
Blitzcrank,Kindred,293,136,0.4641638225255973
Ekko,Hwei,382,194,0.5078534031413613
Ekko,Fizz,422,204,0.4834123222748815
Ekko,Kayn,560,268,0.4785714285714286
Ekko,TahmKench,335,174,0.5194029850746269
Ekko,Nunu,317,163,0.5141955835962145
Hwei,Olaf,144,65,0.4513888888888889
Fizz,Olaf,170,85,0.5
Nami,Olaf,212,98,0.46226415094339623
Kayn,Olaf,207,94,0.45410628019323673
Olaf,TahmKench,149,81,0.5436241610738255
Jax,Olaf,230,115,0.5
Nunu,Olaf,159,69,0.4339622641509434
Blitzcrank,Olaf,202,87,0.4306930693069307
Hwei,Vayne,466,236,0.5064377682403434
Fizz,Vayne,539,276,0.5120593692022264
Kayn,Vayne,723,331,0.4578146611341632
TahmKench,Vayne,529,246,0.46502835538752363
Jax,Vayne,783,393,0.5019157088122606
Nunu,Vayne,421,219,0.5201900237529691
Gnar,Teemo,280,141,0.5035714285714286
Teemo,Zed,677,361,0.5332348596750369
Kaisa,Teemo,1082,490,0.45286506469500926
Blitzcrank,Teemo,674,332,0.49258160237388726
Gnar,XinZhao,162,84,0.5185185185185185
Kayn,XinZhao,426,206,0.4835680751173709
XinZhao,Zed,361,181,0.5013850415512465
Gnar,Sion,178,90,0.5056179775280899
Kayn,Sion,597,311,0.5209380234505863
Sion,Zed,452,227,0.5022123893805309
Blitzcrank,Sion,450,229,0.5088888888888888
Gnar,Sivir,181,90,0.4972375690607735
Kayn,Sivir,461,226,0.49023861171366595
Sivir,Zed,442,239,0.5407239819004525
Blitzcrank,Sivir,461,222,0.48156182212581344
Karma,Kayn,452,238,0.5265486725663717
Karma,Zed,408,205,0.5024509803921569
Blitzcrank,Karma,414,226,0.5458937198067633
Gwen,Malphite,526,247,0.4695817490494297
Fizz,Gwen,316,177,0.560126582278481
Gwen,Ryze,204,100,0.49019607843137253
Gwen,Senna,391,187,0.4782608695652174
Malphite,Volibear,731,375,0.5129958960328317
Fizz,Volibear,462,227,0.49134199134199136
Ryze,Volibear,310,141,0.45483870967741935
Senna,Volibear,618,314,0.5080906148867314
Chogath,Malphite,828,427,0.5157004830917874
Chogath,Fizz,421,232,0.5510688836104513
Chogath,Ryze,334,191,0.5718562874251497
Chogath,MissFortune,1201,599,0.4987510407993339
Chogath,Senna,606,313,0.5165016501650165
Caitlyn,Fizz,837,405,0.4838709677419355
Caitlyn,Ryze,523,250,0.4780114722753346
Fizz,Thresh,478,245,0.5125523012552301
Ryze,Thresh,333,168,0.5045045045045045
MissFortune,Thresh,1262,662,0.5245641838351822
Senna,Thresh,633,321,0.5071090047393365
Nidalee,Yasuo,337,155,0.4599406528189911
Kalista,Nidalee,100,57,0.57
Nidalee,Zeri,147,83,0.564625850340136
Nautilus,Nidalee,294,143,0.48639455782312924
Quinn,Yasuo,352,166,0.4715909090909091
Kalista,Quinn,81,45,0.5555555555555556
Quinn,Zeri,112,63,0.5625
Nautilus,Quinn,316,151,0.4778481012658228
Ekko,Yasuo,713,340,0.47685834502103785
Ekko,Kalista,137,74,0.5401459854014599
Ekko,Zeri,209,90,0.430622009569378
Malzahar,Yasuo,880,499,0.5670454545454545
Kalista,Malzahar,167,78,0.46706586826347307
Malzahar,Zeri,250,134,0.536
Kalista,Nasus,130,54,0.4153846153846154
Nasus,Zeri,186,100,0.5376344086021505
Nasus,Nautilus,480,249,0.51875
Shen,Yorick,313,151,0.48242811501597443
Yorick,Zaahen,406,206,0.5073891625615764
Chogath,Yorick,446,208,0.4663677130044843
Yorick,Zeri,161,78,0.484472049689441
Yorick,Zyra,309,158,0.511326860841424
Nocturne,Shen,291,141,0.4845360824742268
Nocturne,Zaahen,344,164,0.47674418604651164
Chogath,Nocturne,401,206,0.513715710723192
Nocturne,Zeri,126,69,0.5476190476190477
Nocturne,Zyra,311,161,0.5176848874598071
Shen,Vex,234,102,0.4358974358974359
Chogath,Vex,346,164,0.47398843930635837
Vex,Zyra,274,123,0.4489051094890511
Jinx,Shen,764,380,0.4973821989528796
Jinx,Zaahen,1277,621,0.48629600626468283
Chogath,Jinx,1037,517,0.49855351976856316
Jinx,Zeri,454,260,0.5726872246696035
Jinx,Zyra,841,410,0.4875148632580262
Sona,Zaahen,408,188,0.46078431372549017
Sona,Zeri,170,82,0.4823529411764706
Sona,Zyra,295,144,0.488135593220339
Darius,Gwen,483,250,0.5175983436853002
Darius,Talon,320,174,0.54375
Darius,Lux,1349,624,0.4625648628613788
Darius,Swain,615,307,0.4991869918699187
Darius,Sion,573,294,0.5130890052356021
Evelynn,Gwen,174,89,0.5114942528735632
Evelynn,Talon,127,66,0.5196850393700787
Evelynn,Lux,447,219,0.4899328859060403
Evelynn,Swain,234,99,0.4230769230769231
Evelynn,Sion,214,102,0.4766355140186916
Ahri,Talon,353,198,0.5609065155807366
Ahri,Swain,702,351,0.5
Ahri,Sion,657,345,0.5251141552511416
Talon,Twitch,257,119,0.46303501945525294
Lux,Twitch,1067,523,0.4901593252108716
Sion,Twitch,461,217,0.47071583514099785
Brand,Gwen,440,242,0.55
Brand,Talon,272,131,0.48161764705882354
Brand,Lux,1378,671,0.4869375907111756
Brand,Swain,637,345,0.5416012558869702
Brand,Sion,526,281,0.5342205323193916
Sion,Yone,679,324,0.47717231222385864
Lillia,Sion,333,172,0.5165165165165165
Sion,Viktor,327,162,0.4954128440366973
Milio,Sion,411,233,0.5669099756690997
Warwick,Yone,803,417,0.5193026151930261
Viktor,Warwick,382,184,0.4816753926701571
Tristana,Warwick,656,301,0.45884146341463417
Yone,Zed,653,333,0.5099540581929556
Lillia,Zed,314,170,0.5414012738853503
Viktor,Zed,314,149,0.4745222929936306
Tristana,Zed,508,250,0.4921259842519685
Milio,Zed,428,223,0.5210280373831776
Kennen,Yone,259,131,0.5057915057915058
Kennen,Lillia,137,57,0.41605839416058393
Kennen,Tristana,217,100,0.4608294930875576
Kennen,Milio,171,80,0.4678362573099415
Lillia,Yuumi,263,125,0.4752851711026616
Viktor,Yuumi,229,127,0.5545851528384279
Tristana,Yuumi,418,234,0.5598086124401914
Milio,Yuumi,296,159,0.5371621621621622
Katarina,Sion,353,171,0.48441926345609065
MissFortune,Sion,958,485,0.5062630480167014
Sion,Yuumi,368,206,0.5597826086956522
Katarina,Nocturne,265,129,0.4867924528301887
MissFortune,Nocturne,799,394,0.493116395494368
Nocturne,Yuumi,282,141,0.5
Vladimir,Zaahen,416,194,0.46634615384615385
Rammus,Vladimir,175,95,0.5428571428571428
MissFortune,Vladimir,673,372,0.5527488855869243
Samira,Zaahen,492,220,0.44715447154471544
Katarina,Samira,290,134,0.46206896551724136
MissFortune,Samira,838,447,0.5334128878281623
Samira,Yuumi,279,138,0.4946236559139785
Pantheon,Rammus,265,132,0.4981132075471698
Katarina,Pantheon,493,257,0.5212981744421906
MissFortune,Pantheon,1395,704,0.5046594982078854
Pantheon,Yuumi,498,269,0.5401606425702812
Garen,Heimerdinger,422,199,0.471563981042654
Heimerdinger,Warwick,423,226,0.5342789598108747
Heimerdinger,Sylas,337,189,0.5608308605341247
Heimerdinger,MissFortune,673,345,0.512630014858841
Heimerdinger,Leblanc,179,101,0.5642458100558659
Garen,Kayn,818,429,0.5244498777506112
Kayn,Warwick,821,385,0.4689403166869671
Kayn,Sylas,769,370,0.4811443433029909
Kayn,Leblanc,342,192,0.5614035087719298
Garen,Morgana,1060,528,0.4981132075471698
Morgana,Warwick,1024,502,0.490234375
Morgana,Sylas,939,495,0.5271565495207667
MissFortune,Morgana,1881,952,0.506113769271664
Leblanc,Morgana,500,249,0.498
Ezreal,Garen,768,375,0.48828125
Ezreal,Warwick,688,295,0.42877906976744184
Ezreal,MissFortune,1363,609,0.44680851063829785
Ezreal,Leblanc,382,192,0.5026178010471204
Garen,Seraphine,671,381,0.5678092399403875
Seraphine,Warwick,698,303,0.4340974212034384
MissFortune,Seraphine,1280,667,0.52109375
Leblanc,Seraphine,374,171,0.4572192513368984
Jayce,Yasuo,343,154,0.4489795918367347
Lucian,Yasuo,707,334,0.4724186704384724
Ezreal,Yasuo,928,399,0.42995689655172414
Jayce,Kayn,265,128,0.4830188679245283
Kayn,Lucian,530,272,0.5132075471698113
Kayn,Neeko,435,212,0.48735632183908045
Jayce,Kassadin,104,52,0.5
Ekko,Kassadin,156,85,0.5448717948717948
Kassadin,Lucian,171,72,0.42105263157894735
Kassadin,Neeko,128,67,0.5234375
Jayce,Kaisa,452,225,0.497787610619469
Aurora,Jayce,181,104,0.574585635359116
Aurora,Ekko,296,143,0.4831081081081081
Aurora,Ezreal,389,227,0.583547557840617
Aurora,Neeko,276,144,0.5217391304347826
Evelynn,Yone,269,132,0.49070631970260226
Pantheon,Yone,827,398,0.48125755743651755
MonkeyKing,Sylas,358,169,0.4720670391061452
Evelynn,MonkeyKing,125,63,0.504
MonkeyKing,Pantheon,387,196,0.5064599483204134
Ashe,MonkeyKing,533,252,0.4727954971857411
Leona,MonkeyKing,330,163,0.49393939393939396
Lux,Sylas,1344,674,0.5014880952380952
MissFortune,Sylas,1396,711,0.5093123209169055
Evelynn,MissFortune,471,222,0.4713375796178344
Leona,MissFortune,1079,541,0.5013901760889713
Brand,Sylas,711,413,0.5808720112517581
Brand,Evelynn,252,138,0.5476190476190477
Brand,Pantheon,758,424,0.5593667546174143
Brand,Leona,640,338,0.528125
Garen,Garen,81,7,0.08641975308641975
FiddleSticks,Garen,392,173,0.4413265306122449
Garen,Zaahen,968,472,0.48760330578512395
Caitlyn,Garen,1453,697,0.4796971782518926
Garen,Graves,424,222,0.5235849056603774
FiddleSticks,Graves,222,122,0.5495495495495496
Graves,Zaahen,409,179,0.43765281173594134
Ahri,Garen,848,427,0.5035377358490566
Ahri,Zaahen,959,465,0.4848800834202294
Ahri,Caitlyn,1590,797,0.5012578616352201
Garen,Sivir,535,252,0.47102803738317756
FiddleSticks,Sivir,240,137,0.5708333333333333
Garen,Swain,647,307,0.47449768160741884
FiddleSticks,Swain,323,145,0.44891640866873067
Caitlyn,Swain,1123,531,0.4728406055209261
MissFortune,Swain,1093,518,0.4739249771271729
Smolder,Syndra,497,247,0.4969818913480885
Aurora,Syndra,257,136,0.5291828793774319
Briar,Syndra,333,189,0.5675675675675675
Brand,Nautilus,672,368,0.5476190476190477
Brand,Smolder,881,454,0.5153234960272418
Brand,Milio,464,233,0.5021551724137931
Aurora,Brand,335,158,0.4716417910447761
Kaisa,Nautilus,935,443,0.4737967914438503
Kaisa,Smolder,1222,578,0.47299509001636664
Aurora,Kaisa,520,277,0.5326923076923077
Briar,Kaisa,749,414,0.5527369826435247
Smolder,XinZhao,540,258,0.4777777777777778
Milio,XinZhao,333,167,0.5015015015015015
Aurora,XinZhao,260,127,0.48846153846153845
Briar,XinZhao,330,169,0.5121212121212121
Nautilus,Vayne,818,422,0.5158924205378973
Smolder,Vayne,949,468,0.4931506849315068
Milio,Vayne,522,281,0.5383141762452107
Aurora,Vayne,393,187,0.4758269720101781
Briar,Vayne,595,285,0.4789915966386555
Irelia,Kled,77,36,0.4675324675324675
Irelia,Sejuani,133,74,0.556390977443609
Irelia,Samira,265,126,0.47547169811320755
Irelia,Mel,633,304,0.4802527646129542
Kled,MonkeyKing,95,40,0.42105263157894735
MonkeyKing,Sejuani,111,57,0.5135135135135135
Mel,MonkeyKing,465,226,0.4860215053763441
Katarina,Kled,92,45,0.4891304347826087
Katarina,Sejuani,140,66,0.4714285714285714
Caitlyn,Katarina,778,353,0.4537275064267352
Katarina,Mel,634,313,0.49369085173501576
Kaisa,Kled,212,97,0.45754716981132076
Kaisa,Sejuani,279,139,0.4982078853046595
Caitlyn,Kaisa,1676,845,0.5041766109785203
Kaisa,Samira,605,280,0.4628099173553719
Kaisa,Mel,1330,677,0.5090225563909775
Kled,Zyra,157,68,0.43312101910828027
Sejuani,Zyra,196,83,0.42346938775510207
Caitlyn,Zyra,901,412,0.4572697003329634
Samira,Zyra,286,140,0.48951048951048953
Nasus,Zaahen,431,200,0.46403712296983757
Gwen,Zaahen,746,337,0.4517426273458445
Seraphine,Zaahen,746,337,0.4517426273458445
Mordekaiser,Nasus,534,262,0.49063670411985016
Gwen,Mordekaiser,502,244,0.4860557768924303
Mordekaiser,Seraphine,671,337,0.5022354694485842
Chogath,Nasus,520,283,0.5442307692307692
Chogath,Gwen,485,231,0.4762886597938144
Chogath,Sivir,469,245,0.5223880597014925
Chogath,Seraphine,654,336,0.5137614678899083
Caitlyn,Nasus,857,440,0.5134189031505251
Caitlyn,Gwen,832,414,0.49759615384615385
Caitlyn,Seraphine,1218,634,0.5205254515599343
Gwen,Soraka,313,162,0.5175718849840255
Lux,Soraka,981,476,0.48521916411824667
Seraphine,Soraka,449,216,0.48106904231625836
Sylas,TwistedFate,442,233,0.5271493212669683
Ezreal,TwistedFate,443,202,0.45598194130925507
Pantheon,TwistedFate,447,254,0.5682326621923938
Ezreal,Graves,440,231,0.525
Graves,Pantheon,400,201,0.5025
Fizz,Rumble,141,72,0.5106382978723404
Amumu,Fizz,428,208,0.48598130841121495
Fizz,Sylas,466,234,0.5021459227467812
MissFortune,Rumble,344,172,0.5
Amumu,MissFortune,1136,603,0.5308098591549296
Pyke,Rumble,174,82,0.47126436781609193
Amumu,Pyke,513,279,0.543859649122807
Pyke,Sylas,603,283,0.4693200663349917
Ezreal,Pyke,628,307,0.4888535031847134
Pantheon,Pyke,658,341,0.5182370820668692
Darius,Mordekaiser,871,435,0.49942594718714123
Mordekaiser,Trundle,489,263,0.5378323108384458
Irelia,Mordekaiser,432,202,0.4675925925925926
Mordekaiser,Veigar,823,407,0.4945321992709599
Mordekaiser,Pyke,585,321,0.5487179487179488
Darius,Kayn,712,334,0.4691011235955056
Irelia,Kayn,487,227,0.46611909650924027
Kayn,Veigar,726,343,0.4724517906336088
Kayn,Pyke,566,293,0.5176678445229682
Darius,Xerath,483,234,0.484472049689441
Irelia,Xerath,365,174,0.4767123287671233
Pyke,Xerath,440,196,0.44545454545454544
Darius,Jinx,1151,580,0.5039096437880104
Jinx,Trundle,761,391,0.5137976346911958
Jinx,Pyke,889,471,0.5298087739032621
Blitzcrank,Trundle,346,170,0.4913294797687861
Blitzcrank,Veigar,651,336,0.5161290322580645
Blitzcrank,Pyke,499,273,0.5470941883767535
Ambessa,Garen,443,193,0.435665914221219
Ambessa,XinZhao,282,135,0.4787234042553192
Ambessa,Kayle,278,118,0.4244604316546763
Ambessa,Smolder,541,257,0.47504621072088726
Ambessa,Sona,229,97,0.42358078602620086
Garen,Hecarim,336,188,0.5595238095238095
Hecarim,XinZhao,197,88,0.4467005076142132
Hecarim,Kayle,217,105,0.4838709677419355
Hecarim,Smolder,348,171,0.49137931034482757
Garen,Viktor,456,238,0.5219298245614035
Viktor,XinZhao,243,124,0.5102880658436214
Kayle,Viktor,297,139,0.468013468013468
Smolder,Viktor,458,234,0.5109170305676856
Sona,Viktor,208,113,0.5432692307692307
Kaisa,Kayle,746,353,0.47319034852546915
Kaisa,Sona,539,238,0.44155844155844154
Kayle,Nautilus,510,244,0.47843137254901963
Nautilus,Smolder,905,440,0.4861878453038674
Nautilus,Sona,381,154,0.4041994750656168
Swain,Warwick,678,345,0.5088495575221239
Swain,Sylas,676,368,0.5443786982248521
Swain,Yasuo,798,415,0.5200501253132832
Nami,Swain,595,292,0.4907563025210084
Viego,Warwick,722,336,0.46537396121883656
Sylas,Veigar,705,359,0.5092198581560283
Kaisa,Veigar,899,420,0.4671857619577308
MissFortune,Warwick,1427,701,0.4912403644008409
Lillia,Sylas,389,195,0.5012853470437018
Lillia,Yasuo,531,265,0.4990583804143126
Garen,Malzahar,725,342,0.47172413793103446
Karma,Malzahar,445,199,0.44719101123595506
Malzahar,Ornn,399,209,0.5238095238095238
Kayn,Malzahar,656,306,0.46646341463414637
Blitzcrank,Garen,625,298,0.4768
Akshan,Blitzcrank,275,135,0.4909090909090909
Blitzcrank,Ornn,362,192,0.5303867403314917
Garen,XinZhao,460,222,0.4826086956521739
Karma,XinZhao,303,150,0.49504950495049505
Darius,Garen,916,439,0.47925764192139736
Darius,Karma,464,225,0.4849137931034483
Akshan,Darius,320,152,0.475
Darius,Ornn,400,216,0.54
Garen,Tryndamere,446,233,0.5224215246636771
Karma,Tryndamere,273,132,0.4835164835164835
Akshan,Tryndamere,157,69,0.4394904458598726
Ornn,Tryndamere,223,106,0.47533632286995514
Kayn,Tryndamere,375,176,0.4693333333333333
Sion,Swain,495,214,0.43232323232323233
Pantheon,Sion,610,300,0.4918032786885246
Shyvana,Yone,225,111,0.49333333333333335
Kayn,Shyvana,190,96,0.5052631578947369
Ahri,Shyvana,259,128,0.4942084942084942
Shyvana,Swain,202,96,0.4752475247524752
AurelionSol,Yone,366,175,0.4781420765027322
Ahri,AurelionSol,401,208,0.5187032418952618
AurelionSol,Swain,369,178,0.4823848238482385
Kayle,Yone,541,273,0.5046210720887245
Kayle,Kayn,539,280,0.5194805194805194
Ahri,Kayle,630,313,0.49682539682539684
Kayle,Swain,427,203,0.47540983606557374
Kayle,Pantheon,579,295,0.5094991364421416
Kindred,Sett,351,146,0.41595441595441596
Sett,Varus,543,293,0.5395948434622467
Sett,Velkoz,542,279,0.514760147601476
Gragas,Rengar,143,75,0.5244755244755245
Kindred,Rengar,156,87,0.5576923076923077
Aatrox,Rengar,285,151,0.5298245614035088
Rengar,Varus,207,96,0.463768115942029
Rengar,Velkoz,219,93,0.4246575342465753
Gragas,Qiyana,129,80,0.6201550387596899
Kindred,Qiyana,138,77,0.5579710144927537
Aatrox,Qiyana,228,127,0.5570175438596491
Qiyana,Varus,196,96,0.4897959183673469
Qiyana,Velkoz,178,75,0.42134831460674155
Corki,Gragas,102,50,0.49019607843137253
Corki,Kindred,123,67,0.5447154471544715
Aatrox,Corki,177,98,0.5536723163841808
Corki,Varus,190,101,0.531578947368421
Corki,Velkoz,178,78,0.43820224719101125
FiddleSticks,Gragas,167,95,0.5688622754491018
FiddleSticks,Kindred,193,105,0.5440414507772021
FiddleSticks,Velkoz,278,141,0.5071942446043165
Kled,Trundle,111,56,0.5045045045045045
Kindred,Kled,92,47,0.5108695652173914
Ahri,Kled,205,111,0.5414634146341464
Caitlyn,Kled,282,132,0.46808510638297873
Kled,Lux,318,157,0.4937106918238994
Nocturne,Trundle,277,129,0.4657039711191336
Caitlyn,Nocturne,752,365,0.4853723404255319
Kindred,Morgana,440,211,0.47954545454545455
Ahri,Morgana,1144,560,0.48951048951048953
Caitlyn,Morgana,1772,854,0.481941309255079
MissFortune,Trundle,766,380,0.4960835509138381
Kindred,MissFortune,614,252,0.41042345276872966
Pyke,Trundle,341,171,0.501466275659824
Kindred,Pyke,286,159,0.5559440559440559
Ahri,Pyke,647,371,0.5734157650695518
Caitlyn,Pyke,1035,561,0.5420289855072464
Gwen,Ornn,331,177,0.5347432024169184
Nocturne,Ornn,226,112,0.49557522123893805
Ahri,Ornn,437,227,0.5194508009153318
Leona,Ornn,365,197,0.5397260273972603
Gwen,Volibear,487,237,0.486652977412731
Nocturne,Volibear,476,229,0.4810924369747899
Tristana,Volibear,687,351,0.5109170305676856
Leona,Volibear,615,311,0.5056910569105691
Gwen,Viktor,276,118,0.427536231884058
Nocturne,Viktor,223,109,0.48878923766816146
Ahri,Viktor,482,246,0.5103734439834025
Tristana,Viktor,356,175,0.49157303370786515
Leona,Viktor,343,183,0.5335276967930029
Gwen,Kaisa,629,315,0.5007949125596184
Kaisa,Tristana,851,426,0.500587544065805
Kaisa,Leona,737,360,0.48846675712347354
Gwen,Karma,316,156,0.4936708860759494
Karma,Nocturne,286,142,0.4965034965034965
Ahri,Karma,552,273,0.4945652173913043
Karma,Tristana,472,208,0.4406779661016949
Karma,Leona,367,184,0.5013623978201635
Ahri,Ambessa,481,255,0.5301455301455301
Ambessa,Tristana,400,186,0.465
Ambessa,Viktor,244,127,0.5204918032786885
Ahri,Jinx,1344,636,0.4732142857142857
Jinx,XinZhao,617,312,0.5056726094003241
Jinx,Tristana,1141,569,0.49868536371603855
Jinx,Viktor,648,324,0.5
Ahri,Mel,1090,521,0.4779816513761468
Mel,XinZhao,566,288,0.508833922261484
Mel,Tristana,864,443,0.5127314814814815
Mel,Viktor,634,334,0.526813880126183
Anivia,Mel,497,243,0.48893360160965793
Ahri,Khazix,447,216,0.48322147651006714
Khazix,XinZhao,235,103,0.43829787234042555
Khazix,Tristana,345,172,0.4985507246376812
Khazix,Viktor,217,101,0.46543778801843316
Anivia,Khazix,169,81,0.47928994082840237
Ahri,Leona,727,362,0.49793672627235214
Leona,XinZhao,402,207,0.5149253731343284
Kayle,Neeko,355,172,0.48450704225352115
Lucian,Neeko,327,158,0.4831804281345566
Brand,Neeko,450,241,0.5355555555555556
Ezreal,Neeko,534,250,0.4681647940074906
Jinx,Kayle,842,424,0.503562945368171
Jinx,Lucian,924,470,0.5086580086580087
Brand,Jinx,1038,517,0.4980732177263969
Jinx,TahmKench,682,342,0.501466275659824
Jayce,Kayle,217,97,0.4470046082949309
Jayce,Lucian,262,138,0.5267175572519084
Brand,Jayce,281,163,0.5800711743772242
Ezreal,Jayce,327,165,0.5045871559633027
Jayce,TahmKench,161,93,0.577639751552795
Graves,Kayle,350,166,0.4742857142857143
Brand,Graves,367,195,0.5313351498637602
Graves,TahmKench,262,130,0.4961832061068702
Amumu,Kayle,477,239,0.5010482180293501
Amumu,Lucian,477,268,0.5618448637316562
Amumu,TahmKench,471,263,0.5583864118895966
Ambessa,Riven,301,161,0.5348837209302325
Ambessa,Chogath,376,194,0.5159574468085106
Ambessa,Vex,196,94,0.47959183673469385
Ambessa,Jhin,698,329,0.4713467048710602
Ambessa,Thresh,454,204,0.44933920704845814
Lillia,Riven,226,124,0.5486725663716814
Chogath,Lillia,440,204,0.4636363636363636
Jhin,Lillia,712,332,0.46629213483146065
Lillia,Thresh,407,231,0.5675675675675675
Riven,Yasuo,539,232,0.43042671614100186
Jhin,Yasuo,1456,725,0.49793956043956045
MissFortune,Riven,698,382,0.5472779369627507
MissFortune,Vex,662,341,0.5151057401812689
Blitzcrank,Riven,326,163,0.5
Blitzcrank,Jhin,950,500,0.5263157894736842
Katarina,Zilean,181,83,0.4585635359116022
Katarina,Kindred,205,116,0.5658536585365853
Garen,Katarina,506,263,0.5197628458498024
Katarina,Veigar,509,267,0.5245579567779961
Corki,Zilean,108,57,0.5277777777777778
Corki,Rammus,98,53,0.5408163265306123
Corki,Garen,237,117,0.4936708860759494
Corki,Veigar,229,106,0.462882096069869
Morgana,Rammus,333,181,0.5435435435435435
Nidalee,Rammus,102,45,0.4411764705882353
Garen,Nidalee,313,169,0.5399361022364217
Leblanc,Zilean,195,75,0.38461538461538464
Leblanc,Rammus,145,66,0.45517241379310347
Garen,Leblanc,366,195,0.5327868852459017
Leblanc,Veigar,352,154,0.4375
Illaoi,Yorick,223,102,0.45739910313901344
Rammus,Yorick,156,79,0.5064102564102564
Vayne,Yorick,463,220,0.47516198704103674
Swain,Yorick,382,187,0.4895287958115183
Illaoi,Qiyana,126,80,0.6349206349206349
Qiyana,Rammus,94,39,0.4148936170212766
Malzahar,Qiyana,227,123,0.5418502202643172
Qiyana,Vayne,330,149,0.45151515151515154
Qiyana,Swain,225,92,0.4088888888888889
Rammus,Veigar,279,155,0.5555555555555556
Swain,Veigar,680,353,0.5191176470588236
Illaoi,Xayah,217,110,0.5069124423963134
Rammus,Xayah,155,81,0.5225806451612903
Malzahar,Xayah,404,191,0.47277227722772275
Vayne,Xayah,409,202,0.4938875305623472
Illaoi,Rakan,159,83,0.5220125786163522
Rakan,Rammus,117,66,0.5641025641025641
Malzahar,Rakan,240,133,0.5541666666666667
Rakan,Vayne,356,178,0.5
Rakan,Swain,241,111,0.4605809128630705
Rell,Twitch,177,92,0.519774011299435
Thresh,Twitch,584,290,0.4965753424657534
Twitch,Xerath,452,223,0.49336283185840707
Graves,Twitch,308,142,0.461038961038961
Riven,Yone,417,204,0.4892086330935252
Rell,Riven,161,89,0.5527950310559007
Riven,Thresh,418,195,0.4665071770334928
Gwen,Yone,519,237,0.45664739884393063
Gwen,Rell,162,84,0.5185185185185185
Gwen,Thresh,472,232,0.4915254237288136
Gwen,Xerath,348,169,0.48563218390804597
Xayah,Yone,434,245,0.5645161290322581
Rell,Xayah,166,83,0.5
Thresh,Xayah,455,242,0.5318681318681319
Xayah,Xerath,312,145,0.46474358974358976
Graves,Xayah,269,118,0.43866171003717475
Yone,Ziggs,411,196,0.4768856447688564
Rell,Ziggs,136,76,0.5588235294117647
Thresh,Ziggs,407,190,0.4668304668304668
Xerath,Ziggs,353,180,0.509915014164306
Graves,Ziggs,268,120,0.44776119402985076
Shaco,Smolder,701,350,0.4992867332382311
Shaco,Shyvana,195,95,0.48717948717948717
AurelionSol,Shaco,287,143,0.49825783972125437
Shaco,TahmKench,390,188,0.48205128205128206
Draven,Shaco,317,152,0.4794952681388013
Pantheon,Shaco,644,326,0.5062111801242236
Shaco,Viego,540,279,0.5166666666666667
Malphite,Smolder,1007,549,0.5451837140019861
Malphite,Shyvana,250,127,0.508
AurelionSol,Malphite,435,220,0.5057471264367817
Malphite,TahmKench,534,274,0.5131086142322098
Malphite,Nautilus,770,427,0.5545454545454546
Malphite,Pantheon,879,480,0.5460750853242321
Lillia,Shyvana,152,80,0.5263157894736842
AurelionSol,Lillia,270,118,0.43703703703703706
Lillia,TahmKench,312,174,0.5576923076923077
Lillia,Nautilus,435,229,0.5264367816091954
Draven,Lillia,220,103,0.4681818181818182
Lillia,Pantheon,444,247,0.5563063063063063
Lillia,Viego,365,178,0.4876712328767123
Ekko,Smolder,695,364,0.5237410071942447
Ekko,Shyvana,169,90,0.5325443786982249
AurelionSol,Ekko,313,155,0.4952076677316294
Draven,Ekko,309,153,0.49514563106796117
Ekko,Pantheon,601,290,0.4825291181364393
Ekko,Viego,536,251,0.46828358208955223
AurelionSol,Sona,223,116,0.5201793721973094
Sona,TahmKench,246,125,0.508130081300813
Draven,Sona,238,104,0.4369747899159664
Pantheon,Sona,416,206,0.4951923076923077
Sona,Viego,350,173,0.4942857142857143
Morgana,Shyvana,283,147,0.519434628975265
Morgana,Viego,916,488,0.5327510917030568
Jax,Smolder,908,474,0.5220264317180616
Jax,Shyvana,219,124,0.5662100456621004
AurelionSol,Jax,355,167,0.4704225352112676
Jax,TahmKench,468,246,0.5256410256410257
Jax,Pantheon,772,408,0.5284974093264249
Jax,Viego,671,317,0.47242921013412814
Garen,Kalista,176,82,0.4659090909090909
Kalista,MasterYi,165,72,0.43636363636363634
Kalista,Sylas,192,90,0.46875
Kalista,Sivir,134,60,0.44776119402985076
Kalista,Mel,213,110,0.5164319248826291
Ekko,Garen,643,294,0.4572317262830482
Ekko,MasterYi,589,278,0.47198641765704585
Ekko,Sylas,674,330,0.4896142433234421
Ekko,Sivir,416,181,0.43509615384615385
Ekko,Mel,735,349,0.4748299319727891
Sylas,Yasuo,1011,465,0.4599406528189911
Sivir,Yasuo,615,294,0.47804878048780486
Mel,Yasuo,1332,624,0.46846846846846846
Garen,Vayne,860,431,0.5011627906976744
Sylas,Vayne,772,358,0.4637305699481865
Sivir,Vayne,531,251,0.4726930320150659
MasterYi,Seraphine,615,329,0.5349593495934959
Mel,Seraphine,941,488,0.5185972369819342
Heimerdinger,Tryndamere,209,117,0.5598086124401914
Darius,Heimerdinger,380,182,0.4789473684210526
Heimerdinger,Sion,292,130,0.4452054794520548
Heimerdinger,Lulu,245,145,0.5918367346938775
Darius,Warwick,748,378,0.5053475935828877
Mel,Warwick,1042,517,0.4961612284069098
Lulu,Warwick,429,214,0.4988344988344988
Cassiopeia,Tryndamere,122,58,0.47540983606557374
Cassiopeia,Darius,188,93,0.4946808510638298
Cassiopeia,Sion,182,79,0.4340659340659341
Cassiopeia,Mel,293,133,0.4539249146757679
Lucian,Tryndamere,302,145,0.48013245033112584
Lucian,Lulu,434,227,0.5230414746543779
Leona,Tryndamere,348,168,0.4827586206896552
Darius,Leona,623,318,0.5104333868378812
Leona,Sion,473,208,0.4397463002114165
Leona,Lulu,372,202,0.543010752688172
Ashe,Briar,920,421,0.45760869565217394
Ashe,FiddleSticks,584,309,0.5291095890410958
KogMaw,Maokai,183,94,0.5136612021857924
Briar,Maokai,257,141,0.5486381322957199
FiddleSticks,Maokai,188,110,0.5851063829787234
Maokai,Singed,196,79,0.4030612244897959
Maokai,Vi,177,81,0.4576271186440678
KogMaw,Thresh,309,160,0.517799352750809
Briar,Thresh,531,295,0.5555555555555556
FiddleSticks,Thresh,377,201,0.53315649867374
Singed,Thresh,374,187,0.5
Thresh,Vi,408,204,0.5
Caitlyn,KogMaw,516,261,0.5058139534883721
Briar,Caitlyn,1004,523,0.5209163346613546
Caitlyn,FiddleSticks,609,314,0.5155993431855501
Caitlyn,Singed,600,279,0.465
Caitlyn,Vi,675,325,0.48148148148148145
Karthus,KogMaw,172,84,0.4883720930232558
Briar,Karthus,212,112,0.5283018867924528
FiddleSticks,Karthus,165,72,0.43636363636363634
Karthus,Singed,172,71,0.4127906976744186
Karthus,Vi,155,82,0.5290322580645161
Amumu,Renekton,300,178,0.5933333333333334
Ahri,Renekton,425,217,0.5105882352941177
Jinx,Renekton,568,297,0.522887323943662
Sett,Zac,345,184,0.5333333333333333
Amumu,Zac,271,136,0.5018450184501845
Ahri,Zac,352,176,0.5
Jinx,Zac,456,238,0.5219298245614035
Nami,Zac,300,166,0.5533333333333333
Ekko,Sett,560,270,0.48214285714285715
Amumu,Ekko,511,293,0.5733855185909981
Ahri,Ekko,636,320,0.5031446540880503
Ekko,Jinx,912,435,0.4769736842105263
Sett,Veigar,763,414,0.5425950196592398
Ahri,Veigar,919,464,0.5048966267682263
Kayn,Sett,760,352,0.4631578947368421
Malzahar,Sett,714,340,0.47619047619047616
Shen,Viego,452,228,0.504424778761062
Kayn,Viego,744,366,0.49193548387096775
Malzahar,Viego,569,288,0.5061511423550088
Aphelios,Viego,385,187,0.4857142857142857
Brand,Shen,425,209,0.49176470588235294
Brand,Kayn,670,350,0.5223880597014925
Brand,Malzahar,695,337,0.4848920863309353
Shen,Yunara,422,224,0.5308056872037915
Kayn,Yunara,577,294,0.5095320623916811
Pyke,Yunara,492,216,0.43902439024390244
Milio,Shen,346,170,0.4913294797687861
Aphelios,Milio,317,162,0.5110410094637224
Milio,Pyke,395,229,0.579746835443038
Garen,JarvanIV,412,209,0.5072815533980582
Brand,Garen,722,385,0.5332409972299169
Briar,Shaco,479,243,0.5073068893528184
Briar,JarvanIV,365,183,0.5013698630136987
Briar,FiddleSticks,297,157,0.5286195286195287
Fizz,Shaco,382,177,0.46335078534031415
Fizz,JarvanIV,280,142,0.5071428571428571
Fizz,MissFortune,869,421,0.4844649021864212
Brand,Fizz,472,228,0.4830508474576271
Neeko,Shaco,393,184,0.4681933842239186
JarvanIV,Neeko,252,127,0.503968253968254
MissFortune,Neeko,822,424,0.5158150851581509
JarvanIV,Morgana,606,311,0.5132013201320133
Brand,Morgana,1000,498,0.498
Azir,Shen,160,77,0.48125
Shen,Sylas,528,267,0.5056818181818182
Quinn,Shen,194,88,0.4536082474226804
Caitlyn,Olaf,358,168,0.4692737430167598
Brand,Olaf,240,106,0.44166666666666665
Azir,Olaf,87,39,0.4482758620689655
Ahri,Olaf,251,133,0.5298804780876494
Olaf,Sylas,221,101,0.45701357466063347
Olaf,Quinn,115,69,0.6
Olaf,Singed,143,71,0.4965034965034965
Olaf,Viego,211,101,0.4786729857819905
Belveth,Brand,187,80,0.42780748663101603
Azir,Belveth,90,44,0.4888888888888889
Ahri,Belveth,242,138,0.5702479338842975
Belveth,Sylas,242,129,0.5330578512396694
Belveth,Quinn,98,53,0.5408163265306123
Belveth,Singed,149,63,0.4228187919463087
Belveth,Viego,223,108,0.484304932735426
Caitlyn,Talon,526,265,0.5038022813688213
Sylas,Talon,363,186,0.512396694214876
Quinn,Talon,137,78,0.5693430656934306
Talon,Viego,304,150,0.4934210526315789
Caitlyn,Thresh,1257,592,0.4709626093874304
Brand,Thresh,713,412,0.5778401122019635
Azir,Thresh,271,122,0.45018450184501846
Ahri,Thresh,867,445,0.5132641291810842
Sylas,Thresh,739,353,0.4776725304465494
Quinn,Thresh,310,147,0.47419354838709676
Thresh,Viego,671,342,0.5096870342771982
Caitlyn,Zoe,658,322,0.48936170212765956
Brand,Zoe,404,229,0.5668316831683168
Azir,Zoe,137,65,0.4744525547445255
Ahri,Zoe,444,235,0.5292792792792793
Sylas,Zoe,432,237,0.5486111111111112
Quinn,Zoe,175,81,0.46285714285714286
Singed,Zoe,235,128,0.5446808510638298
Viego,Zoe,329,166,0.5045592705167173
Caitlyn,Kassadin,313,155,0.4952076677316294
Brand,Kassadin,211,113,0.5355450236966824
Azir,Kassadin,60,26,0.43333333333333335
Ahri,Kassadin,248,141,0.5685483870967742
Kassadin,Sylas,193,100,0.5181347150259067
Kassadin,Quinn,83,41,0.4939759036144578
Kassadin,Singed,130,74,0.5692307692307692
Kassadin,Viego,182,85,0.46703296703296704
Caitlyn,Hecarim,468,223,0.47649572649572647
Brand,Hecarim,278,163,0.5863309352517986
Azir,Hecarim,105,43,0.4095238095238095
Ahri,Hecarim,361,206,0.5706371191135734
Hecarim,Sylas,335,165,0.4925373134328358
Hecarim,Quinn,130,58,0.4461538461538462
Hecarim,Singed,191,78,0.4083769633507853
Hecarim,Viego,240,129,0.5375
Darius,LeeSin,467,244,0.5224839400428265
Karma,LeeSin,356,184,0.5168539325842697
LeeSin,Taric,116,61,0.5258620689655172
LeeSin,Varus,332,182,0.5481927710843374
LeeSin,Volibear,433,209,0.48267898383371827
LeeSin,Sona,283,119,0.4204946996466431
LeeSin,Warwick,485,230,0.4742268041237113
Karma,Zyra,400,189,0.4725
Taric,Zyra,151,64,0.423841059602649
Varus,Zyra,398,165,0.41457286432160806
Volibear,Zyra,520,268,0.5153846153846153
Swain,Zyra,477,226,0.47379454926624737
Warwick,Zyra,541,273,0.5046210720887245
Leona,Taric,215,101,0.4697674418604651
Leona,Sona,358,185,0.5167597765363129
DrMundo,Karma,492,265,0.5386178861788617
DrMundo,Taric,249,130,0.5220883534136547
DrMundo,Varus,563,287,0.5097690941385435
DrMundo,Volibear,831,415,0.4993983152827918
DrMundo,Swain,678,327,0.4823008849557522
DrMundo,Sona,431,220,0.5104408352668214
Darius,XinZhao,445,196,0.4404494382022472
Taric,XinZhao,154,65,0.42207792207792205
Varus,XinZhao,319,132,0.41379310344827586
Swain,XinZhao,385,188,0.4883116883116883
Sona,XinZhao,274,129,0.4708029197080292
Warwick,XinZhao,490,248,0.5061224489795918
Darius,Kaisa,887,446,0.5028184892897407
Kaisa,Varus,670,361,0.5388059701492537
Kaisa,Warwick,940,452,0.4808510638297872
Darius,Ekko,525,258,0.49142857142857144
Ekko,Karma,328,169,0.5152439024390244
Ekko,Taric,171,80,0.4678362573099415
Ekko,Varus,400,195,0.4875
Ekko,Volibear,590,281,0.47627118644067795
Ekko,Swain,510,255,0.5
Ekko,Sona,344,167,0.48546511627906974
Ekko,Warwick,602,299,0.49667774086378735
Taric,Teemo,280,148,0.5285714285714286
Teemo,Varus,638,338,0.5297805642633229
Leona,Nunu,331,185,0.5589123867069486
Jhin,Leona,961,457,0.4755463059313215
Leona,Zoe,327,191,0.5840978593272171
Ashe,Darius,1093,558,0.5105215004574566
Ashe,Kayle,848,391,0.46108490566037735
Ashe,Nunu,625,330,0.528
Ashe,Zoe,618,346,0.5598705501618123
Darius,Senna,629,314,0.49920508744038156
Kayle,Senna,456,237,0.5197368421052632
Nunu,Senna,371,186,0.5013477088948787
Jhin,Senna,1017,554,0.5447394296951819
Darius,Malzahar,639,313,0.48982785602503914
Kayle,Malzahar,515,267,0.5184466019417475
Malzahar,Nunu,322,180,0.5590062111801242
Darius,Viego,654,328,0.5015290519877675
Kayle,Viego,477,243,0.5094339622641509
Nunu,Viego,370,163,0.44054054054054054
Jhin,Viego,1163,578,0.49699054170249357
DrMundo,Sion,652,331,0.5076687116564417
Sion,TwistedFate,310,168,0.5419354838709678
Sion,Varus,377,204,0.5411140583554377
Caitlyn,DrMundo,1357,660,0.4863669859985262
Caitlyn,Varus,957,492,0.5141065830721003
Velkoz,Volibear,487,255,0.5236139630390144
DrMundo,Velkoz,589,292,0.49575551782682514
TwistedFate,Velkoz,340,163,0.47941176470588237
Varus,Velkoz,428,186,0.43457943925233644
Velkoz,Yasuo,567,286,0.5044091710758377
Senna,Varus,468,243,0.5192307692307693
Senna,Yasuo,779,384,0.49293966623876767
Singed,Teemo,438,219,0.5
Nocturne,Teemo,496,234,0.4717741935483871
Teemo,Xerath,677,313,0.4623338257016248
Alistar,Teemo,400,194,0.485
Singed,Warwick,370,189,0.5108108108108108
Nocturne,Warwick,508,257,0.5059055118110236
Warwick,Xerath,536,263,0.4906716417910448
Brand,Warwick,754,404,0.5358090185676393
Alistar,Warwick,340,153,0.45
Singed,Zed,324,185,0.5709876543209876
Nocturne,Zed,357,194,0.5434173669467787
Xerath,Zed,417,220,0.5275779376498801
Brand,Zed,567,316,0.5573192239858906
Jhin,Singed,612,270,0.4411764705882353
Jhin,Nocturne,739,363,0.4912043301759134
Jhin,Xerath,910,442,0.4857142857142857
Brand,Jhin,1131,562,0.4969053934571176
Alistar,Jhin,539,274,0.5083487940630798
Nami,Singed,411,208,0.5060827250608273
Nami,Xerath,509,264,0.518664047151277
Brand,Nami,613,302,0.4926590538336052
Naafiri,Trundle,246,129,0.524390243902439
Trundle,Twitch,337,172,0.5103857566765578
Braum,Trundle,187,91,0.48663101604278075
Khazix,Warwick,402,186,0.4626865671641791
Naafiri,Warwick,391,177,0.45268542199488493
Braum,Warwick,316,155,0.49050632911392406
Ekko,Teemo,722,316,0.4376731301939058
Ekko,Khazix,313,153,0.48881789137380194
Ekko,Naafiri,301,142,0.4717607973421927
Ekko,Twitch,489,230,0.4703476482617587
Braum,Ekko,265,127,0.47924528301886793
Jhin,Teemo,1411,687,0.48688873139617295
Jhin,Naafiri,639,316,0.4945226917057903
Jhin,Twitch,948,472,0.4978902953586498
Braum,Jhin,574,286,0.49825783972125437
Nautilus,Teemo,877,408,0.4652223489167617
Naafiri,Nautilus,368,190,0.5163043478260869
Braum,Nautilus,416,229,0.5504807692307693
MonkeyKing,Teemo,414,200,0.4830917874396135
Teemo,Yasuo,1109,571,0.5148782687105501
Jinx,Teemo,1487,722,0.4855413584398117
Amumu,Chogath,638,312,0.4890282131661442
Amumu,MonkeyKing,307,162,0.5276872964169381
Amumu,Yasuo,825,428,0.5187878787878788
Amumu,Karma,375,205,0.5466666666666666
Chogath,Yunara,541,270,0.49907578558225507
MonkeyKing,Yunara,252,135,0.5357142857142857
Yasuo,Yunara,728,376,0.5164835164835165
Jinx,Yunara,938,490,0.5223880597014925
Karma,Yunara,384,190,0.4947916666666667
MonkeyKing,Varus,258,126,0.4883720930232558
Jinx,Varus,817,421,0.5152998776009792
Bard,Chogath,363,188,0.5179063360881543
Bard,Yasuo,484,249,0.5144628099173554
Bard,Jinx,587,308,0.524701873935264
Jax,Thresh,743,393,0.5289367429340511
Jax,Soraka,498,263,0.5281124497991968
Jinx,Tryndamere,615,306,0.4975609756097561
Shaco,Tryndamere,294,121,0.41156462585034015
Thresh,Tryndamere,358,184,0.5139664804469274
Nautilus,Tryndamere,364,168,0.46153846153846156
Soraka,Tryndamere,267,131,0.49063670411985016
Shaco,Zyra,439,198,0.4510250569476082
Thresh,Zyra,514,255,0.4961089494163424
Nautilus,Zyra,523,245,0.4684512428298279
Soraka,Zyra,389,194,0.4987146529562982
Lucian,Shaco,468,213,0.4551282051282051
Lucian,Thresh,676,338,0.5
Lucian,Nautilus,626,309,0.4936102236421725
Lucian,Soraka,441,219,0.4965986394557823
Jinx,Sylas,1123,574,0.5111308993766697
Shaco,Sylas,563,294,0.522202486678508
Nautilus,Sylas,785,374,0.4764331210191083
Soraka,Sylas,549,265,0.48269581056466304
Camille,Tryndamere,112,50,0.44642857142857145
Camille,Viego,189,96,0.5079365079365079
Camille,Zoe,112,72,0.6428571428571429
Camille,Zyra,146,80,0.547945205479452
Nunu,Tryndamere,208,103,0.4951923076923077
Nunu,Zoe,213,110,0.5164319248826291
Nunu,Smolder,462,222,0.4805194805194805
Nunu,Zyra,295,141,0.47796610169491527
Lux,Tryndamere,729,383,0.5253772290809328
Lux,Smolder,1475,761,0.5159322033898305
Lux,Zyra,1124,553,0.4919928825622776
Samira,Tryndamere,239,119,0.497907949790795
Samira,Viego,429,206,0.4801864801864802
Samira,Zoe,203,116,0.5714285714285714
Leona,Viego,523,245,0.4684512428298279
Leona,Smolder,716,359,0.5013966480446927
Leona,Zyra,441,207,0.46938775510204084
Jinx,Shyvana,324,187,0.5771604938271605
Jinx,MonkeyKing,600,295,0.49166666666666664
Jinx,Viego,1095,529,0.4831050228310502
Jinx,Karthus,410,205,0.5
Jax,Talon,308,158,0.512987012987013
Jax,Karthus,274,135,0.4927007299270073
Akshan,Talon,146,64,0.4383561643835616
Akshan,Shyvana,99,48,0.48484848484848486
Akshan,Viego,268,124,0.4626865671641791
Akshan,Karthus,129,63,0.4883720930232558
Nami,Talon,345,170,0.4927536231884058
Nami,Shyvana,231,132,0.5714285714285714
MonkeyKing,Nami,347,172,0.4956772334293948
Karthus,Nami,287,150,0.5226480836236934
Talon,Vi,174,84,0.4827586206896552
Shyvana,Vi,132,65,0.49242424242424243
MonkeyKing,Vi,203,105,0.5172413793103449
Aurora,Vi,203,90,0.4433497536945813
Kayle,Vi,293,152,0.5187713310580204
Vi,Xerath,275,129,0.4690909090909091
Leona,Vi,326,167,0.5122699386503068
Vi,Zoe,204,119,0.5833333333333334
Mordekaiser,Vi,443,217,0.4898419864559819
TwistedFate,Vi,239,118,0.49372384937238495
Aurora,Kalista,101,57,0.5643564356435643
Kalista,Kayle,156,65,0.4166666666666667
Kalista,Xerath,124,60,0.4838709677419355
Kalista,Swain,150,74,0.49333333333333335
Kalista,Leona,179,99,0.553072625698324
Kalista,Zoe,98,53,0.5408163265306123
Kalista,Mordekaiser,184,102,0.5543478260869565
Kalista,TwistedFate,148,69,0.46621621621621623
Kayle,Nasus,410,198,0.48292682926829267
Nasus,Xerath,347,171,0.49279538904899134
Leona,Nasus,406,221,0.5443349753694581
Nasus,Zoe,255,147,0.5764705882352941
Nasus,TwistedFate,245,140,0.5714285714285714
Aurora,Ryze,183,87,0.47540983606557374
Kayle,Ryze,283,138,0.4876325088339223
Ryze,Xerath,207,95,0.45893719806763283
Ryze,Swain,302,149,0.49337748344370863
Leona,Ryze,284,133,0.46830985915492956
Ryze,Zoe,194,111,0.5721649484536082
Mordekaiser,Ryze,334,179,0.5359281437125748
Ryze,TwistedFate,192,99,0.515625
Aurora,Ziggs,217,112,0.5161290322580645
Kayle,Ziggs,364,192,0.5274725274725275
Swain,Ziggs,373,199,0.5335120643431636
Leona,Ziggs,360,174,0.48333333333333334
Ziggs,Zoe,263,142,0.5399239543726235
Mordekaiser,Ziggs,414,198,0.4782608695652174
TwistedFate,Ziggs,249,121,0.4859437751004016
Aurora,Camille,96,51,0.53125
Camille,Kayle,141,67,0.475177304964539
Camille,Xerath,137,69,0.5036496350364964
Camille,Swain,181,86,0.47513812154696133
Camille,Leona,171,73,0.4269005847953216
Camille,Mordekaiser,215,88,0.40930232558139534
Camille,TwistedFate,108,50,0.46296296296296297
Aurora,Briar,287,136,0.4738675958188153
Briar,Kayle,419,228,0.5441527446300716
Briar,Leona,462,242,0.5238095238095238
Briar,Zoe,299,176,0.5886287625418061
Briar,Mordekaiser,632,350,0.5537974683544303
Briar,TwistedFate,306,185,0.6045751633986928
Rammus,Xerath,183,85,0.4644808743169399
Rammus,Swain,218,95,0.43577981651376146
Rammus,Zoe,142,79,0.5563380281690141
Mordekaiser,Rammus,268,154,0.5746268656716418
Rammus,TwistedFate,174,91,0.5229885057471264
Garen,Qiyana,271,148,0.5461254612546126
Garen,Ziggs,423,232,0.5484633569739953
Darius,Nasus,463,243,0.5248380129589633
Nasus,Shaco,397,203,0.5113350125944585
Nasus,Qiyana,174,95,0.5459770114942529
Nasus,Ziggs,319,167,0.5235109717868338
Darius,Zoe,375,180,0.48
Shaco,Zoe,312,166,0.532051282051282
Qiyana,Zoe,169,82,0.48520710059171596
Caitlyn,Shaco,1032,524,0.5077519379844961
Darius,Sona,411,202,0.49148418491484186
Shaco,Sona,341,161,0.47214076246334313
Qiyana,Sona,173,74,0.4277456647398844
Sona,Ziggs,271,140,0.5166051660516605
Jax,Jayce,241,125,0.5186721991701245
Gragas,Jax,354,171,0.4830508474576271
Jax,Leona,631,332,0.526148969889065
Jayce,LeeSin,243,133,0.5473251028806584
Gragas,LeeSin,210,100,0.47619047619047616
LeeSin,Yasuo,583,251,0.4305317324185249
Draven,LeeSin,303,150,0.49504950495049505
LeeSin,Leona,409,196,0.4792176039119804
Jayce,Vex,135,64,0.4740740740740741
Gragas,Vex,144,58,0.4027777777777778
Leona,Vex,269,126,0.4684014869888476
JarvanIV,Jayce,208,110,0.5288461538461539
JarvanIV,Yasuo,527,240,0.45540796963946867
JarvanIV,Leona,405,207,0.5111111111111111
Jayce,Ornn,200,94,0.47
Gragas,Ornn,184,93,0.5054347826086957
Ornn,Yasuo,469,206,0.43923240938166314
Draven,Ornn,212,117,0.5518867924528302
Pantheon,Vayne,766,360,0.4699738903394256
FiddleSticks,Pantheon,380,188,0.49473684210526314
Jinx,Pantheon,1243,633,0.5092518101367659
FiddleSticks,Viego,322,156,0.484472049689441
Bard,Viego,350,148,0.4228571428571429
Akali,Vayne,577,270,0.4679376083188908
Akali,FiddleSticks,304,140,0.4605263157894737
Akali,Sylas,748,360,0.48128342245989303
Akali,Bard,316,158,0.5
Caitlyn,Vayne,1349,709,0.5255744996293551
FiddleSticks,Yuumi,241,136,0.5643153526970954
Sylas,Yuumi,409,228,0.5574572127139364
Bard,Yuumi,261,152,0.5823754789272031
Rumble,Urgot,114,56,0.49122807017543857
Rumble,Viego,147,77,0.5238095238095238
Katarina,Rumble,148,72,0.4864864864864865
Rumble,Twitch,189,106,0.5608465608465608
Rumble,Soraka,156,75,0.4807692307692308
Shen,Urgot,262,125,0.4770992366412214
Katarina,Shen,279,131,0.46953405017921146
Shen,Twitch,416,218,0.5240384615384616
Orianna,Urgot,190,77,0.4052631578947368
Orianna,Viego,348,169,0.48563218390804597
Katarina,Orianna,242,129,0.5330578512396694
Orianna,Twitch,274,130,0.4744525547445255
Orianna,Soraka,267,116,0.4344569288389513
Jinx,Urgot,580,293,0.5051724137931034
Jinx,Katarina,737,367,0.49796472184531887
Braum,Urgot,170,79,0.4647058823529412
Braum,Viego,299,156,0.5217391304347826
Braum,Katarina,214,111,0.5186915887850467
Braum,Twitch,307,168,0.5472312703583062
Braum,Soraka,232,116,0.5
Irelia,Jax,472,213,0.451271186440678
Irelia,JarvanIV,279,137,0.4910394265232975
Irelia,Thresh,461,226,0.49023861171366595
FiddleSticks,Jax,347,177,0.5100864553314121
FiddleSticks,JarvanIV,237,121,0.510548523206751
Annie,Jax,283,146,0.5159010600706714
Annie,JarvanIV,163,77,0.4723926380368098
Annie,Lux,540,275,0.5092592592592593
Annie,Caitlyn,523,262,0.5009560229445507
Jax,Varus,501,288,0.5748502994011976
Thresh,Varus,557,303,0.5439856373429084
Jax,Karma,483,250,0.5175983436853002
JarvanIV,Karma,310,169,0.5451612903225806
Caitlyn,Karma,892,417,0.4674887892376682
Karma,Thresh,525,271,0.5161904761904762
MasterYi,Ornn,346,187,0.5404624277456648
Naafiri,Ornn,213,108,0.5070422535211268
Ornn,Rumble,128,56,0.4375
Ornn,Smolder,455,211,0.46373626373626375
Ornn,Seraphine,349,174,0.498567335243553
JarvanIV,MasterYi,382,192,0.5026178010471204
JarvanIV,Naafiri,232,131,0.5646551724137931
JarvanIV,Rumble,128,71,0.5546875
JarvanIV,Smolder,574,287,0.5
JarvanIV,Seraphine,382,193,0.5052356020942408
Akali,Naafiri,313,158,0.5047923322683706
Ashe,MasterYi,1161,557,0.4797588285960379
Ashe,Naafiri,571,285,0.4991243432574431
Ashe,Rumble,324,163,0.5030864197530864
Ashe,Smolder,1387,699,0.5039653929343908
Karma,MasterYi,379,162,0.42744063324538256
Karma,Naafiri,231,122,0.5281385281385281
Karma,Smolder,555,278,0.5009009009009009
Karma,Seraphine,457,236,0.5164113785557987
Sejuani,Teemo,284,128,0.4507042253521127
Sylas,Teemo,845,385,0.4556213017751479
Pyke,Teemo,706,323,0.45750708215297453
Illaoi,MasterYi,308,165,0.5357142857142857
MasterYi,Sejuani,203,102,0.5024630541871922
MasterYi,Sylas,665,347,0.5218045112781955
MasterYi,Pyke,598,306,0.5117056856187291
Qiyana,Sejuani,89,43,0.48314606741573035
Qiyana,Sylas,342,154,0.4502923976608187
Ashe,Qiyana,450,258,0.5733333333333334
Pyke,Qiyana,247,124,0.5020242914979757
Illaoi,Tristana,310,159,0.5129032258064516
Sejuani,Tristana,209,99,0.47368421052631576
Sylas,Tristana,671,312,0.46497764530551416
Pyke,Tristana,525,242,0.46095238095238095
Illaoi,Nidalee,149,82,0.5503355704697986
Nidalee,Sejuani,124,48,0.3870967741935484
Nidalee,Sylas,311,151,0.4855305466237942
Ashe,Nidalee,492,271,0.5508130081300813
Nidalee,Pyke,252,116,0.4603174603174603
Malphite,Warwick,813,403,0.4956949569495695
Malphite,Malzahar,715,343,0.4797202797202797
Trundle,Zeri,182,98,0.5384615384615384
Trundle,Warwick,524,263,0.5019083969465649
Malzahar,Trundle,377,188,0.4986737400530504
Shaco,Trundle,383,202,0.5274151436031331
Lux,Zeri,467,252,0.5396145610278372
Lux,Warwick,1461,701,0.4798083504449008
Lux,Malzahar,1224,590,0.4820261437908497
Tristana,Zeri,268,146,0.5447761194029851
Shaco,Tristana,532,270,0.5075187969924813
Braum,Zeri,138,79,0.572463768115942
Braum,Malzahar,298,129,0.43288590604026844
Braum,Jinx,527,248,0.47058823529411764
Braum,Shaco,282,141,0.5
Galio,MissFortune,885,456,0.5152542372881356
Galio,Lulu,348,186,0.5344827586206896
Aatrox,Galio,429,195,0.45454545454545453
Galio,Yasuo,652,346,0.5306748466257669
Ezreal,Orianna,424,198,0.4669811320754717
Jayce,Orianna,199,99,0.49748743718592964
Jayce,MissFortune,511,245,0.4794520547945205
Aatrox,Jayce,244,145,0.5942622950819673
Jhin,Orianna,625,310,0.496
Jhin,Lulu,734,377,0.5136239782016349
Aatrox,Jhin,918,455,0.49564270152505446
Nami,Orianna,410,226,0.551219512195122
Lulu,Nami,578,241,0.41695501730103807
Heimerdinger,Malphite,405,207,0.5111111111111111
Malphite,Mordekaiser,909,418,0.4598459845984598
Malphite,Yone,864,429,0.4965277777777778
Ashe,Malphite,1281,609,0.47540983606557374
Heimerdinger,Nocturne,208,115,0.5528846153846154
Mordekaiser,Nocturne,442,232,0.5248868778280543
Nocturne,Yone,438,221,0.5045662100456622
Ashe,Nocturne,671,344,0.5126676602086438
Nautilus,Nocturne,423,202,0.47754137115839246
Heimerdinger,Senna,334,184,0.5508982035928144
Mordekaiser,Senna,653,336,0.5145482388973966
Senna,Yone,649,325,0.5007704160246533
Nautilus,Senna,650,299,0.46
Hwei,Yone,509,252,0.4950884086444008
Ashe,Hwei,716,387,0.5405027932960894
Hwei,Nautilus,481,243,0.5051975051975052
Heimerdinger,Seraphine,355,190,0.5352112676056338
Seraphine,Yone,720,347,0.48194444444444445
Nautilus,Seraphine,663,341,0.5143288084464555
Brand,Chogath,718,361,0.5027855153203342
Brand,Leblanc,344,198,0.5755813953488372
Brand,Syndra,398,224,0.5628140703517588
Leblanc,Vayne,393,189,0.48091603053435117
Syndra,Vayne,450,236,0.5244444444444445
Samira,Vayne,519,266,0.51252408477842
Chogath,Orianna,391,210,0.5370843989769821
Garen,Orianna,371,182,0.49056603773584906
Leblanc,Orianna,227,109,0.4801762114537445
Orianna,Samira,248,128,0.5161290322580645
Chogath,MonkeyKing,318,164,0.5157232704402516
Garen,MonkeyKing,326,168,0.5153374233128835
Leblanc,MonkeyKing,225,100,0.4444444444444444
MonkeyKing,Syndra,226,119,0.5265486725663717
Garen,Varus,568,308,0.5422535211267606
Leblanc,Varus,259,119,0.4594594594594595
Samira,Varus,311,166,0.5337620578778135
Garen,Renekton,405,227,0.5604938271604938
Garen,Ivern,230,123,0.5347826086956522
Garen,Jhin,1322,660,0.49924357034795763
Garen,Lux,1527,791,0.5180091683038638
Renekton,Riven,261,134,0.5134099616858238
Ivern,Riven,126,72,0.5714285714285714
Annie,Riven,170,96,0.5647058823529412
Lux,Riven,684,362,0.5292397660818714
Renekton,Velkoz,244,124,0.5081967213114754
Ivern,Velkoz,174,77,0.4425287356321839
Annie,Velkoz,233,107,0.4592274678111588
Jhin,Velkoz,866,419,0.4838337182448037
Lux,Velkoz,997,488,0.48946840521564694
Ezreal,Ivern,230,126,0.5478260869565217
Annie,Ezreal,323,171,0.5294117647058824
Ezreal,Lux,1354,627,0.4630723781388479
Pantheon,Renekton,436,201,0.4610091743119266
Ivern,Pantheon,230,123,0.5347826086956522
Annie,Pantheon,319,167,0.5235109717868338
Jhin,Pantheon,1224,611,0.4991830065359477
Jhin,Ornn,605,322,0.5322314049586777
Kayn,Nocturne,479,234,0.48851774530271397
Jhin,Kayn,1193,607,0.5088013411567477
Kayn,Seraphine,673,341,0.5066864784546805
Orianna,Sett,356,168,0.47191011235955055
Nocturne,Orianna,207,97,0.46859903381642515
Orianna,Yasuo,429,207,0.4825174825174825
Orianna,Seraphine,326,158,0.48466257668711654
Morgana,Nocturne,596,282,0.47315436241610737
Jhin,Morgana,1536,761,0.4954427083333333
Morgana,Seraphine,1023,525,0.5131964809384164
KSante,Senna,187,78,0.41711229946524064
Senna,Udyr,312,150,0.4807692307692308
Malzahar,Senna,612,304,0.49673202614379086
Lucian,Senna,549,281,0.51183970856102
KSante,Viego,208,87,0.4182692307692308
Udyr,Viego,327,167,0.5107033639143731
Ahri,Udyr,358,177,0.49441340782122906
Seraphine,Udyr,273,134,0.4908424908424908
Malzahar,Seraphine,624,320,0.5128205128205128
Seraphine,TahmKench,442,224,0.5067873303167421
KSante,Thresh,247,113,0.4574898785425101
Thresh,Udyr,314,156,0.4968152866242038
Malzahar,Thresh,695,371,0.5338129496402878
TahmKench,Thresh,471,217,0.4607218683651805
Darius,Urgot,397,178,0.44836272040302266
Darius,Shaco,581,289,0.4974182444061962
Darius,Taliyah,180,93,0.5166666666666667
Darius,Nami,718,331,0.4610027855153203
Lillia,Urgot,243,116,0.4773662551440329
Lillia,Shaco,345,178,0.5159420289855072
Lillia,Taliyah,133,68,0.5112781954887218
Lillia,Lucian,347,194,0.5590778097982709
Urgot,Zed,314,167,0.5318471337579618
Shaco,Zed,535,290,0.5420560747663551
Lucian,Zed,529,267,0.504725897920605
Nami,Zed,576,318,0.5520833333333334
MissFortune,Urgot,638,315,0.493730407523511
MissFortune,Shaco,1115,610,0.547085201793722
MissFortune,Taliyah,377,201,0.53315649867374
Lucian,MissFortune,1083,467,0.4312096029547553
Nautilus,Urgot,372,169,0.4543010752688172
Nautilus,Taliyah,227,102,0.44933920704845814
Nami,Nautilus,745,376,0.5046979865771812
Garen,Yone,842,449,0.5332541567695962
Hecarim,Yone,335,149,0.44477611940298506
Milio,Yone,529,268,0.5066162570888468
Galio,Garen,580,281,0.4844827586206897
Galio,Hecarim,216,122,0.5648148148148148
Galio,Hwei,307,152,0.495114006514658
Galio,Milio,382,180,0.4712041884816754
Milio,Nautilus,548,284,0.5182481751824818
Aphelios,Blitzcrank,331,172,0.5196374622356495
Blitzcrank,Yuumi,339,178,0.5250737463126843
Aurora,Blitzcrank,296,151,0.5101351351351351
Galio,Nasus,352,167,0.4744318181818182
Aphelios,Galio,295,153,0.5186440677966102
Galio,Yuumi,321,175,0.5451713395638629
Aurora,Galio,297,128,0.43097643097643096
Galio,Twitch,443,230,0.5191873589164786
Aphelios,Ezreal,434,236,0.543778801843318
Ezreal,Yuumi,407,196,0.48157248157248156
Ezreal,Twitch,610,297,0.48688524590163934
Malphite,Nasus,532,280,0.5263157894736842
Aphelios,Malphite,469,200,0.42643923240938164
Malphite,Yuumi,493,274,0.5557809330628803
Aurora,Malphite,368,190,0.5163043478260869
Malphite,Twitch,615,330,0.5365853658536586
Nasus,Nunu,293,140,0.4778156996587031
Aphelios,Nunu,238,109,0.4579831932773109
Nunu,Yuumi,254,133,0.5236220472440944
Aurora,Nunu,236,114,0.4830508474576271
Nunu,Twitch,338,167,0.4940828402366864
MasterYi,Viktor,364,198,0.5439560439560439
MasterYi,Nautilus,718,370,0.5153203342618384
Fiora,MasterYi,284,139,0.4894366197183099
MasterYi,Shen,463,224,0.4838012958963283
Alistar,MasterYi,340,161,0.47352941176470587
Kayle,MasterYi,544,272,0.5
Braum,Viktor,199,86,0.4321608040201005
Braum,Pantheon,347,168,0.484149855907781
Braum,Fiora,149,82,0.5503355704697986
Braum,Shen,208,96,0.46153846153846156
Alistar,Braum,217,105,0.4838709677419355
Braum,Kayle,282,130,0.46099290780141844
Braum,Poppy,189,87,0.4603174603174603
Viktor,Yunara,307,156,0.50814332247557
Pantheon,Yunara,621,328,0.5281803542673108
Nautilus,Yunara,579,282,0.48704663212435234
Alistar,Yunara,293,144,0.49146757679180886
Kayle,Yunara,449,233,0.5189309576837416
Poppy,Yunara,304,159,0.5230263157894737
Morgana,Viktor,505,258,0.5108910891089109
Fiora,Morgana,397,193,0.48614609571788414
Morgana,Shen,617,322,0.5218800648298217
Alistar,Morgana,396,173,0.43686868686868685
Kayle,Morgana,763,377,0.4941022280471822
Morgana,Poppy,437,220,0.5034324942791762
Chogath,Viktor,391,195,0.49872122762148335
Chogath,Fiora,291,152,0.5223367697594502
Chogath,Shen,459,241,0.5250544662309368
Alistar,Chogath,365,166,0.4547945205479452
Chogath,Kayle,549,283,0.5154826958105647
Kaisa,Viktor,546,256,0.46886446886446886
Kaisa,Pantheon,990,483,0.48787878787878786
Fiora,Kaisa,378,197,0.5211640211640212
Kaisa,Shen,623,300,0.48154093097913325
Alistar,Kaisa,433,203,0.46882217090069284
Kaisa,Poppy,538,272,0.5055762081784386
Viktor,Yone,422,207,0.490521327014218
Nautilus,Yone,714,335,0.469187675070028
Fiora,Yone,297,145,0.4882154882154882
Shen,Yone,541,282,0.5212569316081331
Alistar,Yone,344,168,0.4883720930232558
Poppy,Yone,384,187,0.4869791666666667
Gnar,Pantheon,291,143,0.49140893470790376
Pantheon,Talon,343,188,0.5481049562682215
Pantheon,Vex,367,181,0.49318801089918257
Gnar,Trundle,136,66,0.4852941176470588
Talon,Trundle,192,92,0.4791666666666667
Trundle,Vex,211,108,0.5118483412322274
Lux,Trundle,866,411,0.4745958429561201
Malphite,Talon,361,196,0.5429362880886427
Lux,Malphite,1520,748,0.4921052631578947
Gnar,Kaisa,292,154,0.5273972602739726
Kaisa,Vex,486,239,0.49176954732510286
Kaisa,Lux,1724,849,0.49245939675174016
Karma,Talon,243,129,0.5308641975308642
Jinx,Karma,734,398,0.5422343324250681
Nasus,Teemo,610,303,0.4967213114754098
Nasus,Warwick,513,243,0.47368421052631576
Draven,Nasus,222,103,0.46396396396396394
Kled,Teemo,169,77,0.4556213017751479
Briar,Kled,136,70,0.5147058823529411
Kled,Warwick,185,85,0.4594594594594595
Draven,Kled,114,52,0.45614035087719296
Kled,Nautilus,169,78,0.46153846153846156
Jinx,Warwick,1284,627,0.4883177570093458
Draven,Jinx,644,307,0.4767080745341615
Jinx,Nautilus,1150,595,0.5173913043478261
Briar,Morgana,826,387,0.4685230024213075
Mordekaiser,Rengar,340,181,0.5323529411764706
Mordekaiser,Taric,237,120,0.5063291139240507
Amumu,Viego,571,309,0.5411558669001751
Amumu,Rengar,269,159,0.5910780669144982
Amumu,Galio,443,227,0.5124153498871332
Amumu,Kalista,183,102,0.5573770491803278
AurelionSol,Viego,336,182,0.5416666666666666
AurelionSol,Galio,272,128,0.47058823529411764
AurelionSol,Kalista,84,44,0.5238095238095238
AurelionSol,Taric,146,88,0.6027397260273972
Jinx,Rengar,529,281,0.5311909262759924
Galio,Jinx,819,391,0.47741147741147744
Jinx,Kalista,253,139,0.549407114624506
Lux,Rengar,586,321,0.5477815699658704
Galio,Lux,953,472,0.49527806925498424
Kalista,Lux,289,125,0.43252595155709345
Ezreal,Hwei,508,227,0.4468503937007874
Brand,Ezreal,693,382,0.5512265512265512
Ezreal,Veigar,769,357,0.46423927178153446
Brand,Yorick,371,181,0.48787061994609165
Veigar,Yorick,478,229,0.4790794979079498
Hwei,Jhin,783,393,0.5019157088122606
Aphelios,Jhin,734,379,0.5163487738419619
Chogath,Jhin,1115,554,0.4968609865470852
Hwei,Jinx,705,356,0.5049645390070922
Aphelios,Jinx,715,339,0.47412587412587415
Hwei,Lux,961,485,0.5046826222684704
Aphelios,Lux,781,380,0.48655569782330343
Karthus,Sivir,221,103,0.4660633484162896
Karthus,Khazix,155,87,0.5612903225806452
Hecarim,Karthus,127,66,0.5196850393700787
Karthus,Mel,359,196,0.5459610027855153
Karthus,Zed,266,138,0.518796992481203
Kaisa,Khazix,537,245,0.45623836126629425
Hecarim,Kaisa,376,179,0.47606382978723405
Sivir,TahmKench,292,151,0.5171232876712328
Khazix,TahmKench,245,135,0.5510204081632653
Mel,TahmKench,604,295,0.48841059602649006
TahmKench,Zed,379,206,0.5435356200527705
Sivir,Teemo,577,257,0.44540727902946275
Galio,Sivir,359,187,0.520891364902507
Galio,Khazix,302,183,0.6059602649006622
Galio,Zed,440,226,0.5136363636363637
Braum,Sona,211,102,0.4834123222748815
Braum,Kalista,80,30,0.375
Braum,Garen,340,143,0.42058823529411765
Braum,Karma,235,120,0.5106382978723404
Briar,Sona,338,182,0.5384615384615384
Briar,Kalista,147,72,0.4897959183673469
Briar,Garen,631,332,0.526148969889065
Briar,Karma,329,166,0.5045592705167173
MissFortune,Sona,729,385,0.5281207133058985
Jinx,MissFortune,2497,1226,0.49098918702442934
Kalista,MissFortune,309,153,0.49514563106796117
Karma,MissFortune,798,428,0.5363408521303258
Malzahar,Sona,407,206,0.5061425061425061
Jinx,Malzahar,1084,540,0.4981549815498155
Quinn,Renekton,156,82,0.5256410256410257
Quinn,Rengar,134,77,0.5746268656716418
Quinn,Ryze,149,65,0.436241610738255
Quinn,Tristana,296,136,0.4594594594594595
Pyke,Quinn,235,105,0.44680851063829785
MasterYi,Renekton,386,194,0.5025906735751295
MasterYi,Rengar,310,176,0.567741935483871
MasterYi,Ryze,309,165,0.5339805825242718
MasterYi,Tristana,628,300,0.47770700636942676
Lissandra,Renekton,117,62,0.5299145299145299
Lissandra,Rengar,118,57,0.4830508474576271
Lissandra,Ryze,130,65,0.5
Lissandra,Tristana,235,118,0.502127659574468
Lissandra,Pyke,228,134,0.5877192982456141
Renekton,Sivir,282,130,0.46099290780141844
Ryze,Sivir,230,108,0.46956521739130436
Sivir,Tristana,452,228,0.504424778761062
Nunu,Renekton,193,98,0.5077720207253886
Nunu,Rengar,187,112,0.5989304812834224
Nunu,Ryze,194,94,0.4845360824742268
Nunu,Tristana,374,169,0.45187165775401067
Nunu,Pyke,328,170,0.5182926829268293
Kassadin,Velkoz,146,74,0.5068493150684932
Braum,Kassadin,103,48,0.46601941747572817
Karthus,Kassadin,85,44,0.5176470588235295
Kassadin,Sett,215,102,0.4744186046511628
Kassadin,Kindred,123,52,0.42276422764227645
Thresh,Velkoz,547,239,0.4369287020109689
Braum,Thresh,430,225,0.5232558139534884
Karthus,Thresh,283,166,0.5865724381625441
Kindred,Thresh,338,155,0.45857988165680474
Darius,Velkoz,493,224,0.4543610547667343
Braum,Darius,357,166,0.4649859943977591
Darius,Karthus,262,137,0.5229007633587787
Darius,Kindred,317,161,0.5078864353312302
Lucian,Velkoz,411,189,0.45985401459854014
Braum,Lucian,298,150,0.5033557046979866
Kindred,Lucian,259,134,0.5173745173745173
Caitlyn,Velkoz,938,429,0.4573560767590618
Braum,Caitlyn,586,293,0.5
Caitlyn,Karthus,427,223,0.522248243559719
Caitlyn,Kindred,578,310,0.5363321799307958
Mordekaiser,Teemo,919,450,0.4896626768226333
Orianna,Teemo,416,205,0.49278846153846156
Sylas,Zed,635,321,0.5055118110236221
Orianna,Sylas,409,201,0.49144254278728605
Mordekaiser,Qiyana,300,184,0.6133333333333333
Qiyana,Zed,273,132,0.4835164835164835
Orianna,Qiyana,171,93,0.543859649122807
Qiyana,Tristana,232,94,0.4051724137931034
Qiyana,Seraphine,265,137,0.5169811320754717
Kaisa,Orianna,525,262,0.4990476190476191
Kaisa,Seraphine,799,411,0.5143929912390488
Mordekaiser,Zilean,285,161,0.5649122807017544
Zed,Zilean,237,102,0.43037974683544306
Orianna,Zilean,183,91,0.4972677595628415
Jayce,Zaahen,406,190,0.46798029556650245
Darius,Zaahen,896,444,0.4955357142857143
Xayah,Zaahen,406,191,0.47044334975369456
Braum,Zaahen,322,133,0.41304347826086957
Ivern,Jayce,90,35,0.3888888888888889
Ivern,XinZhao,139,53,0.381294964028777
Darius,Ivern,197,94,0.47715736040609136
Ivern,Xayah,115,51,0.4434782608695652
Braum,Ivern,98,45,0.45918367346938777
Jayce,Xerath,215,105,0.4883720930232558
Braum,Xerath,249,127,0.5100401606425703
Jayce,Kalista,95,53,0.5578947368421052
Kalista,XinZhao,122,69,0.5655737704918032
Darius,Kalista,181,87,0.48066298342541436
Kalista,Xayah,131,56,0.42748091603053434
Jayce,Leona,249,117,0.46987951807228917
Leona,Xayah,374,190,0.5080213903743316
Braum,Leona,321,139,0.43302180685358255
Aatrox,Illaoi,265,111,0.4188679245283019
Aatrox,Akali,441,215,0.4875283446712018
Aatrox,Soraka,389,187,0.480719794344473
Illaoi,Pantheon,381,193,0.5065616797900262
LeeSin,Pantheon,537,255,0.4748603351955307
Aphelios,Pantheon,453,208,0.45916114790286977
Pantheon,Soraka,515,281,0.545631067961165
Illaoi,Kennen,129,71,0.5503875968992248
Kennen,LeeSin,164,85,0.5182926829268293
Akali,Kennen,188,85,0.4521276595744681
Aphelios,Kennen,149,78,0.5234899328859061
Kennen,Soraka,157,77,0.49044585987261147
Illaoi,Jhin,575,291,0.5060869565217392
Akali,Jhin,999,485,0.4854854854854855
Brand,Illaoi,345,194,0.5623188405797102
Brand,LeeSin,415,235,0.5662650602409639
Akali,Brand,516,235,0.45542635658914726
Brand,Soraka,527,263,0.4990512333965844
Jax,Yone,778,400,0.5141388174807198
Jax,Lux,1313,665,0.5064737242955065
Jax,Tristana,658,328,0.49848024316109424
Alistar,Jax,369,179,0.48509485094850946
Briar,Lux,1124,579,0.5151245551601423
Alistar,Briar,294,130,0.4421768707482993
Naafiri,Yone,393,202,0.5139949109414759
Lux,Naafiri,729,364,0.4993141289437586
Naafiri,Tristana,363,183,0.5041322314049587
Alistar,Naafiri,176,83,0.4715909090909091
Varus,Yone,523,238,0.45506692160611856
Varus,Warwick,489,215,0.4396728016359918
Tristana,Varus,488,272,0.5573770491803278
Alistar,Varus,228,129,0.5657894736842105
Thresh,Yone,781,375,0.4801536491677337
Thresh,Warwick,696,327,0.4698275862068966
Thresh,Tristana,689,349,0.5065312046444121
Alistar,Thresh,424,209,0.49292452830188677
Gragas,Yorick,181,74,0.4088397790055249
Katarina,Yorick,256,116,0.453125
Yorick,Yunara,294,162,0.5510204081632653
Mel,Yorick,626,295,0.4712460063897764
Gragas,Ivern,105,46,0.4380952380952381
Ivern,Nocturne,113,55,0.48672566371681414
Ivern,Katarina,146,67,0.4589041095890411
Ivern,Yunara,182,96,0.5274725274725275
Ivern,Mel,300,132,0.44
Gragas,Syndra,196,89,0.45408163265306123
Nocturne,Syndra,259,122,0.47104247104247104
Katarina,Syndra,287,153,0.5331010452961672
Syndra,Yunara,359,197,0.5487465181058496
Mel,Syndra,620,303,0.48870967741935484
Gragas,MissFortune,485,206,0.4247422680412371
MissFortune,Yunara,962,492,0.5114345114345115
Mel,MissFortune,2033,1017,0.500245941957698
Gragas,Lulu,212,101,0.47641509433962265
Lulu,Nocturne,263,124,0.4714828897338403
Lulu,Yunara,351,175,0.4985754985754986
Lulu,Mel,644,318,0.4937888198757764
Kled,Tryndamere,112,57,0.5089285714285714
MasterYi,Tryndamere,391,172,0.4398976982097187
Neeko,Tryndamere,269,140,0.5204460966542751
Tristana,Tryndamere,379,195,0.5145118733509235
Sona,Tryndamere,244,121,0.4959016393442623
Neeko,Trundle,267,127,0.4756554307116105
Tristana,Trundle,365,188,0.5150684931506849
Sona,Trundle,243,124,0.5102880658436214
Kled,Vex,87,36,0.41379310344827586
Neeko,Vex,247,123,0.4979757085020243
Tristana,Vex,325,152,0.4676923076923077
Sona,Vex,236,127,0.538135593220339
Kled,MissFortune,279,151,0.5412186379928315
MissFortune,Tristana,1333,680,0.5101275318829708
Kled,Rakan,72,37,0.5138888888888888
MasterYi,Rakan,243,124,0.5102880658436214
Neeko,Rakan,195,100,0.5128205128205128
Rakan,Tristana,248,116,0.46774193548387094
Rakan,Sona,137,56,0.40875912408759124
Seraphine,Varus,476,234,0.49159663865546216
Poppy,Seraphine,298,155,0.5201342281879194
Seraphine,TwistedFate,364,179,0.49175824175824173
Nautilus,Varus,506,258,0.5098814229249012
Nautilus,Renekton,398,209,0.5251256281407035
Varus,Veigar,550,260,0.4727272727272727
Poppy,Veigar,338,180,0.5325443786982249
TwistedFate,Veigar,471,232,0.49256900212314225
Katarina,Varus,323,181,0.5603715170278638
Katarina,Renekton,256,114,0.4453125
Katarina,Malzahar,442,203,0.4592760180995475
Katarina,Poppy,220,108,0.4909090909090909
Katarina,TwistedFate,280,150,0.5357142857142857
Renekton,Yunara,314,155,0.49363057324840764
TwistedFate,Yunara,327,156,0.47706422018348627
JarvanIV,Olaf,142,68,0.4788732394366197
JarvanIV,Kayle,327,150,0.45871559633027525
JarvanIV,Kaisa,583,299,0.5128644939965694
Nilah,Olaf,83,44,0.5301204819277109
Nilah,Rumble,77,42,0.5454545454545454
Kayle,Nilah,174,93,0.5344827586206896
Leona,Nilah,196,95,0.4846938775510204
Jayce,Olaf,108,55,0.5092592592592593
Jayce,Rumble,105,54,0.5142857142857142
Karma,Olaf,181,81,0.44751381215469616
Karma,Kayle,406,200,0.49261083743842365
Lulu,Olaf,135,53,0.3925925925925926
Lulu,Rumble,136,65,0.47794117647058826
Kaisa,Lulu,628,329,0.5238853503184714
Jax,Renekton,394,202,0.5126903553299492
Brand,Jax,685,360,0.5255474452554745
Renekton,Sejuani,143,73,0.5104895104895105
Lillia,Sejuani,154,73,0.474025974025974
Sejuani,Viktor,130,63,0.4846153846153846
Brand,Sejuani,249,136,0.5461847389558233
Anivia,Renekton,160,84,0.525
Anivia,Viktor,207,88,0.4251207729468599
Anivia,Tristana,307,158,0.5146579804560261
Anivia,Brand,347,164,0.47262247838616717
Lillia,Yunara,326,156,0.4785276073619632
Tristana,Yunara,499,247,0.49498997995991983
Poppy,Renekton,194,98,0.5051546391752577
Lillia,Poppy,254,133,0.5236220472440944
Poppy,Viktor,189,97,0.5132275132275133
Poppy,Tristana,397,200,0.5037783375314862
Diana,Shyvana,188,94,0.5
Shyvana,Vladimir,148,73,0.49324324324324326
Annie,Shyvana,112,62,0.5535714285714286
Shyvana,Viktor,134,71,0.5298507462686567
Shyvana,Velkoz,188,83,0.44148936170212766
Diana,FiddleSticks,341,171,0.501466275659824
FiddleSticks,Vladimir,207,116,0.5603864734299517
Annie,FiddleSticks,188,83,0.44148936170212766
FiddleSticks,Viktor,212,108,0.5094339622641509
Diana,MasterYi,704,344,0.48863636363636365
MasterYi,Vladimir,437,208,0.4759725400457666
Annie,MasterYi,330,161,0.48787878787878786
MasterYi,Velkoz,482,235,0.487551867219917
Diana,Naafiri,363,186,0.512396694214876
Naafiri,Vladimir,206,111,0.5388349514563107
Annie,Naafiri,172,97,0.563953488372093
Naafiri,Viktor,194,98,0.5051546391752577
Naafiri,Velkoz,247,110,0.44534412955465585
Diana,Gragas,279,161,0.5770609318996416
Gragas,Vladimir,195,100,0.5128205128205128
Annie,Gragas,142,75,0.528169014084507
Gragas,Viktor,172,81,0.47093023255813954
Gragas,Velkoz,227,103,0.45374449339207046
Ryze,Urgot,169,79,0.46745562130177515
Illaoi,Ryze,172,91,0.5290697674418605
Heimerdinger,Ryze,172,87,0.5058139534883721
AurelionSol,Ryze,180,96,0.5333333333333333
Ryze,Samira,193,102,0.5284974093264249
Ryze,Seraphine,289,128,0.4429065743944637
Ryze,Zed,279,145,0.5197132616487455
Ryze,Yasuo,415,197,0.4746987951807229
Aurora,Urgot,205,97,0.47317073170731705
Aurora,Heimerdinger,206,99,0.48058252427184467
AurelionSol,Aurora,231,117,0.5064935064935064
Aurora,Samira,222,109,0.49099099099099097
Aurora,Seraphine,335,181,0.5402985074626866
Aurora,Zed,291,165,0.5670103092783505
Aurora,Yasuo,453,231,0.5099337748344371
Belveth,Urgot,130,57,0.43846153846153846
Belveth,Illaoi,120,55,0.4583333333333333
Belveth,Heimerdinger,115,54,0.46956521739130436
AurelionSol,Belveth,133,62,0.46616541353383456
Belveth,Samira,138,66,0.4782608695652174
Belveth,Seraphine,194,97,0.5
Belveth,Zed,202,87,0.4306930693069307
Belveth,Yasuo,289,147,0.5086505190311419
Illaoi,Nautilus,379,188,0.49604221635883905
Heimerdinger,Nautilus,366,200,0.546448087431694
Nautilus,Samira,426,225,0.528169014084507
Shaco,Urgot,328,147,0.4481707317073171
Illaoi,Shaco,299,160,0.5351170568561873
Heimerdinger,Shaco,320,174,0.54375
Samira,Shaco,353,187,0.5297450424929179
Seraphine,Shaco,523,265,0.5066921606118547
Thresh,Urgot,420,192,0.45714285714285713
Illaoi,Thresh,346,199,0.5751445086705202
AurelionSol,Thresh,392,215,0.548469387755102
Samira,Thresh,441,218,0.4943310657596372
Seraphine,Thresh,661,329,0.4977307110438729
Thresh,Zed,625,328,0.5248
TwistedFate,Urgot,230,105,0.45652173913043476
Illaoi,TwistedFate,187,114,0.6096256684491979
Heimerdinger,TwistedFate,236,134,0.5677966101694916
AurelionSol,TwistedFate,269,144,0.5353159851301115
Samira,TwistedFate,222,122,0.5495495495495496
TwistedFate,Zed,349,169,0.48424068767908307
TwistedFate,Yasuo,459,196,0.42701525054466233
Brand,Urgot,361,193,0.5346260387811634
Brand,Heimerdinger,409,202,0.4938875305623472
AurelionSol,Brand,408,191,0.4681372549019608
Brand,Seraphine,622,330,0.5305466237942122
Brand,Yasuo,758,390,0.5145118733509235
Karthus,Pyke,244,137,0.5614754098360656
Karthus,Nunu,155,83,0.535483870967742
Karthus,Velkoz,238,125,0.5252100840336135
Karthus,Kayle,248,118,0.47580645161290325
Karthus,Smolder,298,156,0.5234899328859061
FiddleSticks,Sylas,413,210,0.5084745762711864
Nunu,Sylas,441,221,0.5011337868480725
Sylas,Velkoz,511,244,0.4774951076320939
Kayle,Sylas,547,269,0.49177330895795246
Briar,MasterYi,660,341,0.5166666666666667
MasterYi,TwistedFate,374,169,0.45187165775401067
FiddleSticks,MasterYi,332,155,0.46686746987951805
MasterYi,Nunu,389,204,0.5244215938303342
MasterYi,Smolder,809,422,0.5216316440049443
Briar,Tryndamere,350,185,0.5285714285714286
Tryndamere,TwistedFate,211,115,0.5450236966824644
FiddleSticks,Tryndamere,200,98,0.49
Pyke,Tryndamere,332,146,0.4397590361445783
Tryndamere,Velkoz,276,134,0.4855072463768116
Kayle,Tryndamere,306,133,0.434640522875817
Smolder,Tryndamere,455,219,0.48131868131868133
Briar,Camille,180,107,0.5944444444444444
Camille,FiddleSticks,111,50,0.45045045045045046
Camille,Pyke,180,88,0.4888888888888889
Camille,Nunu,146,70,0.4794520547945205
Camille,Velkoz,146,73,0.5
Briar,Shen,380,188,0.49473684210526314
FiddleSticks,Shen,261,134,0.5134099616858238
Pyke,Shen,441,214,0.4852607709750567
Nunu,Shen,289,133,0.4602076124567474
Shen,Velkoz,347,164,0.47262247838616717
Kayle,Shen,358,175,0.4888268156424581
Shen,Smolder,552,300,0.5434782608695652
Briar,Jayce,191,101,0.5287958115183246
Jayce,TwistedFate,224,125,0.5580357142857143
FiddleSticks,Jayce,167,91,0.5449101796407185
Jayce,Pyke,249,128,0.5140562248995983
Jayce,Nunu,180,77,0.42777777777777776
Jayce,Velkoz,224,96,0.42857142857142855
Jayce,Smolder,345,166,0.4811594202898551
Karma,TwistedFate,320,165,0.515625
FiddleSticks,Karma,271,145,0.5350553505535055
Karma,Pyke,390,198,0.5076923076923077
Karma,Nunu,254,121,0.4763779527559055
Karma,Velkoz,375,160,0.4266666666666667
Graves,KSante,133,71,0.5338345864661654
Graves,Swain,316,146,0.4620253164556962
Gangplank,Graves,177,91,0.5141242937853108
Graves,Heimerdinger,186,86,0.46236559139784944
Graves,Jhin,717,330,0.4602510460251046
KSante,Nautilus,264,118,0.44696969696969696
Nautilus,Swain,624,261,0.4182692307692308
Darius,KSante,221,130,0.5882352941176471
Darius,Gangplank,294,150,0.5102040816326531
Bard,KSante,132,68,0.5151515151515151
Bard,Swain,351,156,0.4444444444444444
Bard,Gangplank,151,81,0.5364238410596026
Bard,Heimerdinger,160,75,0.46875
Bard,Jhin,622,311,0.5
Akali,KSante,202,117,0.5792079207920792
Akali,Swain,480,229,0.47708333333333336
Akali,Gangplank,261,134,0.5134099616858238
Akali,Heimerdinger,277,110,0.3971119133574007
Mel,Sona,603,301,0.49917081260364843
Sona,Thresh,416,204,0.49038461538461536
Blitzcrank,Sona,378,187,0.4947089947089947
Sona,Urgot,256,119,0.46484375
Akshan,Mel,464,218,0.4698275862068966
Akshan,Morgana,434,202,0.46543778801843316
Akshan,Thresh,333,154,0.4624624624624625
Akshan,Urgot,185,76,0.41081081081081083
Cassiopeia,Morgana,273,114,0.4175824175824176
Cassiopeia,Thresh,223,104,0.4663677130044843
Blitzcrank,Cassiopeia,188,95,0.5053191489361702
Cassiopeia,Urgot,110,57,0.5181818181818182
Mel,Zac,399,206,0.5162907268170426
Morgana,Zac,430,224,0.5209302325581395
Thresh,Zac,329,168,0.5106382978723404
Blitzcrank,Zac,247,125,0.5060728744939271
Urgot,Zac,180,88,0.4888888888888889
Morgana,Ornn,509,277,0.5442043222003929
Ornn,Urgot,243,130,0.5349794238683128
Fiora,Sett,306,143,0.4673202614379085
Fiora,Heimerdinger,125,49,0.392
Darius,Fiora,274,147,0.5364963503649635
Fiora,Rell,115,49,0.4260869565217391
Sett,Warwick,801,390,0.4868913857677903
Kassadin,Kayn,186,83,0.44623655913978494
Heimerdinger,Kassadin,100,54,0.54
Darius,Kassadin,214,117,0.5467289719626168
Kassadin,Rell,87,39,0.4482758620689655
Darius,Sivir,452,223,0.49336283185840707
Rell,Sivir,147,71,0.48299319727891155
Kayn,Xerath,516,245,0.4748062015503876
Heimerdinger,Xerath,294,131,0.445578231292517
Rengar,Sett,358,148,0.4134078212290503
Sett,Teemo,824,424,0.5145631067961165
Bard,Talon,178,97,0.5449438202247191
Rengar,Talon,162,80,0.49382716049382713
Morgana,Talon,377,207,0.5490716180371353
MissFortune,Talon,532,288,0.5413533834586466
Talon,Teemo,390,181,0.4641025641025641
Ahri,Bard,417,233,0.5587529976019184
Bard,Zeri,181,101,0.5580110497237569
Rengar,Zeri,142,66,0.4647887323943662
MissFortune,Zeri,519,270,0.5202312138728323
Teemo,Zeri,342,195,0.5701754385964912
Pantheon,Rengar,366,210,0.5737704918032787
Pantheon,Teemo,931,453,0.4865735767991407
Camille,Sett,221,88,0.39819004524886875
Sett,Yorick,528,267,0.5056818181818182
Chogath,Sett,783,362,0.4623243933588761
Senna,Sett,665,296,0.44511278195488724
Sett,Zilean,281,145,0.5160142348754448
Belveth,Camille,89,51,0.5730337078651685
Belveth,Yorick,140,59,0.42142857142857143
Belveth,Chogath,219,95,0.4337899543378995
Belveth,Senna,203,88,0.43349753694581283
Belveth,Zilean,103,45,0.4368932038834951
Akali,Camille,193,100,0.5181347150259067
Akali,Yorick,371,176,0.4743935309973046
Akali,Senna,530,265,0.5
Camille,Jinx,345,157,0.45507246376811594
Jinx,Senna,1014,498,0.4911242603550296
Jinx,Zilean,454,232,0.5110132158590308
Camille,Morgana,256,119,0.46484375
Morgana,Yorick,622,280,0.45016077170418006
Chogath,Morgana,878,396,0.4510250569476082
Morgana,Senna,905,487,0.538121546961326
Jayce,Warwick,238,107,0.4495798319327731
Jayce,Trundle,150,67,0.44666666666666666
Ashe,Trundle,672,338,0.5029761904761905
Mel,Trundle,624,329,0.5272435897435898
Karthus,Kled,60,31,0.5166666666666667
Karthus,Sylas,268,137,0.5111940298507462
Jayce,Karthus,168,75,0.44642857142857145
Caitlyn,Jayce,474,234,0.4936708860759494
Ashe,Caitlyn,2423,1223,0.5047461824184895
Janna,Kled,80,35,0.4375
Janna,Sylas,297,143,0.48148148148148145
Janna,Jayce,162,91,0.5617283950617284
Janna,Mel,405,203,0.5012345679012346
Irelia,Yuumi,255,136,0.5333333333333333
Talon,Yuumi,187,96,0.5133689839572193
Morgana,Yuumi,589,323,0.5483870967741935
Brand,Yuumi,421,216,0.5130641330166271
MissFortune,Nilah,395,196,0.4962025316455696
Irelia,Nilah,125,57,0.456
Nilah,Talon,95,56,0.5894736842105263
Morgana,Nilah,278,146,0.5251798561151079
Brand,Nilah,212,115,0.5424528301886793
Mordekaiser,Talon,303,156,0.5148514851485149
Irelia,Kennen,120,61,0.5083333333333333
Kennen,Talon,117,54,0.46153846153846156
Kennen,Morgana,301,137,0.45514950166112955
Brand,Kennen,242,123,0.5082644628099173
Galio,Irelia,291,171,0.5876288659793815
Galio,Morgana,740,374,0.5054054054054054
Brand,Galio,565,276,0.48849557522123893
Garen,Trundle,526,257,0.48859315589353614
Chogath,Garen,740,394,0.5324324324324324
Garen,Nami,784,390,0.49744897959183676
Chogath,Evelynn,249,139,0.5582329317269076
Evelynn,Jhin,418,210,0.5023923444976076
Evelynn,Nami,264,126,0.4772727272727273
Trundle,Urgot,233,116,0.4978540772532189
Chogath,Urgot,373,178,0.4772117962466488
Jhin,Urgot,617,299,0.4846029173419773
Nami,Urgot,352,177,0.5028409090909091
Sivir,Trundle,303,152,0.5016501650165016
Nami,Sivir,491,258,0.5254582484725051
Maokai,Teemo,396,183,0.4621212121212121
Maokai,Trundle,255,145,0.5686274509803921
Chogath,Maokai,361,177,0.4903047091412742
Jhin,Maokai,537,274,0.5102420856610801
Pantheon,Shen,475,232,0.4884210526315789
Pantheon,Twitch,598,298,0.4983277591973244
Milio,Pantheon,519,260,0.5009633911368016
Malphite,Shen,478,245,0.5125523012552301
Malphite,Rengar,358,206,0.5754189944134078
Ekko,Shen,392,175,0.44642857142857145
Ekko,Rengar,292,157,0.5376712328767124
Ekko,Milio,405,188,0.4641975308641975
Shen,Tristana,413,199,0.48184019370460046
Rengar,Tristana,298,135,0.45302013422818793
Tristana,Twitch,593,293,0.49409780775716694
Milio,Tristana,429,221,0.5151515151515151
Lux,Shen,852,425,0.4988262910798122
Lux,Milio,936,436,0.4658119658119658
Elise,Garen,237,114,0.4810126582278481
Garen,Jayce,271,151,0.5571955719557196
Elise,XinZhao,147,53,0.36054421768707484
Jayce,XinZhao,188,85,0.4521276595744681
Caitlyn,XinZhao,756,354,0.46825396825396826
Ahri,Elise,274,152,0.5547445255474452
Aphelios,Volibear,407,187,0.4594594594594595
Aphelios,Elise,126,69,0.5476190476190477
Aphelios,Jayce,181,92,0.5082872928176796
Aphelios,Thresh,461,230,0.49891540130151846
Elise,Rell,72,33,0.4583333333333333
Jayce,Rell,108,54,0.5
Rell,Thresh,256,121,0.47265625
Malphite,Zaahen,1227,624,0.508557457212714
Jayce,Malphite,383,174,0.45430809399477806
Malphite,Velkoz,565,266,0.47079646017699117
MasterYi,Zaahen,828,403,0.4867149758454106
Jhin,MasterYi,1137,558,0.49076517150395776
Lissandra,Zaahen,238,100,0.42016806722689076
Jayce,Lissandra,116,58,0.5
Jhin,Lissandra,375,190,0.5066666666666667
Lissandra,Velkoz,183,90,0.4918032786885246
Jayce,Sivir,210,84,0.4
Sivir,Velkoz,369,187,0.5067750677506775
Jayce,Milio,211,108,0.5118483412322274
Milio,Ryze,231,123,0.5324675324675324
Jhin,Milio,938,435,0.46375266524520253
Milio,Velkoz,358,181,0.505586592178771
Kayle,Zaahen,614,297,0.4837133550488599
DrMundo,Kayle,603,319,0.5290215588723052
Kayle,Syndra,320,168,0.525
Kayle,Renata,162,87,0.5370370370370371
Aatrox,Zaahen,899,420,0.4671857619577308
Aatrox,DrMundo,704,348,0.4943181818181818
Aatrox,Syndra,374,183,0.4893048128342246
Aatrox,Renata,141,69,0.48936170212765956
DrMundo,Lissandra,236,131,0.5550847457627118
Lissandra,Syndra,152,76,0.5
Lissandra,Yunara,188,87,0.4627659574468085
Lissandra,Renata,82,46,0.5609756097560976
Smolder,Zaahen,1028,510,0.4961089494163424
DrMundo,Smolder,932,461,0.4946351931330472
Nami,Zaahen,807,422,0.5229244114002478
Nami,Syndra,442,234,0.5294117647058824
Nami,Renata,178,91,0.5112359550561798
Briar,Ivern,172,93,0.5406976744186046
Briar,Katarina,430,244,0.5674418604651162
Briar,Yorick,379,190,0.5013192612137203
Katarina,Teemo,579,282,0.48704663212435234
Teemo,Yorick,623,282,0.45264847512038525
Nami,Teemo,784,387,0.49362244897959184
Garen,Lucian,593,304,0.5126475548060708
Ivern,Lucian,180,84,0.4666666666666667
Katarina,Lucian,396,207,0.5227272727272727
Lucian,Yorick,357,167,0.4677871148459384
Ivern,Vayne,207,99,0.4782608695652174
Katarina,Vayne,479,219,0.4572025052192067
Bard,Ivern,110,55,0.5
Bard,Katarina,248,119,0.4798387096774194
Bard,Yorick,239,120,0.502092050209205
Bard,Nami,449,220,0.48997772828507796
Gangplank,Shen,193,88,0.45595854922279794
Gangplank,Viego,251,119,0.47410358565737054
Gangplank,Yasuo,389,157,0.40359897172236503
Gangplank,Vayne,311,141,0.4533762057877814
Gangplank,Morgana,394,180,0.45685279187817257
Briar,Viego,570,313,0.5491228070175439
Briar,Yasuo,756,367,0.48544973544973546
Renekton,Shen,244,101,0.4139344262295082
Renekton,Yasuo,599,303,0.5058430717863105
Renekton,Vayne,378,190,0.5026455026455027
MissFortune,Viego,1272,652,0.5125786163522013
Lulu,Shen,320,145,0.453125
Lulu,Viego,435,212,0.48735632183908045
Lulu,Vayne,471,212,0.45010615711252655
Lulu,Morgana,586,266,0.4539249146757679
Briar,Zilean,213,112,0.5258215962441315
Zilean,Zilean,18,1,0.05555555555555555
Senna,Zilean,264,132,0.5
Rengar,Zilean,134,64,0.47761194029850745
AurelionSol,Zilean,164,83,0.5060975609756098
Aurora,Zilean,142,75,0.528169014084507
DrMundo,Zilean,259,130,0.5019305019305019
Briar,Poppy,282,149,0.5283687943262412
Poppy,Zilean,127,61,0.48031496062992124
Poppy,Rengar,201,111,0.5522388059701493
AurelionSol,Poppy,218,106,0.48623853211009177
Aurora,Poppy,217,103,0.47465437788018433
Jhin,Poppy,576,294,0.5104166666666666
DrMundo,Poppy,421,225,0.5344418052256532
Kaisa,Zilean,389,193,0.4961439588688946
Kaisa,Senna,858,406,0.4731934731934732
Kaisa,Rengar,479,249,0.5198329853862212
AurelionSol,Kaisa,466,242,0.51931330472103
DrMundo,Kaisa,1035,547,0.5285024154589372
Yorick,Zilean,152,83,0.5460526315789473
Senna,Yorick,360,165,0.4583333333333333
Rengar,Yorick,187,84,0.44919786096256686
AurelionSol,Yorick,236,122,0.5169491525423728
Aurora,Yorick,214,93,0.43457943925233644
Jhin,Yorick,724,347,0.47928176795580113
DrMundo,Yorick,511,235,0.4598825831702544
Annie,Briar,246,120,0.4878048780487805
Annie,Zilean,149,82,0.5503355704697986
Annie,Senna,291,159,0.5463917525773195
Annie,Rengar,131,72,0.549618320610687
Annie,AurelionSol,195,97,0.49743589743589745
Annie,Aurora,161,94,0.5838509316770186
Annie,Jhin,534,286,0.5355805243445693
Annie,DrMundo,353,182,0.5155807365439093
Sylas,Zilean,300,169,0.5633333333333334
Senna,Sylas,679,343,0.5051546391752577
Rengar,Sylas,385,172,0.44675324675324674
Aurora,Sylas,360,172,0.4777777777777778
Brand,Zilean,345,184,0.5333333333333333
Brand,Senna,638,351,0.5501567398119123
Brand,Rengar,280,154,0.55
Briar,Naafiri,334,208,0.6227544910179641
Naafiri,Zilean,161,79,0.4906832298136646
Naafiri,Senna,304,156,0.5131578947368421
Naafiri,Rengar,177,106,0.5988700564971752
AurelionSol,Naafiri,225,106,0.4711111111111111
Aurora,Naafiri,182,99,0.5439560439560439
DrMundo,Naafiri,419,200,0.477326968973747
Gwen,Kayn,485,238,0.49072164948453606
Ezreal,Gwen,473,237,0.5010570824524313
Gwen,Ivern,150,79,0.5266666666666666
Warwick,Zac,269,151,0.5613382899628253
Kayn,Zac,325,155,0.47692307692307695
Ezreal,Zac,315,138,0.4380952380952381
Ivern,Zac,100,50,0.5
Kassadin,Warwick,205,94,0.4585365853658537
Kassadin,Mel,290,144,0.496551724137931
Ivern,Kassadin,52,16,0.3076923076923077
Lucian,Warwick,517,256,0.4951644100580271
Velkoz,Warwick,474,253,0.5337552742616034
Kayn,Velkoz,507,234,0.46153846153846156
Mel,Velkoz,704,355,0.5042613636363636
Ezreal,Velkoz,575,259,0.4504347826086956
Jax,Zaahen,1063,556,0.5230479774223895
Galio,Zaahen,485,224,0.4618556701030928
Corki,Zaahen,210,92,0.4380952380952381
TahmKench,Zaahen,462,183,0.3961038961038961
Amumu,XinZhao,406,202,0.4975369458128079
Amumu,Jax,661,364,0.5506807866868382
Amumu,Corki,202,110,0.5445544554455446
AurelionSol,XinZhao,246,120,0.4878048780487805
AurelionSol,TahmKench,282,148,0.524822695035461
Ashe,XinZhao,656,315,0.4801829268292683
Ashe,Corki,354,166,0.4689265536723164
Velkoz,XinZhao,305,151,0.49508196721311476
Jax,Velkoz,519,245,0.4720616570327553
Galio,Velkoz,387,183,0.4728682170542636
TahmKench,Velkoz,331,151,0.4561933534743202
Garen,Nunu,386,194,0.5025906735751295
Garen,Zeri,279,151,0.5412186379928315
Garen,Yuumi,470,261,0.5553191489361702
Ambessa,Sylas,466,233,0.5
Sylas,Zeri,309,173,0.5598705501618123
Ambessa,Yasuo,526,269,0.5114068441064639
Syndra,Yasuo,491,243,0.49490835030549896
Yasuo,Zeri,349,185,0.5300859598853869
Ambessa,Kaisa,548,273,0.4981751824817518
Kaisa,Nunu,489,235,0.48057259713701433
Kaisa,Syndra,570,267,0.46842105263157896
Kaisa,Yuumi,589,298,0.5059422750424448
Nunu,Thresh,455,228,0.5010989010989011
Syndra,Thresh,481,250,0.5197505197505198
Thresh,Zeri,280,135,0.48214285714285715
Thresh,Yuumi,453,235,0.5187637969094923
Darius,Renekton,375,191,0.5093333333333333
Ahri,Darius,804,414,0.5149253731343284
Darius,Draven,374,192,0.5133689839572193
Darius,TahmKench,496,277,0.5584677419354839
Lillia,Renekton,225,123,0.5466666666666666
Lillia,XinZhao,274,130,0.4744525547445255
Ahri,Lillia,453,215,0.4746136865342163
Renekton,Syndra,240,125,0.5208333333333334
Syndra,XinZhao,267,122,0.45692883895131087
Ahri,Syndra,464,227,0.4892241379310345
Draven,Syndra,268,125,0.4664179104477612
Syndra,TahmKench,278,132,0.4748201438848921
Renekton,Xayah,181,98,0.5414364640883977
Xayah,XinZhao,236,123,0.5211864406779662
Ahri,Xayah,464,242,0.521551724137931
Draven,Xayah,245,124,0.5061224489795918
TahmKench,Xayah,285,121,0.4245614035087719
Renekton,Swain,336,157,0.46726190476190477
Draven,Swain,303,145,0.47854785478547857
Swain,TahmKench,477,280,0.5870020964360587
Aatrox,Neeko,341,167,0.4897360703812317
Aatrox,Zac,227,106,0.4669603524229075
Viego,Zac,280,138,0.4928571428571429
Vex,Zac,154,74,0.4805194805194805
Lucian,Zac,275,134,0.48727272727272725
Lux,Zac,513,270,0.5263157894736842
Aatrox,Yasuo,733,360,0.49113233287858116
Tristana,Viego,585,295,0.5042735042735043
Lux,Tristana,1145,608,0.5310043668122271
Aatrox,Malphite,657,324,0.4931506849315068
Lucian,Malphite,658,297,0.4513677811550152
Garen,Khazix,380,197,0.5184210526315789
Aphelios,Garen,422,211,0.5
Garen,Soraka,519,244,0.4701348747591522
Darius,Khazix,342,173,0.5058479532163743
Darius,Veigar,692,342,0.49421965317919075
Aphelios,Darius,413,208,0.5036319612590799
Darius,Soraka,471,240,0.5095541401273885
Ahri,Nasus,534,293,0.548689138576779
Nasus,Twitch,398,210,0.5276381909547738
Khazix,Twitch,321,143,0.4454828660436137
Soraka,Twitch,425,245,0.5764705882352941
Khazix,Nami,432,208,0.48148148148148145
Diana,Zaahen,818,410,0.5012224938875306
TwistedFate,Zaahen,342,149,0.43567251461988304
Draven,Zaahen,427,185,0.4332552693208431
Diana,Karthus,244,121,0.4959016393442623
Draven,Karthus,151,66,0.4370860927152318
Blitzcrank,Karthus,258,127,0.49224806201550386
Malphite,Taliyah,277,139,0.5018050541516246
Diana,Taliyah,214,122,0.5700934579439252
Taliyah,TwistedFate,127,58,0.4566929133858268
Draven,Taliyah,138,79,0.572463768115942
Malphite,Yunara,615,329,0.5349593495934959
Diana,Yunara,513,264,0.5146198830409356
Blitzcrank,Yunara,486,240,0.49382716049382713
Elise,Malphite,222,100,0.45045045045045046
Diana,Elise,192,100,0.5208333333333334
Elise,TwistedFate,117,60,0.5128205128205128
Draven,Elise,124,63,0.5080645161290323
Blitzcrank,Elise,152,77,0.506578947368421
TwistedFate,Vayne,438,222,0.5068493150684932
Darius,Vayne,763,348,0.45609436435124506
Annie,Vayne,339,180,0.5309734513274337
Vayne,Zeri,281,143,0.5088967971530249
Annie,Sona,224,106,0.4732142857142857
Fizz,Sona,289,145,0.5017301038062284
Darius,Syndra,362,182,0.5027624309392266
Annie,Syndra,195,102,0.5230769230769231
Fizz,Syndra,296,184,0.6216216216216216
Syndra,Zeri,175,93,0.5314285714285715
Darius,Sejuani,235,111,0.4723404255319149
Annie,Sejuani,114,57,0.5
Fizz,Sejuani,157,83,0.5286624203821656
Sejuani,Zeri,101,56,0.5544554455445545
Shaco,TwistedFate,370,186,0.5027027027027027
Shaco,Zeri,226,118,0.5221238938053098
Mel,Zed,778,387,0.4974293059125964
Sylas,Varus,517,292,0.5647969052224371
Kalista,Kayn,183,84,0.45901639344262296
Kalista,Senna,176,79,0.44886363636363635
Kalista,Viego,162,81,0.5
Mel,Vladimir,487,251,0.5154004106776181
Varus,Vladimir,306,164,0.5359477124183006
Kayn,Vladimir,402,199,0.49502487562189057
Senna,Vladimir,419,214,0.5107398568019093
Mel,Yuumi,527,270,0.5123339658444023
Varus,Yuumi,290,148,0.5103448275862069
Kayn,Yuumi,420,211,0.5023809523809524
Senna,Yuumi,419,216,0.5155131264916468
Viego,Yuumi,400,214,0.535
Lucian,Samira,371,190,0.5121293800539084
Samira,Yasuo,586,278,0.47440273037542663
Pyke,Samira,383,152,0.3968668407310705
Cassiopeia,Samira,125,57,0.456
Olaf,Shaco,195,118,0.6051282051282051
Lucian,Olaf,178,71,0.398876404494382
Olaf,Yasuo,268,138,0.5149253731343284
Olaf,Pyke,226,137,0.6061946902654868
Cassiopeia,Olaf,85,33,0.38823529411764707
Pyke,Smolder,703,321,0.4566145092460882
Cassiopeia,Smolder,261,126,0.4827586206896552
Malphite,Yasuo,1051,523,0.49762131303520457
Malphite,Pyke,674,366,0.543026706231454
Cassiopeia,Malphite,236,109,0.461864406779661
Anivia,Shaco,255,131,0.5137254901960784
Anivia,Lucian,283,135,0.47703180212014135
Anivia,Yasuo,350,182,0.52
Anivia,Pyke,239,131,0.5481171548117155
Anivia,Cassiopeia,115,56,0.48695652173913045
Gangplank,Gwen,198,102,0.5151515151515151
Briar,Gwen,423,224,0.5295508274231678
Gwen,Katarina,313,163,0.5207667731629393
Gwen,Xayah,280,126,0.45
Gangplank,Shaco,244,117,0.47950819672131145
Katarina,Shaco,396,190,0.4797979797979798
Shaco,Xayah,359,186,0.5181058495821727
Fizz,Gangplank,176,91,0.5170454545454546
Briar,Fizz,395,224,0.5670886075949367
Fizz,Katarina,299,156,0.5217391304347826
Gangplank,Kaisa,373,171,0.4584450402144772
Kaisa,Katarina,620,303,0.48870967741935484
Gangplank,Nami,279,120,0.43010752688172044
Katarina,Nami,472,231,0.4894067796610169
Nami,Xayah,404,215,0.5321782178217822
Nami,Sona,469,229,0.488272921108742
Amumu,Mordekaiser,731,375,0.5129958960328317
Aurora,Mordekaiser,396,198,0.5
Aatrox,JarvanIV,382,180,0.4712041884816754
Amumu,JarvanIV,383,213,0.556135770234987
Aurora,JarvanIV,260,115,0.4423076923076923
Ashe,JarvanIV,750,352,0.4693333333333333
JarvanIV,Maokai,202,97,0.4801980198019802
Amumu,Malphite,699,373,0.5336194563662375
Malphite,Maokai,346,194,0.5606936416184971
Aatrox,MissFortune,1045,501,0.47942583732057414
Maokai,MissFortune,539,269,0.49907235621521334
Aatrox,Yuumi,328,150,0.4573170731707317
Amumu,Yuumi,386,213,0.5518134715025906
Aurora,Yuumi,212,103,0.4858490566037736
Ashe,Yuumi,703,392,0.5576102418207681
Khazix,Renekton,195,96,0.49230769230769234
Renekton,Zed,319,161,0.5047021943573667
Belveth,Vayne,215,107,0.49767441860465117
Belveth,Khazix,121,59,0.48760330578512395
Belveth,Nautilus,230,121,0.5260869565217391
Ahri,Vayne,839,424,0.5053635280095352
Ahri,Nautilus,785,396,0.5044585987261146
Vayne,Zyra,530,248,0.4679245283018868
Khazix,Zyra,253,116,0.45849802371541504
Zed,Zyra,398,180,0.45226130653266333
Belveth,Mordekaiser,269,119,0.4423791821561338
Mordekaiser,Syndra,471,228,0.4840764331210191
Caitlyn,Mordekaiser,1354,661,0.4881831610044313
Braum,Mordekaiser,335,139,0.41492537313432837
XinZhao,Yasuo,545,278,0.5100917431192661
Belveth,XinZhao,170,91,0.5352941176470588
Braum,XinZhao,228,117,0.5131578947368421
Diana,Yasuo,898,415,0.4621380846325167
Belveth,Diana,195,102,0.5230769230769231
Diana,Syndra,407,205,0.5036855036855037
Caitlyn,Diana,1328,635,0.47816265060240964
Braum,Diana,314,155,0.49363057324840764
Belveth,Smolder,245,125,0.5102040816326531
Caitlyn,Smolder,1569,762,0.48565965583174
Braum,Smolder,377,182,0.4827586206896552
Taric,Yasuo,256,130,0.5078125
Belveth,Taric,71,36,0.5070422535211268
Syndra,Taric,112,62,0.5535714285714286
Jinx,Swain,1007,460,0.4568023833167825
Jinx,Olaf,353,142,0.40226628895184136
Galio,Swain,492,242,0.491869918699187
Galio,Olaf,207,83,0.40096618357487923
Galio,Vayne,551,259,0.47005444646098005
Galio,MasterYi,460,230,0.5
Galio,Shyvana,179,85,0.4748603351955307
Amumu,Warwick,751,385,0.5126498002663116
Olaf,Warwick,251,139,0.5537848605577689
Shyvana,Warwick,231,105,0.45454545454545453
Amumu,Briar,560,292,0.5214285714285715
Briar,Olaf,177,91,0.5141242937853108
Briar,Mel,785,432,0.5503184713375796
Briar,Shyvana,185,94,0.5081081081081081
JarvanIV,Swain,349,160,0.4584527220630373
JarvanIV,Mel,597,306,0.5125628140703518
Amumu,Zoe,279,163,0.5842293906810035
Swain,Zoe,335,180,0.5373134328358209
Olaf,Zoe,120,71,0.5916666666666667
Vayne,Zoe,363,193,0.5316804407713499
Mel,Zoe,520,270,0.5192307692307693
MasterYi,Zoe,354,189,0.5338983050847458
Shyvana,Zoe,121,62,0.512396694214876
Jhin,Olaf,367,150,0.4087193460490463
Amumu,Volibear,617,326,0.5283630470016207
Olaf,Volibear,246,141,0.573170731707317
Kindred,Renata,114,36,0.3157894736842105
Kindred,Ziggs,222,98,0.44144144144144143
DrMundo,Kindred,352,194,0.5511363636363636
Caitlyn,Yuumi,756,382,0.5052910052910053
Renata,Yuumi,112,61,0.5446428571428571
Yuumi,Ziggs,238,121,0.5084033613445378
DrMundo,Yuumi,449,237,0.5278396436525612
Sivir,Yuumi,248,126,0.5080645161290323
Mordekaiser,Renata,175,102,0.5828571428571429
DrMundo,Mordekaiser,872,418,0.4793577981651376
Caitlyn,Lissandra,383,199,0.5195822454308094
Lissandra,Ziggs,152,77,0.506578947368421
Lissandra,Sivir,181,88,0.4861878453038674
Renata,Seraphine,152,76,0.5
Seraphine,Ziggs,375,189,0.504
DrMundo,Seraphine,693,374,0.5396825396825397
Leblanc,Lux,675,301,0.44592592592592595
Leblanc,Nunu,201,75,0.373134328358209
Jhin,Leblanc,646,346,0.5356037151702786
Karma,Vayne,458,232,0.5065502183406113
Jhin,Karma,787,398,0.5057179161372299
Karma,MonkeyKing,292,149,0.5102739726027398
Lux,Ziggs,818,406,0.4963325183374083
Vayne,Ziggs,438,210,0.4794520547945205
Nunu,Ziggs,226,109,0.4823008849557522
MonkeyKing,Ziggs,231,113,0.48917748917748916
Nautilus,Nunu,412,207,0.5024271844660194
MonkeyKing,Nautilus,377,218,0.5782493368700266
Trundle,XinZhao,302,156,0.5165562913907285
Leona,Trundle,421,226,0.5368171021377672
TahmKench,Trundle,303,144,0.4752475247524752
Nautilus,Trundle,475,217,0.4568421052631579
Gwen,XinZhao,333,141,0.42342342342342343
Gwen,Leona,393,202,0.5139949109414759
Gwen,LeeSin,330,167,0.5060606060606061
Gwen,TahmKench,311,165,0.5305466237942122
Gwen,Nautilus,487,273,0.5605749486652978
Chogath,XinZhao,403,192,0.47642679900744417
Chogath,Leona,615,305,0.4959349593495935
Chogath,TahmKench,477,249,0.5220125786163522
Chogath,Rell,247,117,0.47368421052631576
Lissandra,XinZhao,135,67,0.4962962962962963
Leona,Lissandra,188,104,0.5531914893617021
LeeSin,Lissandra,164,75,0.4573170731707317
Lissandra,TahmKench,171,81,0.47368421052631576
Lissandra,Morgana,292,129,0.4417808219178082
Lissandra,Nautilus,236,124,0.5254237288135594
Lissandra,Rell,92,52,0.5652173913043478
Malzahar,XinZhao,377,200,0.5305039787798409
LeeSin,Malzahar,429,181,0.4219114219114219
Malzahar,TahmKench,429,242,0.5641025641025641
Malzahar,Rell,248,148,0.5967741935483871
MissFortune,Quinn,528,262,0.4962121212121212
Quinn,XinZhao,204,92,0.45098039215686275
LeeSin,Quinn,194,97,0.5
Quinn,TahmKench,171,78,0.45614035087719296
Morgana,Quinn,435,225,0.5172413793103449
Quinn,Rell,113,60,0.5309734513274337
Nidalee,XinZhao,167,81,0.48502994011976047
Leona,Nidalee,246,129,0.524390243902439
Nidalee,TahmKench,184,86,0.4673913043478261
Morgana,Nidalee,432,221,0.5115740740740741
Nidalee,Rell,138,61,0.4420289855072464
Vi,XinZhao,286,151,0.527972027972028
LeeSin,Vi,261,122,0.4674329501915709
TahmKench,Vi,280,118,0.42142857142857143
Morgana,Vi,491,255,0.5193482688391039
Rell,Vi,177,91,0.5141242937853108
MonkeyKing,Sett,383,192,0.5013054830287206
Azir,Sett,278,104,0.37410071942446044
Karthus,Sett,255,124,0.48627450980392156
DrMundo,MonkeyKing,381,196,0.5144356955380578
Azir,DrMundo,302,124,0.4105960264900662
DrMundo,Karthus,289,172,0.5951557093425606
Galio,MonkeyKing,255,128,0.5019607843137255
Azir,Galio,189,76,0.4021164021164021
Galio,Varus,369,213,0.5772357723577236
Galio,Karthus,217,118,0.543778801843318
Ashe,Azir,368,207,0.5625
Ashe,Varus,826,447,0.5411622276029056
Aatrox,Senna,479,215,0.4488517745302714
Azir,Senna,212,100,0.4716981132075472
Karthus,Senna,238,116,0.48739495798319327
Gwen,Maokai,225,121,0.5377777777777778
Amumu,Maokai,312,178,0.5705128205128205
Galio,Maokai,269,152,0.5650557620817844
Gwen,Udyr,211,96,0.4549763033175355
Amumu,Udyr,325,152,0.4676923076923077
Galio,Udyr,245,123,0.5020408163265306
Udyr,Yuumi,231,116,0.5021645021645021
Mel,Smolder,1140,569,0.49912280701754386
Gwen,Jinx,718,357,0.4972144846796657
Nami,Smolder,858,439,0.5116550116550117
Nami,Yuumi,445,251,0.5640449438202247
Bard,Vladimir,222,122,0.5495495495495496
Bard,Lillia,222,106,0.4774774774774775
Ekko,Vladimir,325,154,0.47384615384615386
Ekko,MonkeyKing,295,138,0.46779661016949153
Ekko,Lillia,319,162,0.5078369905956113
Jayce,Vladimir,183,92,0.5027322404371585
Jayce,MonkeyKing,177,70,0.3954802259887006
Jayce,Lillia,177,79,0.4463276836158192
AurelionSol,Jayce,186,95,0.510752688172043
Hwei,Jayce,193,96,0.49740932642487046
Shen,Vladimir,284,154,0.5422535211267606
MonkeyKing,Shen,224,124,0.5535714285714286
Lillia,Shen,270,134,0.4962962962962963
AurelionSol,Shen,266,121,0.4548872180451128
Hwei,Shen,310,159,0.5129032258064516
Neeko,Vladimir,226,118,0.5221238938053098
MonkeyKing,Neeko,219,111,0.5068493150684932
Lillia,Neeko,270,141,0.5222222222222223
AurelionSol,Neeko,262,140,0.5343511450381679
Hwei,Neeko,284,144,0.5070422535211268
Darius,Smolder,825,398,0.4824242424242424
Brand,Darius,692,366,0.5289017341040463
LeeSin,Zaahen,457,199,0.43544857768052514
Akali,Zaahen,704,337,0.4786931818181818
Vladimir,XinZhao,283,121,0.4275618374558304
LeeSin,Vladimir,289,150,0.5190311418685121
Smolder,Vladimir,523,271,0.5181644359464627
Brand,Vladimir,430,235,0.5465116279069767
Sivir,XinZhao,307,154,0.501628664495114
LeeSin,Sivir,321,163,0.5077881619937694
Akali,Sivir,406,193,0.4753694581280788
Sivir,Smolder,619,322,0.5201938610662359
Brand,Sivir,454,226,0.4977973568281938
Bard,XinZhao,243,116,0.4773662551440329
Bard,LeeSin,291,137,0.47079037800687284
Bard,Smolder,508,217,0.4271653543307087
Bard,Brand,367,148,0.4032697547683924
Garen,Ryze,318,155,0.48742138364779874
Nunu,Warwick,410,201,0.4902439024390244
Ryze,Warwick,318,150,0.4716981132075472
Blitzcrank,Warwick,566,273,0.4823321554770318
Diana,Trundle,421,220,0.5225653206650831
Diana,Nunu,394,205,0.5203045685279187
Diana,Ryze,316,172,0.5443037974683544
Diana,MissFortune,1417,696,0.4911785462244178
Blitzcrank,Diana,493,243,0.49290060851926976
Caitlyn,Trundle,797,410,0.5144291091593476
Caitlyn,Nunu,692,362,0.523121387283237
Ivern,Trundle,145,79,0.5448275862068965
Ivern,Nunu,130,60,0.46153846153846156
Ivern,Ryze,104,53,0.5096153846153846
Ivern,MissFortune,317,157,0.4952681388012618
Blitzcrank,Ivern,206,113,0.5485436893203883
Briar,Zaahen,741,363,0.4898785425101215
Anivia,Zaahen,377,178,0.47214854111405835
Yuumi,Zaahen,477,218,0.4570230607966457
Brand,Caitlyn,1264,681,0.5387658227848101
Alistar,Anivia,174,77,0.4425287356321839
Alistar,Caitlyn,533,240,0.450281425891182
Alistar,Yuumi,194,96,0.4948453608247423
Shen,Ziggs,279,141,0.5053763440860215
Briar,Ziggs,307,136,0.44299674267100975
Anivia,Ziggs,210,95,0.4523809523809524
AurelionSol,Zaahen,386,187,0.4844559585492228
Senna,Zaahen,621,291,0.46859903381642515
Kayle,Khazix,295,158,0.535593220338983
AurelionSol,Khazix,193,100,0.5181347150259067
Khazix,Senna,378,195,0.5158730158730159
Warwick,Yasuo,970,458,0.47216494845360824
AurelionSol,Yasuo,485,237,0.488659793814433
Twitch,Yasuo,683,272,0.39824304538799415
AurelionSol,Jinx,564,284,0.5035460992907801
Kayle,Yuumi,352,199,0.5653409090909091
Warwick,Yuumi,433,237,0.5473441108545035
AurelionSol,Yuumi,210,108,0.5142857142857142
Nasus,Tristana,432,216,0.5
Quinn,Swain,262,120,0.4580152671755725
Rengar,Swain,282,115,0.4078014184397163
Blitzcrank,Lux,1108,565,0.509927797833935
Brand,Quinn,301,163,0.5415282392026578
Brand,Nasus,488,275,0.5635245901639344
Quinn,Samira,192,95,0.4947916666666667
Nasus,Samira,302,163,0.5397350993377483
Blitzcrank,Samira,359,169,0.47075208913649025
Illaoi,Jax,395,221,0.5594936708860759
Illaoi,Viktor,193,100,0.5181347150259067
Illaoi,Lulu,208,118,0.5673076923076923
Graves,Yorick,247,113,0.4574898785425101
Graves,Jax,408,192,0.47058823529411764
Graves,Viktor,261,130,0.49808429118773945
Graves,Kaisa,555,275,0.4954954954954955
Graves,Lulu,287,170,0.5923344947735192
Talon,Yorick,174,82,0.47126436781609193
Talon,Viktor,160,86,0.5375
Lulu,Talon,255,126,0.49411764705882355
Jax,Jhin,1166,607,0.5205831903945112
Jax,Teemo,836,409,0.4892344497607656
Teemo,Viktor,458,240,0.5240174672489083
Lulu,Teemo,560,265,0.4732142857142857
Darius,Malphite,761,376,0.4940867279894875
Darius,Varus,457,217,0.474835886214442
LeeSin,Malphite,531,260,0.4896421845574388
LeeSin,Zoe,267,135,0.5056179775280899
Malphite,Mel,1103,584,0.5294650951949229
Mel,Varus,717,373,0.5202231520223152
Brand,Mel,894,463,0.5178970917225951
Jhin,Zoe,658,347,0.5273556231003039
Trundle,Velkoz,285,152,0.5333333333333333
Velkoz,Zoe,304,170,0.5592105263157895
Brand,Velkoz,550,254,0.4618181818181818
Morgana,Zaahen,1056,514,0.48674242424242425
Briar,Jax,686,341,0.4970845481049563
Ahri,Tristana,747,398,0.5327978580990629
Caitlyn,Tristana,1204,587,0.48754152823920266
Morgana,Tristana,927,498,0.5372168284789643
Ashe,Nasus,743,377,0.5074024226110363
Ahri,Ashe,1293,620,0.4795050270688322
Illaoi,Mel,486,250,0.51440329218107
Illaoi,Zed,270,133,0.4925925925925926
Illaoi,Kalista,99,50,0.5050505050505051
Illaoi,Sona,227,112,0.4933920704845815
Illaoi,Rengar,155,98,0.632258064516129
Volibear,Xayah,350,183,0.5228571428571429
Kalista,Volibear,140,64,0.45714285714285713
Sona,Volibear,411,212,0.5158150851581509
Rengar,Volibear,330,137,0.41515151515151516
Khazix,Volibear,408,188,0.46078431372549017
Blitzcrank,Volibear,533,248,0.4652908067542214
Nidalee,Xayah,224,110,0.49107142857142855
Mel,Nidalee,411,209,0.5085158150851582
Nidalee,Zed,257,125,0.48638132295719844
Nidalee,Sona,225,94,0.4177777777777778
Nidalee,Rengar,157,79,0.5031847133757962
Khazix,Nidalee,196,90,0.45918367346938777
Blitzcrank,Nidalee,302,156,0.5165562913907285
Mordekaiser,Xayah,440,229,0.5204545454545455
Mel,Mordekaiser,1046,516,0.4933078393881453
Mordekaiser,Zed,581,298,0.5129087779690189
Khazix,Mordekaiser,350,170,0.4857142857142857
Rell,Zed,215,117,0.5441860465116279
Kalista,Rell,79,42,0.5316455696202531
Rell,Sona,136,57,0.41911764705882354
Rell,Rengar,135,70,0.5185185185185185
Khazix,Rell,143,73,0.5104895104895105
Blitzcrank,Rell,233,100,0.4291845493562232
Nunu,Xayah,224,113,0.5044642857142857
Mel,Nunu,491,247,0.5030549898167006
Nunu,Zed,343,174,0.5072886297376094
Kalista,Nunu,105,41,0.3904761904761905
Nunu,Sona,236,126,0.5338983050847458
Khazix,Nunu,220,99,0.45
Blitzcrank,Nunu,346,170,0.4913294797687861
Chogath,Xayah,448,248,0.5535714285714286
Chogath,Mel,941,473,0.5026567481402763
Chogath,Zed,553,306,0.5533453887884268
Chogath,Kalista,205,107,0.5219512195121951
Chogath,Rengar,309,175,0.5663430420711975
Chogath,Khazix,369,194,0.5257452574525745
Ambessa,Zaahen,576,260,0.4513888888888889
Ambessa,MonkeyKing,216,107,0.49537037037037035
Akshan,Ambessa,215,113,0.5255813953488372
Ambessa,Aphelios,227,110,0.4845814977973568
Ambessa,Zilean,168,88,0.5238095238095238
Akshan,Teemo,413,178,0.43099273607748184
Teemo,Zilean,312,181,0.5801282051282052
Mel,Zaahen,1278,635,0.4968701095461659
Aphelios,Mel,583,312,0.5351629502572899
Mel,Zilean,384,189,0.4921875
Akshan,Samira,221,100,0.45248868778280543
Aphelios,Samira,246,122,0.4959349593495935
Samira,Zilean,180,87,0.48333333333333334
Akshan,Taliyah,104,54,0.5192307692307693
Aphelios,Taliyah,126,69,0.5476190476190477
Taliyah,Zilean,92,42,0.45652173913043476
Jax,Nidalee,276,163,0.5905797101449275
Jax,Ziggs,374,190,0.5080213903743316
Jax,Seraphine,592,307,0.518581081081081
Jax,Rell,258,142,0.5503875968992248
Taric,Zaahen,262,109,0.41603053435114506
Nidalee,Taric,110,57,0.5181818181818182
Taric,Ziggs,145,71,0.4896551724137931
Seraphine,Taric,179,91,0.5083798882681564
Rell,Taric,98,51,0.5204081632653061
Morgana,Ziggs,592,295,0.4983108108108108
Morgana,Rell,358,180,0.5027932960893855
Nidalee,Smolder,395,187,0.47341772151898737
Smolder,Ziggs,499,245,0.4909819639278557
Rell,Smolder,305,129,0.42295081967213116
Zaahen,Zilean,284,145,0.5105633802816901
Rell,Zilean,110,55,0.5
Ivern,JarvanIV,151,77,0.5099337748344371
JarvanIV,Shaco,354,178,0.5028248587570622
JarvanIV,Warwick,417,195,0.4676258992805755
JarvanIV,Poppy,265,132,0.4981132075471698
Ivern,Shaco,185,81,0.43783783783783786
Shaco,Shaco,139,14,0.10071942446043165
Aatrox,Shaco,434,193,0.4447004608294931
Shaco,Talon,254,135,0.531496062992126
Rumble,Shaco,185,94,0.5081081081081081
Shaco,Warwick,578,285,0.4930795847750865
Poppy,Shaco,283,144,0.508833922261484
Jhin,Renata,316,155,0.49050632911392406
Ivern,Renata,66,31,0.4696969696969697
Renata,Shaco,161,79,0.4906832298136646
Renata,Talon,89,41,0.4606741573033708
Renata,Rumble,77,45,0.5844155844155844
Renata,Warwick,181,87,0.48066298342541436
Poppy,Renata,119,56,0.47058823529411764
Akali,Ivern,158,74,0.46835443037974683
Akali,Shaco,486,251,0.5164609053497943
Akali,Warwick,601,297,0.49417637271214643
Akali,Poppy,301,135,0.4485049833887043
Ivern,Udyr,118,57,0.4830508474576271
Aatrox,Udyr,248,129,0.5201612903225806
Talon,Udyr,131,60,0.4580152671755725
Rumble,Udyr,98,42,0.42857142857142855
Poppy,Udyr,183,85,0.4644808743169399
Ivern,LeeSin,149,63,0.4228187919463087
LeeSin,Shaco,449,226,0.5033407572383074
LeeSin,Talon,236,130,0.5508474576271186
LeeSin,Rumble,129,63,0.4883720930232558
LeeSin,Poppy,305,159,0.521311475409836
Jhin,Rell,398,201,0.5050251256281407
Ivern,Rell,96,43,0.4479166666666667
Rell,Shaco,198,98,0.494949494949495
Aatrox,Rell,196,96,0.4897959183673469
Rell,Talon,113,64,0.5663716814159292
Rell,Rumble,97,55,0.5670103092783505
Poppy,Rell,175,88,0.5028571428571429
Pantheon,Rumble,190,95,0.5
Kalista,Singed,108,55,0.5092592592592593
Ekko,Singed,281,134,0.47686832740213525
Corki,Singed,122,59,0.48360655737704916
DrMundo,Singed,431,218,0.505800464037123
Singed,Taliyah,155,96,0.6193548387096774
Kalista,Zac,66,28,0.42424242424242425
Ekko,Zac,288,146,0.5069444444444444
Corki,Zac,125,71,0.568
DrMundo,Zac,355,169,0.476056338028169
Taliyah,Zac,116,61,0.5258620689655172
Ekko,Zoe,302,154,0.5099337748344371
Corki,Zoe,137,79,0.5766423357664233
DrMundo,Zoe,425,240,0.5647058823529412
Taliyah,Zoe,135,70,0.5185185185185185
Caitlyn,Kalista,257,140,0.5447470817120622
Caitlyn,Ekko,998,501,0.5020040080160321
Caitlyn,Corki,364,202,0.554945054945055
Caitlyn,Taliyah,337,169,0.5014836795252225
Kalista,Yuumi,112,61,0.5446428571428571
Ekko,Yuumi,364,199,0.5467032967032966
Corki,Yuumi,129,66,0.5116279069767442
Taliyah,Yuumi,153,89,0.5816993464052288
Jax,Swain,643,317,0.49300155520995337
Corki,Jax,217,95,0.4377880184331797
Jax,Twitch,554,295,0.5324909747292419
Corki,Quinn,120,60,0.5
Quinn,Twitch,303,149,0.49174917491749176
MasterYi,Quinn,287,147,0.5121951219512195
Corki,Leona,204,96,0.47058823529411764
Leona,MasterYi,581,300,0.5163511187607573
FiddleSticks,Ryze,177,90,0.5084745762711864
Corki,Ryze,134,57,0.4253731343283582
Ryze,Twitch,287,132,0.45993031358885017
FiddleSticks,Jhin,625,306,0.4896
Corki,Jhin,349,175,0.501432664756447
Ashe,Sylas,1240,587,0.47338709677419355
Sivir,Sylas,503,267,0.5308151093439364
Orianna,Quinn,180,94,0.5222222222222223
Ashe,Orianna,611,319,0.5220949263502455
Orianna,Sivir,269,137,0.5092936802973977
Brand,Orianna,364,190,0.521978021978022
Brand,MissFortune,1282,656,0.5117004680187207
Nautilus,Viego,647,314,0.4853168469860896
Ashe,Nautilus,1100,557,0.5063636363636363
Ahri,Gragas,374,207,0.553475935828877
Gragas,Pyke,292,155,0.5308219178082192
Gragas,Udyr,147,65,0.4421768707482993
Ekko,Gragas,263,147,0.55893536121673
Gragas,TwistedFate,206,96,0.46601941747572817
Nami,Pyke,557,307,0.5511669658886894
Nami,Udyr,326,173,0.5306748466257669
Pyke,TahmKench,370,193,0.5216216216216216
TahmKench,Udyr,227,116,0.5110132158590308
TahmKench,TwistedFate,275,154,0.56
Ahri,Karthus,279,128,0.45878136200716846
Karthus,Udyr,126,56,0.4444444444444444
Ekko,Karthus,191,94,0.49214659685863876
Katarina,Pyke,382,214,0.5602094240837696
Camille,Nasus,146,71,0.4863013698630137
Camille,Evelynn,73,32,0.4383561643835616
Camille,Sion,174,89,0.5114942528735632
Camille,MissFortune,327,151,0.4617737003058104
Camille,Rakan,87,53,0.6091954022988506
Nasus,Nidalee,224,130,0.5803571428571429
Evelynn,Nidalee,123,61,0.4959349593495935
Nidalee,Sion,238,112,0.47058823529411764
Nidalee,Rakan,140,59,0.42142857142857143
Ahri,Evelynn,298,153,0.5134228187919463
Ahri,Rakan,331,163,0.49244712990936557
Nasus,Vayne,540,292,0.5407407407407407
Evelynn,Vayne,278,142,0.5107913669064749
Sion,Vayne,651,330,0.5069124423963134
Nasus,Seraphine,413,232,0.5617433414043583
Evelynn,Seraphine,231,113,0.48917748917748916
Rakan,Seraphine,230,126,0.5478260869565217
Illaoi,Zaahen,453,232,0.5121412803532008
Illaoi,Velkoz,248,107,0.4314516129032258
FiddleSticks,Illaoi,213,118,0.5539906103286385
Graves,Mordekaiser,395,191,0.4835443037974684
Graves,Velkoz,280,118,0.42142857142857143
Ashe,Graves,618,319,0.5161812297734628
Akali,Mordekaiser,588,266,0.4523809523809524
Akali,Velkoz,405,202,0.49876543209876545
Akali,Ashe,940,442,0.4702127659574468
Aphelios,Mordekaiser,412,201,0.4878640776699029
Aphelios,Zaahen,436,219,0.5022935779816514
Aphelios,Velkoz,311,150,0.48231511254019294
Aphelios,FiddleSticks,211,109,0.5165876777251185
Braum,Velkoz,239,104,0.4351464435146444
Ashe,Braum,462,228,0.4935064935064935
Braum,FiddleSticks,164,87,0.5304878048780488
Darius,Ziggs,379,194,0.5118733509234829
Darius,Hecarim,298,160,0.5369127516778524
Darius,Shen,461,218,0.47288503253796094
KogMaw,Urgot,172,94,0.5465116279069767
Gwen,KogMaw,182,90,0.4945054945054945
KogMaw,Ziggs,220,121,0.55
KogMaw,Swain,267,133,0.49812734082397003
Hecarim,KogMaw,137,56,0.40875912408759124
KogMaw,Shen,249,127,0.5100401606425703
KogMaw,Warwick,328,159,0.4847560975609756
Leona,Urgot,334,159,0.47604790419161674
Hecarim,Leona,231,100,0.4329004329004329
Leona,Shen,397,202,0.5088161209068011
Aphelios,Urgot,224,103,0.45982142857142855
Aphelios,Ziggs,244,123,0.5040983606557377
Aphelios,Swain,331,162,0.48942598187311176
Aphelios,Shen,281,131,0.46619217081850534
Nautilus,Ziggs,429,218,0.5081585081585082
Nautilus,Shen,470,222,0.4723404255319149
Urgot,Yone,377,200,0.5305039787798409
Briar,Urgot,328,165,0.5030487804878049
Briar,Hecarim,247,139,0.562753036437247
Brand,Ziggs,430,219,0.5093023255813953
Ahri,Brand,792,388,0.4898989898989899
Gangplank,Khazix,170,86,0.5058823529411764
Gangplank,Yunara,257,114,0.44357976653696496
Gangplank,Lillia,179,73,0.40782122905027934
Nilah,Trundle,140,79,0.5642857142857143
Trundle,Yunara,418,226,0.5406698564593302
Lillia,Trundle,264,142,0.5378787878787878
Malzahar,Nilah,213,118,0.5539906103286385
Akali,Malzahar,520,244,0.46923076923076923
Lillia,Malzahar,398,209,0.5251256281407035
Nilah,Tristana,211,107,0.5071090047393365
Akali,Tristana,527,238,0.45161290322580644
Lillia,Tristana,381,188,0.49343832020997375
Maokai,Nilah,122,62,0.5081967213114754
Khazix,Maokai,154,67,0.43506493506493504
Akali,Maokai,233,90,0.38626609442060084
Maokai,Yunara,254,126,0.49606299212598426
Lillia,Maokai,175,89,0.5085714285714286
Trundle,Veigar,464,226,0.4870689655172414
Orianna,Trundle,244,123,0.5040983606557377
MonkeyKing,Trundle,239,117,0.4895397489539749
Trundle,Zoe,218,127,0.5825688073394495
Senna,Trundle,393,191,0.4860050890585242
Ornn,Shyvana,169,81,0.47928994082840237
Ornn,Veigar,429,197,0.4592074592074592
Braum,Ornn,215,111,0.5162790697674419
Orianna,Ornn,219,120,0.547945205479452
Ornn,Zoe,208,105,0.5048076923076923
Kayn,Ornn,389,206,0.5295629820051414
Ornn,Senna,364,173,0.47527472527472525
Senna,Shyvana,212,107,0.5047169811320755
Braum,Senna,307,140,0.4560260586319218
Orianna,Senna,374,185,0.4946524064171123
Kayn,Senna,658,324,0.49240121580547114
Senna,Senna,45,5,0.1111111111111111
Amumu,Shyvana,194,95,0.4896907216494845
Amumu,Braum,302,161,0.5331125827814569
Amumu,Orianna,322,174,0.5403726708074534
Amumu,Kayn,665,341,0.512781954887218
Amumu,Senna,521,280,0.5374280230326296
Braum,Morgana,432,197,0.45601851851851855
Morgana,Orianna,538,263,0.4888475836431227
Morgana,Zoe,525,297,0.5657142857142857
Shyvana,Zilean,106,44,0.41509433962264153
Veigar,Zilean,328,175,0.5335365853658537
Braum,Zilean,152,72,0.47368421052631576
MonkeyKing,Zilean,172,87,0.5058139534883721
Zilean,Zoe,151,76,0.5033112582781457
Kayn,Zilean,280,129,0.4607142857142857
Shyvana,Ziggs,133,64,0.48120300751879697
Veigar,Ziggs,482,241,0.5
Braum,Ziggs,193,88,0.45595854922279794
Orianna,Ziggs,262,129,0.49236641221374045
Kayn,Ziggs,378,206,0.544973544973545
Senna,Ziggs,388,187,0.48195876288659795
Corki,Shyvana,74,40,0.5405405405405406
Braum,Corki,127,61,0.48031496062992124
Corki,Orianna,149,80,0.5369127516778524
Corki,MonkeyKing,158,75,0.47468354430379744
Corki,Kayn,229,121,0.5283842794759825
Corki,Senna,222,107,0.481981981981982
Gragas,Pantheon,309,155,0.5016181229773463
Gragas,Katarina,209,105,0.5023923444976076
Graves,Katarina,265,127,0.47924528301886793
Graves,Lux,669,312,0.4663677130044843
Jinx,Riven,601,334,0.5557404326123128
Katarina,Sett,511,221,0.4324853228962818
Sett,Ziggs,395,231,0.5848101265822785
Katarina,Zac,197,91,0.4619289340101523
Zac,Ziggs,157,77,0.49044585987261147
Nautilus,Zac,316,149,0.47151898734177217
Aatrox,Varus,355,183,0.5154929577464789
Kayn,Varus,467,252,0.5396145610278372
Varus,Ziggs,341,163,0.4780058651026393
Bard,Kayn,367,197,0.5367847411444142
Bard,Ziggs,227,99,0.43612334801762115
Bard,Nautilus,393,180,0.4580152671755725
Skarner,Yorick,91,37,0.4065934065934066
Leblanc,Yorick,217,90,0.4147465437788018
Shaco,Yorick,344,167,0.48546511627906974
JarvanIV,Udyr,214,95,0.4439252336448598
JarvanIV,Skarner,101,58,0.5742574257425742
JarvanIV,Leblanc,279,140,0.5017921146953405
JarvanIV,Jinx,693,351,0.5064935064935064
Orianna,Udyr,167,83,0.49700598802395207
Orianna,Skarner,94,50,0.5319148936170213
Jinx,Orianna,617,325,0.526742301458671
Orianna,Shaco,312,154,0.4935897435897436
Udyr,Vayne,357,174,0.48739495798319327
Skarner,Vayne,169,73,0.4319526627218935
Shaco,Vayne,586,324,0.552901023890785
Brand,Udyr,356,185,0.5196629213483146
Brand,Skarner,198,120,0.6060606060606061
Brand,Shaco,536,287,0.5354477611940298
DrMundo,Pantheon,844,438,0.518957345971564
Mordekaiser,Pantheon,854,442,0.5175644028103045
Lulu,Pantheon,512,241,0.470703125
DrMundo,JarvanIV,461,227,0.4924078091106291
JarvanIV,Mordekaiser,479,221,0.4613778705636743
JarvanIV,Zaahen,417,179,0.4292565947242206
JarvanIV,Yunara,408,219,0.5367647058823529
JarvanIV,Lulu,340,195,0.5735294117647058
Azir,Mordekaiser,267,114,0.42696629213483145
Azir,Zaahen,289,128,0.4429065743944637
Azir,Yunara,243,108,0.4444444444444444
Azir,Lulu,167,82,0.49101796407185627
Taric,Yunara,199,105,0.5276381909547738
Lulu,Taric,152,76,0.5
Nasus,Pyke,370,217,0.5864864864864865
Heimerdinger,Pyke,328,193,0.5884146341463414
LeeSin,Pyke,394,202,0.5126903553299492
Pyke,Zac,276,127,0.4601449275362319
Belveth,Nasus,139,69,0.49640287769784175
Amumu,Belveth,222,130,0.5855855855855856
Belveth,Sett,247,109,0.44129554655870445
Belveth,Zac,89,47,0.5280898876404494
Belveth,Xerath,162,87,0.5370370370370371
Nasus,Sejuani,183,97,0.5300546448087432
Heimerdinger,Sejuani,135,68,0.5037037037037037
Sejuani,Sett,267,123,0.4606741573033708
LeeSin,Sejuani,139,66,0.4748201438848921
Sejuani,Zac,112,61,0.5446428571428571
Caitlyn,Sejuani,387,191,0.4935400516795866
Sejuani,Xerath,190,83,0.4368421052631579
Sett,Volibear,834,433,0.5191846522781774
Volibear,Zac,291,160,0.5498281786941581
Nasus,Velkoz,345,158,0.4579710144927536
Amumu,Velkoz,467,238,0.5096359743040685
Heimerdinger,Velkoz,268,131,0.48880597014925375
LeeSin,Velkoz,320,150,0.46875
Velkoz,Zac,236,124,0.5254237288135594
Velkoz,Xerath,467,221,0.4732334047109208
Nasus,Yone,512,250,0.48828125
Amumu,Yone,644,355,0.5512422360248447
Heimerdinger,Yone,364,205,0.5631868131868132
Sett,Yone,790,413,0.5227848101265823
Yone,Zac,351,173,0.4928774928774929
Amumu,Sona,373,175,0.4691689008042895
Heimerdinger,Sona,249,127,0.5100401606425703
Sett,Sona,444,232,0.5225225225225225
Sona,Zac,189,98,0.5185185185185185
Maokai,Nasus,233,102,0.43776824034334766
Heimerdinger,Maokai,212,105,0.49528301886792453
Maokai,Sett,374,176,0.47058823529411764
LeeSin,Maokai,210,111,0.5285714285714286
Maokai,Zac,164,94,0.573170731707317
Caitlyn,Maokai,484,244,0.5041322314049587
Maokai,Xerath,249,128,0.5140562248995983
Chogath,MasterYi,688,344,0.5
MasterYi,Teemo,947,435,0.4593453009503696
Draven,Katarina,248,118,0.47580645161290325
Draven,MasterYi,368,178,0.483695652173913
Draven,Garen,376,171,0.45478723404255317
Katarina,Seraphine,446,223,0.5
Maokai,Seraphine,267,155,0.5805243445692884
Seraphine,Viktor,334,170,0.5089820359281437
MasterYi,Orianna,342,186,0.543859649122807
Maokai,Orianna,178,91,0.5112359550561798
Orianna,Viktor,262,122,0.46564885496183206
Akshan,Yone,347,177,0.5100864553314121
Mel,Yone,1019,488,0.478900883218842
Nami,Yone,771,393,0.5097276264591439
Akshan,Zaahen,373,146,0.3914209115281501
Viego,Zaahen,783,380,0.48531289910600256
Akshan,Jayce,132,68,0.5151515151515151
Jayce,Viego,242,100,0.4132231404958678
Jayce,Mel,387,188,0.48578811369509045
Jayce,Nami,301,145,0.48172757475083056
Akshan,Smolder,366,169,0.46174863387978143
Akshan,Lux,555,271,0.4882882882882883
Draven,Heimerdinger,225,115,0.5111111111111111
Heimerdinger,Soraka,248,128,0.5161290322580645
Graves,Shaco,350,178,0.5085714285714286
Shaco,Syndra,353,173,0.49008498583569404
Shaco,Soraka,417,198,0.4748201438848921
Graves,Malphite,413,183,0.4430992736077482
Malphite,Syndra,423,213,0.5035460992907801
Malphite,Soraka,549,283,0.5154826958105647
Jhin,Syndra,667,336,0.5037481259370314
Darius,Thresh,707,362,0.512022630834512
Draven,Thresh,395,182,0.4607594936708861
Amumu,Olaf,186,75,0.4032258064516129
Nasus,Olaf,188,90,0.4787234042553192
Olaf,Ryze,136,73,0.5367647058823529
Pyke,Shaco,528,255,0.48295454545454547
Fiora,Pyke,254,128,0.5039370078740157
Pyke,Ryze,286,143,0.5
Fiora,Soraka,174,73,0.41954022988505746
Ryze,Soraka,247,105,0.4251012145748988
Amumu,Smolder,699,368,0.5264663805436338
Ryze,Smolder,416,198,0.47596153846153844
Bard,Shaco,338,175,0.5177514792899408
Bard,Nasus,241,125,0.5186721991701245
Bard,Fiora,175,89,0.5085714285714286
Bard,Ryze,169,70,0.41420118343195267
Garen,Illaoi,369,178,0.4823848238482385
Graves,Illaoi,180,84,0.4666666666666667
Annie,Illaoi,158,71,0.44936708860759494
Ezreal,Illaoi,385,161,0.41818181818181815
Illaoi,Skarner,89,46,0.5168539325842697
Ezreal,FiddleSticks,410,188,0.4585365853658537
FiddleSticks,Skarner,88,47,0.5340909090909091
Garen,Irelia,514,292,0.5680933852140078
Graves,Irelia,240,115,0.4791666666666667
Annie,Irelia,177,93,0.5254237288135594
Ezreal,Irelia,453,205,0.45253863134657835
Irelia,Skarner,92,55,0.5978260869565217
Annie,MissFortune,492,252,0.5121951219512195
MissFortune,Skarner,293,160,0.5460750853242321
Annie,Leona,264,134,0.5075757575757576
Leona,Skarner,156,83,0.532051282051282
Jax,Mordekaiser,795,413,0.519496855345912
Jax,Nunu,403,209,0.5186104218362283
Leona,TwistedFate,363,195,0.5371900826446281
Leona,Mordekaiser,644,325,0.5046583850931677
Aphelios,TwistedFate,252,128,0.5079365079365079
Aphelios,Zyra,280,121,0.43214285714285716
Ahri,TwistedFate,447,223,0.4988814317673378
Ahri,Zyra,617,291,0.47163695299837927
Ahri,Mordekaiser,920,424,0.4608695652173913
Ahri,Nunu,459,239,0.5206971677559913
Lulu,Mordekaiser,481,234,0.4864864864864865
Lulu,Nunu,284,125,0.44014084507042256
Garen,Rengar,394,223,0.565989847715736
Garen,TwistedFate,433,233,0.5381062355658198
Volibear,Warwick,880,437,0.4965909090909091
Rengar,Warwick,332,145,0.4367469879518072
TwistedFate,Warwick,354,160,0.4519774011299435
Caitlyn,Warwick,1296,613,0.4729938271604938
Lucian,Volibear,579,295,0.5094991364421416
Lucian,Rengar,299,156,0.5217391304347826
Lucian,TwistedFate,367,192,0.5231607629427792
Caitlyn,Lucian,993,502,0.5055387713997986
Jinx,Volibear,1229,611,0.4971521562245728
Jinx,TwistedFate,631,336,0.5324881141045958
Jinx,Thresh,1132,589,0.5203180212014135
Karma,Rengar,236,137,0.5805084745762712
Garen,Jax,964,502,0.520746887966805
Azir,Garen,271,122,0.45018450184501846
Garen,Smolder,922,475,0.5151843817787418
Garen,Janna,320,156,0.4875
Kayn,Lillia,435,209,0.4804597701149425
Azir,Lillia,141,66,0.46808510638297873
Janna,Lillia,166,76,0.4578313253012048
Azir,Irelia,163,80,0.49079754601226994
Irelia,Janna,180,80,0.4444444444444444
Azir,MissFortune,409,168,0.41075794621026895
Azir,Sylas,296,139,0.46959459459459457
Gwen,Jax,483,220,0.4554865424430642
Gwen,Zed,419,233,0.5560859188544153
Gwen,Kalista,140,68,0.4857142857142857
Gwen,Poppy,285,144,0.5052631578947369
MasterYi,Zed,603,321,0.5323383084577115
Ahri,Sett,838,410,0.4892601431980907
Ahri,Jax,816,411,0.5036764705882353
Ahri,Poppy,412,200,0.4854368932038835
MissFortune,Zed,1027,530,0.5160662122687439
MissFortune,Poppy,621,320,0.5152979066022544
Neeko,Sett,453,225,0.4966887417218543
Jax,Neeko,465,238,0.5118279569892473
Kalista,Neeko,98,50,0.5102040816326531
Ambessa,Illaoi,185,79,0.42702702702702705
Ambessa,AurelionSol,216,113,0.5231481481481481
Ambessa,Lux,723,350,0.48409405255878285
Lillia,MissFortune,737,367,0.49796472184531887
Lillia,Lux,768,385,0.5013020833333334
Ryze,Sylas,365,169,0.46301369863013697
MissFortune,Ryze,520,264,0.5076923076923077
AurelionSol,Jhin,602,299,0.49667774086378735
Ryze,Shen,231,111,0.4805194805194805
Shen,Yasuo,615,283,0.46016260162601624
Briar,Diana,605,316,0.5223140495867769
Diana,Jinx,1106,563,0.5090415913200723
Brand,Diana,632,331,0.5237341772151899
Ryze,Syndra,211,95,0.45023696682464454
Ryze,Vayne,354,173,0.4887005649717514
Camille,Ryze,104,51,0.49038461538461536
Camille,Yasuo,280,115,0.4107142857142857
Brand,Camille,205,111,0.5414634146341464
Lillia,Nasus,330,178,0.5393939393939394
Nasus,Yunara,332,175,0.5271084337349398
Akali,Amumu,477,215,0.45073375262054505
Amumu,Yunara,449,257,0.5723830734966593
Akali,Katarina,416,204,0.49038461538461536
Katarina,Yunara,421,224,0.5320665083135392
Katarina,Leona,397,195,0.491183879093199
Lillia,Quinn,170,94,0.5529411764705883
Akali,Quinn,253,127,0.5019762845849802
Quinn,Yunara,264,143,0.5416666666666666
Lillia,Soraka,282,161,0.5709219858156028
Akali,Soraka,413,183,0.4430992736077482
Leona,Soraka,434,215,0.49539170506912444
Neeko,Varus,366,200,0.546448087431694
Lillia,Varus,296,150,0.5067567567567568
Rakan,Varus,228,120,0.5263157894736842
Caitlyn,Neeko,805,399,0.4956521739130435
Caitlyn,Lillia,724,323,0.44613259668508287
Caitlyn,Rakan,495,252,0.509090909090909
Chogath,Neeko,469,240,0.511727078891258
Chogath,Taliyah,216,110,0.5092592592592593
Chogath,Rakan,244,145,0.5942622950819673
Neeko,Ziggs,272,128,0.47058823529411764
Taliyah,Ziggs,147,64,0.43537414965986393
Lillia,Ziggs,257,130,0.5058365758754864
Rakan,Ziggs,140,68,0.4857142857142857
Neeko,Renekton,204,96,0.47058823529411764
Renekton,Taliyah,143,75,0.5244755244755245
Rakan,Renekton,122,51,0.4180327868852459
Rengar,Vi,175,83,0.4742857142857143
Rengar,Yasuo,434,169,0.38940092165898615
Ashe,Rengar,554,303,0.5469314079422383
Nami,Rengar,382,215,0.56282722513089
Jax,Sett,790,407,0.5151898734177215
Jax,Vi,404,206,0.5099009900990099
Jax,Nami,735,366,0.49795918367346936
Sett,Sylas,743,371,0.4993270524899058
Sylas,Vi,389,197,0.506426735218509
Aphelios,Vi,228,101,0.44298245614035087
Aphelios,Yasuo,548,256,0.46715328467153283
Sett,Zyra,534,276,0.5168539325842697
Vi,Zyra,308,166,0.538961038961039
Yasuo,Zyra,625,316,0.5056
Ashe,Zyra,831,405,0.48736462093862815
Warwick,Yorick,505,234,0.4633663366336634
Ahri,Yorick,482,236,0.4896265560165975
Caitlyn,Yorick,834,386,0.4628297362110312
Lillia,Nocturne,243,120,0.49382716049382713
Syndra,Warwick,403,197,0.48883374689826303
Caitlyn,Syndra,732,358,0.4890710382513661
Senna,Warwick,646,315,0.48761609907120745
Nocturne,Senna,351,188,0.5356125356125356
Ahri,Senna,705,372,0.5276595744680851
Nocturne,TahmKench,283,153,0.5406360424028268
Caitlyn,TahmKench,788,389,0.4936548223350254
Irelia,Leona,351,153,0.4358974358974359
Chogath,Irelia,414,231,0.5579710144927537
Chogath,Shaco,572,299,0.5227272727272727
Ekko,Mordekaiser,604,291,0.4817880794701987
Ekko,Leona,461,233,0.5054229934924078
Ekko,Lux,1069,514,0.480823199251637
Chogath,Ekko,526,252,0.4790874524714829
Gnar,Mordekaiser,256,110,0.4296875
Gnar,Leona,207,96,0.463768115942029
Gnar,Lux,404,194,0.4801980198019802
Caitlyn,Gnar,424,215,0.5070754716981132
Chogath,Gnar,258,131,0.5077519379844961
Camille,Heimerdinger,89,39,0.43820224719101125
Camille,Graves,133,62,0.46616541353383456
AurelionSol,Camille,96,49,0.5104166666666666
Leona,Sylas,601,293,0.4875207986688852
Heimerdinger,KogMaw,196,101,0.5153061224489796
Graves,KogMaw,187,92,0.4919786096256685
AurelionSol,KogMaw,179,91,0.5083798882681564
KogMaw,MissFortune,497,257,0.5171026156941649
KogMaw,Leona,243,127,0.522633744855967
AurelionSol,Lulu,233,139,0.5965665236051502
Fiora,Mordekaiser,328,164,0.5
Mordekaiser,Sejuani,275,154,0.56
Katarina,Mordekaiser,471,217,0.4607218683651805
Jhin,Mordekaiser,1232,599,0.4862012987012987
Sejuani,Viego,198,94,0.47474747474747475
Seraphine,Viego,587,278,0.4735945485519591
Fiora,Jayce,117,61,0.5213675213675214
Jayce,Sejuani,91,34,0.37362637362637363
Jayce,Katarina,172,90,0.5232558139534884
Jayce,Jhin,496,213,0.42943548387096775
Caitlyn,Fiora,525,256,0.4876190476190476
Braum,Sejuani,118,54,0.4576271186440678
Braum,Seraphine,295,156,0.5288135593220339
Tryndamere,Veigar,402,196,0.48756218905472637
Ekko,Tryndamere,358,165,0.46089385474860334
Jhin,Tryndamere,668,329,0.49251497005988026
Ekko,Nasus,373,175,0.4691689008042895
Jhin,Nasus,757,380,0.5019815059445178
Aurora,Veigar,399,205,0.5137844611528822
Aurora,Garen,423,195,0.46099290780141844
Aurora,Soraka,239,109,0.4560669456066946
Soraka,Yasuo,622,312,0.5016077170418006
Rakan,Veigar,283,138,0.4876325088339223
Ekko,Rakan,215,109,0.5069767441860465
Garen,Rakan,278,152,0.5467625899280576
Jhin,Rakan,450,240,0.5333333333333333
Rakan,Soraka,169,84,0.4970414201183432
Aatrox,Kayn,537,278,0.5176908752327747
Aatrox,Ambessa,361,177,0.4903047091412742
Ambessa,Nocturne,198,105,0.5303030303030303
Ambessa,Fizz,253,128,0.5059288537549407
Ambessa,Zyra,263,109,0.4144486692015209
Nocturne,Sylas,413,221,0.5351089588377724
Sylas,Zyra,531,273,0.5141242937853108
Fizz,Jhin,778,385,0.4948586118251928
Aatrox,Braum,269,139,0.516728624535316
Braum,Nocturne,177,93,0.5254237288135594
Braum,Fizz,243,100,0.411522633744856
Braum,MissFortune,638,309,0.4843260188087774
Braum,Zyra,229,96,0.4192139737991266
DrMundo,Zaahen,952,422,0.4432773109243697
DrMundo,MasterYi,788,397,0.5038071065989848
Cassiopeia,DrMundo,229,102,0.44541484716157204
Akali,DrMundo,655,291,0.4442748091603053
MasterYi,Riven,377,188,0.4986737400530504
Cassiopeia,Riven,99,42,0.42424242424242425
Akali,Riven,329,164,0.49848024316109424
Cassiopeia,Zed,181,88,0.4861878453038674
Jinx,Zed,900,478,0.5311111111111111
Akali,Zed,481,255,0.5301455301455301
Cassiopeia,Vayne,207,110,0.5314009661835749
Cassiopeia,Lux,345,163,0.47246376811594204
Akali,Lux,1154,538,0.4662045060658579
Jayce,Poppy,147,79,0.5374149659863946
Poppy,Sett,400,188,0.47
Janna,Poppy,160,78,0.4875
Kalista,Poppy,111,64,0.5765765765765766
Lux,Poppy,642,348,0.5420560747663551
Janna,MonkeyKing,180,92,0.5111111111111111
Lux,MonkeyKing,649,330,0.5084745762711864
Jayce,Tristana,265,136,0.5132075471698113
Sett,Tristana,672,376,0.5595238095238095
AurelionSol,Sett,396,196,0.494949494949495
Azir,LeeSin,159,77,0.48427672955974843
Caitlyn,LeeSin,792,413,0.5214646464646465
LeeSin,Lux,831,386,0.4645006016847172
Gragas,Talon,125,65,0.52
Azir,Gragas,117,53,0.452991452991453
Caitlyn,Gragas,545,271,0.4972477064220184
Azir,Jinx,387,174,0.4496124031007752
Nautilus,Talon,292,142,0.4863013698630137
Azir,Nautilus,254,116,0.4566929133858268
Gragas,Mel,392,190,0.4846938775510204
Sett,Zoe,409,233,0.5696821515892421
Irelia,Zoe,241,112,0.46473029045643155
Irelia,Morgana,588,272,0.46258503401360546
Mel,Xayah,540,297,0.55
Sett,Xayah,437,239,0.5469107551487414
Lux,Xayah,740,397,0.5364864864864864
Irelia,Xayah,234,110,0.4700854700854701
Aurora,Mel,460,223,0.48478260869565215
Aurora,Lux,673,325,0.48291233283803864
Ahri,Aurora,432,214,0.49537037037037035
Aurora,Irelia,197,99,0.5025380710659898
Ahri,MasterYi,810,402,0.4962962962962963
Ashe,Kaisa,1556,816,0.5244215938303342
DrMundo,Jhin,1265,680,0.5375494071146245
Illaoi,Rumble,120,64,0.5333333333333333
Nocturne,Rumble,121,58,0.4793388429752066
Rumble,Vladimir,111,63,0.5675675675675675
Mel,Rumble,221,119,0.5384615384615384
Morgana,Rumble,295,158,0.535593220338983
Neeko,Nocturne,257,124,0.48249027237354086
Mel,Neeko,656,359,0.5472560975609756
Illaoi,Yasuo,434,211,0.4861751152073733
Vladimir,Yasuo,579,279,0.48186528497409326
Kaisa,Vladimir,568,267,0.47007042253521125
Illaoi,Pyke,281,156,0.5551601423487544
Nocturne,Pyke,329,181,0.5501519756838906
Pyke,Vladimir,356,168,0.47191011235955055
Mel,Pyke,786,419,0.5330788804071247
Morgana,Pyke,781,443,0.5672215108834827
DrMundo,Renata,211,104,0.4928909952606635
DrMundo,Rumble,198,96,0.48484848484848486
Nocturne,Renata,105,45,0.42857142857142855
Shen,Swain,444,194,0.4369369369369369
Kindred,Swain,314,143,0.4554140127388535
Renata,Swain,203,94,0.4630541871921182
Rumble,Swain,190,90,0.47368421052631576
Lissandra,Sylas,222,102,0.4594594594594595
Lissandra,Shen,146,79,0.541095890410959
Kindred,Lissandra,98,52,0.5306122448979592
Lissandra,Rumble,75,37,0.49333333333333335
Gangplank,Sylas,315,144,0.45714285714285713
Gangplank,Kindred,146,72,0.4931506849315068
Gangplank,Rumble,101,38,0.37623762376237624
Akali,Gwen,447,211,0.4720357941834452
Gwen,Jhin,796,386,0.4849246231155779
Akali,Diana,615,309,0.5024390243902439
Diana,Soraka,487,250,0.5133470225872689
Soraka,Varus,390,223,0.5717948717948718
Neeko,Zaahen,528,259,0.49053030303030304
Akali,Neeko,357,163,0.4565826330532213
Jhin,Neeko,699,343,0.4907010014306152
Neeko,Soraka,322,161,0.5
Ambessa,Teemo,451,197,0.43680709534368073
Kindred,Teemo,385,170,0.44155844155844154
Teemo,Vex,470,224,0.4765957446808511
Bard,Teemo,451,209,0.4634146341463415
Kindred,MonkeyKing,189,86,0.455026455026455
MonkeyKing,Vex,181,80,0.4419889502762431
Draven,MonkeyKing,198,88,0.4444444444444444
Akshan,Kindred,162,77,0.47530864197530864
Akshan,Vex,162,68,0.41975308641975306
Akshan,Bard,165,82,0.49696969696969695
Ambessa,Ziggs,231,117,0.5064935064935064
Draven,Ziggs,220,107,0.4863636363636364
Ambessa,Nautilus,458,233,0.5087336244541485
Kindred,Nautilus,343,166,0.4839650145772595
Draven,Nautilus,358,178,0.4972067039106145
Gwen,Zac,209,116,0.5550239234449761
Galio,Gwen,330,191,0.5787878787878787
Lillia,Zac,199,114,0.5728643216080402
Galio,Lillia,334,146,0.437125748502994
Ambessa,Qiyana,160,82,0.5125
Qiyana,Zac,114,47,0.41228070175438597
Galio,Qiyana,197,119,0.6040609137055838
Poppy,Qiyana,146,76,0.5205479452054794
Ambessa,Caitlyn,697,340,0.4878048780487805
Caitlyn,Zac,506,268,0.5296442687747036
Caitlyn,Galio,900,453,0.5033333333333333
Ambessa,Rell,144,77,0.5347222222222222
Rell,Zac,125,58,0.464
Galio,Rell,199,98,0.49246231155778897
Yasuo,Zaahen,1004,477,0.4750996015936255
Nautilus,Zaahen,715,296,0.413986013986014
Briar,DrMundo,691,349,0.5050651230101303
Briar,Nautilus,563,294,0.522202486678508
DrMundo,Malzahar,780,372,0.47692307692307695
DrMundo,Draven,407,229,0.5626535626535627
DrMundo,Leona,736,350,0.47554347826086957
Leona,Yasuo,774,400,0.5167958656330749
Leona,Vayne,660,314,0.47575757575757577
Ekko,Kayle,413,212,0.513317191283293
Fizz,Kayle,334,174,0.5209580838323353
Kayle,MissFortune,977,479,0.49027635619242577
Kayle,Soraka,359,208,0.5793871866295265
Ekko,JarvanIV,364,182,0.5
JarvanIV,MissFortune,740,375,0.5067567567567568
JarvanIV,Soraka,332,164,0.4939759036144578
Orianna,Yone,381,195,0.5118110236220472
Ekko,Orianna,283,143,0.5053003533568905
Fizz,Orianna,246,123,0.5
MissFortune,Orianna,640,320,0.5
Caitlyn,Soraka,894,469,0.5246085011185683
Ambessa,Fiora,176,87,0.4943181818181818
Amumu,Fiora,245,136,0.5551020408163265
Akali,Fiora,229,111,0.4847161572052402
Fiora,Zilean,117,59,0.5042735042735043
Ambessa,Kayn,401,198,0.4937655860349127
Akali,Kayn,620,306,0.4935483870967742
Ambessa,Syndra,234,114,0.48717948717948717
Amumu,Syndra,378,203,0.5370370370370371
Ezreal,Syndra,433,196,0.45265588914549654
Syndra,Zilean,160,86,0.5375
Ambessa,Twitch,332,179,0.5391566265060241
Akali,Twitch,486,244,0.5020576131687243
Twitch,Zilean,234,118,0.5042735042735043
Poppy,Sion,301,148,0.49169435215946844
Darius,Poppy,369,177,0.4796747967479675
Mel,Poppy,530,268,0.5056603773584906
Ashe,Poppy,553,276,0.49909584086799275
Mel,Viego,924,450,0.487012987012987
Senna,Viego,539,271,0.5027829313543599
Ashe,AurelionSol,573,266,0.4642233856893543
AurelionSol,Senna,369,197,0.5338753387533876
Samira,Sion,302,154,0.5099337748344371
Darius,Samira,404,216,0.5346534653465347
Mel,Samira,627,311,0.4960127591706539
Ashe,Samira,707,350,0.49504950495049505
Samira,Senna,387,189,0.4883720930232558
Rell,Sion,234,109,0.4658119658119658
Darius,Rell,224,118,0.5267857142857143
Ashe,Rell,367,187,0.5095367847411444
Rell,Senna,241,119,0.49377593360995853
Karthus,Nocturne,150,87,0.58
Amumu,Nocturne,402,222,0.5522388059701493
Hwei,Karthus,176,87,0.4943181818181818
Amumu,Hwei,417,207,0.49640287769784175
Blitzcrank,Hwei,342,169,0.49415204678362573
Karthus,Samira,159,87,0.5471698113207547
Lux,Samira,827,400,0.4836759371221282
Amumu,Samira,353,195,0.5524079320113314
Karthus,Renekton,147,58,0.3945578231292517
Lux,Renekton,654,331,0.5061162079510704
Blitzcrank,Renekton,268,109,0.40671641791044777
Garen,Shyvana,231,129,0.5584415584415584
Janna,Shyvana,89,51,0.5730337078651685
Bard,Shyvana,114,54,0.47368421052631576
Janna,Zaahen,348,172,0.4942528735632184
Bard,Zaahen,415,206,0.4963855421686747
Ekko,Leblanc,302,151,0.5
Janna,Leblanc,145,80,0.5517241379310345
Bard,Leblanc,233,113,0.48497854077253216
Ekko,Vayne,631,324,0.5134706814580031
Janna,Vayne,319,155,0.48589341692789967
Garen,Pantheon,795,411,0.5169811320754717
Janna,Pantheon,330,161,0.48787878787878786
Garen,Sion,608,284,0.46710526315789475
Elise,Sion,154,66,0.42857142857142855
Rakan,Sion,211,104,0.4928909952606635
Diana,Garen,763,382,0.5006553079947575
Diana,Sylas,852,446,0.5234741784037559
Diana,Rakan,249,111,0.4457831325301205
Elise,Senna,183,99,0.5409836065573771
MissFortune,Senna,1105,571,0.5167420814479639
Rakan,Senna,226,109,0.4823008849557522
Caitlyn,Elise,394,214,0.5431472081218274
Akali,Garen,637,293,0.4599686028257457
Akali,Elise,192,98,0.5104166666666666
Akali,MissFortune,1105,535,0.4841628959276018
Akali,Rakan,222,100,0.45045045045045046
FiddleSticks,Vayne,417,222,0.5323741007194245
LeeSin,Vayne,452,225,0.497787610619469
Khazix,LeeSin,270,141,0.5222222222222223
Diana,LeeSin,480,280,0.5833333333333334
Ezreal,LeeSin,512,260,0.5078125
LeeSin,Nautilus,503,230,0.4572564612326044
Lux,Vayne,1365,687,0.5032967032967033
Khazix,Lux,697,329,0.4720229555236729
Khazix,Mel,512,259,0.505859375
Diana,Mel,1030,561,0.5446601941747573
Mel,Nautilus,931,470,0.5048335123523093
Sejuani,Vi,141,71,0.5035460992907801
Akali,Sejuani,166,82,0.4939759036144578
Renekton,Shyvana,114,60,0.5263157894736842
Akali,Shyvana,176,86,0.48863636363636365
Shyvana,Twitch,171,71,0.4152046783625731
Milio,Shyvana,140,76,0.5428571428571428
Garen,Vi,404,204,0.504950495049505
Garen,Milio,545,254,0.46605504587155966
Renekton,Zeri,149,77,0.5167785234899329
Vi,Zeri,171,81,0.47368421052631576
Akali,Zeri,235,126,0.5361702127659574
Milio,Zeri,173,96,0.5549132947976878
Lulu,Renekton,251,110,0.43824701195219123
Lulu,Vi,233,105,0.45064377682403434
Pantheon,Zed,659,363,0.5508345978755691
Vex,Zed,298,154,0.5167785234899329
Jayce,Vi,163,77,0.4723926380368098
Pantheon,Vi,457,232,0.5076586433260394
Ezreal,Vi,414,187,0.45169082125603865
Brand,Vi,391,202,0.5166240409207161
Jayce,Sylas,305,134,0.43934426229508194
Sylas,Vex,386,189,0.4896373056994819
Pantheon,Smolder,873,442,0.5063001145475372
Ezreal,Smolder,891,397,0.44556677890011226
AurelionSol,Vex,179,82,0.4581005586592179
Pantheon,Sett,807,400,0.49566294919454773
Graves,Hecarim,159,85,0.5345911949685535
Graves,Kennen,153,71,0.46405228758169936
Ahri,Pantheon,875,450,0.5142857142857142
Ahri,Kennen,271,140,0.5166051660516605
Kennen,Smolder,258,132,0.5116279069767442
Hecarim,Mel,366,184,0.5027322404371585
Kennen,Mel,299,151,0.5050167224080268
Bard,Mel,520,256,0.49230769230769234
Nidalee,Seraphine,286,136,0.4755244755244755
Ekko,Seraphine,496,252,0.5080645161290323
Seraphine,Zyra,498,212,0.42570281124497994
Lucian,Zyra,429,181,0.4219114219114219
Gnar,Nidalee,102,55,0.5392156862745098
Fiora,Gnar,84,38,0.4523809523809524
Ekko,Gnar,183,89,0.48633879781420764
Gnar,Zyra,175,73,0.41714285714285715
Fiora,Leona,241,121,0.5020746887966805
Nidalee,Shen,204,100,0.49019607843137253
Nami,Shen,468,229,0.4893162393162393
Fiora,Shen,220,101,0.4590909090909091
Shen,Zyra,326,156,0.4785276073619632
Neeko,Teemo,577,273,0.4731369150779896
Teemo,Yuumi,530,268,0.5056603773584906
Naafiri,Teemo,454,205,0.45154185022026433
Malphite,Sett,830,407,0.4903614457831325
Blitzcrank,Malphite,597,279,0.46733668341708545
Malphite,Naafiri,453,253,0.5584988962472406
Nunu,Sett,442,206,0.4660633484162896
Neeko,Nunu,271,139,0.5129151291512916
Naafiri,Nunu,192,92,0.4791666666666667
Neeko,Sivir,296,148,0.5
Naafiri,Sivir,239,112,0.4686192468619247
Aatrox,Blitzcrank,433,223,0.5150115473441108
Aatrox,Naafiri,319,152,0.47648902821316613
Fiora,Nunu,174,85,0.4885057471264368
Fiora,Swain,255,127,0.4980392156862745
Fiora,Twitch,248,109,0.43951612903225806
Nunu,Teemo,531,266,0.5009416195856874
Teemo,Twitch,675,366,0.5422222222222223
Mordekaiser,Yone,854,426,0.49882903981264637
Nunu,Yone,423,198,0.46808510638297873
MissFortune,Nunu,676,352,0.5207100591715976
MissFortune,Twitch,1029,543,0.5276967930029155
Lux,Nunu,762,394,0.5170603674540682
Lux,Swain,1130,541,0.47876106194690266
Sett,Vayne,808,429,0.530940594059406
Gragas,Lillia,174,80,0.45977011494252873
Lillia,Vayne,403,201,0.4987593052109181
Lillia,Senna,371,197,0.5309973045822103
Corki,Vayne,253,123,0.48616600790513836
Vayne,Velkoz,541,264,0.4879852125693161
Senna,Velkoz,447,194,0.43400447427293065
Karthus,Vladimir,156,83,0.532051282051282
Sejuani,Vladimir,167,88,0.5269461077844312
Gangplank,Vladimir,200,100,0.5
Heimerdinger,Vladimir,211,108,0.5118483412322274
Renata,Vladimir,119,57,0.4789915966386555
Vladimir,Volibear,405,181,0.4469135802469136
Gnar,Vladimir,134,56,0.417910447761194
Chogath,Karthus,296,153,0.5168918918918919
Chogath,Sejuani,256,136,0.53125
Chogath,Heimerdinger,388,199,0.5128865979381443
Chogath,Renata,235,120,0.5106382978723404
Amumu,Karthus,233,123,0.5278969957081545
Amumu,Varus,499,291,0.5831663326653307
Amumu,Gangplank,258,147,0.5697674418604651
Amumu,Heimerdinger,346,178,0.5144508670520231
Amumu,Renata,177,92,0.519774011299435
Amumu,Gnar,239,124,0.5188284518828452
Karthus,Zoe,162,80,0.49382716049382713
Varus,Zoe,287,146,0.5087108013937283
Sejuani,Zoe,119,65,0.5462184873949579
Gangplank,Zoe,148,79,0.5337837837837838
Heimerdinger,Zoe,182,94,0.5164835164835165
Renata,Zoe,104,58,0.5576923076923077
Volibear,Zoe,346,204,0.5895953757225434
Gnar,Zoe,113,60,0.5309734513274337
Heimerdinger,Karthus,161,85,0.5279503105590062
Gangplank,Heimerdinger,141,68,0.48226950354609927
Heimerdinger,Heimerdinger,37,4,0.10810810810810811
Heimerdinger,Renata,105,58,0.5523809523809524
Varus,Xerath,400,188,0.47
Gangplank,Xerath,232,104,0.4482758620689655
Renata,Xerath,157,76,0.4840764331210191
Azir,Karthus,94,38,0.40425531914893614
Azir,Varus,197,93,0.4720812182741117
Azir,Sejuani,87,38,0.4367816091954023
Azir,Gangplank,106,52,0.49056603773584906
Azir,Heimerdinger,135,52,0.3851851851851852
Azir,Renata,87,38,0.4367816091954023
Azir,Volibear,242,89,0.3677685950413223
Azir,Gnar,100,49,0.49
DrMundo,Yasuo,971,440,0.45314109165808447
Ashe,Yasuo,1496,732,0.4893048128342246
Seraphine,Yasuo,782,353,0.4514066496163683
DrMundo,Yone,876,434,0.4954337899543379
Velkoz,Yone,528,264,0.5
Samira,Warwick,431,212,0.4918793503480278
Samira,Velkoz,285,139,0.48771929824561405
Samira,Seraphine,400,234,0.585
DrMundo,Xerath,580,294,0.506896551724138
Ashe,Xerath,817,421,0.5152998776009792
Seraphine,Xerath,479,220,0.4592901878914405
Pantheon,Tryndamere,397,196,0.49370277078085645
Ivern,Tryndamere,98,41,0.41836734693877553
Syndra,Tryndamere,217,106,0.48847926267281105
Ashe,Tryndamere,627,312,0.49760765550239233
Rakan,Tryndamere,167,72,0.4311377245508982
Darius,Pantheon,752,357,0.4747340425531915
Darius,Rakan,229,127,0.5545851528384279
Orianna,Pantheon,415,221,0.5325301204819277
Orianna,Rakan,157,82,0.5222929936305732
Caitlyn,Ivern,350,167,0.47714285714285715
Nautilus,Pantheon,750,361,0.48133333333333334
Nautilus,Rakan,297,152,0.5117845117845118
Malphite,Teemo,1067,503,0.47141518275538896
Akali,Teemo,748,358,0.4786096256684492
Malphite,Nunu,430,230,0.5348837209302325
Akali,Nunu,323,156,0.48297213622291024
Azir,Malphite,253,108,0.4268774703557312
Azir,Kayn,235,100,0.425531914893617
Akali,Azir,177,101,0.5706214689265536
Azir,Caitlyn,422,182,0.4312796208530806
Azir,Sona,168,73,0.43452380952380953
Kayn,Twitch,567,268,0.47266313932980597
Kayn,Pantheon,845,406,0.4804733727810651
Mordekaiser,Zaahen,746,363,0.4865951742627346
Ornn,Zaahen,529,211,0.3988657844990548
DrMundo,Ornn,498,281,0.5642570281124498
Akshan,Ornn,179,89,0.4972067039106145
DrMundo,Jax,875,435,0.49714285714285716
Jhin,Samira,776,369,0.47551546391752575
Akshan,Hwei,211,91,0.4312796208530806
Hwei,Seraphine,402,208,0.5174129353233831
Kassadin,Yone,185,76,0.41081081081081083
Malphite,Vi,452,222,0.4911504424778761
Kassadin,Vi,123,52,0.42276422764227645
Vayne,Vi,454,233,0.513215859030837
Brand,Malphite,756,404,0.5343915343915344
Brand,Zyra,512,259,0.505859375
Malphite,Xayah,498,283,0.5682730923694779
DrMundo,Xayah,435,212,0.48735632183908045
Kassadin,Xayah,135,54,0.4
Xayah,Zyra,277,127,0.4584837545126354
Kassadin,Morgana,256,94,0.3671875
Morgana,Vayne,1035,548,0.5294685990338164
Morgana,Zyra,804,403,0.5012437810945274
Teemo,Viego,772,381,0.49352331606217614
Hwei,Teemo,570,275,0.4824561403508772
MasterYi,Viego,630,318,0.5047619047619047
Hwei,MasterYi,419,207,0.49403341288782815
MasterYi,Twitch,515,278,0.5398058252427185
Blitzcrank,MasterYi,543,263,0.4843462246777164
Viego,Viktor,362,186,0.5138121546961326
Hwei,Viktor,305,162,0.5311475409836065
Twitch,Viktor,359,180,0.5013927576601671
Blitzcrank,Viktor,310,142,0.45806451612903226
Hwei,Lucian,415,209,0.5036144578313253
Lucian,Twitch,492,245,0.49796747967479676
Blitzcrank,Lucian,502,250,0.49800796812749004
Renata,Viego,142,70,0.49295774647887325
Hwei,Renata,136,65,0.47794117647058826
Renata,Twitch,177,80,0.4519774011299435
Blitzcrank,Renata,173,92,0.5317919075144508
Teemo,XinZhao,507,253,0.4990138067061144
Shaco,Volibear,589,288,0.48896434634974534
Shaco,XinZhao,341,167,0.4897360703812317
Naafiri,Shaco,333,159,0.4774774774774775
Veigar,Volibear,751,367,0.48868175765645805
Naafiri,Veigar,380,185,0.4868421052631579
Sona,Veigar,447,220,0.49217002237136465
Samira,XinZhao,230,115,0.5
Naafiri,Samira,199,79,0.3969849246231156
Samira,Sona,232,109,0.4698275862068966
Morgana,XinZhao,592,280,0.47297297297297297
Morgana,Naafiri,519,263,0.5067437379576107
Jayce,Zoe,177,92,0.519774011299435
Jayce,Pantheon,317,150,0.47318611987381703
Jayce,Kennen,114,57,0.5
Ahri,Vi,476,220,0.46218487394957986
Kennen,Vi,144,65,0.4513888888888889
Twitch,Zoe,328,154,0.4695121951219512
Kennen,Twitch,204,98,0.4803921568627451
Evelynn,Zoe,151,78,0.5165562913907285
Evelynn,Pantheon,287,128,0.445993031358885
Evelynn,Kennen,100,54,0.54
Caitlyn,Kennen,410,211,0.5146341463414634
JarvanIV,LeeSin,336,184,0.5476190476190477
Sylas,Volibear,733,349,0.4761255115961801
JarvanIV,Sylas,575,292,0.5078260869565218
Syndra,Volibear,349,176,0.504297994269341
JarvanIV,Syndra,277,159,0.5740072202166066
Sivir,Syndra,325,180,0.5538461538461539
Aphelios,JarvanIV,284,142,0.5
Aphelios,Sivir,277,127,0.4584837545126354
Aphelios,Janna,164,84,0.5121951219512195
Diana,Leona,543,270,0.4972375690607735
Leona,Sivir,422,199,0.471563981042654
Janna,Leona,276,142,0.5144927536231884
Aatrox,Nilah,171,81,0.47368421052631576
Nilah,Volibear,223,116,0.5201793721973094
Nilah,Vayne,231,123,0.5324675324675324
Ekko,Nilah,176,78,0.4431818181818182
Nilah,TahmKench,155,84,0.5419354838709678
Vayne,Zac,326,151,0.46319018404907975
TahmKench,Zac,215,99,0.4604651162790698
Aatrox,Mel,731,358,0.4897400820793434
Aatrox,Alistar,263,136,0.5171102661596958
Alistar,Volibear,338,147,0.4349112426035503
Alistar,Vayne,372,191,0.5134408602150538
Alistar,Ekko,247,122,0.4939271255060729
Alistar,TahmKench,226,97,0.42920353982300885
MasterYi,TahmKench,496,254,0.5120967741935484
Quinn,Velkoz,224,117,0.5223214285714286
FiddleSticks,MissFortune,715,354,0.4951048951048951
FiddleSticks,Talon,152,77,0.506578947368421
Chogath,Velkoz,507,235,0.4635108481262327
Chogath,Twitch,563,285,0.5062166962699822
Chogath,Talon,289,152,0.5259515570934256
Katarina,Velkoz,350,161,0.46
Katarina,Nautilus,444,210,0.47297297297297297
Katarina,Twitch,330,171,0.5181818181818182
Katarina,Talon,231,128,0.5541125541125541
Talon,Xerath,211,98,0.46445497630331756
Sona,Tristana,412,211,0.5121359223300971
Tristana,Veigar,679,340,0.5007363770250368
Brand,Tristana,652,344,0.5276073619631901
Alistar,Tristana,289,134,0.46366782006920415
Rammus,Tristana,239,121,0.5062761506276151
Pyke,Singed,361,157,0.43490304709141275
Leona,Singed,315,151,0.4793650793650794
Singed,Sona,270,138,0.5111111111111111
Singed,Veigar,395,206,0.5215189873417722
Brand,Singed,366,199,0.5437158469945356
Rammus,Singed,170,71,0.4176470588235294
Pyke,Yuumi,354,179,0.5056497175141242
Leona,Yuumi,388,191,0.49226804123711343
Sona,Yuumi,284,147,0.5176056338028169
Veigar,Yuumi,457,261,0.5711159737417943
Rammus,Yuumi,177,101,0.5706214689265536
Kayle,Pyke,450,244,0.5422222222222223
Kayle,Teemo,663,321,0.4841628959276018
Kayle,Sona,333,167,0.5015015015015015
Kayle,Veigar,566,283,0.5
Brand,Kayle,541,282,0.5212569316081331
Alistar,Kayle,217,99,0.45622119815668205
Nautilus,Pyke,644,315,0.4891304347826087
Nautilus,Veigar,702,346,0.4928774928774929
Alistar,Nautilus,384,199,0.5182291666666666
Hecarim,Pyke,257,126,0.490272373540856
Alistar,Hecarim,167,76,0.4550898203592814
Hecarim,Rammus,113,58,0.5132743362831859
Ornn,Pyke,366,173,0.4726775956284153
Ornn,Teemo,473,227,0.4799154334038055
Ornn,Sona,249,120,0.4819277108433735
Brand,Ornn,394,229,0.5812182741116751
Alistar,Ornn,233,115,0.49356223175965663
Ornn,Rammus,163,74,0.4539877300613497
Leona,Morgana,819,382,0.46642246642246643
Ivern,Pyke,181,87,0.48066298342541436
Pyke,Yasuo,705,325,0.46099290780141844
Lillia,Pyke,368,211,0.5733695652173914
Pyke,Rakan,252,137,0.5436507936507936
Pyke,Zeri,266,132,0.49624060150375937
Ezreal,Riven,414,199,0.4806763285024155
Chogath,Riven,365,203,0.5561643835616439
Rakan,Riven,166,75,0.45180722891566266
Riven,Zeri,166,84,0.5060240963855421
Elise,Ezreal,238,123,0.5168067226890757
Elise,Ivern,64,31,0.484375
Elise,Yasuo,273,119,0.4358974358974359
Elise,Lillia,115,47,0.40869565217391307
Chogath,Elise,210,111,0.5285714285714286
Elise,Rakan,85,36,0.4235294117647059
Elise,Zeri,69,36,0.5217391304347826
Elise,MasterYi,220,114,0.5181818181818182
Ezreal,Talon,342,172,0.5029239766081871
Ivern,Talon,92,44,0.4782608695652174
Talon,Yasuo,428,194,0.4532710280373832
Rakan,Talon,122,67,0.5491803278688525
MasterYi,Talon,299,145,0.48494983277591974
Braum,Ezreal,347,181,0.521613832853026
Braum,Yasuo,404,193,0.4777227722772277
Braum,Lillia,210,90,0.42857142857142855
Braum,Chogath,341,148,0.4340175953079179
Braum,Rakan,135,59,0.43703703703703706
Braum,MasterYi,353,163,0.46175637393767704
Ivern,Morgana,281,144,0.5124555160142349
Morgana,Rakan,351,191,0.5441595441595442
Ezreal,Zyra,606,250,0.41254125412541254
Ivern,Zyra,163,69,0.4233128834355828
Lillia,Zyra,278,134,0.48201438848920863
Chogath,Zyra,510,249,0.48823529411764705
Rakan,Zyra,181,79,0.43646408839779005
Zeri,Zyra,210,115,0.5476190476190477
MasterYi,Zyra,483,244,0.505175983436853
Ezreal,Trundle,446,213,0.47757847533632286
Trundle,Yasuo,560,273,0.4875
Chogath,Trundle,504,254,0.503968253968254
Rakan,Trundle,161,84,0.5217391304347826
Sett,Tryndamere,428,222,0.5186915887850467
Akali,Tryndamere,318,159,0.5
Caitlyn,Tryndamere,680,338,0.4970588235294118
Sett,Talon,334,170,0.5089820359281437
Kayn,Talon,318,175,0.550314465408805
Lux,Talon,530,278,0.5245283018867924
Sett,Vladimir,447,244,0.5458612975391499
Lux,Vladimir,623,346,0.5553772070626003
Kayn,Thresh,701,355,0.5064194008559201
Akali,Thresh,595,288,0.48403361344537815
MonkeyKing,Smolder,487,243,0.4989733059548255
Smolder,Yone,908,471,0.5187224669603524
Ambessa,Vladimir,280,143,0.5107142857142857
Ambessa,Yone,451,239,0.5299334811529933
Ambessa,Jinx,613,297,0.48450244698205547
Aurora,Vladimir,254,141,0.5551181102362205
Aurora,MonkeyKing,202,98,0.48514851485148514
Tristana,Vladimir,389,210,0.5398457583547558
Seraphine,Vladimir,354,176,0.4971751412429379
MonkeyKing,Seraphine,317,175,0.5520504731861199
Katarina,MonkeyKing,246,118,0.4796747967479675
MonkeyKing,Zed,279,158,0.5663082437275986
Blitzcrank,MonkeyKing,318,143,0.449685534591195
Katarina,Taric,148,75,0.5067567567567568
Blitzcrank,Taric,226,101,0.4469026548672566
Katarina,Vex,259,123,0.4749034749034749
Gnar,Riven,108,53,0.49074074074074076
Gnar,Seraphine,214,101,0.4719626168224299
Gnar,Swain,237,116,0.48945147679324896
Riven,Udyr,202,86,0.42574257425742573
Kayn,Udyr,358,181,0.505586592178771
Swain,Udyr,280,160,0.5714285714285714
Hwei,Riven,289,150,0.5190311418685121
Riven,Yunara,337,174,0.516320474777448
Seraphine,Yunara,536,264,0.4925373134328358
Vayne,Yunara,664,351,0.5286144578313253
Swain,Yunara,449,259,0.576837416481069
Kayn,Rell,272,156,0.5735294117647058
Rell,Seraphine,218,107,0.4908256880733945
Rell,Vayne,296,131,0.44256756756756754
Fiora,Zaahen,321,137,0.42679127725856697
Taliyah,Vi,144,60,0.4166666666666667
Draven,Vi,206,100,0.4854368932038835
Sylas,Taliyah,259,124,0.47876447876447875
Draven,Sylas,395,169,0.4278481012658228
Fiora,Sylas,320,151,0.471875
Hwei,Malphite,452,215,0.4756637168141593
Hwei,Viego,409,192,0.46943765281173594
Hwei,Taliyah,170,85,0.5
Draven,Hwei,261,128,0.4904214559386973
Fiora,Hwei,166,79,0.4759036144578313
Mel,Taliyah,299,149,0.4983277591973244
Fiora,Mel,367,183,0.4986376021798365
Volibear,Yorick,479,230,0.4801670146137787
Lillia,Volibear,460,258,0.5608695652173913
Volibear,Yasuo,952,484,0.5084033613445378
Brand,Volibear,715,388,0.5426573426573427
Nautilus,Volibear,745,351,0.47114093959731546
Lillia,Udyr,190,105,0.5526315789473685
Nautilus,Udyr,327,163,0.4984709480122324
Xerath,Yorick,317,160,0.5047318611987381
Xerath,Yasuo,621,313,0.5040257648953301
Brand,Xerath,527,264,0.5009487666034156
Kaisa,Yorick,550,233,0.42363636363636364
Brand,Kaisa,850,455,0.5352941176470588
Lux,Yorick,795,378,0.47547169811320755
Jinx,Ornn,546,276,0.5054945054945055
Nautilus,Ornn,418,219,0.5239234449760766
Ornn,Soraka,267,113,0.4232209737827715
Ornn,Ryze,220,108,0.4909090909090909
Corki,Jinx,365,160,0.4383561643835616
Corki,Nautilus,226,114,0.504424778761062
Corki,Soraka,186,84,0.45161290322580644
Corki,Xayah,147,77,0.5238095238095238
Hwei,Xayah,276,135,0.4891304347826087
Hwei,Ryze,227,113,0.4977973568281938
Blitzcrank,Jinx,841,405,0.4815695600475624
Blitzcrank,Nautilus,510,246,0.4823529411764706
Blitzcrank,Xayah,364,177,0.48626373626373626
Soraka,Tristana,481,240,0.498960498960499
Tristana,Xayah,423,210,0.49645390070921985
Ryze,Tristana,303,163,0.5379537953795379
Malphite,Tryndamere,487,248,0.5092402464065708
Malphite,Nami,800,420,0.525
Rengar,Tryndamere,154,65,0.42207792207792205
Rengar,Viego,332,143,0.4307228915662651
Aurora,Rengar,177,86,0.4858757062146893
Diana,Tryndamere,333,160,0.4804804804804805
Diana,Hwei,437,219,0.5011441647597255
Aurora,Diana,388,195,0.5025773195876289
Diana,Nami,692,365,0.5274566473988439
Pantheon,Viego,731,376,0.5143638850889193
Hwei,Pantheon,480,243,0.50625
Aurora,Pantheon,396,192,0.48484848484848486
Nami,Pantheon,746,401,0.5375335120643432
Aatrox,Talon,247,131,0.5303643724696356
Aatrox,Jinx,836,410,0.4904306220095694
Aatrox,Thresh,572,299,0.5227272727272727
Amumu,Talon,259,130,0.5019305019305019
Amumu,Thresh,580,322,0.5551724137931034
Katarina,Zed,403,197,0.48883374689826303
KogMaw,Mordekaiser,323,148,0.4582043343653251
KogMaw,Talon,153,69,0.45098039215686275
Katarina,KogMaw,223,96,0.4304932735426009
Janna,Mordekaiser,329,150,0.45592705167173253
Janna,Talon,131,63,0.48091603053435117
Janna,Katarina,215,100,0.46511627906976744
Janna,Jinx,460,215,0.4673913043478261
Janna,Thresh,332,164,0.4939759036144578
Aurora,DrMundo,418,213,0.5095693779904307
DrMundo,Sivir,494,258,0.5222672064777328
JarvanIV,Viego,423,221,0.5224586288416075
JarvanIV,Zac,205,105,0.5121951219512195
JarvanIV,Nami,457,211,0.4617067833698031
Aurora,Qiyana,164,93,0.5670731707317073
Qiyana,Sivir,205,91,0.44390243902439025
Galio,Viego,457,220,0.4814004376367615
Galio,Zac,254,131,0.515748031496063
Gragas,Quinn,124,60,0.4838709677419355
Gragas,XinZhao,215,96,0.44651162790697674
Gragas,Yunara,251,124,0.4940239043824701
Gragas,Maokai,149,58,0.38926174496644295
Quinn,Yorick,182,82,0.45054945054945056
XinZhao,Yorick,245,123,0.5020408163265306
Maokai,Yorick,173,78,0.4508670520231214
Ashe,Quinn,501,265,0.5289421157684631
Ashe,Yunara,987,499,0.5055724417426545
Milio,Quinn,237,134,0.5654008438818565
Ahri,Milio,587,291,0.4957410562180579
Maokai,Milio,219,105,0.4794520547945205
Galio,Nunu,288,142,0.4930555555555556
Nunu,Samira,229,116,0.5065502183406113
Evelynn,Nunu,145,65,0.4482758620689655
Gragas,Nunu,183,75,0.4098360655737705
Nunu,Viktor,228,127,0.5570175438596491
Samira,Taliyah,139,68,0.4892086330935252
Evelynn,Taliyah,88,51,0.5795454545454546
Ryze,Taliyah,100,49,0.49
Gragas,Taliyah,94,54,0.574468085106383
Ashe,Taliyah,342,184,0.5380116959064327
Galio,Kled,148,75,0.5067567567567568
Kled,Samira,81,42,0.5185185185185185
Kled,Sona,104,55,0.5288461538461539
Evelynn,Kled,75,41,0.5466666666666666
Kled,Ryze,84,44,0.5238095238095238
Gragas,Kled,78,35,0.44871794871794873
Kled,Viktor,78,39,0.5
Ashe,Kled,272,132,0.4852941176470588
Evelynn,Yasuo,334,162,0.48502994011976047
Gragas,Yasuo,397,169,0.4256926952141058
MasterYi,Samira,417,204,0.4892086330935252
MasterYi,Sona,427,207,0.4847775175644028
Evelynn,MasterYi,266,137,0.5150375939849624
Gragas,MasterYi,289,132,0.45674740484429066
Galio,TahmKench,358,194,0.5418994413407822
Evelynn,TahmKench,186,88,0.4731182795698925
Ryze,TahmKench,213,112,0.5258215962441315
TahmKench,Viktor,283,134,0.4734982332155477
Galio,Xayah,332,178,0.536144578313253
Samira,Xayah,283,142,0.5017667844522968
Sona,Xayah,252,126,0.5
Evelynn,Xayah,151,75,0.4966887417218543
Ryze,Xayah,198,101,0.51010101010101
Gragas,Xayah,202,95,0.47029702970297027
Viktor,Xayah,227,102,0.44933920704845814
Ashe,Xayah,669,342,0.5112107623318386
Amumu,Nunu,344,169,0.49127906976744184
Kassadin,Nunu,134,60,0.44776119402985076
Milio,Nunu,286,156,0.5454545454545454
Amumu,Nasus,412,221,0.5364077669902912
Kassadin,Nasus,147,57,0.3877551020408163
Milio,Nasus,316,157,0.49683544303797467
Morgana,Nasus,607,324,0.5337726523887973
Kassadin,Varus,159,84,0.5283018867924528
Milio,Varus,371,198,0.5336927223719676
Morgana,Varus,727,387,0.53232462173315
Amumu,Ashe,969,504,0.5201238390092879
Ashe,Kassadin,323,159,0.49226006191950467
Ashe,Milio,871,410,0.4707233065442021
Kassadin,Kayle,155,70,0.45161290322580644
Kayle,Milio,382,173,0.45287958115183247
Kayle,Tristana,537,271,0.5046554934823091
Sett,Zaahen,825,400,0.48484848484848486
Vi,Zaahen,359,166,0.4623955431754875
Talon,Zaahen,343,152,0.44314868804664725
Rakan,Sett,295,130,0.4406779661016949
Rakan,Vi,164,81,0.49390243902439024
Mel,Rakan,380,209,0.55
Varus,Vi,273,141,0.5164835164835165
Talon,Varus,232,118,0.5086206896551724
Karma,Sett,478,219,0.4581589958158996
Karma,Vi,269,132,0.49070631970260226
Karma,Mel,625,314,0.5024
Karma,Morgana,672,332,0.49404761904761907
Kayn,Malphite,827,405,0.48972188633615477
Malphite,Nocturne,463,220,0.47516198704103674
Kayn,Rengar,366,186,0.5081967213114754
Nocturne,Rengar,189,98,0.5185185185185185
Rengar,Twitch,272,118,0.4338235294117647
Akali,Nocturne,338,165,0.4881656804733728
Akali,Ekko,480,243,0.50625
Akali,Nami,580,267,0.4603448275862069
Nocturne,Vayne,408,205,0.5024509803921569
Twitch,Vayne,599,286,0.4774624373956594
Nocturne,Velkoz,291,139,0.47766323024054985
Ekko,Velkoz,381,181,0.47506561679790027
Twitch,Velkoz,435,206,0.4735632183908046
Nami,Velkoz,539,254,0.4712430426716141
KSante,Mordekaiser,257,120,0.4669260700389105
Briar,KSante,198,111,0.5606060606060606
Mordekaiser,Naafiri,363,189,0.5206611570247934
Naafiri,Yasuo,440,191,0.4340909090909091
MissFortune,Naafiri,645,341,0.5286821705426357
Briar,Gangplank,251,125,0.49800796812749004
Gangplank,MissFortune,508,240,0.47244094488188976
Briar,Samira,348,187,0.5373563218390804
Briar,Taric,178,98,0.550561797752809
Senna,Taric,205,99,0.48292682926829267
MissFortune,Taric,347,171,0.49279538904899134
Ahri,Alistar,369,200,0.5420054200542005
Ahri,Diana,796,398,0.5
Ahri,Ziggs,489,240,0.49079754601226994
Ahri,Ezreal,817,458,0.5605875152998776
Ahri,Velkoz,596,294,0.49328859060402686
Ahri,Yunara,711,354,0.4978902953586498
Alistar,Samira,224,128,0.5714285714285714
Diana,Samira,414,193,0.46618357487922707
Samira,Ziggs,272,140,0.5147058823529411
Ezreal,Samira,467,208,0.44539614561027835
Ornn,Samira,212,107,0.5047169811320755
Aatrox,Samira,343,167,0.4868804664723032
Samira,Yunara,334,169,0.5059880239520959
Alistar,Katarina,231,135,0.5844155844155844
Diana,Katarina,481,244,0.5072765072765073
Katarina,Ziggs,250,112,0.448
Ezreal,Katarina,489,238,0.4867075664621677
Katarina,Ornn,277,144,0.51985559566787
Alistar,Malzahar,323,150,0.46439628482972134
Diana,Malzahar,712,336,0.47191011235955055
Malzahar,Ziggs,445,225,0.5056179775280899
Ezreal,Malzahar,685,304,0.44379562043795623
Malzahar,Velkoz,537,265,0.4934823091247672
Aatrox,Malzahar,517,245,0.4738878143133462
Alistar,Orianna,173,85,0.4913294797687861
Diana,Orianna,362,185,0.511049723756906
Orianna,Velkoz,286,142,0.4965034965034965
Aatrox,Orianna,330,167,0.5060606060606061
Orianna,Yunara,357,179,0.5014005602240896
Diana,Singed,320,164,0.5125
Singed,Ziggs,221,108,0.48868778280542985
Ezreal,Singed,386,161,0.4170984455958549
Ornn,Singed,273,129,0.4725274725274725
Singed,Velkoz,253,125,0.49407114624505927
Aatrox,Singed,302,131,0.4337748344370861
Singed,Yunara,275,140,0.509090909090909
Alistar,Kennen,141,71,0.5035460992907801
Diana,Kennen,220,123,0.5590909090909091
Ezreal,Kennen,245,106,0.4326530612244898
Kennen,Ornn,171,87,0.5087719298245614
Kennen,Velkoz,192,85,0.4427083333333333
Aatrox,Kennen,179,96,0.5363128491620112
Kennen,Yunara,175,91,0.52
Alistar,Mel,422,204,0.4834123222748815
Mel,Ziggs,570,297,0.5210526315789473
Mel,Yunara,775,414,0.5341935483870968
Ornn,Renekton,225,111,0.49333333333333335
Renekton,Warwick,413,205,0.4963680387409201
Renekton,Zyra,277,119,0.4296028880866426
Ornn,Volibear,426,196,0.460093896713615
Warwick,Zoe,363,207,0.5702479338842975
Xerath,Zoe,302,160,0.5298013245033113
Zoe,Zyra,248,97,0.3911290322580645
Smolder,Xerath,619,289,0.4668820678513732
Lux,Ornn,678,352,0.5191740412979351
Akshan,Malphite,387,168,0.43410852713178294
Annie,Malphite,326,162,0.49693251533742333
Janna,Malphite,352,173,0.4914772727272727
Akshan,Briar,290,138,0.47586206896551725
Briar,Janna,217,118,0.543778801843318
Akshan,Sivir,218,113,0.518348623853211
Annie,Sivir,228,116,0.5087719298245614
Janna,Sivir,212,98,0.46226415094339623
Annie,Bard,181,99,0.5469613259668509
Bard,Janna,193,94,0.48704663212435234
Bard,Karthus,181,86,0.47513812154696133
Annie,MonkeyKing,182,89,0.489010989010989
Karthus,MonkeyKing,133,55,0.41353383458646614
Quinn,Sion,209,94,0.44976076555023925
Quinn,Shaco,294,158,0.5374149659863946
Mel,Quinn,399,220,0.5513784461152882
Quinn,Sona,186,88,0.4731182795698925
LeeSin,Sion,401,188,0.4688279301745636
LeeSin,Nocturne,275,133,0.48363636363636364
LeeSin,Mel,653,306,0.4686064318529862
Cassiopeia,Shaco,165,62,0.37575757575757573
Cassiopeia,Nocturne,99,50,0.5050505050505051
Cassiopeia,Sona,165,73,0.44242424242424244
Shaco,Thresh,579,289,0.4991364421416235
Nocturne,Thresh,404,211,0.5222772277227723
Mel,Thresh,1023,519,0.5073313782991202
Gwen,Sion,456,233,0.5109649122807017
Sion,Velkoz,396,192,0.48484848484848486
Nami,Sion,564,299,0.5301418439716312
FiddleSticks,Gwen,238,133,0.5588235294117647
FiddleSticks,Tristana,379,185,0.48812664907651715
FiddleSticks,Nami,398,206,0.5175879396984925
Gwen,Malzahar,419,191,0.45584725536992843
Gwen,Sivir,299,137,0.45819397993311034
Garen,Mel,1030,537,0.5213592233009708
Darius,Riven,425,212,0.4988235294117647
Darius,RekSai,152,78,0.5131578947368421
Ekko,Riven,299,174,0.5819397993311036
Ekko,RekSai,117,67,0.5726495726495726
Hwei,RekSai,86,44,0.5116279069767442
Brand,Hwei,456,250,0.5482456140350878
Lucian,Riven,325,173,0.5323076923076923
Lucian,RekSai,105,54,0.5142857142857142
Brand,Lucian,581,299,0.5146299483648882
Lucian,Swain,527,263,0.4990512333965844
Milio,Riven,276,153,0.5543478260869565
Milio,RekSai,86,48,0.5581395348837209
Milio,Viego,444,224,0.5045045045045045
Milio,Swain,454,225,0.4955947136563877
Corki,MasterYi,190,96,0.5052631578947369
Ezreal,MasterYi,697,308,0.4418938307030129
Ezreal,Kindred,340,174,0.5117647058823529
Corki,Mel,283,129,0.4558303886925795
Mel,Veigar,1022,486,0.4755381604696673
Corki,Janna,129,67,0.5193798449612403
Janna,Warwick,264,131,0.4962121212121212
Janna,Veigar,312,141,0.4519230769230769
Ezreal,Janna,363,168,0.4628099173553719
Janna,Zoe,179,90,0.5027932960893855
Ashe,Twitch,900,423,0.47
Kassadin,Twitch,149,65,0.436241610738255
Kled,Twitch,136,68,0.5
Ashe,Gwen,761,382,0.5019710906701709
Gwen,Kassadin,122,69,0.5655737704918032
Gwen,Rengar,244,131,0.5368852459016393
Gwen,Kled,120,71,0.5916666666666667
Ahri,Azir,288,188,0.6527777777777778
Azir,Rengar,117,59,0.5042735042735043
Azir,Kled,73,29,0.3972602739726027
Karthus,Rengar,104,59,0.5673076923076923
Alistar,Ashe,511,241,0.47162426614481406
Alistar,Kassadin,111,49,0.44144144144144143
Alistar,Rengar,168,83,0.49404761904761907
Alistar,Kled,107,59,0.5514018691588785
Garen,Sett,859,433,0.5040745052386496
Sett,Yunara,597,330,0.5527638190954773
Nami,Sett,726,366,0.5041322314049587
Garen,Sylas,807,427,0.5291201982651796
Sylas,Zaahen,902,411,0.4556541019955654
Nami,Viktor,414,226,0.5458937198067633
Thresh,Yunara,623,289,0.463884430176565
Nami,Thresh,770,401,0.5207792207792208
Jax,Malphite,819,393,0.47985347985347987
DrMundo,Malphite,956,501,0.5240585774058577
Lulu,Malphite,514,237,0.46108949416342415
Jax,Nocturne,414,208,0.5024154589371981
DrMundo,Nocturne,477,229,0.480083857442348
Nocturne,Ryze,197,88,0.4467005076142132
Nocturne,Tristana,380,201,0.5289473684210526
Jax,Lissandra,232,113,0.4870689655172414
Smolder,Tristana,748,367,0.49064171122994654
Lulu,Smolder,546,249,0.45604395604395603
Ryze,Sona,243,113,0.46502057613168724
Lulu,Sona,297,130,0.4377104377104377
Akshan,Quinn,137,67,0.48905109489051096
Lissandra,Samira,142,66,0.4647887323943662
Lissandra,Seraphine,195,99,0.5076923076923077
Akshan,Lissandra,115,56,0.48695652173913045
Lissandra,Mel,270,144,0.5333333333333333
Gnar,Velkoz,178,81,0.4550561797752809
Gnar,Samira,162,78,0.48148148148148145
Akshan,Gnar,123,53,0.43089430894308944
Gnar,Mel,300,147,0.49
Akshan,DrMundo,332,159,0.4789156626506024
DrMundo,Mel,1101,579,0.5258855585831063
Rakan,Velkoz,217,106,0.48847926267281105
Rakan,Samira,169,78,0.46153846153846156
Akshan,Rakan,146,64,0.4383561643835616
Sion,Vladimir,361,176,0.48753462603878117
JarvanIV,Sion,337,173,0.5133531157270029
Jinx,Sion,887,430,0.48478015783540024
Vladimir,Zed,378,205,0.5423280423280423
JarvanIV,Zed,401,226,0.5635910224438903
Orianna,Vladimir,274,133,0.4854014598540146
JarvanIV,Orianna,243,128,0.5267489711934157
Fiora,Udyr,129,69,0.5348837209302325
Fiora,Zac,137,77,0.5620437956204379
Fiora,KogMaw,103,57,0.5533980582524272
Fiora,Thresh,262,134,0.5114503816793893
Ivern,Mordekaiser,232,108,0.46551724137931033
Ivern,KogMaw,73,35,0.4794520547945205
Ivern,Thresh,224,109,0.48660714285714285
Udyr,Veigar,312,165,0.5288461538461539
Udyr,Yunara,257,135,0.5252918287937743
Yunara,Zac,238,120,0.5042016806722689
Mordekaiser,Yunara,664,357,0.5376506024096386
KogMaw,Yunara,241,129,0.5352697095435685
Lulu,Udyr,239,102,0.42677824267782427
Lulu,Zac,189,96,0.5079365079365079
KogMaw,Lulu,213,114,0.5352112676056338
Lulu,Thresh,532,245,0.4605263157894737
Leblanc,Teemo,442,204,0.46153846153846156
Leblanc,Yasuo,444,219,0.49324324324324326
Leblanc,Senna,320,141,0.440625
Leblanc,Rakan,133,61,0.45864661654135336
Kindred,Yasuo,399,167,0.41854636591478694
Kindred,Senna,312,148,0.47435897435897434
Kindred,Rakan,120,59,0.49166666666666664
Kayn,Qiyana,273,151,0.5531135531135531
Qiyana,Yasuo,382,155,0.40575916230366493
Qiyana,Senna,242,111,0.45867768595041325
Qiyana,Rakan,103,44,0.42718446601941745
Aphelios,Kayn,419,225,0.5369928400954654
Aphelios,Senna,379,202,0.5329815303430079
Aphelios,Rakan,140,64,0.45714285714285713
Bard,Rakan,161,87,0.5403726708074534
Kayle,Ornn,294,159,0.5408163265306123
Ornn,Sylas,416,196,0.47115384615384615
Kayle,Volibear,574,299,0.5209059233449478
Pantheon,Volibear,817,398,0.48714810281517745
Xayah,Yasuo,502,244,0.4860557768924303
Kayle,Samira,315,169,0.5365079365079365
Samira,Sylas,421,205,0.48693586698337293
Pantheon,Samira,495,250,0.5050505050505051
Kayle,Nami,501,256,0.5109780439121756
Rumble,Zed,174,89,0.5114942528735632
Rumble,Thresh,207,110,0.5314009661835749
Ornn,Vi,234,108,0.46153846153846156
Vi,Zed,353,186,0.5269121813031161
Lucian,Ornn,324,176,0.5432098765432098
Morgana,Zed,760,413,0.5434210526315789
Morgana,Thresh,1001,567,0.5664335664335665
Evelynn,Illaoi,114,67,0.5877192982456141
Illaoi,Seraphine,317,171,0.5394321766561514
Evelynn,Volibear,255,130,0.5098039215686274
Nidalee,Volibear,239,123,0.5146443514644351
Neeko,Yorick,301,136,0.45182724252491696
Neeko,Nidalee,241,113,0.46887966804979253
Neeko,Seraphine,439,221,0.5034168564920274
Evelynn,Jinx,394,197,0.5
Jinx,Nidalee,471,253,0.5371549893842887
Milio,Yorick,291,145,0.49828178694158076
Evelynn,Milio,178,82,0.4606741573033708
Milio,Nidalee,211,102,0.4834123222748815
Milio,Seraphine,495,238,0.4808080808080808
DrMundo,Ryze,337,183,0.543026706231454
Belveth,Ryze,108,46,0.42592592592592593
Belveth,Lucian,181,88,0.4861878453038674
Belveth,Sivir,135,58,0.42962962962962964
Belveth,Poppy,125,68,0.544
LeeSin,Zed,432,215,0.4976851851851852
Poppy,Zed,283,146,0.5159010600706714
Morgana,Ryze,420,223,0.530952380952381
LeeSin,Morgana,559,252,0.45080500894454384
Morgana,Sivir,761,376,0.4940867279894875
Shen,Tryndamere,267,135,0.5056179775280899
Tryndamere,Zed,320,172,0.5375
Tryndamere,Zyra,307,146,0.4755700325732899
LeeSin,Shen,309,139,0.44983818770226536
LeeSin,Rengar,248,130,0.5241935483870968
LeeSin,Zyra,331,146,0.44108761329305135
Shen,Syndra,266,131,0.4924812030075188
Rengar,Syndra,195,87,0.4461538461538462
Syndra,Zed,359,172,0.479108635097493
Syndra,Zyra,317,137,0.43217665615141954
Kaisa,Zyra,686,312,0.45481049562682213
Milio,Rengar,270,142,0.5259259259259259
Milio,Zyra,379,179,0.47229551451187335
Irelia,Teemo,498,240,0.4819277108433735
DrMundo,Talon,358,200,0.5586592178770949
Riven,Talon,196,104,0.5306122448979592
Irelia,Talon,153,73,0.477124183006536
DrMundo,Twitch,569,297,0.5219683655536028
Riven,Twitch,343,169,0.49271137026239065
Poppy,Riven,259,126,0.4864864864864865
Irelia,Poppy,234,96,0.41025641025641024
Malzahar,Shyvana,194,100,0.5154639175257731
Shyvana,Sivir,143,69,0.4825174825174825
Vladimir,Warwick,383,181,0.4725848563968668
Pantheon,Vladimir,446,237,0.531390134529148
Malzahar,Vladimir,367,234,0.6376021798365122
Sivir,Vladimir,301,169,0.5614617940199336
Morgana,Vladimir,516,293,0.5678294573643411
Malzahar,Rengar,330,200,0.6060606060606061
Morgana,Rengar,433,231,0.5334872979214781
Leona,Zaahen,638,292,0.45768025078369906
Amumu,Teemo,765,394,0.515032679738562
Ambessa,Zed,384,201,0.5234375
Diana,Zed,571,336,0.5884413309982487
Ambessa,Xerath,286,136,0.4755244755244755
Diana,Xerath,518,252,0.4864864864864865
Leona,Xerath,409,196,0.4792176039119804
Evelynn,Zed,226,101,0.4469026548672566
Caitlyn,Evelynn,436,226,0.518348623853211
Evelynn,Shaco,228,102,0.4473684210526316
Fizz,Galio,431,207,0.4802784222737819
Galio,Shaco,450,235,0.5222222222222223
MissFortune,MonkeyKing,632,288,0.45569620253164556
Ivern,MonkeyKing,145,69,0.47586206896551725
Ivern,Zed,194,95,0.4896907216494845
Fizz,Ivern,142,74,0.5211267605633803
Darius,Singed,381,202,0.5301837270341208
Darius,JarvanIV,453,208,0.45916114790286977
Darius,TwistedFate,423,224,0.5295508274231678
Singed,Udyr,206,101,0.49029126213592233
Malzahar,Singed,397,192,0.4836272040302267
JarvanIV,Malzahar,436,209,0.4793577981651376
Malzahar,TwistedFate,410,216,0.526829268292683
Ezreal,JarvanIV,502,248,0.4940239043824701
Singed,Xerath,281,140,0.498220640569395
JarvanIV,Xerath,312,159,0.5096153846153846
Jinx,Xerath,821,395,0.48112058465286234
Thresh,Xerath,541,267,0.49353049907578556
Gangplank,Irelia,171,81,0.47368421052631576
Brand,Irelia,424,241,0.5683962264150944
Irelia,Karthus,155,80,0.5161290322580645
Brand,XinZhao,416,215,0.5168269230769231
Karthus,XinZhao,171,85,0.49707602339181284
Gangplank,Varus,229,112,0.4890829694323144
Brand,Varus,500,274,0.548
Karthus,Varus,232,143,0.6163793103448276
Gangplank,Zyra,243,110,0.45267489711934156
Amumu,Zyra,433,221,0.5103926096997691
Karthus,Zyra,201,97,0.48258706467661694
Illaoi,Kayle,272,130,0.47794117647058826
Amumu,Illaoi,308,159,0.5162337662337663
Illaoi,Quinn,139,74,0.5323741007194245
Illaoi,MissFortune,614,335,0.5456026058631922
Gwen,Kayle,338,176,0.5207100591715976
Amumu,Gwen,423,234,0.5531914893617021
Gwen,Quinn,175,93,0.5314285714285715
Gwen,Lulu,298,169,0.5671140939597316
Corki,Kayle,184,83,0.45108695652173914
Corki,MissFortune,388,168,0.4329896907216495
Corki,Lulu,182,95,0.521978021978022
Jinx,Lulu,754,406,0.5384615384615384
Amumu,Milio,432,216,0.5
Milio,MissFortune,885,442,0.4994350282485876
Aatrox,Garen,560,264,0.4714285714285714
Garen,Shen,508,251,0.4940944881889764
DrMundo,Irelia,507,258,0.5088757396449705
DrMundo,Vayne,924,474,0.512987012987013
Mel,Shen,632,285,0.4509493670886076
Aatrox,AurelionSol,246,128,0.5203252032520326
AurelionSol,Irelia,235,132,0.5617021276595745
AurelionSol,Vayne,433,214,0.4942263279445728
Bard,Sylas,437,215,0.4919908466819222
Bard,Shen,253,115,0.45454545454545453
Riven,Tryndamere,214,115,0.5373831775700935
Riven,Zac,170,71,0.4176470588235294
Heimerdinger,Riven,197,104,0.5279187817258884
Riven,Ryze,195,97,0.49743589743589745
Riven,Yuumi,251,126,0.50199203187251
Tryndamere,Viego,361,186,0.5152354570637119
Heimerdinger,Viego,315,161,0.5111111111111111
Ryze,Viego,299,151,0.5050167224080268
Draven,Tryndamere,212,115,0.5424528301886793
Draven,Zac,172,89,0.5174418604651163
Draven,Ryze,175,98,0.56
Draven,Yuumi,255,133,0.5215686274509804
Tryndamere,Twitch,294,150,0.5102040816326531
Heimerdinger,Twitch,326,177,0.5429447852760736
Sylas,Tryndamere,428,194,0.4532710280373832
Sylas,Zac,361,195,0.5401662049861495
Kayn,Smolder,862,425,0.49303944315545245
Smolder,Zac,374,199,0.5320855614973262
Diana,Ornn,337,169,0.5014836795252225
Diana,Kayn,803,419,0.5217932752179327
Diana,Zac,293,153,0.5221843003412969
Ornn,Velkoz,311,139,0.44694533762057875
Syndra,Velkoz,307,135,0.43973941368078173
Ornn,Twitch,338,154,0.4556213017751479
Syndra,Twitch,360,202,0.5611111111111111
Senna,Syndra,400,205,0.5125
Kayle,Vayne,570,298,0.5228070175438596
Kayle,MonkeyKing,275,136,0.49454545454545457
Kayle,TahmKench,358,181,0.505586592178771
JarvanIV,MonkeyKing,226,128,0.5663716814159292
JarvanIV,Pantheon,444,237,0.5337837837837838
JarvanIV,TahmKench,244,116,0.47540983606557374
Aurora,Yunara,326,180,0.5521472392638037
Aurora,TahmKench,252,136,0.5396825396825397
Jhin,Yunara,937,484,0.5165421558164355
Gragas,Rammus,111,45,0.40540540540540543
Gragas,Sivir,223,102,0.45739910313901344
Gragas,Milio,223,94,0.42152466367713004
Nocturne,Sett,387,181,0.46770025839793283
Nocturne,Sivir,294,136,0.46258503401360546
Milio,Nocturne,274,145,0.5291970802919708
Heimerdinger,Rammus,143,70,0.48951048951048953
Ahri,Heimerdinger,451,218,0.48337028824833705
Heimerdinger,Milio,235,109,0.46382978723404256
Ahri,Lulu,551,284,0.515426497277677
Lulu,Sivir,313,147,0.4696485623003195
Darius,Katarina,464,229,0.49353448275862066
Briar,Khazix,310,164,0.5290322580645161
Khazix,Sylas,383,186,0.4856396866840731
Katarina,Sylas,515,257,0.49902912621359224
Lucian,Sylas,593,283,0.4772344013490725
Tristana,Vayne,769,387,0.5032509752925878
Katarina,Tristana,417,205,0.49160671462829736
Swain,Vayne,627,340,0.5422647527910686
Khazix,Swain,307,150,0.48859934853420195
Quinn,Sett,294,144,0.4897959183673469
Galio,Quinn,212,106,0.5
Ezreal,Quinn,315,144,0.45714285714285713
Neeko,Quinn,179,88,0.49162011173184356
Galio,Malphite,594,323,0.5437710437710438
Ezreal,Malphite,807,370,0.45848822800495664
Lillia,Vladimir,228,143,0.6271929824561403
Galio,Vladimir,343,173,0.5043731778425656
Ezreal,Vladimir,451,217,0.4811529933481153
Lillia,Milio,293,131,0.447098976109215
Ezreal,Milio,524,222,0.42366412213740456
Milio,Neeko,284,155,0.545774647887324
Darius,Kayle,546,254,0.4652014652014652
Darius,Zilean,282,131,0.4645390070921986
Diana,Kayle,511,265,0.5185909980430529
Diana,JarvanIV,457,237,0.5185995623632386
Diana,Zilean,253,141,0.5573122529644269
Ahri,Zilean,318,168,0.5283018867924528
Ashe,Zilean,421,220,0.5225653206650831
Karma,Zilean,236,114,0.4830508474576271
Chogath,Vladimir,388,206,0.5309278350515464
Sivir,Volibear,496,236,0.47580645161290325
Bard,Volibear,365,181,0.4958904109589041
Lux,Zed,1100,551,0.5009090909090909
Lux,Sivir,945,445,0.4708994708994709
Bard,Lux,672,329,0.4895833333333333
Jhin,Vladimir,726,386,0.5316804407713499
Aurora,Khazix,191,94,0.49214659685863876
Aurora,Sivir,269,134,0.49814126394052044
Aurora,Bard,210,111,0.5285714285714286
Garen,Malphite,819,413,0.5042735042735043
Briar,Vi,309,157,0.5080906148867314
Briar,Twitch,453,249,0.5496688741721855
Briar,Velkoz,387,187,0.48320413436692505
Qiyana,Vi,154,58,0.37662337662337664
Qiyana,Twitch,248,126,0.5080645161290323
Garen,Tristana,652,325,0.49846625766871167
Tristana,Vi,396,193,0.48737373737373735
Tristana,Velkoz,527,256,0.4857685009487666
Seraphine,Twitch,547,264,0.4826325411334552
Seraphine,Velkoz,458,217,0.4737991266375546
Alistar,Pantheon,387,181,0.46770025839793283
Sion,Veigar,540,255,0.4722222222222222
Teemo,Veigar,929,481,0.5177610333692142
Alistar,Veigar,342,139,0.4064327485380117
Anivia,Morgana,444,211,0.4752252252252252
Anivia,Sion,272,140,0.5147058823529411
Anivia,Teemo,373,173,0.46380697050938335
Morgana,Yunara,758,380,0.5013192612137203
Sion,Yunara,427,231,0.5409836065573771
Teemo,Yunara,669,364,0.5440956651718983
Jinx,Rakan,416,225,0.5408653846153846
Rakan,Teemo,302,134,0.44370860927152317
Alistar,Rakan,149,82,0.5503355704697986
Diana,Volibear,751,351,0.4673768308921438
TwistedFate,Volibear,406,176,0.43349753694581283
Draven,Volibear,363,155,0.42699724517906334
Braum,Volibear,359,207,0.5766016713091922
Diana,Nautilus,734,382,0.5204359673024523
Fizz,Garen,528,245,0.4640151515151515
Diana,Fizz,468,236,0.5042735042735043
Fizz,TwistedFate,247,120,0.48582995951417
Draven,Fizz,242,124,0.512396694214876
Diana,Lucian,550,287,0.5218181818181818
Milio,TwistedFate,249,144,0.5783132530120482
Draven,Milio,288,144,0.5
Braum,Milio,247,116,0.46963562753036436
Chogath,Sion,563,272,0.48312611012433393
Chogath,Viego,537,268,0.49906890130353815
Ekko,Sion,438,206,0.4703196347031963
Ekko,Jhin,926,453,0.4892008639308855
Ekko,Elise,190,104,0.5473684210526316
Ahri,Viego,757,377,0.49801849405548215
Ahri,Varus,549,299,0.5446265938069217
Lux,Sion,993,483,0.486404833836858
Elise,Lux,372,163,0.4381720430107527
Sion,Teemo,742,366,0.49326145552560646
Elise,Teemo,240,107,0.44583333333333336
Akali,Yone,683,339,0.49633967789165445
Shaco,Twitch,534,265,0.49625468164794007
Shaco,Velkoz,451,225,0.49889135254988914
Ekko,Olaf,185,77,0.41621621621621624
Olaf,Smolder,231,113,0.48917748917748916
Smolder,Velkoz,606,270,0.44554455445544555
Garen,TahmKench,503,262,0.5208747514910537
Akali,TahmKench,393,201,0.5114503816793893
TahmKench,Twitch,365,188,0.5150684931506849
Ivern,Jax,220,93,0.42272727272727273
Jax,Kaisa,947,516,0.5448785638859557
Caitlyn,Jax,1281,600,0.468384074941452
Ivern,Viego,181,95,0.5248618784530387
Caitlyn,Viego,1150,577,0.5017391304347826
Garen,Vladimir,417,205,0.49160671462829736
Sona,Vladimir,247,138,0.5587044534412956
Ivern,Jhin,331,184,0.5558912386706949
Ivern,Rakan,87,36,0.41379310344827586
Kaisa,Rakan,404,182,0.4504950495049505
Senna,Smolder,750,367,0.48933333333333334
Udyr,Zaahen,293,128,0.43686006825938567
DrMundo,Udyr,395,194,0.4911392405063291
Udyr,Vex,155,78,0.5032258064516129
Kassadin,Zaahen,185,71,0.3837837837837838
DrMundo,Kassadin,256,135,0.52734375
Kassadin,Vex,98,44,0.4489795918367347
Kassadin,Vayne,183,87,0.47540983606557374
Kassadin,Senna,169,71,0.42011834319526625
Senna,Twitch,509,248,0.48722986247544203
Neeko,Vayne,491,242,0.49287169042769857
Neeko,Senna,401,199,0.49625935162094764
Camille,Garen,299,141,0.47157190635451507
Garen,Zilean,294,140,0.47619047619047616
Camille,Diana,185,93,0.5027027027027027
Velkoz,Zilean,223,107,0.4798206278026906
Camille,Samira,106,44,0.41509433962264153
Kayn,Samira,486,225,0.46296296296296297
Mordekaiser,Volibear,826,419,0.5072639225181598
Mel,Shaco,794,388,0.48866498740554154
Anivia,Thresh,348,175,0.5028735632183908
Anivia,Mordekaiser,307,141,0.4592833876221498
Karthus,Shaco,252,135,0.5357142857142857
Karthus,Mordekaiser,291,134,0.46048109965635736
Camille,Lillia,133,59,0.44360902255639095
LeeSin,Lillia,293,125,0.42662116040955633
Akali,Lillia,389,194,0.4987146529562982
Camille,Jax,233,100,0.4291845493562232
Jax,LeeSin,501,283,0.564870259481038
Akali,Jax,604,288,0.4768211920529801
Camille,Fizz,141,65,0.46099290780141844
Fizz,LeeSin,299,158,0.5284280936454849
Fizz,Zyra,328,169,0.5152439024390244
Camille,Sivir,168,70,0.4166666666666667
Sivir,Zyra,409,199,0.48655256723716384
Camille,Yuumi,134,69,0.5149253731343284
LeeSin,Yuumi,295,159,0.5389830508474577
Akali,Yuumi,336,154,0.4583333333333333
Yuumi,Zyra,335,143,0.42686567164179107
Kayle,Lillia,310,129,0.4161290322580645
Kayle,Malphite,618,305,0.4935275080906149
Jhin,Kayle,879,410,0.4664391353811149
Chogath,Kayn,672,338,0.5029761904761905
Heimerdinger,Lillia,221,108,0.48868778280542985
Heimerdinger,Jhin,583,303,0.5197255574614065
Jhin,Jinx,2029,972,0.47905372104484967
Chogath,Milio,460,230,0.5
Milio,Morgana,747,398,0.5327978580990629
Gwen,Singed,282,123,0.43617021276595747
Gwen,Riven,298,138,0.46308724832214765
Gwen,Taliyah,151,71,0.47019867549668876
Diana,Gwen,448,229,0.5111607142857143
Gwen,Pantheon,529,262,0.4952741020793951
Diana,Yuumi,406,208,0.5123152709359606
Diana,Ezreal,734,412,0.5613079019073569
Lucian,Singed,326,165,0.5061349693251533
Lucian,Taliyah,226,108,0.4778761061946903
Fizz,Singed,265,126,0.47547169811320755
Fizz,Taliyah,145,81,0.5586206896551724
Aatrox,Chogath,472,227,0.4809322033898305
Chogath,Nunu,394,206,0.5228426395939086
Chogath,Yone,706,347,0.4915014164305949
Chogath,Taric,222,110,0.4954954954954955
Aatrox,Lillia,283,115,0.40636042402826855
Lillia,Nunu,260,136,0.5230769230769231
Karthus,Lillia,193,97,0.5025906735751295
Lillia,Taric,134,73,0.5447761194029851
Aatrox,Ekko,422,192,0.4549763033175355
Ekko,Yone,583,281,0.48198970840480276
Aatrox,Sivir,406,179,0.4408866995073892
Nunu,Sivir,294,135,0.45918367346938777
Sivir,Yone,503,259,0.5149105367793241
Sivir,Taric,149,72,0.48322147651006714
Lulu,Yone,441,214,0.4852607709750567
Karthus,Lulu,184,99,0.5380434782608695
Maokai,Renekton,163,84,0.5153374233128835
Maokai,Syndra,202,97,0.4801980198019802
Jax,Syndra,398,201,0.5050251256281407
Chogath,Jax,691,328,0.47467438494934877
Sivir,Xerath,407,188,0.4619164619164619
Amumu,Sivir,396,206,0.5202020202020202
Amumu,Zed,426,225,0.528169014084507
Nidalee,Renekton,165,73,0.44242424242424244
Nidalee,Syndra,176,76,0.4318181818181818
Nidalee,Xerath,226,104,0.46017699115044247
Chogath,Nidalee,341,188,0.5513196480938416
Amumu,Nidalee,269,144,0.5353159851301115
Shen,Teemo,543,271,0.4990791896869245
Diana,Yone,731,386,0.5280437756497948
Diana,Shen,466,234,0.5021459227467812
Mel,Mel,119,42,0.35294117647058826
Ashe,Mel,1688,843,0.4994075829383886
Jinx,Yone,1180,578,0.48983050847457626
Shen,Thresh,533,270,0.5065666041275797
Illaoi,Sion,283,137,0.4840989399293286
FiddleSticks,Sion,316,162,0.5126582278481012
Illaoi,JarvanIV,204,98,0.4803921568627451
Annie,Poppy,152,78,0.5131578947368421
Annie,Yone,296,159,0.5371621621621622
Illaoi,Jinx,522,250,0.4789272030651341
Jinx,Sivir,802,412,0.513715710723192
FiddleSticks,Jinx,551,297,0.5390199637023594
Lux,Yone,1449,762,0.525879917184265
Corki,Illaoi,135,59,0.43703703703703706
Annie,Corki,123,59,0.4796747967479675
Corki,Zeri,105,55,0.5238095238095238
Corki,Nidalee,132,73,0.553030303030303
Illaoi,Leona,295,165,0.559322033898305
Janna,Pyke,250,127,0.508
Annie,Pyke,256,152,0.59375
Braum,Illaoi,167,73,0.437125748502994
Braum,Janna,147,67,0.4557823129251701
Annie,Braum,155,88,0.567741935483871
Braum,Nidalee,139,76,0.5467625899280576
Illaoi,Soraka,207,99,0.4782608695652174
Janna,Soraka,214,109,0.5093457943925234
Annie,Soraka,238,109,0.4579831932773109
Soraka,Zeri,176,82,0.4659090909090909
Ornn,Varus,309,163,0.5275080906148867
Kayn,Mordekaiser,803,367,0.45703611457036114
MasterYi,Qiyana,264,151,0.571969696969697
Pantheon,Qiyana,307,182,0.5928338762214984
Hwei,Zoe,291,160,0.5498281786941581
Hwei,Varus,358,183,0.5111731843575419
Mordekaiser,Velkoz,536,256,0.47761194029850745
Pantheon,Velkoz,534,257,0.4812734082397004
Ahri,Maokai,387,191,0.4935400516795866
Ahri,Singed,401,200,0.49875311720698257
Akali,Briar,493,223,0.45233265720081134
Briar,Singed,282,153,0.5425531914893617
AurelionSol,Maokai,221,112,0.5067873303167421
AurelionSol,Kled,103,55,0.5339805825242718
AurelionSol,Singed,232,113,0.4870689655172414
Blitzcrank,Maokai,289,114,0.3944636678200692
Akali,Blitzcrank,461,214,0.4642082429501085
Blitzcrank,Kled,138,72,0.5217391304347826
Blitzcrank,Singed,303,152,0.5016501650165016
Blitzcrank,Galio,426,195,0.45774647887323944
Kled,Maokai,81,34,0.41975308641975306
Akali,Kled,121,60,0.49586776859504134
Kled,Kled,7,1,0.14285714285714285
Kled,Lucian,165,73,0.44242424242424244
Kled,Nami,187,89,0.47593582887700536
FiddleSticks,Kled,104,50,0.4807692307692308
Kled,Singed,102,44,0.43137254901960786
Maokai,Skarner,80,41,0.5125
Akali,Skarner,126,65,0.5158730158730159
Kled,Skarner,42,25,0.5952380952380952
Lucian,Skarner,132,66,0.5
Nami,Skarner,155,80,0.5161290322580645
Singed,Skarner,86,44,0.5116279069767442
Galio,Skarner,125,68,0.544
Maokai,Zyra,257,117,0.45525291828793774
Akali,Zyra,410,186,0.45365853658536587
FiddleSticks,Zyra,289,125,0.43252595155709345
Singed,Zyra,283,126,0.4452296819787986
Galio,Zyra,375,196,0.5226666666666666
Maokai,Volibear,336,183,0.5446428571428571
Kled,Volibear,175,84,0.48
Singed,Volibear,339,167,0.49262536873156343
Galio,Volibear,541,266,0.49168207024029575
Malphite,Sion,644,312,0.484472049689441
Nilah,Sion,180,100,0.5555555555555556
Shaco,Sion,499,252,0.5050100200400801
Vi,Yasuo,463,231,0.49892008639308855
Shaco,Vi,349,175,0.501432664756447
Malphite,Swain,653,302,0.46248085758039814
Nilah,Swain,188,93,0.4946808510638298
Shaco,Swain,518,235,0.45366795366795365
Nilah,Soraka,165,85,0.5151515151515151
Shen,Xerath,345,166,0.4811594202898551
Khazix,Xerath,257,128,0.4980544747081712
Aurora,Kayle,254,127,0.5
Briar,Yunara,517,276,0.5338491295938105
Xerath,Yunara,364,212,0.5824175824175825
Janna,Zilean,144,60,0.4166666666666667
Thresh,Zilean,269,146,0.5427509293680297
Karthus,Neeko,188,86,0.4574468085106383
Karma,Karthus,239,120,0.502092050209205
Janna,Karthus,121,57,0.47107438016528924
Jayce,Neeko,215,116,0.5395348837209303
Jayce,Karma,213,103,0.4835680751173709
Jayce,Thresh,323,142,0.43962848297213625
Karma,Zaahen,462,223,0.48268398268398266
Annie,Neeko,204,101,0.4950980392156863
Annie,Karma,219,103,0.4703196347031963
Annie,Janna,155,80,0.5161290322580645
Jinx,Renata,266,136,0.5112781954887218
Malphite,Renata,213,126,0.5915492957746479
Renata,Xayah,128,63,0.4921875
Jinx,Rell,355,185,0.5211267605633803
Malphite,Rell,291,153,0.5257731958762887
Leona,Rell,248,115,0.4637096774193548
Jinx,Taliyah,346,196,0.5664739884393064
Leona,Taliyah,208,112,0.5384615384615384
Taliyah,Xayah,125,61,0.488
Taliyah,Xerath,144,60,0.4166666666666667
Jinx,Nilah,341,145,0.4252199413489736
Malphite,Nilah,263,124,0.4714828897338403
Nilah,Xayah,163,71,0.43558282208588955
Nilah,Xerath,175,89,0.5085714285714286
Kled,Urgot,110,51,0.4636363636363636
Kled,Shen,138,63,0.45652173913043476
Hwei,Kled,129,71,0.5503875968992248
Kled,Veigar,164,87,0.5304878048780488
MasterYi,Urgot,385,173,0.44935064935064933
Urgot,Xerath,275,144,0.5236363636363637
Tristana,Urgot,349,176,0.504297994269341
Hwei,Tristana,416,230,0.5528846153846154
Darius,Yasuo,982,500,0.5091649694501018
Hecarim,Yasuo,355,177,0.49859154929577465
Darius,Shyvana,197,99,0.5025380710659898
Hecarim,Shyvana,115,52,0.45217391304347826
Katarina,Shyvana,154,71,0.461038961038961
Shyvana,Yunara,174,77,0.4425287356321839
Darius,Irelia,432,230,0.5324074074074074
Hecarim,Irelia,172,88,0.5116279069767442
Irelia,Yunara,367,165,0.44959128065395093
Irelia,Neeko,260,126,0.4846153846153846
Hecarim,Jinx,469,216,0.4605543710021322
Jinx,Neeko,729,387,0.5308641975308642
Darius,Morgana,921,412,0.44733984799131377
Hecarim,Morgana,350,165,0.4714285714285714
Jax,Tryndamere,407,198,0.4864864864864865
Evelynn,Jax,269,129,0.4795539033457249
Hwei,Jax,482,227,0.470954356846473
Jax,Yorick,457,220,0.4814004376367615
Lillia,Tryndamere,258,149,0.5775193798449613
Evelynn,Lillia,147,75,0.5102040816326531
Hwei,Lillia,270,140,0.5185185185185185
Lillia,Yorick,264,111,0.42045454545454547
Qiyana,Tryndamere,146,61,0.4178082191780822
Evelynn,Qiyana,136,82,0.6029411764705882
Hwei,Qiyana,210,117,0.5571428571428572
Qiyana,Yorick,157,58,0.36942675159235666
Qiyana,Xerath,197,88,0.4467005076142132
Evelynn,Kaisa,346,169,0.4884393063583815
Evelynn,Soraka,170,77,0.45294117647058824
Akali,Anivia,235,123,0.5234042553191489
Brand,Lillia,414,220,0.5314009661835749
Brand,Lulu,397,232,0.5843828715365239
Lulu,Senna,439,218,0.49658314350797267
Blitzcrank,Lillia,343,161,0.46938775510204084
Malphite,Trundle,492,257,0.5223577235772358
Brand,MasterYi,690,356,0.5159420289855072
MasterYi,Yuumi,425,238,0.56
Brand,Veigar,714,386,0.5406162464985994
MonkeyKing,Renekton,167,73,0.437125748502994
Kindred,Renekton,181,87,0.48066298342541436
Aphelios,Renekton,227,118,0.5198237885462555
MonkeyKing,Udyr,157,82,0.5222929936305732
Kindred,Udyr,172,77,0.4476744186046512
Nidalee,Udyr,157,62,0.39490445859872614
Aphelios,Udyr,196,104,0.5306122448979592
Udyr,Zyra,249,137,0.5502008032128514
Kindred,Mel,450,212,0.4711111111111111
Kaisa,MonkeyKing,466,225,0.48283261802575106
Kaisa,Kindred,459,242,0.5272331154684096
Aphelios,Kaisa,584,297,0.5085616438356164
Belveth,Riven,113,58,0.5132743362831859
Maokai,Riven,175,98,0.56
Darius,MasterYi,695,325,0.4676258992805755
Belveth,MasterYi,207,100,0.4830917874396135
Maokai,MasterYi,292,134,0.4589041095890411
Belveth,Morgana,285,126,0.4421052631578947
Morgana,Xerath,763,350,0.45871559633027525
Maokai,Morgana,450,199,0.44222222222222224
Ashe,Belveth,337,179,0.5311572700296736
Ashe,Ezreal,1232,658,0.5340909090909091
Darius,Lulu,414,216,0.5217391304347826
Belveth,Lulu,128,71,0.5546875
Lulu,Xerath,312,142,0.4551282051282051
Lulu,Maokai,202,97,0.4801980198019802
Rengar,Skarner,86,40,0.46511627906976744
Rengar,Sejuani,100,44,0.44
Orianna,Rengar,185,101,0.5459459459459459
Rengar,Sona,222,95,0.42792792792792794
Jhin,Rengar,547,300,0.5484460694698354
Skarner,Twitch,145,62,0.42758620689655175
Pantheon,Skarner,167,76,0.4550898203592814
Pantheon,Sejuani,252,130,0.5158730158730159
Gwen,Skarner,105,58,0.5523809523809524
Gwen,Sejuani,163,88,0.5398773006134969
Gwen,Orianna,236,123,0.5211864406779662
MasterYi,Skarner,149,77,0.5167785234899329
Aatrox,Amumu,431,216,0.5011600928074246
Aatrox,Leona,461,237,0.5140997830802603
Kayn,Zaahen,791,382,0.4829329962073325
Kayn,Leona,618,342,0.5533980582524272
Zaahen,Ziggs,453,226,0.4988962472406181
Amumu,Ziggs,375,187,0.49866666666666665
MissFortune,Ziggs,822,394,0.4793187347931874
Velkoz,Zaahen,570,284,0.4982456140350877
MissFortune,Velkoz,938,448,0.47761194029850745
Leona,Velkoz,437,190,0.43478260869565216
Mordekaiser,Vayne,765,392,0.5124183006535947
Mordekaiser,Soraka,533,285,0.5347091932457786
Ekko,Galio,434,203,0.46774193548387094
Ekko,Soraka,393,181,0.46055979643765904
Mel,Soraka,703,324,0.46088193456614507
Gwen,Teemo,569,245,0.4305799648506151
Teemo,TwistedFate,472,259,0.548728813559322
Teemo,Thresh,856,435,0.508177570093458
Diana,Kaisa,940,489,0.5202127659574468
Diana,Thresh,717,381,0.5313807531380753
Gwen,Yasuo,577,283,0.4904679376083189
Gwen,Lucian,381,186,0.4881889763779528
Nautilus,Thresh,768,370,0.4817708333333333
Elise,Jinx,343,168,0.4897959183673469
Jinx,Sona,655,315,0.48091603053435117
Chogath,Tryndamere,396,207,0.5227272727272727
Chogath,Draven,378,195,0.5158730158730159
Elise,Warwick,216,99,0.4583333333333333
Warwick,Zed,630,340,0.5396825396825397
Ashe,Elise,336,168,0.5
Ashe,Zed,920,450,0.4891304347826087
Ashe,Draven,621,319,0.5136876006441223
DrMundo,Katarina,536,291,0.542910447761194
Katarina,Tryndamere,263,123,0.467680608365019
Elise,Katarina,147,63,0.42857142857142855
Swain,Zed,480,259,0.5395833333333333
Sona,Swain,372,168,0.45161290322580644
DrMundo,Galio,570,287,0.5035087719298246
Galio,Tryndamere,263,143,0.5437262357414449
Elise,Galio,164,71,0.4329268292682927
Draven,Galio,278,137,0.49280575539568344
Galio,Sona,316,145,0.4588607594936709
DrMundo,Nunu,457,220,0.4814004376367615
Elise,Nunu,143,74,0.5174825174825175
Nunu,XinZhao,236,116,0.4915254237288136
Draven,Nunu,220,114,0.5181818181818182
Nunu,Volibear,428,225,0.5257009345794392
Chogath,KogMaw,311,135,0.4340836012861736
Jhin,KogMaw,458,219,0.4781659388646288
KogMaw,Xayah,205,100,0.4878048780487805
Kindred,KogMaw,152,74,0.4868421052631579
Chogath,Xerath,470,233,0.4957446808510638
Kindred,Xerath,252,112,0.4444444444444444
Garen,Jinx,1246,619,0.4967897271268058
Garen,Xayah,422,232,0.5497630331753555
Garen,Kindred,341,184,0.5395894428152492
Jinx,Kennen,342,187,0.5467836257309941
Chogath,Kennen,242,134,0.5537190082644629
Jhin,Kennen,366,184,0.5027322404371585
Kennen,Xayah,133,71,0.5338345864661654
Kennen,Kindred,117,57,0.48717948717948717
Aphelios,Xayah,206,125,0.6067961165048543
Aphelios,Kindred,184,92,0.5
Nasus,Sion,394,201,0.5101522842639594
Talon,XinZhao,194,102,0.5257731958762887
Ekko,Talon,261,138,0.5287356321839081
Talon,Vayne,333,165,0.4954954954954955
Gragas,Sion,238,112,0.47058823529411764
Gragas,Vayne,332,160,0.4819277108433735
MissFortune,XinZhao,689,320,0.4644412191582003
Nautilus,Sion,553,257,0.46473779385171793
Malzahar,Shaco,516,297,0.5755813953488372
AurelionSol,Volibear,399,204,0.5112781954887218
AurelionSol,Zeri,155,81,0.5225806451612903
AurelionSol,Blitzcrank,327,172,0.5259938837920489
Jhin,Zeri,459,237,0.5163398692810458
Velkoz,Zeri,208,103,0.4951923076923077
Blitzcrank,Velkoz,444,201,0.4527027027027027
MonkeyKing,Sivir,242,134,0.5537190082644629
MonkeyKing,Twitch,293,145,0.4948805460750853
Blitzcrank,Xerath,467,238,0.5096359743040685
Mel,Xerath,862,400,0.46403712296983757
Malphite,Xerath,560,291,0.5196428571428572
Malphite,MonkeyKing,404,184,0.45544554455445546
RekSai,Renekton,74,38,0.5135135135135135
Milio,Renekton,291,155,0.5326460481099656
RekSai,Viego,152,76,0.5
Malzahar,RekSai,134,67,0.5
Leblanc,Malzahar,351,150,0.42735042735042733
Caitlyn,Malzahar,1248,566,0.453525641025641
Kaisa,RekSai,216,105,0.4861111111111111
Kaisa,Leblanc,497,266,0.5352112676056338
Neeko,RekSai,95,47,0.49473684210526314
Leblanc,Neeko,248,110,0.4435483870967742
Mel,Tryndamere,507,251,0.49506903353057197
Seraphine,Tryndamere,344,174,0.5058139534883721
Khazix,Malphite,378,181,0.47883597883597884
Jinx,Khazix,623,316,0.507223113964687
Khazix,Seraphine,347,161,0.46397694524495675
Malphite,Senna,698,387,0.5544412607449857
Mel,Senna,881,424,0.48127128263337116
Senna,Seraphine,567,295,0.5202821869488536
Malzahar,Nasus,463,236,0.509719222462203
Karma,Nasus,324,146,0.4506172839506173
Darius,Nocturne,401,187,0.46633416458852867
Nocturne,XinZhao,257,117,0.45525291828793774
Malzahar,Nocturne,448,200,0.44642857142857145
Darius,Viktor,376,186,0.4946808510638298
Malzahar,Viktor,387,215,0.5555555555555556
Karma,Viktor,280,153,0.5464285714285714
Brand,Draven,372,202,0.543010752688172
Illaoi,Poppy,183,92,0.5027322404371585
Poppy,Volibear,380,195,0.5131578947368421
Aurora,Zaahen,401,186,0.46384039900249374
Kaisa,Nami,981,454,0.46279306829765543
Nami,Poppy,343,184,0.5364431486880467
Sivir,Thresh,504,258,0.5119047619047619
Ivern,Sivir,125,56,0.448
Ivern,Veigar,213,93,0.43661971830985913
Ivern,Smolder,237,117,0.4936708860759494
Kayle,Smolder,598,304,0.5083612040133779
Ahri,Seraphine,738,377,0.510840108401084
Ivern,Seraphine,188,98,0.5212765957446809
Kayle,Seraphine,482,253,0.524896265560166
Gwen,Urgot,277,131,0.4729241877256318
Gwen,JarvanIV,285,137,0.4807017543859649
Gwen,Shen,342,165,0.4824561403508772
Gwen,Milio,329,146,0.44376899696048633
Nocturne,Urgot,208,99,0.47596153846153844
JarvanIV,Nocturne,263,133,0.5057034220532319
Fizz,Urgot,251,126,0.50199203187251
JarvanIV,Thresh,488,262,0.5368852459016393
Kaisa,Thresh,1032,485,0.4699612403100775
Darius,Mel,948,465,0.49050632911392406
Briar,Malphite,694,335,0.4827089337175792
Vex,Viego,297,149,0.5016835016835017
Mel,Vex,449,245,0.5456570155902004
Viego,Zeri,260,126,0.4846153846153846
Mel,Zeri,368,188,0.5108695652173914
Caitlyn,Zeri,447,218,0.48769574944071586
Karma,Malphite,518,228,0.44015444015444016
Karma,Viego,416,203,0.4879807692307692
Nunu,Seraphine,340,173,0.5088235294117647
Nunu,Varus,291,149,0.5120274914089347
Ivern,Varus,151,68,0.4503311258278146
Jayce,Varus,246,130,0.5284552845528455
Caitlyn,Gangplank,483,240,0.4968944099378882
Blitzcrank,Gangplank,253,144,0.5691699604743083
Blitzcrank,Jayce,253,120,0.4743083003952569
Darius,Nunu,418,206,0.49282296650717705
Darius,Jayce,304,158,0.5197368421052632
Azir,Pantheon,274,116,0.4233576642335766
Gragas,Hecarim,160,77,0.48125
Hecarim,Zed,250,128,0.512
Azir,Yone,280,109,0.3892857142857143
Azir,Yuumi,145,69,0.47586206896551725
Chogath,Ziggs,407,222,0.5454545454545454
Ashe,Neeko,728,371,0.5096153846153846
Ashe,Ziggs,689,338,0.49056603773584906
Ashe,Pantheon,1207,618,0.512013256006628
Maokai,Neeko,207,103,0.4975845410628019
Maokai,Ziggs,216,121,0.5601851851851852
Maokai,Pantheon,338,176,0.5207100591715976
DrMundo,Nasus,571,280,0.4903677758318739
Jinx,Nasus,781,396,0.5070422535211268
Nunu,Vladimir,272,145,0.5330882352941176
Jinx,Nunu,608,290,0.4769736842105263
Nunu,Soraka,305,151,0.49508196721311476
DrMundo,Fizz,567,302,0.5326278659611993
Fizz,Jax,449,222,0.49443207126948774
Fizz,Vladimir,309,154,0.49838187702265374
Fizz,Jinx,706,357,0.5056657223796034
Fizz,Soraka,315,160,0.5079365079365079
Hwei,Vladimir,254,123,0.484251968503937
Jax,Senna,631,326,0.5166402535657686
Senna,Soraka,467,223,0.47751605995717344
Singed,Trundle,244,119,0.48770491803278687
Kindred,Singed,189,92,0.48677248677248675
KogMaw,Singed,166,86,0.5180722891566265
KogMaw,LeeSin,195,105,0.5384615384615384
LeeSin,Lulu,336,162,0.48214285714285715
KSante,Trundle,155,61,0.3935483870967742
KSante,Kindred,106,46,0.4339622641509434
Brand,KSante,237,144,0.6075949367088608
KSante,KogMaw,98,47,0.47959183673469385
KSante,Lulu,156,82,0.5256410256410257
Bard,Trundle,236,101,0.4279661016949153
Bard,Kindred,194,87,0.4484536082474227
Sett,Trundle,502,268,0.5338645418326693
Brand,Sett,696,345,0.4956896551724138
KogMaw,Sett,328,164,0.5
Jax,Riven,444,243,0.5472972972972973
Jax,Zoe,353,200,0.56657223796034
Nocturne,Riven,239,129,0.5397489539748954
Nocturne,Zoe,190,90,0.47368421052631576
Riven,Ziggs,230,97,0.4217391304347826
Yunara,Zoe,327,167,0.5107033639143731
Blitzcrank,Zoe,310,166,0.535483870967742
Fiora,MonkeyKing,154,66,0.42857142857142855
Fiora,Vayne,280,141,0.5035714285714286
Fiora,Velkoz,175,81,0.46285714285714286
Evelynn,Udyr,111,59,0.5315315315315315
Evelynn,Lucian,219,105,0.4794520547945205
Evelynn,Velkoz,192,92,0.4791666666666667
Lucian,MonkeyKing,326,136,0.4171779141104294
Lucian,Udyr,287,145,0.5052264808362369
Lucian,Lucian,31,1,0.03225806451612903
Teemo,Udyr,391,187,0.4782608695652174
Teemo,Velkoz,644,321,0.4984472049689441
MonkeyKing,Pyke,274,158,0.5766423357664233
Pyke,Udyr,252,109,0.43253968253968256
Lucian,Pyke,480,234,0.4875
Pyke,Vayne,596,257,0.4312080536912752
Pyke,Velkoz,430,206,0.4790697674418605
Hwei,KogMaw,216,95,0.4398148148148148
Blitzcrank,KogMaw,277,128,0.4620938628158845
KogMaw,Malphite,342,175,0.5116959064327485
Kaisa,KogMaw,376,175,0.4654255319148936
KogMaw,Lucian,305,162,0.5311475409836065
Hwei,Janna,208,90,0.4326923076923077
Blitzcrank,Janna,270,138,0.5111111111111111
Janna,Kaisa,415,217,0.5228915662650603
Janna,Lucian,270,140,0.5185185185185185
Hwei,Lissandra,174,84,0.4827586206896552
Blitzcrank,Lissandra,220,109,0.4954545454545455
Lissandra,Malphite,291,134,0.46048109965635736
Kaisa,Lissandra,329,164,0.49848024316109424
Lissandra,Lucian,221,104,0.47058823529411764
Lucian,Mordekaiser,586,280,0.4778156996587031
Hwei,Rell,166,89,0.536144578313253
Lucian,Rell,231,114,0.4935064935064935
Renekton,Rengar,193,96,0.49740932642487046
Renekton,Senna,359,180,0.5013927576601671
LeeSin,Riven,269,127,0.4721189591078067
LeeSin,Veigar,452,221,0.4889380530973451
LeeSin,Senna,430,208,0.48372093023255813
Diana,Riven,373,196,0.5254691689008043
Diana,Rengar,346,190,0.5491329479768786
Diana,Veigar,705,350,0.49645390070921985
Veigar,Zeri,291,155,0.5326460481099656
Senna,Zeri,277,140,0.5054151624548736
Riven,Zyra,282,125,0.4432624113475177
Rengar,Zyra,206,88,0.42718446601941745
Veigar,Zyra,581,261,0.44922547332185886
Senna,Zyra,468,212,0.452991452991453
Darius,Yorick,447,211,0.4720357941834452
Viego,Yorick,425,198,0.46588235294117647
Sona,Yorick,238,112,0.47058823529411764
Briar,Talon,231,134,0.5800865800865801
Aphelios,Talon,177,88,0.4971751412429379
Sona,Talon,202,111,0.5495049504950495
Briar,Ekko,444,225,0.5067567567567568
Aphelios,Ekko,333,169,0.5075075075075075
Kayle,Lissandra,181,98,0.5414364640883977
Lissandra,MasterYi,228,112,0.49122807017543857
Diana,Zoe,301,171,0.5681063122923588
Lissandra,Zoe,109,56,0.5137614678899083
Tristana,Zoe,365,210,0.5753424657534246
Pyke,Zoe,353,173,0.49008498583569404
Darius,Xayah,408,190,0.46568627450980393
Diana,Xayah,362,194,0.5359116022099447
Lissandra,Xayah,148,74,0.5
Pyke,Xayah,358,168,0.4692737430167598
Diana,Morgana,963,471,0.48909657320872274
Briar,Pantheon,645,331,0.5131782945736434
Sejuani,Shen,163,75,0.4601226993865031
Jhin,Sejuani,364,194,0.532967032967033
Ambessa,Tryndamere,216,99,0.4583333333333333
Ambessa,Rengar,204,111,0.5441176470588235
Ambessa,Veigar,408,195,0.47794117647058826
Ambessa,Yuumi,243,130,0.5349794238683128
Tryndamere,Vi,213,115,0.539906103286385
Veigar,Vi,410,208,0.5073170731707317
Vi,Yuumi,301,160,0.53156146179402
Morgana,Tryndamere,527,278,0.5275142314990512
Pyke,Rengar,265,139,0.5245283018867924
Pyke,Veigar,583,258,0.4425385934819897
Mordekaiser,Zyra,536,265,0.4944029850746269
Nautilus,Xayah,452,223,0.49336283185840707
Anivia,Diana,257,127,0.49416342412451364
Anivia,Xayah,226,122,0.5398230088495575
Anivia,Zyra,226,96,0.4247787610619469
Morgana,Xayah,580,302,0.5206896551724138
Rakan,Smolder,338,153,0.4526627218934911
Senna,Urgot,362,169,0.46685082872928174
DrMundo,Urgot,433,215,0.49653579676674364
Sivir,Urgot,295,144,0.488135593220339
Rakan,Urgot,144,66,0.4583333333333333
AurelionSol,DrMundo,441,224,0.5079365079365079
AurelionSol,Rakan,154,79,0.512987012987013
Ashe,Viktor,624,306,0.49038461538461536
Senna,Viktor,389,187,0.480719794344473
Rakan,Viktor,165,67,0.40606060606060607
Mordekaiser,Rakan,300,171,0.57
Akali,Renekton,315,140,0.4444444444444444
Akali,Galio,497,218,0.4386317907444668
Akali,Morgana,730,318,0.43561643835616437
Renekton,Trundle,225,103,0.4577777777777778
Galio,Trundle,334,163,0.4880239520958084
Diana,Renekton,390,201,0.5153846153846153
Diana,Warwick,756,348,0.4603174603174603
Diana,Tristana,584,303,0.5188356164383562
Sivir,Warwick,489,240,0.49079754601226994
Galio,Nautilus,542,302,0.5571955719557196
Nidalee,Pantheon,281,126,0.4483985765124555
Ahri,Nidalee,381,208,0.5459317585301837
Nidalee,Shaco,280,131,0.46785714285714286
Fizz,Leona,404,192,0.4752475247524752
Ahri,Fizz,530,267,0.5037735849056604
Ahri,Vex,442,222,0.502262443438914
Shaco,Vex,290,126,0.43448275862068964
Gangplank,Vex,167,81,0.48502994011976047
Rammus,Shaco,177,90,0.5084745762711864
Gangplank,Mel,363,175,0.4820936639118457
Annie,Evelynn,119,76,0.6386554621848739
Evelynn,Kassadin,75,40,0.5333333333333333
Evelynn,Mel,343,164,0.478134110787172
Evelynn,Veigar,279,142,0.5089605734767025
Annie,Nunu,195,97,0.49743589743589745
Gwen,Nunu,240,115,0.4791666666666667
Nunu,Veigar,432,206,0.47685185185185186
Alistar,Annie,163,74,0.4539877300613497
Alistar,Gwen,226,106,0.4690265486725664
Braum,Mel,397,184,0.4634760705289673
Braum,Gwen,220,98,0.44545454545454544
Braum,Veigar,303,136,0.44884488448844884
Gwen,Velkoz,353,164,0.46458923512747874
Veigar,Velkoz,535,279,0.5214953271028038
Graves,Xerath,269,134,0.49814126394052044
Fiora,Graves,154,65,0.42207792207792205
AurelionSol,Xerath,256,129,0.50390625
AurelionSol,Fiora,137,71,0.5182481751824818
TahmKench,Xerath,307,151,0.49185667752442996
Fiora,TahmKench,188,97,0.5159574468085106
Fiora,Sion,251,134,0.5338645418326693
Ezreal,Swain,631,284,0.4500792393026941
MissFortune,Syndra,766,393,0.5130548302872062
MissFortune,Pyke,971,517,0.5324407826982492
MissFortune,Zyra,1035,511,0.49371980676328503
Syndra,Yuumi,265,155,0.5849056603773585
Jhin,Pyke,1046,538,0.51434034416826
Pyke,Warwick,602,274,0.45514950166112955
Pyke,Senna,474,242,0.510548523206751
Malzahar,Udyr,301,155,0.5149501661129569
Malzahar,Xerath,531,259,0.487758945386064
Malphite,MissFortune,1507,756,0.5016589250165893
Anivia,Yone,333,162,0.4864864864864865
Aphelios,Yone,447,223,0.4988814317673378
Irelia,MonkeyKing,207,107,0.5169082125603864
LeeSin,MonkeyKing,258,126,0.4883720930232558
Anivia,MonkeyKing,199,105,0.5276381909547738
Aphelios,MonkeyKing,199,107,0.5376884422110553
Milio,MonkeyKing,241,124,0.5145228215767634
Katarina,LeeSin,306,146,0.477124183006536
Anivia,Katarina,176,71,0.4034090909090909
Katarina,Milio,335,164,0.48955223880597015
Irelia,MissFortune,815,362,0.4441717791411043
LeeSin,MissFortune,751,360,0.4793608521970706
Anivia,MissFortune,601,276,0.45923460898502494
Aphelios,Seraphine,362,177,0.4889502762430939
Elise,Zaahen,218,98,0.44954128440366975
Syndra,Zaahen,494,227,0.45951417004048584
Karthus,Taliyah,108,64,0.5925925925925926
Elise,Karthus,83,43,0.5180722891566265
Karthus,Katarina,167,89,0.5329341317365269
Jayce,Taliyah,128,58,0.453125
Elise,Jayce,93,44,0.4731182795698925
Jayce,Syndra,203,104,0.5123152709359606
Jhin,Taliyah,341,180,0.5278592375366569
Elise,Nautilus,225,109,0.48444444444444446
Darius,Yuumi,440,239,0.5431818181818182
Swain,Thresh,602,330,0.5481727574750831
Neeko,Thresh,463,233,0.5032397408207343
Seraphine,Shen,448,200,0.44642857142857145
Irelia,XinZhao,252,119,0.4722222222222222
Shen,XinZhao,308,167,0.5422077922077922
XinZhao,Yuumi,303,158,0.5214521452145214
Garen,Udyr,329,169,0.513677811550152
Annie,Udyr,135,64,0.4740740740740741
Morgana,Udyr,415,199,0.4795180722891566
Garen,LeeSin,483,272,0.5631469979296067
Annie,LeeSin,200,105,0.525
LeeSin,Smolder,520,228,0.43846153846153846
Ahri,Annie,393,192,0.48854961832061067
Ezreal,Volibear,681,315,0.46255506607929514
Akali,Hecarim,223,110,0.49327354260089684
Hecarim,Vayne,330,164,0.49696969696969695
Hecarim,Rengar,151,80,0.5298013245033113
Rengar,Shaco,306,137,0.4477124183006536
Brand,KogMaw,318,152,0.4779874213836478
KogMaw,Shaco,270,137,0.5074074074074074
Lulu,Ornn,263,141,0.5361216730038023
Lulu,Shaco,351,170,0.4843304843304843
Graves,Volibear,354,187,0.5282485875706214
Akali,Graves,327,154,0.4709480122324159
Akali,Ornn,289,135,0.4671280276816609
KogMaw,Xerath,246,105,0.4268292682926829
KogMaw,Ornn,172,91,0.5290697674418605
Cassiopeia,Xerath,169,65,0.38461538461538464
Cassiopeia,Graves,125,64,0.512
Cassiopeia,Ornn,137,74,0.5401459854014599
Gragas,Nasus,198,85,0.4292929292929293
Belveth,Kayn,236,111,0.4703389830508475
Kayn,Swain,568,266,0.46830985915492956
Belveth,Irelia,145,86,0.593103448275862
Irelia,Velkoz,310,133,0.4290322580645161
Irelia,Swain,371,163,0.4393530997304582
Gragas,Smolder,349,160,0.4584527220630373
Gragas,Mordekaiser,332,150,0.45180722891566266
Mordekaiser,Swain,708,338,0.4774011299435028
Diana,Karma,425,213,0.5011764705882353
Diana,Varus,427,233,0.5456674473067916
Diana,Malphite,770,379,0.4922077922077922
Aphelios,Graves,232,111,0.47844827586206895
Graves,Karma,303,142,0.46864686468646866
Graves,Varus,322,162,0.5031055900621118
Aphelios,Leona,328,158,0.4817073170731707
Leona,Malphite,676,325,0.4807692307692308
Aphelios,Sejuani,139,79,0.5683453237410072
Karma,Sejuani,161,77,0.4782608695652174
Ahri,Sejuani,248,115,0.4637096774193548
Malphite,Sejuani,236,129,0.5466101694915254
Aphelios,Azir,151,84,0.5562913907284768
Azir,Karma,165,84,0.509090909090909
Irelia,Vladimir,264,136,0.5151515151515151
Irelia,Sion,329,153,0.46504559270516715
Gwen,Vladimir,289,159,0.5501730103806228
Gwen,Smolder,558,270,0.4838709677419355
Caitlyn,Sion,927,434,0.46817691477885653
Swain,Vladimir,411,231,0.5620437956204379
Diana,Swain,560,299,0.5339285714285714
Pantheon,Swain,624,306,0.49038461538461536
KSante,Quinn,90,48,0.5333333333333333
Ekko,Quinn,239,113,0.47280334728033474
Aphelios,Quinn,169,97,0.5739644970414202
Janna,Quinn,140,74,0.5285714285714286
Orianna,Volibear,346,163,0.47109826589595377
KSante,Qiyana,100,56,0.56
Ekko,Qiyana,190,114,0.6
Aphelios,Qiyana,173,97,0.5606936416184971
Janna,Qiyana,150,82,0.5466666666666666
KSante,Smolder,270,124,0.45925925925925926
Aphelios,Smolder,551,270,0.4900181488203267
KSante,MonkeyKing,120,56,0.4666666666666667
MonkeyKing,Orianna,222,114,0.5135135135135135
Shen,Volibear,496,250,0.5040322580645161
Shen,Udyr,252,126,0.5
Sejuani,Volibear,255,132,0.5176470588235295
Sejuani,Udyr,113,64,0.5663716814159292
Jinx,Sejuani,336,179,0.5327380952380952
Diana,Udyr,308,159,0.5162337662337663
Volibear,Yunara,593,314,0.5295109612141653
FiddleSticks,Yunara,293,150,0.5119453924914675
Karma,Udyr,198,99,0.5
Rengar,Soraka,260,126,0.4846153846153846
Ahri,Shaco,662,325,0.4909365558912387
Karma,Soraka,343,167,0.4868804664723032
Gwen,Tryndamere,252,114,0.4523809523809524
Evelynn,Tryndamere,152,76,0.5
Quinn,Tryndamere,168,91,0.5416666666666666
Nami,Tryndamere,391,194,0.4961636828644501
Jax,Quinn,297,150,0.5050505050505051
Quinn,Veigar,359,184,0.5125348189415042
Evelynn,Senna,247,105,0.4251012145748988
Quinn,Senna,265,145,0.5471698113207547
Nami,Senna,677,350,0.51698670605613
Evelynn,Sona,161,78,0.484472049689441
Anivia,Garen,328,165,0.5030487804878049
Anivia,Gragas,171,91,0.5321637426900585
Gragas,Volibear,259,116,0.44787644787644787
Gragas,Janna,151,75,0.4966887417218543
Anivia,Syndra,191,98,0.5130890052356021
Qiyana,Syndra,158,80,0.5063291139240507
Anivia,Ezreal,352,183,0.5198863636363636
Ezreal,Qiyana,340,184,0.5411764705882353
Anivia,Karma,230,120,0.5217391304347826
Karma,Qiyana,218,121,0.555045871559633
Janna,Karma,231,117,0.5064935064935064
Darius,Milio,517,238,0.46034816247582205
Nidalee,Zaahen,328,146,0.4451219512195122
Mel,Swain,789,364,0.46134347275031684
Fizz,Heimerdinger,282,128,0.45390070921985815
Kindred,Mordekaiser,362,173,0.47790055248618785
Kindred,Shaco,280,138,0.4928571428571429
Fizz,Lucian,379,192,0.5065963060686016
Mordekaiser,Nautilus,734,405,0.5517711171662125
Fizz,Nautilus,426,192,0.4507042253521127
Katarina,Kayn,503,235,0.4671968190854871
Vex,Zilean,159,69,0.4339622641509434
Hwei,Zilean,187,91,0.48663101604278075
Corki,Vex,130,47,0.36153846153846153
Corki,Hwei,175,85,0.4857142857142857
Corki,Twitch,218,117,0.536697247706422
Janna,Maokai,143,65,0.45454545454545453
Maokai,Vex,160,93,0.58125
Hwei,Maokai,194,94,0.4845360824742268
Maokai,Twitch,275,123,0.44727272727272727
Annie,Vex,158,78,0.4936708860759494
Annie,Hwei,182,99,0.5439560439560439
Annie,Twitch,272,153,0.5625
MonkeyKing,Rakan,149,93,0.6241610738255033
Janna,Rakan,137,68,0.49635036496350365
Rakan,Vex,127,48,0.3779527559055118
Hwei,Rakan,195,100,0.5128205128205128
Rakan,Twitch,219,114,0.5205479452054794
Aurora,Fizz,260,110,0.4230769230769231
AurelionSol,Fizz,229,104,0.45414847161572053
Aurora,Skarner,93,51,0.5483870967741935
AurelionSol,Skarner,97,46,0.4742268041237113
Caitlyn,Skarner,249,136,0.5461847389558233
Skarner,Thresh,163,81,0.49693251533742333
Aurora,Kennen,133,69,0.518796992481203
Kennen,Pantheon,230,107,0.4652173913043478
AurelionSol,Kennen,136,66,0.4852941176470588
Kennen,Thresh,247,122,0.4939271255060729
Jhin,Thresh,1223,624,0.5102207686017989
Aurora,Milio,283,126,0.4452296819787986
AurelionSol,Milio,248,126,0.5080645161290323
Malphite,RekSai,165,99,0.6
Malphite,Vladimir,449,244,0.5434298440979956
Khazix,RekSai,88,43,0.48863636363636365
Khazix,Vladimir,239,126,0.5271966527196653
Khazix,Pyke,300,143,0.4766666666666667
Lux,RekSai,214,116,0.5420560747663551
Jhin,RekSai,237,121,0.510548523206751
Chogath,Thresh,704,369,0.5241477272727273
RekSai,Thresh,158,89,0.5632911392405063
Kayle,Mordekaiser,562,287,0.5106761565836299
MonkeyKing,Mordekaiser,388,192,0.4948453608247423
Lillia,MonkeyKing,214,117,0.5467289719626168
Lillia,Velkoz,297,157,0.5286195286195287
Kayle,Qiyana,178,82,0.4606741573033708
MonkeyKing,Qiyana,169,98,0.5798816568047337
Ahri,Qiyana,314,183,0.5828025477707006
Jhin,Qiyana,458,247,0.5393013100436681
Kayle,KogMaw,246,116,0.4715447154471545
KogMaw,MonkeyKing,165,82,0.49696969696969695
KogMaw,Velkoz,256,111,0.43359375
Akshan,Sona,211,92,0.43601895734597157
Akshan,Olaf,118,44,0.3728813559322034
Akshan,Lillia,213,99,0.4647887323943662
Akshan,Veigar,334,157,0.47005988023952094
Akshan,Xerath,230,110,0.4782608695652174
Shaco,Veigar,595,282,0.47394957983193275
Graves,Sona,257,119,0.46303501945525294
Graves,Olaf,140,61,0.4357142857142857
Graves,Lillia,218,92,0.42201834862385323
Graves,Veigar,368,165,0.4483695652173913
Briar,Udyr,280,136,0.4857142857142857
Briar,Lulu,379,207,0.5461741424802111
Braum,Udyr,139,65,0.4676258992805755
Braum,Sylas,379,164,0.43271767810026385
Braum,Naafiri,159,71,0.44654088050314467
Braum,Yunara,302,135,0.4470198675496689
Braum,Lulu,227,109,0.4801762114537445
Ahri,Sylas,871,446,0.5120551090700345
Lux,Yunara,1061,586,0.5523091423185674
Lulu,Lux,789,369,0.467680608365019
Kayle,Warwick,510,254,0.4980392156862745
Kayle,LeeSin,337,175,0.5192878338278932
Hwei,Kayle,351,168,0.47863247863247865
Ivern,Kayle,165,74,0.4484848484848485
LeeSin,Zac,204,91,0.44607843137254904
Hwei,Zac,189,105,0.5555555555555556
Lucian,Vladimir,354,182,0.5141242937853108
Hwei,Zyra,313,154,0.49201277955271566
Gragas,Poppy,187,87,0.46524064171123
Gragas,Malphite,324,157,0.4845679012345679
Gragas,Lucian,266,124,0.46616541353383456
Gragas,Zoe,161,79,0.4906832298136646
Khazix,Poppy,203,86,0.4236453201970443
Khazix,Rengar,240,103,0.42916666666666664
Khazix,Lucian,350,162,0.46285714285714286
Khazix,Zoe,199,96,0.4824120603015075
MissFortune,Rengar,623,340,0.5457463884430177
Rell,Zoe,121,71,0.5867768595041323
Ahri,Trundle,550,285,0.5181818181818182
Diana,XinZhao,441,223,0.5056689342403629
Vayne,XinZhao,450,241,0.5355555555555556
Anivia,Maokai,171,87,0.5087719298245614
Lucian,Maokai,281,133,0.47330960854092524
Darius,Maokai,322,169,0.5248447204968945
Maokai,Naafiri,192,96,0.5
Maokai,Quinn,156,72,0.46153846153846156
Anivia,Ekko,257,139,0.5408560311284046
Ekko,Morgana,712,344,0.48314606741573035
Anivia,Skarner,78,39,0.5
Mordekaiser,Skarner,167,102,0.6107784431137725
Skarner,Yasuo,206,97,0.470873786407767
Morgana,Skarner,201,111,0.5522388059701493
Darius,Skarner,159,90,0.5660377358490566
Naafiri,Skarner,98,47,0.47959183673469385
Quinn,Skarner,68,39,0.5735294117647058
Anivia,Neeko,184,98,0.532608695652174
Mordekaiser,Neeko,500,263,0.526
Naafiri,Neeko,255,119,0.4666666666666667
Anivia,Nunu,225,116,0.5155555555555555
Mordekaiser,Nunu,425,224,0.5270588235294118
Lucian,Nunu,316,156,0.4936708860759494
Nunu,Quinn,167,87,0.5209580838323353
Mordekaiser,Sion,623,319,0.5120385232744783
Naafiri,Sion,317,142,0.4479495268138801
Anivia,Orianna,192,82,0.4270833333333333
Darius,Orianna,343,171,0.49854227405247814
Naafiri,Orianna,200,102,0.51
Nasus,Tryndamere,305,152,0.49836065573770494
Tryndamere,Yorick,244,132,0.5409836065573771
Jax,Volibear,780,420,0.5384615384615384
Jax,Mel,1017,532,0.5231071779744346
Seraphine,Yorick,414,175,0.4227053140096618
Sett,Smolder,842,440,0.5225653206650831
Ekko,Ornn,298,153,0.5134228187919463
Ekko,Kindred,251,137,0.545816733067729
Ekko,Ryze,248,143,0.5766129032258065
Ekko,Xerath,406,224,0.5517241379310345
Kindred,Tristana,301,134,0.44518272425249167
Tristana,Xerath,523,253,0.4837476099426386
TahmKench,Tristana,437,217,0.4965675057208238
Renata,Senna,216,107,0.49537037037037035
Renata,Thresh,213,118,0.5539906103286385
Pantheon,TahmKench,483,254,0.525879917184265
Pantheon,Senna,701,363,0.5178316690442225
Lissandra,Senna,229,124,0.5414847161572053
Lissandra,Thresh,244,107,0.4385245901639344
XinZhao,Yone,458,238,0.519650655021834
JarvanIV,XinZhao,297,150,0.5050505050505051
Akali,XinZhao,348,161,0.46264367816091956
Ambessa,Sett,464,216,0.46551724137931033
Sett,Soraka,508,258,0.5078740157480315
Naafiri,Sett,408,190,0.46568627450980393
Ambessa,Naafiri,240,124,0.5166666666666667
Naafiri,Soraka,249,102,0.40963855421686746
Caitlyn,Naafiri,700,347,0.4957142857142857
Naafiri,Rell,141,64,0.45390070921985815
Naafiri,Yunara,303,158,0.5214521452145214
Naafiri,Naafiri,24,1,0.041666666666666664
Ambessa,Gnar,152,80,0.5263157894736842
Gnar,Warwick,227,114,0.5022026431718062
Gnar,Soraka,178,86,0.48314606741573035
Gnar,Rell,78,30,0.38461538461538464
Gnar,Yunara,209,120,0.5741626794258373
Gnar,Maokai,114,58,0.5087719298245614
Gnar,Naafiri,128,67,0.5234375
Ambessa,Talon,212,117,0.5518867924528302
Talon,Warwick,301,141,0.4684385382059801
Soraka,Talon,213,104,0.48826291079812206
Talon,Yunara,247,141,0.5708502024291497
Maokai,Talon,147,86,0.5850340136054422
Naafiri,Talon,163,75,0.4601226993865031
Fizz,Warwick,476,227,0.47689075630252103
Fizz,Rell,174,92,0.5287356321839081
Fizz,Yunara,404,210,0.5198019801980198
Fizz,Maokai,199,92,0.4623115577889447
Fizz,Naafiri,216,115,0.5324074074074074
Kindred,Soraka,256,129,0.50390625
Kindred,Rell,111,47,0.42342342342342343
Kindred,Maokai,166,71,0.42771084337349397
Kindred,Naafiri,172,75,0.436046511627907
Rell,XinZhao,164,78,0.47560975609756095
Maokai,XinZhao,197,89,0.4517766497461929
Garen,Vex,360,185,0.5138888888888888
Tryndamere,Volibear,408,201,0.49264705882352944
Hecarim,Volibear,300,131,0.43666666666666665
Vex,Volibear,337,162,0.4807121661721068
Soraka,Volibear,462,225,0.487012987012987
Naafiri,Tryndamere,204,97,0.47549019607843135
Hecarim,Naafiri,174,94,0.5402298850574713
Naafiri,Vex,183,75,0.4098360655737705
Aphelios,Tryndamere,173,93,0.5375722543352601
Aphelios,Vex,209,104,0.49760765550239233
Aphelios,Soraka,291,141,0.4845360824742268
Sion,Zoe,248,140,0.5645161290322581
Heimerdinger,Yunara,269,129,0.4795539033457249
Lucian,Yunara,482,237,0.491701244813278
Singed,Yasuo,434,223,0.5138248847926268
Seraphine,Singed,310,135,0.43548387096774194
Kled,Zaahen,185,85,0.4594594594594595
Pyke,Zaahen,701,291,0.41512125534950073
Kled,Udyr,76,32,0.42105263157894735
Ambessa,Udyr,193,102,0.5284974093264249
Mel,Udyr,406,190,0.46798029556650245
Kled,Zed,159,81,0.5094339622641509
Pyke,Zed,477,218,0.4570230607966457
Jhin,Kled,275,146,0.5309090909090909
Kled,Soraka,123,64,0.5203252032520326
Ambessa,Soraka,315,157,0.4984126984126984
Pyke,Soraka,458,215,0.46943231441048033
Urgot,Zaahen,347,162,0.4668587896253602
Nidalee,Urgot,149,56,0.37583892617449666
Sylas,Urgot,373,175,0.4691689008042895
Mel,Urgot,510,258,0.5058823529411764
Nidalee,Teemo,405,174,0.42962962962962964
Nilah,Teemo,273,121,0.4432234432234432
KSante,Veigar,232,96,0.41379310344827586
Ekko,Veigar,630,304,0.48253968253968255
Nilah,Veigar,243,123,0.5061728395061729
KSante,Yunara,198,80,0.40404040404040403
Ekko,Yunara,480,248,0.5166666666666667
Nilah,Yunara,177,85,0.480225988700565
Blitzcrank,KSante,208,102,0.49038461538461536
FiddleSticks,Nasus,248,133,0.5362903225806451
Sett,XinZhao,476,254,0.5336134453781513
FiddleSticks,Nunu,213,111,0.5211267605633803
Kalista,Smolder,223,112,0.5022421524663677
Akali,Mel,810,394,0.48641975308641977
Ahri,Kindred,399,211,0.5288220551378446
Amumu,Gragas,272,161,0.5919117647058824
Gragas,Kindred,179,76,0.4245810055865922
Gragas,Tristana,279,137,0.4910394265232975
Briar,Gragas,242,136,0.5619834710743802
Gragas,Singed,190,97,0.5105263157894737
Kindred,Yone,336,160,0.47619047619047616
Sett,Zed,612,350,0.5718954248366013
Sett,Singed,433,208,0.48036951501154734
Gnar,Kindred,111,58,0.5225225225225225
Gnar,Tristana,178,85,0.47752808988764045
Briar,Gnar,182,100,0.5494505494505495
Gnar,Zed,206,119,0.5776699029126213
Gnar,Singed,151,70,0.46357615894039733
Gnar,MissFortune,386,186,0.48186528497409326
Gnar,Volibear,238,119,0.5
Amumu,FiddleSticks,346,174,0.5028901734104047
FiddleSticks,Zed,325,174,0.5353846153846153
FiddleSticks,Singed,199,119,0.5979899497487438
Kindred,Viego,272,122,0.4485294117647059
Singed,Viego,342,194,0.5672514619883041
Viego,Volibear,689,348,0.5050798258345428
Tristana,Udyr,297,147,0.494949494949495
Udyr,Zed,277,161,0.5812274368231047
Aatrox,Shen,368,182,0.4945652173913043
Aatrox,Annie,207,94,0.45410628019323673
Aatrox,Milio,401,188,0.4688279301745636
Chogath,Sylas,715,342,0.4783216783216783
Annie,Sylas,282,134,0.475177304964539
Annie,Katarina,242,127,0.5247933884297521
Annie,Kaisa,363,195,0.5371900826446281
Chogath,Nami,682,330,0.4838709677419355
Annie,Nami,295,144,0.488135593220339
DrMundo,Kayn,872,444,0.5091743119266054
DrMundo,Quinn,311,168,0.5401929260450161
Quinn,Volibear,256,128,0.5
DrMundo,Heimerdinger,444,225,0.5067567567567568
Shen,Warwick,488,268,0.5491803278688525
Azir,Lux,431,176,0.40835266821345706
Azir,Blitzcrank,221,94,0.4253393665158371
Blitzcrank,Ziggs,406,197,0.4852216748768473
Kayn,Mel,995,489,0.4914572864321608
Brand,Twitch,526,300,0.5703422053231939
Brand,TahmKench,466,229,0.49141630901287553
Nasus,TahmKench,289,147,0.5086505190311419
Nunu,TahmKench,289,177,0.6124567474048442
Smolder,Trundle,541,264,0.4879852125693161
KSante,Shen,154,71,0.461038961038961
Ekko,KSante,174,108,0.6206896551724138
Ekko,XinZhao,352,185,0.5255681818181818
Ekko,Tristana,503,243,0.4831013916500994
Jinx,KSante,337,173,0.5133531157270029
Kled,Vayne,183,78,0.4262295081967213
Thresh,Vayne,761,375,0.492772667542707
Aatrox,Kled,135,68,0.5037037037037037
Aatrox,Evelynn,226,117,0.5176991150442478
Aatrox,Smolder,640,320,0.5
Kled,Ziggs,103,50,0.4854368932038835
Evelynn,Ziggs,162,91,0.5617283950617284
Lucian,Malzahar,546,251,0.4597069597069597
Evelynn,Nautilus,258,117,0.45348837209302323
Singed,Vi,257,133,0.5175097276264592
JarvanIV,Vi,232,117,0.5043103448275862
Ekko,Thresh,608,314,0.5164473684210527
JarvanIV,Pyke,378,201,0.5317460317460317
Draven,Pyke,306,152,0.49673202614379086
Bard,Syndra,257,136,0.5291828793774319
Bard,Tryndamere,214,100,0.4672897196261682
Bard,Tristana,334,168,0.5029940119760479
Mordekaiser,Tryndamere,412,218,0.529126213592233
Mordekaiser,Tristana,692,340,0.4913294797687861
Braum,Syndra,207,105,0.5072463768115942
Braum,Tristana,304,144,0.47368421052631576
Hwei,Ivern,141,62,0.4397163120567376
Hwei,Syndra,284,127,0.4471830985915493
Hwei,Tryndamere,226,105,0.4646017699115044
Anivia,Nami,320,140,0.4375
LeeSin,Nami,493,233,0.4726166328600406
KogMaw,Nami,288,139,0.4826388888888889
Anivia,Malphite,330,153,0.4636363636363636
Kaisa,Malphite,1011,486,0.4807121661721068
Katarina,Malphite,557,277,0.49730700179533216
Irelia,Malphite,553,258,0.4665461121157324
Anivia,Briar,243,113,0.46502057613168724
Briar,KogMaw,236,118,0.5
Briar,Irelia,345,193,0.5594202898550724
Briar,Senna,491,250,0.5091649694501018
Anivia,Shen,224,119,0.53125
Senna,Shen,414,205,0.49516908212560384
Sona,Yone,431,236,0.5475638051044084
KogMaw,Yone,293,139,0.47440273037542663
LeeSin,Nunu,304,128,0.42105263157894735
KogMaw,Nunu,201,96,0.47761194029850745
Katarina,Nunu,284,144,0.5070422535211268
Irelia,Nunu,252,125,0.49603174603174605
MonkeyKing,Sona,219,111,0.5068493150684932
Gnar,Illaoi,111,49,0.44144144144144143
Gnar,Viktor,135,69,0.5111111111111111
Aphelios,Gnar,132,74,0.5606060606060606
Illaoi,Zac,175,94,0.5371428571428571
Viktor,Zac,170,95,0.5588235294117647
Aphelios,Zac,160,76,0.475
Leona,Zac,264,136,0.5151515151515151
Azir,Illaoi,118,45,0.3813559322033898
Azir,Viktor,160,64,0.4
Azir,Leona,214,97,0.4532710280373832
Illaoi,Yunara,265,144,0.5433962264150943
Illaoi,Nami,293,145,0.4948805460750853
DrMundo,Veigar,789,430,0.5449936628643853
DrMundo,Yunara,683,356,0.5212298682284041
Naafiri,Vayne,402,213,0.5298507462686567
Malphite,Sivir,551,274,0.49727767695099817
Sivir,Yunara,389,200,0.5141388174807198
Senna,Sivir,477,214,0.44863731656184486
Malphite,Seraphine,696,353,0.507183908045977
Leblanc,Yuumi,266,141,0.5300751879699248
Chogath,Leblanc,340,185,0.5441176470588235
Leblanc,Tristana,348,161,0.46264367816091956
Leblanc,Sett,360,158,0.4388888888888889
Leblanc,Lillia,219,85,0.3881278538812785
FiddleSticks,Leblanc,189,116,0.6137566137566137
Leblanc,LeeSin,263,120,0.45627376425855515
Chogath,Tristana,639,305,0.47730829420970267
Tristana,Tristana,45,8,0.17777777777777778
Jhin,Tristana,1216,591,0.48601973684210525
LeeSin,Tristana,428,197,0.4602803738317757
FiddleSticks,Pyke,335,177,0.5283582089552239
Talon,Tristana,291,143,0.49140893470790376
Jhin,Talon,487,241,0.4948665297741273
Renekton,Yuumi,222,118,0.5315315315315315
Chogath,Renekton,360,188,0.5222222222222223
FiddleSticks,Renekton,200,105,0.525
Jhin,Renekton,542,285,0.525830258302583
LeeSin,Renekton,246,123,0.5
Chogath,Samira,375,197,0.5253333333333333
Lillia,Samira,237,128,0.540084388185654
LeeSin,Samira,262,131,0.5
Lillia,Teemo,528,255,0.48295454545454547
FiddleSticks,Teemo,452,231,0.5110619469026548
LeeSin,Teemo,558,249,0.44623655913978494
Jhin,Yuumi,721,374,0.5187239944521498
Jhin,Sett,1257,631,0.5019888623707239
Jhin,Jhin,112,15,0.13392857142857142
Draven,Smolder,464,240,0.5172413793103449
Illaoi,Lucian,264,132,0.5
Draven,Zilean,162,73,0.4506172839506173
Illaoi,Zilean,148,75,0.5067567567567568
Draven,Riven,243,128,0.5267489711934157
Brand,Riven,344,198,0.5755813953488372
Illaoi,Riven,175,92,0.5257142857142857
Kayle,Sett,553,268,0.484629294755877
Kayle,Lux,974,486,0.4989733059548255
Draven,Kayle,292,154,0.5273972602739726
Kayle,Maokai,288,158,0.5486111111111112
Ekko,Maokai,230,105,0.45652173913043476
Akshan,Sett,361,152,0.42105263157894735
Akshan,MasterYi,304,142,0.46710526315789475
Akshan,Maokai,176,92,0.5227272727272727
Illaoi,Shen,245,136,0.5551020408163265
Illaoi,Kayn,332,177,0.5331325301204819
Illaoi,Taliyah,124,67,0.5403225806451613
Illaoi,Sivir,232,125,0.5387931034482759
Nocturne,Taliyah,134,72,0.5373134328358209
Galio,Shen,345,154,0.4463768115942029
Galio,Kayn,488,243,0.4979508196721312
Shen,Zeri,197,104,0.5279187817258884
Kayn,Zeri,288,151,0.5243055555555556
Taliyah,Zeri,100,49,0.49
Sivir,Zeri,179,95,0.5307262569832403
Nami,Zeri,281,152,0.5409252669039146
Pyke,Taliyah,197,99,0.5025380710659898
Brand,Cassiopeia,181,112,0.6187845303867403
Ashe,Fizz,702,319,0.4544159544159544
Fizz,Quinn,216,110,0.5092592592592593
Morgana,Urgot,504,249,0.49404761904761907
Pantheon,Urgot,396,203,0.5126262626262627
Cassiopeia,Pantheon,215,96,0.44651162790697674
Quinn,Vayne,330,183,0.5545454545454546
Camille,Yone,232,113,0.4870689655172414
MonkeyKing,Yone,327,173,0.5290519877675841
Camille,Rengar,122,70,0.5737704918032787
Camille,Syndra,129,71,0.5503875968992248
Swain,Syndra,333,185,0.5555555555555556
Karma,Syndra,290,142,0.4896551724137931
Camille,Ezreal,211,100,0.47393364928909953
Ezreal,MonkeyKing,370,160,0.43243243243243246
Ezreal,Karma,499,239,0.4789579158316633
Karma,Yuumi,284,170,0.5985915492957746
Udyr,Viktor,199,101,0.507537688442211
Briar,Viktor,292,143,0.4897260273972603
Lillia,Viktor,229,116,0.5065502183406113
Galio,Viktor,276,139,0.5036231884057971
Udyr,Ziggs,184,103,0.5597826086956522
MasterYi,Ziggs,381,195,0.5118110236220472
Galio,Ziggs,325,179,0.5507692307692308
Katarina,MasterYi,443,214,0.48306997742663654
Galio,Katarina,398,233,0.585427135678392
Katarina,Senna,384,204,0.53125
Aatrox,Briar,477,228,0.4779874213836478
Briar,TahmKench,355,200,0.5633802816901409
Udyr,Xayah,155,77,0.4967741935483871
MasterYi,Xayah,376,197,0.523936170212766
Lillia,Xayah,277,138,0.4981949458483754
Senna,Xayah,383,204,0.5326370757180157
Jinx,Xayah,660,357,0.5409090909090909
Blitzcrank,Udyr,266,118,0.44360902255639095
Blitzcrank,Senna,507,274,0.5404339250493096
Ashe,Blitzcrank,852,443,0.5199530516431925
Galio,Jayce,232,138,0.5948275862068966
Ashe,Jayce,484,261,0.5392561983471075
JarvanIV,Sett,447,216,0.48322147651006714
Hwei,Sett,458,207,0.4519650655021834
Ekko,Udyr,279,156,0.5591397849462365
Hwei,Udyr,208,104,0.5
Irelia,Yorick,332,155,0.46686746987951805
Hwei,Irelia,301,145,0.48172757475083056
JarvanIV,Zyra,323,137,0.4241486068111455
Ekko,Zyra,387,182,0.4702842377260982
Aurora,Nautilus,361,181,0.5013850415512465
Aurora,Lillia,231,109,0.47186147186147187
Lillia,Sivir,337,166,0.49258160237388726
Ezreal,Teemo,853,404,0.47362250879249707
Ezreal,Sivir,579,252,0.43523316062176165
TahmKench,Teemo,547,287,0.5246800731261426
Gnar,Shen,177,88,0.4971751412429379
Gnar,Jayce,120,66,0.55
Vayne,Zed,667,365,0.5472263868065967
Brand,Gnar,219,113,0.5159817351598174
Akshan,Kayn,318,172,0.5408805031446541
Neeko,Yone,473,239,0.5052854122621564
Akshan,Caitlyn,576,275,0.4774305555555556
AurelionSol,Teemo,452,228,0.504424778761062
MasterYi,Senna,602,306,0.5083056478405316
Kennen,Vayne,278,132,0.4748201438848921
Kennen,Senna,236,126,0.5338983050847458
Kennen,Teemo,324,157,0.4845679012345679
Kennen,Lux,391,180,0.46035805626598464
Malphite,Vayne,909,498,0.5478547854785478
Mordekaiser,Olaf,344,161,0.4680232558139535
LeeSin,Olaf,146,59,0.4041095890410959
MissFortune,Olaf,401,196,0.48877805486284287
Bard,Olaf,128,53,0.4140625
Bard,JarvanIV,253,130,0.5138339920948617
Mordekaiser,Singed,403,184,0.456575682382134
LeeSin,Singed,244,115,0.4713114754098361
MissFortune,Singed,618,300,0.4854368932038835
Bard,Singed,206,92,0.44660194174757284
Ashe,LeeSin,751,419,0.5579227696404794
Karma,Mordekaiser,470,233,0.4957446808510638
Darius,MonkeyKing,375,180,0.48
Elise,Udyr,105,50,0.47619047619047616
Darius,Elise,234,109,0.4658119658119658
Elise,Morgana,262,135,0.5152671755725191
Fizz,Udyr,263,119,0.4524714828897338
Darius,Fizz,459,244,0.5315904139433552
Malzahar,Quinn,263,135,0.5133079847908745
Malzahar,Smolder,957,491,0.5130616509926855
Malzahar,Soraka,447,244,0.5458612975391499
Draven,Quinn,164,72,0.43902439024390244
Draven,Soraka,248,121,0.4879032258064516
Diana,Gnar,221,119,0.5384615384615384
Gnar,Quinn,103,47,0.4563106796116505
Gnar,Smolder,286,137,0.479020979020979
Darius,Pyke,590,313,0.5305084745762711
Darius,Darius,87,12,0.13793103448275862
Pyke,Zyra,375,180,0.48
Nasus,Zyra,356,180,0.5056179775280899
Ahri,Samira,527,267,0.5066413662239089
Ekko,Ezreal,595,297,0.4991596638655462
Ekko,Senna,506,244,0.48221343873517786
Nasus,Senna,405,197,0.48641975308641977
Jax,Samira,440,236,0.5363636363636364
Jax,Pyke,562,315,0.5604982206405694
Darius,Jax,706,343,0.48583569405099153
Draven,Seraphine,331,173,0.5226586102719033
Draven,Samira,222,96,0.43243243243243246
Draven,Sivir,269,140,0.5204460966542751
Ivern,Samira,135,65,0.48148148148148145
Ekko,Ivern,174,76,0.4367816091954023
Ivern,Nasus,146,71,0.4863013698630137
Ashe,Ivern,305,152,0.49836065573770494
Akali,Illaoi,303,147,0.48514851485148514
Akali,Lucian,485,250,0.5154639175257731
Illaoi,Kindred,175,97,0.5542857142857143
Kindred,Seraphine,299,150,0.5016722408026756
Riven,Shaco,337,163,0.4836795252225519
MasterYi,Shaco,626,309,0.4936102236421725
Blitzcrank,Zyra,423,195,0.46099290780141844
Riven,Sona,239,134,0.5606694560669456
Lux,Sona,801,415,0.5181023720349563
JarvanIV,Sona,278,140,0.5035971223021583
Diana,Rell,230,128,0.5565217391304348
Milio,Vi,283,147,0.519434628975265
Milio,Rell,196,114,0.5816326530612245
Rell,Vex,129,63,0.4883720930232558
Smolder,Vi,456,218,0.4780701754385965
Katarina,Smolder,549,260,0.47358834244080145
Graves,Vi,227,121,0.5330396475770925
Draven,Graves,233,125,0.5364806866952789
Gangplank,Jhin,527,239,0.45351043643263755
Gangplank,Nocturne,154,69,0.44805194805194803
Nocturne,Sejuani,120,56,0.4666666666666667
Fizz,Nocturne,258,121,0.4689922480620155
Alistar,Nocturne,184,90,0.4891304347826087
Ekko,Gangplank,216,116,0.5370370370370371
Ekko,Sejuani,167,81,0.48502994011976047
Gangplank,TwistedFate,212,111,0.5235849056603774
Alistar,TwistedFate,207,104,0.5024154589371981
Aatrox,Belveth,135,63,0.4666666666666667
Aatrox,Hwei,350,176,0.5028571428571429
Belveth,Ekko,168,83,0.49404761904761907
Chogath,Yuumi,368,206,0.5597826086956522
Belveth,Yuumi,137,84,0.6131386861313869
KogMaw,Sona,189,86,0.455026455026455
KogMaw,Soraka,196,84,0.42857142857142855
KogMaw,Rammus,120,64,0.5333333333333333
Janna,Sona,208,91,0.4375
Janna,Rammus,118,52,0.4406779661016949
Janna,Velkoz,223,108,0.484304932735426
Janna,Milio,236,108,0.4576271186440678
Soraka,Xayah,284,128,0.4507042253521127
Velkoz,Xayah,309,146,0.47249190938511326
Milio,Xayah,286,147,0.513986013986014
Bard,Soraka,269,145,0.5390334572490706
Bard,Rammus,136,64,0.47058823529411764
Bard,Velkoz,267,128,0.4794007490636704
Bard,Milio,311,150,0.48231511254019294
DrMundo,Thresh,831,427,0.5138387484957883
Camille,Khazix,121,56,0.4628099173553719
Draven,Khazix,217,123,0.5668202764976958
Khazix,Thresh,376,189,0.5026595744680851
Camille,Jhin,340,159,0.4676470588235294
Alistar,Camille,94,54,0.574468085106383
Alistar,LeeSin,223,117,0.5246636771300448
Alistar,Draven,223,125,0.5605381165919282
Lucian,Zaahen,572,274,0.479020979020979
DrMundo,Shyvana,247,131,0.5303643724696356
Shyvana,Xerath,176,83,0.4715909090909091
Lucian,Shyvana,181,98,0.5414364640883977
Lucian,Veigar,596,302,0.5067114093959731
MasterYi,Zilean,228,115,0.5043859649122807
Xerath,Zilean,203,117,0.5763546798029556
Lucian,Zilean,235,108,0.4595744680851064
Aurora,Shen,242,117,0.4834710743801653
Briar,Taliyah,157,80,0.5095541401273885
Briar,Veigar,536,278,0.5186567164179104
Aurora,Warwick,397,194,0.48866498740554154
Kindred,Zaahen,355,138,0.38873239436619716
Naafiri,Zaahen,450,187,0.41555555555555557
Ambessa,Nasus,260,140,0.5384615384615384
Ambessa,Yunara,322,161,0.5
Nasus,Xayah,278,138,0.49640287769784175
Kindred,Xayah,214,102,0.4766355140186916
Naafiri,Xayah,230,121,0.5260869565217391
Xayah,Yunara,333,173,0.5195195195195195
DrMundo,Renekton,377,204,0.5411140583554377
Aurora,MasterYi,343,163,0.4752186588921283
Aurora,Caitlyn,612,298,0.4869281045751634
Aurora,Morgana,483,229,0.474120082815735
Renata,Volibear,184,101,0.5489130434782609
Mel,Renata,246,137,0.556910569105691
Pantheon,Renata,241,132,0.5477178423236515
Renata,Zaahen,205,97,0.47317073170731705
Kayn,MonkeyKing,396,179,0.45202020202020204
Kayn,Viktor,405,206,0.508641975308642
Senna,Yunara,530,251,0.47358490566037736
Illaoi,Volibear,366,194,0.5300546448087432
Ambessa,Volibear,381,194,0.5091863517060368
Ambessa,Annie,158,75,0.47468354430379744
Ambessa,Nami,429,204,0.4755244755244755
Malzahar,Volibear,698,366,0.5243553008595988
Annie,Malzahar,296,137,0.46283783783783783
Annie,Smolder,334,169,0.5059880239520959
Taric,Volibear,220,107,0.4863636363636364
Aatrox,Taric,187,89,0.47593582887700536
Annie,Taric,98,44,0.4489795918367347
Malphite,Riven,490,253,0.5163265306122449
Chogath,Hecarim,276,136,0.4927536231884058
Hecarim,Riven,177,91,0.5141242937853108
Hecarim,Vladimir,194,95,0.4896907216494845
Hecarim,Lucian,268,133,0.4962686567164179
Nautilus,Riven,385,194,0.5038961038961038
Nautilus,Vladimir,442,217,0.49095022624434387
Udyr,Varus,205,110,0.5365853658536586
Soraka,Udyr,244,122,0.5
Briar,Evelynn,242,125,0.5165289256198347
Briar,Varus,350,194,0.5542857142857143
Briar,Soraka,390,198,0.5076923076923077
Evelynn,Sivir,182,90,0.4945054945054945
Sivir,Varus,419,235,0.5608591885441527
Aatrox,Riven,387,203,0.524547803617571
Evelynn,Riven,159,74,0.46540880503144655
Ahri,Riven,413,236,0.5714285714285714
Riven,Varus,298,154,0.5167785234899329
Riven,Soraka,286,135,0.47202797202797203
Evelynn,Yuumi,163,80,0.49079754601226994
Soraka,Yuumi,324,171,0.5277777777777778
Ambessa,Shaco,358,181,0.505586592178771
Ambessa,Ekko,347,157,0.45244956772334294
Nunu,Shaco,406,210,0.5172413793103449
Jinx,Velkoz,790,366,0.46329113924050636
Nautilus,Velkoz,527,253,0.48007590132827327
Senna,Shaco,538,255,0.4739776951672863
Aatrox,Olaf,156,74,0.47435897435897434
Katarina,Olaf,164,80,0.4878048780487805
Olaf,Yuumi,146,95,0.6506849315068494
Corki,Shaco,175,86,0.49142857142857144
Corki,Katarina,158,80,0.5063291139240507
Hwei,Sona,264,126,0.4772727272727273
Viktor,Volibear,400,184,0.46
Vi,Viktor,201,95,0.472636815920398
Blitzcrank,Vi,319,154,0.4827586206896552
DrMundo,Ezreal,764,438,0.5732984293193717
Ezreal,Viktor,424,204,0.4811320754716981
Blitzcrank,Ezreal,652,344,0.5276073619631901
Ashe,Zaahen,1347,624,0.46325167037861914
Naafiri,Volibear,382,199,0.5209424083769634
Diana,Talon,298,172,0.5771812080536913
Ashe,Talon,494,266,0.5384615384615384
Naafiri,Thresh,335,160,0.47761194029850745
Bard,Seraphine,359,178,0.4958217270194986
Thresh,Trundle,436,223,0.5114678899082569
Nidalee,Trundle,176,77,0.4375
Bard,Morgana,526,238,0.4524714828897338
Bard,Kennen,172,69,0.4011627906976744
Kennen,Nidalee,129,68,0.5271317829457365
Jhin,Nidalee,487,252,0.5174537987679672
Nami,XinZhao,455,228,0.5010989010989011
Poppy,Teemo,425,197,0.46352941176470586
Kayn,Poppy,393,194,0.49363867684478374
Malzahar,Poppy,335,179,0.5343283582089552
AurelionSol,Chogath,399,221,0.5538847117794486
AurelionSol,Xayah,258,141,0.5465116279069767
Hecarim,Nasus,193,85,0.44041450777202074
KogMaw,Nasus,213,108,0.5070422535211268
Maokai,Swain,317,157,0.4952681388012618
Hecarim,Maokai,156,75,0.4807692307692308
Maokai,Xayah,218,116,0.5321100917431193
Katarina,Xayah,263,128,0.4866920152091255
Hecarim,MissFortune,469,210,0.44776119402985076
MissFortune,Xayah,746,385,0.5160857908847185
Briar,Nidalee,199,113,0.5678391959798995
Nidalee,Yuumi,204,95,0.46568627450980393
Bard,Briar,286,137,0.479020979020979
Twitch,Viego,517,251,0.48549323017408125
Leblanc,Twitch,310,149,0.4806451612903226
Fizz,Twitch,377,181,0.48010610079575594
Sylas,TahmKench,441,222,0.5034013605442177
Leblanc,Sylas,386,181,0.4689119170984456
Fizz,Senna,396,222,0.5606060606060606
Senna,Swain,560,253,0.4517857142857143
Khazix,Leona,281,130,0.4626334519572954
Leblanc,Leona,330,144,0.43636363636363634
Khazix,MasterYi,409,194,0.4743276283618582
Leblanc,MasterYi,356,169,0.4747191011235955
Fizz,MasterYi,502,251,0.5
Khazix,Xayah,192,94,0.4895833333333333
Viego,Xayah,355,177,0.49859154929577465
Leblanc,Xayah,241,107,0.44398340248962653
Tryndamere,Xayah,232,114,0.49137931034482757
Leblanc,Zaahen,386,163,0.422279792746114
Fizz,Zaahen,602,276,0.4584717607973422
Tryndamere,Zaahen,377,168,0.44562334217506633
Khazix,Kled,87,41,0.47126436781609193
Hwei,Khazix,271,142,0.5239852398523985
Fizz,Kled,120,65,0.5416666666666666
Kled,Zeri,71,29,0.4084507042253521
Hwei,Zeri,191,96,0.5026178010471204
Ahri,Gangplank,350,168,0.48
Gangplank,Kayn,272,137,0.5036764705882353
Gangplank,Illaoi,134,62,0.4626865671641791
Gangplank,Ryze,142,69,0.4859154929577465
Gangplank,Ziggs,184,83,0.45108695652173914
Annie,Gangplank,147,87,0.5918367346938775
Ahri,Braum,394,211,0.5355329949238579
Braum,Kayn,344,172,0.5
Braum,Rumble,108,58,0.5370370370370371
Braum,Ryze,154,83,0.538961038961039
Braum,TwistedFate,184,90,0.4891304347826087
Illaoi,Karthus,128,63,0.4921875
Karthus,Rumble,110,51,0.4636363636363636
Karthus,Ryze,160,86,0.5375
Karthus,Ziggs,190,95,0.5
Annie,Karthus,150,71,0.47333333333333333
Pantheon,Ryze,374,192,0.5133689839572193
Pantheon,Ziggs,438,212,0.4840182648401826
Ryze,Shaco,283,163,0.5759717314487632
Shaco,Ziggs,367,176,0.47956403269754766
Illaoi,Vayne,413,219,0.5302663438256658
Rumble,Vayne,219,114,0.5205479452054794
Rumble,Sion,178,95,0.5337078651685393
Ryze,Sion,299,132,0.4414715719063545
Sion,Ziggs,337,184,0.5459940652818991
Annie,Sion,230,113,0.49130434782608695
Ryze,Veigar,353,172,0.48725212464589235
Annie,Veigar,324,165,0.5092592592592593
Camille,Kennen,51,22,0.43137254901960786
Kennen,Nautilus,219,102,0.4657534246575342
Kennen,Malzahar,221,97,0.43891402714932126
Sion,Soraka,432,204,0.4722222222222222
Malzahar,Sivir,490,248,0.5061224489795918
Camille,Rell,91,41,0.45054945054945056
Nautilus,Rell,273,122,0.4468864468864469
Rell,Soraka,161,65,0.40372670807453415
Milio,Mordekaiser,458,234,0.5109170305676856
Aurora,Katarina,262,136,0.5190839694656488
Katarina,Sivir,328,164,0.5
Jinx,Milio,829,403,0.48612786489746684
Aurora,Pyke,291,155,0.5326460481099656
Ivern,Quinn,90,52,0.5777777777777777
Ivern,Volibear,218,108,0.4954128440366973
Ivern,Yone,213,90,0.4225352112676056
Ivern,Lux,356,169,0.4747191011235955
Quinn,Zilean,128,59,0.4609375
Volibear,Zilean,238,117,0.49159663865546216
Yone,Zilean,254,116,0.4566929133858268
Lux,Zilean,479,244,0.5093945720250522
Quinn,Zyra,204,97,0.47549019607843135
Chogath,Smolder,766,374,0.48825065274151436
Smolder,Xayah,504,246,0.4880952380952381
Alistar,Sona,202,92,0.45544554455445546
Alistar,Viktor,176,73,0.4147727272727273
Alistar,Xayah,216,111,0.5138888888888888
Sona,Velkoz,319,154,0.4827586206896552
Velkoz,Viktor,303,166,0.5478547854785478
Syndra,Viktor,291,169,0.5807560137457045
Chogath,Syndra,394,182,0.4619289340101523
Syndra,Xayah,242,122,0.5041322314049587
Rakan,Syndra,182,77,0.4230769230769231
DrMundo,Olaf,248,112,0.45161290322580644
DrMundo,Tristana,758,392,0.5171503957783641
DrMundo,Pyke,655,353,0.5389312977099237
Irelia,Khazix,228,121,0.5307017543859649
Khazix,Olaf,115,47,0.40869565217391307
Akali,Irelia,404,203,0.5024752475247525
Akali,Olaf,168,68,0.40476190476190477
Akali,Pyke,467,260,0.556745182012848
Ashe,Irelia,701,359,0.5121255349500713
Ashe,Olaf,333,163,0.4894894894894895
Ashe,Pyke,916,453,0.4945414847161572
Irelia,Karma,270,134,0.4962962962962963
Sion,Zeri,239,121,0.5062761506276151
Mel,Sion,707,355,0.5021216407355021
Graves,Zeri,148,78,0.527027027027027
Graves,Smolder,469,241,0.5138592750533049
Graves,Mel,506,215,0.424901185770751
Heimerdinger,Teemo,564,286,0.5070921985815603
Jax,Yunara,610,314,0.5147540983606558
Diana,Teemo,843,422,0.5005931198102017
Diana,Seraphine,643,325,0.505443234836703
Nami,Warwick,673,358,0.5319465081723626
Gnar,Vi,142,60,0.4225352112676056
Gnar,Ryze,119,54,0.453781512605042
Gnar,Jinx,378,172,0.455026455026455
Evelynn,Garen,293,145,0.4948805460750853
Evelynn,Vi,153,69,0.45098039215686275
Evelynn,Ryze,119,58,0.48739495798319327
Evelynn,Leona,236,113,0.4788135593220339
Lux,Vi,699,370,0.5293276108726752
Aphelios,Ryze,182,86,0.4725274725274725
Leblanc,Ryze,188,80,0.425531914893617
Ambessa,Viego,407,200,0.4914004914004914
Elise,Viego,204,103,0.5049019607843137
Ambessa,DrMundo,422,227,0.5379146919431279
Ekko,Poppy,316,160,0.5063291139240507
Ezreal,Tristana,690,290,0.42028985507246375
Elise,Tristana,167,75,0.4491017964071856
Ezreal,Naafiri,343,141,0.4110787172011662
Naafiri,Poppy,235,103,0.43829787234042555
Naafiri,Renekton,217,96,0.4423963133640553
Lucian,Naafiri,309,147,0.47572815533980584
Elise,Naafiri,105,43,0.4095238095238095
Briar,Renekton,299,157,0.5250836120401338
Ambessa,Briar,312,151,0.483974358974359
Briar,Elise,188,109,0.5797872340425532
Braum,Renekton,213,94,0.4413145539906103
Ambessa,Braum,205,101,0.4926829268292683
Braum,Elise,108,52,0.48148148148148145
Aatrox,Kalista,120,53,0.44166666666666665
Corki,Kalista,63,33,0.5238095238095238
Kalista,Naafiri,114,53,0.4649122807017544
Ashe,Kalista,261,145,0.5555555555555556
Heimerdinger,Kalista,103,64,0.6213592233009708
AurelionSol,Nidalee,197,99,0.5025380710659898
AurelionSol,Smolder,477,239,0.5010482180293501
MasterYi,Nidalee,292,158,0.541095890410959
MasterYi,Naafiri,337,182,0.5400593471810089
Heimerdinger,MasterYi,358,194,0.5418994413407822
Kayle,Zac,268,141,0.5261194029850746
Nidalee,Zac,147,73,0.4965986394557823
Naafiri,Zac,175,83,0.4742857142857143
Ashe,Zac,443,232,0.5237020316027088
Heimerdinger,Zac,156,85,0.5448717948717948
Corki,LeeSin,187,94,0.5026737967914439
LeeSin,Naafiri,243,115,0.4732510288065844
Heimerdinger,LeeSin,225,113,0.5022222222222222
Aatrox,Caitlyn,904,454,0.5022123893805309
Caitlyn,Nidalee,515,272,0.5281553398058253
Caitlyn,Heimerdinger,643,290,0.4510108864696734
Aatrox,Sejuani,158,73,0.4620253164556962
Kayle,Sejuani,211,112,0.5308056872037915
Corki,Sejuani,95,50,0.5263157894736842
Naafiri,Sejuani,133,61,0.45864661654135336
Ashe,Sejuani,379,202,0.5329815303430079
Sejuani,Smolder,287,129,0.44947735191637633
Chogath,Corki,214,122,0.5700934579439252
Chogath,Naafiri,365,181,0.4958904109589041
Ahri,Lissandra,252,123,0.4880952380952381
Lissandra,Lux,365,177,0.4849315068493151
Heimerdinger,Renekton,169,79,0.46745562130177515
Ashe,Heimerdinger,577,290,0.5025996533795494
Heimerdinger,Lissandra,118,56,0.4745762711864407
Skarner,Teemo,193,95,0.49222797927461137
Briar,Skarner,127,68,0.5354330708661418
Briar,Zed,477,273,0.5723270440251572
Skarner,Swain,157,56,0.35668789808917195
Aphelios,Skarner,105,65,0.6190476190476191
Aphelios,Zed,333,177,0.5315315315315315
Jhin,Skarner,264,149,0.5643939393939394
KSante,Kayle,202,75,0.3712871287128713
Kayle,Thresh,522,290,0.5555555555555556
KSante,Nocturne,137,57,0.41605839416058393
Diana,Nocturne,458,223,0.4868995633187773
Draven,KSante,139,70,0.5035971223021583
KSante,Rakan,103,43,0.4174757281553398
Rakan,Sylas,332,166,0.5
Rakan,Thresh,299,142,0.47491638795986624
Veigar,Zed,580,308,0.5310344827586206
Fizz,Veigar,545,269,0.4935779816513762
Khazix,Veigar,367,181,0.49318801089918257
Veigar,Veigar,78,6,0.07692307692307693
Veigar,Viktor,411,204,0.49635036496350365
Ezreal,Rell,288,132,0.4583333333333333
Rell,Veigar,287,137,0.47735191637630664
Rell,Viktor,156,82,0.5256410256410257
Kayn,LeeSin,437,234,0.5354691075514875
LeeSin,Viktor,264,137,0.5189393939393939
Fizz,Neeko,315,171,0.5428571428571428
Neeko,Veigar,484,223,0.4607438016528926
Neeko,Viktor,261,117,0.4482758620689655
Neeko,Volibear,421,205,0.48693586698337293
Fizz,Mel,685,323,0.47153284671532847
Aphelios,Fizz,254,121,0.4763779527559055
Aphelios,Khazix,210,117,0.5571428571428572
Aphelios,Viktor,245,125,0.5102040816326531
Fizz,Nunu,270,144,0.5333333333333333
Ezreal,Nunu,433,207,0.4780600461893764
Olaf,Zaahen,200,100,0.5
Zaahen,Zac,320,180,0.5625
Olaf,Samira,145,81,0.5586206896551724
Samira,Zac,185,78,0.42162162162162165
Samira,Vi,240,113,0.4708333333333333
Mel,Olaf,286,125,0.4370629370629371
Leona,Olaf,228,92,0.40350877192982454
Olaf,Yorick,120,58,0.48333333333333334
Vi,Yorick,255,118,0.4627450980392157
Jayce,Zac,138,70,0.5072463768115942
Gwen,Olaf,146,60,0.410958904109589
Gwen,Viego,407,194,0.47665847665847666
Gwen,Vi,318,143,0.449685534591195
Bard,Zac,154,80,0.5194805194805194
Bard,Vi,229,115,0.5021834061135371
Garen,Kayle,688,311,0.45203488372093026
Jax,Qiyana,294,172,0.5850340136054422
Annie,Qiyana,138,88,0.6376811594202898
Qiyana,Yuumi,187,83,0.44385026737967914
Jax,Shen,485,253,0.5216494845360825
Jax,Xayah,363,192,0.5289256198347108
Kayn,Xayah,406,205,0.5049261083743842
Ashe,Shen,711,351,0.4936708860759494
Shen,Taric,153,78,0.5098039215686274
Shaco,Taric,188,93,0.4946808510638298
Malzahar,Taric,206,113,0.5485436893203883
Taric,Xayah,135,67,0.4962962962962963
Taric,Thresh,218,117,0.536697247706422
FiddleSticks,Shyvana,114,58,0.5087719298245614
FiddleSticks,Orianna,200,101,0.505
FiddleSticks,Kaisa,501,254,0.5069860279441117
Tryndamere,Ziggs,203,101,0.4975369458128079
Kaisa,Ziggs,545,261,0.47889908256880737
Karma,Ziggs,339,187,0.551622418879056
Tryndamere,Zac,173,96,0.5549132947976878
Shyvana,Zac,98,50,0.5102040816326531
Orianna,Zac,178,90,0.5056179775280899
Kaisa,Zac,401,201,0.5012468827930174
Karma,Zac,209,113,0.5406698564593302
Briar,Sivir,348,181,0.5201149425287356
Briar,Rakan,239,144,0.602510460251046
Malphite,Skarner,171,96,0.5614035087719298
Malphite,Rakan,301,162,0.5382059800664452
Sivir,Swain,409,197,0.48166259168704156
Shaco,Skarner,134,69,0.5149253731343284
Shaco,Sivir,368,177,0.48097826086956524
Rakan,Shaco,243,130,0.5349794238683128
Annie,Lulu,213,125,0.5868544600938967
Annie,Brand,321,168,0.5233644859813084
Annie,Nasus,221,113,0.5113122171945701
Annie,Taliyah,103,58,0.5631067961165048
Lulu,TahmKench,291,143,0.49140893470790376
Katarina,TahmKench,306,148,0.48366013071895425
Alistar,Zyra,257,120,0.4669260700389105
Katarina,Zyra,363,159,0.4380165289256198
Taliyah,Zyra,157,51,0.3248407643312102
Brand,Karthus,294,139,0.47278911564625853
Alistar,Karthus,152,63,0.4144736842105263
Karthus,Nasus,205,87,0.424390243902439
Alistar,Shaco,277,127,0.4584837545126354
Shaco,Taliyah,198,104,0.5252525252525253
Lulu,Sylas,498,242,0.4859437751004016
Alistar,Sylas,454,206,0.45374449339207046
Nasus,Sylas,472,233,0.4936440677966102
Brand,Renekton,378,193,0.5105820105820106
Nasus,Renekton,242,126,0.5206611570247934
Orianna,Tryndamere,195,96,0.49230769230769234
Viego,Ziggs,354,162,0.4576271186440678
Nautilus,Orianna,370,182,0.4918918918918919
Maokai,Velkoz,263,138,0.5247148288973384
Maokai,Sylas,320,158,0.49375
Maokai,Pyke,320,184,0.575
Velkoz,Viego,446,239,0.5358744394618834
Malzahar,Pyke,519,312,0.6011560693641619
Caitlyn,Chogath,1092,572,0.5238095238095238
Leona,Pyke,510,266,0.5215686274509804
Aatrox,Ivern,179,106,0.5921787709497207
Ambessa,Ivern,155,67,0.432258064516129
Aatrox,Velkoz,347,168,0.484149855907781
Ambessa,Velkoz,279,145,0.5197132616487455
Velkoz,Zed,415,222,0.5349397590361445
Amumu,Xayah,339,177,0.5221238938053098
Amumu,Blitzcrank,457,244,0.5339168490153173
Annie,Sett,328,157,0.47865853658536583
Annie,Xayah,195,84,0.4307692307692308
Annie,Blitzcrank,277,150,0.5415162454873647
Caitlyn,Xayah,650,330,0.5076923076923077
Galio,Jax,538,282,0.5241635687732342
Galio,Sion,377,178,0.47214854111405835
Galio,KogMaw,244,141,0.5778688524590164
Ashe,Sion,910,445,0.489010989010989
Ashe,Ekko,901,460,0.5105438401775805
KogMaw,Morgana,403,183,0.45409429280397023
Singed,Sion,363,189,0.5206611570247934
MasterYi,Singed,360,180,0.5
MasterYi,Varus,478,259,0.5418410041841004
Jinx,Singed,565,288,0.5097345132743363
Jinx,Naafiri,582,316,0.5429553264604811
Naafiri,Seraphine,376,187,0.4973404255319149
Gangplank,Poppy,153,83,0.5424836601307189
Graves,Poppy,196,89,0.45408163265306123
Gangplank,Jax,271,125,0.4612546125461255
Azir,Graves,157,74,0.4713375796178344
Azir,Malzahar,241,93,0.38589211618257263
Azir,Jhin,432,167,0.38657407407407407
Azir,Neeko,152,68,0.4473684210526316
Graves,Yunara,337,180,0.5341246290801187
Graves,Senna,349,181,0.5186246418338109
Hecarim,Udyr,149,67,0.44966442953020136
Twitch,Udyr,265,123,0.4641509433962264
DrMundo,Syndra,429,228,0.5314685314685315
Hecarim,Syndra,196,95,0.4846938775510204
Ezreal,Hecarim,312,145,0.46474358974358976
Braum,DrMundo,377,188,0.4986737400530504
Braum,Hecarim,144,64,0.4444444444444444
Karma,Shen,324,176,0.5432098765432098
Corki,Shen,145,81,0.5586206896551724
Annie,Shen,206,98,0.47572815533980584
Lux,Sejuani,429,233,0.5431235431235432
Corki,Lux,398,164,0.4120603015075377
Corki,Tristana,244,110,0.45081967213114754
Annie,Tristana,290,155,0.5344827586206896
Kennen,Sejuani,76,36,0.47368421052631576
Karma,Kennen,195,104,0.5333333333333333
Corki,Kennen,83,41,0.4939759036144578
Annie,Kennen,103,66,0.6407766990291263
Lissandra,Zeri,110,60,0.5454545454545454
Akshan,Zeri,138,71,0.5144927536231884
Lillia,Zeri,164,90,0.5487804878048781
Corki,Lissandra,72,30,0.4166666666666667
Akshan,Corki,125,63,0.504
Corki,Lillia,151,83,0.5496688741721855
Lissandra,Sion,206,97,0.470873786407767
Amumu,Lissandra,187,99,0.5294117647058824
Akshan,Amumu,291,122,0.41924398625429554
Lillia,MasterYi,365,168,0.4602739726027397
Darius,Evelynn,252,119,0.4722222222222222
Darius,Nilah,219,102,0.4657534246575342
Evelynn,Kayn,297,156,0.5252525252525253
Kayn,Nilah,231,110,0.47619047619047616
Kayn,Sona,379,186,0.49076517150395776
MonkeyKing,TwistedFate,205,97,0.47317073170731705
Evelynn,TwistedFate,152,89,0.5855263157894737
Nilah,TwistedFate,132,79,0.5984848484848485
Evelynn,Karma,156,81,0.5192307692307693
Fizz,Karma,319,163,0.5109717868338558
Karma,Nilah,154,77,0.5
Karma,Sona,335,150,0.44776119402985076
Kindred,XinZhao,209,94,0.44976076555023925
AurelionSol,Kindred,190,106,0.5578947368421052
Kindred,Yuumi,222,106,0.4774774774774775
AurelionSol,Yunara,318,178,0.559748427672956
Yunara,Yuumi,338,175,0.5177514792899408
Pantheon,XinZhao,485,221,0.4556701030927835
Kalista,Yasuo,214,105,0.49065420560747663
Kalista,Malphite,186,90,0.4838709677419355
Jayce,Rengar,133,84,0.631578947368421
Rengar,Xayah,200,100,0.5
Aurora,Xayah,218,113,0.518348623853211
Jayce,Nautilus,302,160,0.5298013245033113
Akshan,Ezreal,358,187,0.5223463687150838
Akshan,Kaisa,430,206,0.4790697674418605
Kaisa,MasterYi,901,439,0.4872364039955605
Kaisa,Velkoz,675,317,0.4696296296296296
Ashe,Velkoz,825,380,0.46060606060606063
Jayce,Taric,101,44,0.43564356435643564
Akali,Taric,165,78,0.4727272727272727
DrMundo,Zed,648,344,0.5308641975308642
Morgana,Velkoz,745,363,0.487248322147651
Chogath,Zoe,354,193,0.5451977401129944
Evelynn,Khazix,162,83,0.5123456790123457
Ashe,Khazix,642,359,0.559190031152648
Evelynn,Vex,143,60,0.4195804195804196
Pyke,Vex,301,138,0.4584717607973422
Evelynn,Varus,169,82,0.48520710059171596
Pyke,Varus,422,199,0.471563981042654
Braum,Teemo,336,152,0.4523809523809524
Braum,Evelynn,122,58,0.47540983606557374
Braum,Zoe,165,89,0.5393939393939394
Braum,Pyke,289,131,0.4532871972318339
KSante,Ornn,154,77,0.5
KSante,Warwick,233,102,0.43776824034334766
Belveth,Warwick,235,109,0.46382978723404256
Belveth,Leblanc,120,61,0.5083333333333333
Leblanc,Mel,522,241,0.4616858237547893
Blitzcrank,Leblanc,314,159,0.5063694267515924
Belveth,Jhin,375,186,0.496
KSante,Lux,379,157,0.41424802110817943
Belveth,Lux,388,197,0.5077319587628866
Trundle,Yorick,302,125,0.4139072847682119
Ekko,Yorick,330,162,0.4909090909090909
Quinn,Zac,122,60,0.4918032786885246
Trundle,Zac,180,84,0.4666666666666667
Karthus,Quinn,145,82,0.5655172413793104
Karthus,Trundle,180,82,0.45555555555555555
Karthus,Lux,458,218,0.4759825327510917
Quinn,Xayah,192,85,0.4427083333333333
Ekko,Xayah,322,163,0.5062111801242236
Ekko,Lulu,408,193,0.4730392156862745
Irelia,Nasus,293,136,0.4641638225255973
Gwen,Nasus,333,183,0.5495495495495496
Bard,Warwick,393,179,0.455470737913486
Irelia,Malzahar,422,213,0.504739336492891
Smolder,Zoe,453,236,0.5209713024282561
Smolder,Yorick,536,276,0.5149253731343284
Yorick,Ziggs,233,129,0.5536480686695279
Alistar,Yorick,179,79,0.441340782122905
Alistar,MissFortune,510,237,0.4647058823529412
Aurora,Rumble,117,58,0.49572649572649574
Belveth,Rumble,60,31,0.5166666666666667
Veigar,Zoe,413,225,0.5447941888619855
Thresh,Zoe,392,201,0.5127551020408163
Belveth,Zoe,135,69,0.5111111111111111
Ashe,Gangplank,452,235,0.5199115044247787
Aurora,Gangplank,160,92,0.575
Gangplank,Thresh,275,135,0.4909090909090909
Darius,Zeri,315,163,0.5174603174603175
Poppy,Trundle,279,134,0.48028673835125446
Renekton,Samira,215,110,0.5116279069767442
Samira,Veigar,446,221,0.49551569506726456
Samira,Zeri,166,89,0.536144578313253
Poppy,Samira,231,124,0.5367965367965368
Singed,Tryndamere,235,121,0.5148936170212766
Tryndamere,Yasuo,468,232,0.49572649572649574
Ezreal,Tryndamere,394,167,0.42385786802030456
Shaco,Singed,313,138,0.44089456869009586
Ezreal,Shaco,636,281,0.4418238993710692
Singed,TwistedFate,263,148,0.5627376425855514
Mordekaiser,TwistedFate,410,220,0.5365853658536586
Thresh,TwistedFate,412,216,0.5242718446601942
Morgana,Singed,453,231,0.5099337748344371
Aatrox,Vi,288,143,0.4965277777777778
Ekko,Vi,319,156,0.4890282131661442
Vi,Ziggs,249,115,0.46184738955823296
Velkoz,Ziggs,337,162,0.4807121661721068
Ashe,Leona,901,443,0.4916759156492786
Senna,Talon,280,128,0.45714285714285713
Talon,Velkoz,207,87,0.42028985507246375
Talon,Xayah,175,85,0.4857142857142857
Xayah,Zeri,187,109,0.5828877005347594
Ezreal,Zeri,284,138,0.4859154929577465
Rakan,Xayah,176,96,0.5454545454545454
Ezreal,Rakan,274,121,0.4416058394160584
Gwen,Lux,921,426,0.46254071661237783
Ornn,Zed,302,140,0.46357615894039733
Yasuo,Zed,835,442,0.5293413173652695
Diana,Twitch,560,300,0.5357142857142857
Lux,Lux,211,86,0.4075829383886256
Chogath,Malzahar,677,311,0.45937961595273263
Malzahar,Warwick,704,338,0.48011363636363635
Heimerdinger,Irelia,223,115,0.515695067264574
Heimerdinger,Tristana,358,191,0.5335195530726257
Heimerdinger,Zyra,284,143,0.5035211267605634
Galio,Malzahar,484,241,0.49793388429752067
Galio,Tristana,456,219,0.48026315789473684
Kalista,Olaf,79,46,0.5822784810126582
Kalista,KogMaw,96,46,0.4791666666666667
Kalista,TahmKench,144,79,0.5486111111111112
Khazix,Viego,362,174,0.48066298342541436
Khazix,KogMaw,139,70,0.5035971223021583
KogMaw,Yasuo,357,178,0.49859943977591037
Olaf,Xerath,164,85,0.5182926829268293
AurelionSol,Mordekaiser,416,189,0.4543269230769231
AurelionSol,MasterYi,362,180,0.4972375690607735
MasterYi,Nami,666,374,0.5615615615615616
Sejuani,Veigar,246,135,0.5487804878048781
AurelionSol,Veigar,426,231,0.5422535211267606
Illaoi,Karma,228,113,0.4956140350877193
AurelionSol,Karma,265,151,0.569811320754717
Karma,Yasuo,581,285,0.4905335628227194
Karma,Nami,507,231,0.4556213017751479
JarvanIV,Nautilus,410,215,0.524390243902439
JarvanIV,Malphite,498,255,0.5120481927710844
Kaisa,Pyke,766,395,0.5156657963446475
Pyke,Pyke,56,3,0.05357142857142857
Hecarim,Pantheon,316,149,0.47151898734177217
Lissandra,Pantheon,224,98,0.4375
Pantheon,Syndra,462,249,0.538961038961039
Gwen,Hecarim,199,100,0.5025125628140703
Gwen,Lissandra,129,69,0.5348837209302325
Gwen,Syndra,282,138,0.48936170212765956
Hecarim,Qiyana,113,67,0.5929203539823009
Lissandra,Qiyana,97,48,0.4948453608247423
Hecarim,Jhin,479,253,0.5281837160751566
Jax,Renata,187,88,0.47058823529411764
Hecarim,Renata,91,45,0.4945054945054945
Caitlyn,Renata,306,161,0.5261437908496732
Renata,Syndra,128,62,0.484375
Garen,Mordekaiser,883,401,0.45413363533408835
Garen,Taliyah,240,119,0.49583333333333335
Garen,Pyke,614,345,0.5618892508143323
Kayn,Taliyah,184,100,0.5434782608695652
Hwei,Pyke,359,185,0.5153203342618384
Alistar,Mordekaiser,326,167,0.5122699386503068
Alistar,Pyke,291,157,0.5395189003436426
Darius,KogMaw,264,136,0.5151515151515151
Janna,KogMaw,144,72,0.5
Janna,Trundle,171,78,0.45614035087719296
Janna,Naafiri,143,72,0.5034965034965035
Talon,Vladimir,211,111,0.5260663507109005
Trundle,Vladimir,234,130,0.5555555555555556
Aurora,Zyra,249,111,0.4457831325301205
Alistar,Zoe,192,107,0.5572916666666666
Aurora,Singed,184,82,0.44565217391304346
Mel,Singed,450,224,0.49777777777777776
Heimerdinger,Singed,186,91,0.489247311827957
Heimerdinger,Nasus,282,151,0.5354609929078015
Alistar,Nasus,224,105,0.46875
Ezreal,Heimerdinger,387,173,0.4470284237726098
Alistar,Ezreal,343,178,0.5189504373177842
Senna,Taliyah,201,106,0.527363184079602
Shyvana,Thresh,206,105,0.5097087378640777
Akshan,Viktor,170,85,0.5
Thresh,Viktor,427,197,0.4613583138173302
Fiora,Kennen,92,49,0.532608695652174
Fiora,Yasuo,390,179,0.45897435897435895
Fiora,Milio,209,99,0.47368421052631576
Kennen,Zed,207,113,0.5458937198067633
Blitzcrank,Kennen,243,134,0.551440329218107
Blitzcrank,Milio,426,211,0.4953051643192488
Lucian,Ziggs,351,178,0.5071225071225072
Naafiri,Ziggs,185,100,0.5405405405405406
Zed,Ziggs,324,152,0.4691358024691358
Shaco,Zilean,244,102,0.4180327868852459
Bard,Lucian,328,152,0.4634146341463415
Bard,Naafiri,210,96,0.45714285714285713
Bard,Zed,352,179,0.5085227272727273
Bard,Zilean,159,74,0.46540880503144655
JarvanIV,Lucian,421,214,0.5083135391923991
JarvanIV,Katarina,285,143,0.5017543859649123
Malphite,Zed,759,438,0.5770750988142292
Malphite,Zilean,300,145,0.48333333333333334
Garen,Gwen,556,307,0.552158273381295
DrMundo,Hecarim,284,150,0.528169014084507
Hecarim,Viktor,174,81,0.46551724137931033
Hecarim,Milio,217,98,0.45161290322580644
Kassadin,Viktor,127,58,0.4566929133858268
Kassadin,Smolder,254,109,0.42913385826771655
Kassadin,Milio,147,67,0.4557823129251701
Gwen,Yunara,423,214,0.5059101654846335
DrMundo,Soraka,535,279,0.5214953271028038
Soraka,Viktor,294,159,0.5408163265306123
Milio,Soraka,410,203,0.4951219512195122
Chogath,Karma,442,221,0.5
Karthus,Volibear,240,123,0.5125
Tryndamere,Yone,408,199,0.4877450980392157
Karthus,Yone,248,115,0.4637096774193548
Leblanc,Yone,368,175,0.47554347826086957
Corki,Tryndamere,144,67,0.4652777777777778
Corki,Karthus,114,48,0.42105263157894735
Corki,Leblanc,147,79,0.5374149659863946
Corki,Sivir,179,69,0.3854748603351955
Corki,Karma,191,87,0.45549738219895286
Karma,Senna,471,237,0.5031847133757962
Aphelios,Gragas,173,94,0.5433526011560693
Alistar,Gragas,176,93,0.5284090909090909
Irelia,LeeSin,281,138,0.49110320284697506
Aphelios,LeeSin,282,158,0.5602836879432624
Annie,Kayn,279,131,0.46953405017921146
Annie,Yasuo,360,181,0.5027777777777778
Annie,Aphelios,172,78,0.45348837209302323
Alistar,Blitzcrank,338,164,0.48520710059171596
Bard,Ezreal,386,208,0.538860103626943
Bard,Mordekaiser,389,170,0.4370179948586118
Azir,Bard,124,56,0.45161290322580644
Ezreal,Gangplank,295,133,0.45084745762711864
Draven,Ezreal,439,235,0.5353075170842825
Draven,Mordekaiser,390,184,0.4717948717948718
Draven,Irelia,241,114,0.4730290456431535
Azir,Draven,131,55,0.4198473282442748
Mordekaiser,Zac,312,171,0.5480769230769231
Irelia,Zac,166,80,0.4819277108433735
Azir,Zac,116,54,0.46551724137931033
Milio,Smolder,624,327,0.5240384615384616
RekSai,Sylas,148,71,0.4797297297297297
Jinx,RekSai,223,120,0.5381165919282511
RekSai,Zilean,65,32,0.49230769230769234
RekSai,Sivir,100,49,0.49
Ashe,Sivir,823,402,0.488456865127582
Heimerdinger,Jinx,589,308,0.5229202037351444
Heimerdinger,Zilean,155,79,0.5096774193548387
Briar,Darius,570,307,0.5385964912280702
MasterYi,Milio,461,218,0.47288503253796094
Briar,Milio,395,206,0.5215189873417722
Jax,Naafiri,391,208,0.5319693094629157
Malzahar,Naafiri,362,202,0.5580110497237569
Jax,Rakan,294,149,0.5068027210884354
MissFortune,Rakan,445,237,0.5325842696629214
Rengar,Ziggs,203,100,0.49261083743842365
Garen,Warwick,813,402,0.4944649446494465
Gangplank,Warwick,259,112,0.43243243243243246
Warwick,Ziggs,389,184,0.4730077120822622
Shaco,Varus,450,257,0.5711111111111111
Braum,Jax,325,145,0.4461538461538462
Braum,Gangplank,144,78,0.5416666666666666
RekSai,Shen,114,43,0.37719298245614036
Mel,RekSai,195,95,0.48717948717948717
Ashe,RekSai,230,127,0.5521739130434783
Brand,RekSai,137,76,0.5547445255474452
Graves,Kled,102,57,0.5588235294117647
Graves,Rengar,186,97,0.521505376344086
Graves,Yuumi,261,133,0.5095785440613027
Kled,Mordekaiser,193,78,0.40414507772020725
Mordekaiser,Yuumi,472,262,0.5550847457627118
Kled,Mel,206,109,0.529126213592233
Mel,Rengar,448,244,0.5446428571428571
Kled,Varus,114,66,0.5789473684210527
Varus,Zeri,198,100,0.5050505050505051
Kled,Lulu,115,54,0.46956521739130436
Lulu,Rengar,245,128,0.5224489795918368
Lulu,Yuumi,305,162,0.5311475409836065
Gangplank,Sion,245,112,0.45714285714285713
Diana,Sion,506,251,0.49604743083003955
Evelynn,Sylas,261,126,0.4827586206896552
Zed,Zeri,222,110,0.4954954954954955
Gangplank,Karma,225,109,0.48444444444444446
Karma,Zeri,196,93,0.4744897959183674
DrMundo,Illaoi,434,233,0.5368663594470046
DrMundo,Leblanc,381,207,0.5433070866141733
Caitlyn,Leblanc,622,320,0.5144694533762058
Illaoi,Senna,339,174,0.5132743362831859
Ezreal,Senna,716,290,0.40502793296089384
Singed,Zaahen,395,191,0.4835443037974684
Singed,Sylas,375,195,0.52
Galio,Sylas,569,305,0.5360281195079086
Samira,Singed,220,102,0.4636363636363636
Caitlyn,Samira,755,382,0.5059602649006623
Poppy,Singed,225,102,0.4533333333333333
Galio,Poppy,285,169,0.5929824561403508
Malzahar,Neeko,420,220,0.5238095238095238
Corki,Morgana,304,160,0.5263157894736842
Corki,Neeko,155,79,0.5096774193548387
Corki,Nasus,162,73,0.4506172839506173
Morgana,Vex,505,269,0.5326732673267327
Nasus,Vex,265,147,0.5547169811320755
Swain,Vex,300,153,0.51
Nidalee,Vex,172,84,0.4883720930232558
Vex,Yunara,294,162,0.5510204081632653
Janna,Vex,163,72,0.44171779141104295
Camille,Vex,130,61,0.46923076923076923
Nidalee,Warwick,268,117,0.43656716417910446
Ambessa,Warwick,393,196,0.49872773536895676
Camille,Warwick,202,80,0.39603960396039606
Teemo,Teemo,149,42,0.28187919463087246
Janna,Teemo,336,157,0.46726190476190477
Veigar,Yunara,544,304,0.5588235294117647
Amumu,Naafiri,277,148,0.5342960288808665
Amumu,Swain,561,272,0.48484848484848486
Amumu,Janna,234,141,0.6025641025641025
Amumu,Camille,196,118,0.6020408163265306
Naafiri,Nilah,115,52,0.45217391304347826
Ambessa,Nilah,128,68,0.53125
Janna,Nilah,88,35,0.3977272727272727
Camille,Nilah,74,31,0.4189189189189189
Swain,Zilean,236,126,0.5338983050847458
Yunara,Zilean,210,92,0.4380952380952381
Camille,Zilean,90,42,0.4666666666666667
Nidalee,Yunara,264,116,0.4393939393939394
Yunara,Yunara,132,34,0.25757575757575757
Janna,Yunara,231,115,0.49783549783549785
Camille,Yunara,170,77,0.45294117647058824
Orianna,Zyra,291,129,0.44329896907216493
Blitzcrank,Orianna,297,157,0.5286195286195287
Kayle,Orianna,291,152,0.5223367697594502
Draven,Zyra,235,111,0.4723404255319149
Kayle,Riven,288,154,0.5347222222222222
Mordekaiser,Riven,387,196,0.5064599483204134
Akshan,Renata,85,39,0.4588235294117647
Akshan,TahmKench,232,115,0.4956896551724138
Akshan,Soraka,227,105,0.46255506607929514
Renata,Ziggs,146,70,0.4794520547945205
TahmKench,Ziggs,259,125,0.4826254826254826
Soraka,Ziggs,291,157,0.5395189003436426
Karma,Renata,126,64,0.5079365079365079
Karma,TahmKench,274,131,0.4781021897810219
Ornn,Renata,138,73,0.5289855072463768
Ornn,TahmKench,272,138,0.5073529411764706
Kaisa,Ornn,536,283,0.5279850746268657
Ambessa,Renata,124,61,0.49193548387096775
Ambessa,TahmKench,250,139,0.556
Orianna,Zaahen,431,198,0.4593967517401392
Orianna,Zed,314,150,0.47770700636942676
Caitlyn,Orianna,642,333,0.5186915887850467
Urgot,Volibear,423,224,0.5295508274231678
Urgot,Ziggs,222,113,0.509009009009009
Smolder,Urgot,422,204,0.4834123222748815
Rammus,Volibear,242,109,0.45041322314049587
Rammus,Ziggs,159,79,0.4968553459119497
Rammus,Senna,200,101,0.505
Ekko,Ziggs,332,154,0.463855421686747
Ezreal,Ornn,404,200,0.49504950495049505
Ezreal,Ziggs,466,230,0.49356223175965663
Ornn,Yuumi,251,133,0.5298804780876494
Volibear,Yuumi,445,262,0.5887640449438202
Smolder,Yuumi,468,243,0.5192307692307693
Renekton,Zaahen,367,179,0.4877384196185286
Soraka,Zaahen,565,292,0.5168141592920354
Soraka,Syndra,293,153,0.5221843003412969
Ashe,Soraka,780,416,0.5333333333333333
Renekton,Thresh,387,189,0.4883720930232558
Lissandra,Sett,278,133,0.4784172661870504
Lissandra,Vi,131,75,0.5725190839694656
Draven,Kindred,188,87,0.4627659574468085
Draven,Lissandra,145,63,0.43448275862068964
Jinx,Lissandra,331,163,0.49244712990936557
Bard,Lissandra,142,65,0.45774647887323944
Briar,Chogath,568,283,0.4982394366197183
Briar,Teemo,711,349,0.4908579465541491
Chogath,TwistedFate,426,244,0.5727699530516432
Teemo,Zyra,636,292,0.4591194968553459
Talon,Urgot,165,75,0.45454545454545453
Malphite,Urgot,413,215,0.5205811138014528
Milio,Urgot,245,129,0.5265306122448979
Azir,Milio,168,68,0.40476190476190477
Blitzcrank,Talon,252,143,0.5674603174603174
Jax,Yuumi,449,231,0.5144766146993318
Gragas,Nocturne,182,90,0.4945054945054945
Katarina,Viktor,238,116,0.48739495798319327
Katarina,Yuumi,318,158,0.4968553459119497
Gragas,Morgana,384,172,0.4479166666666667
Darius,Lissandra,196,93,0.4744897959183674
Lissandra,Maokai,112,64,0.5714285714285714
Lissandra,Yasuo,322,158,0.4906832298136646
Lissandra,Swain,219,116,0.5296803652968036
Darius,Sylas,681,341,0.5007342143906021
Sett,Zeri,291,165,0.5670103092783505
Maokai,Zeri,142,80,0.5633802816901409
Swain,Zeri,222,119,0.536036036036036
Lucian,Sivir,467,233,0.4989293361884368
Darius,Galio,528,246,0.4659090909090909
Darius,Olaf,199,89,0.4472361809045226
Maokai,Olaf,118,50,0.423728813559322
Malphite,Olaf,277,139,0.5018050541516246
Olaf,Sivir,150,83,0.5533333333333333
Lulu,Malzahar,405,165,0.4074074074074074
Pyke,Volibear,545,270,0.4954128440366973
Fizz,Pyke,403,205,0.5086848635235732
Ashe,Sett,1141,527,0.4618755477651183
Ashe,Aurora,557,269,0.4829443447037702
Lulu,Pyke,389,205,0.5269922879177378
AurelionSol,Hwei,247,113,0.4574898785425101
AurelionSol,Karthus,179,95,0.5307262569832403
Karthus,Ornn,149,77,0.5167785234899329
Ornn,Sion,334,136,0.40718562874251496
Karthus,Xayah,202,103,0.5099009900990099
Sion,Xayah,317,150,0.47318611987381703
Karthus,Teemo,313,160,0.5111821086261981
Cassiopeia,Galio,175,68,0.38857142857142857
Cassiopeia,Poppy,121,62,0.512396694214876
Galio,Soraka,338,165,0.4881656804733728
Poppy,Soraka,245,130,0.5306122448979592
Kassadin,Poppy,97,50,0.5154639175257731
Kassadin,Malphite,225,103,0.4577777777777778
Kindred,Pantheon,344,148,0.43023255813953487
Tryndamere,Urgot,221,113,0.5113122171945701
Sejuani,Urgot,134,68,0.5074626865671642
Lux,Urgot,717,355,0.49511854951185497
Hwei,Sejuani,151,81,0.5364238410596026
Blitzcrank,Tryndamere,270,135,0.5
Blitzcrank,Sejuani,205,108,0.526829268292683
Draven,Gragas,191,102,0.5340314136125655
Draven,Talon,177,83,0.4689265536723164
Gnar,TahmKench,148,81,0.5472972972972973
AurelionSol,Gnar,129,69,0.5348837209302325
Gnar,Rakan,99,55,0.5555555555555556
AurelionSol,JarvanIV,266,142,0.5338345864661654
JarvanIV,Rakan,176,93,0.5284090909090909
Qiyana,TahmKench,164,56,0.34146341463414637
Qiyana,Zaahen,326,127,0.3895705521472393
AurelionSol,Qiyana,147,80,0.54421768707483
Mordekaiser,TahmKench,585,319,0.5452991452991452
Pyke,Swain,541,213,0.39371534195933455
AurelionSol,Pyke,328,153,0.46646341463414637
Darius,Vi,399,209,0.5238095238095238
DrMundo,Ekko,650,341,0.5246153846153846
Orianna,Vi,221,98,0.4434389140271493
Malphite,Orianna,400,183,0.4575
Xayah,Ziggs,306,150,0.49019607843137253
Jinx,LeeSin,690,405,0.5869565217391305
LeeSin,TahmKench,264,143,0.5416666666666666
Heimerdinger,TahmKench,235,143,0.6085106382978723
Briar,Heimerdinger,277,135,0.48736462093862815
Rakan,TahmKench,173,94,0.5433526011560693
Corki,Fizz,166,87,0.5240963855421686
Pyke,Rammus,242,107,0.44214876033057854
Pyke,Twitch,459,245,0.5337690631808278
Fizz,Swain,395,190,0.4810126582278481
Rammus,Riven,141,76,0.5390070921985816
Riven,Senna,360,193,0.5361111111111111
Fizz,Jayce,191,108,0.5654450261780105
Jayce,Rammus,117,58,0.49572649572649574
DrMundo,Evelynn,317,187,0.5899053627760252
Evelynn,Rumble,80,42,0.525
Evelynn,Olaf,87,43,0.4942528735632184
Heimerdinger,Rumble,127,69,0.5433070866141733
Heimerdinger,Olaf,142,74,0.5211267605633803
Mordekaiser,Rumble,228,127,0.5570175438596491
Lucian,Rumble,184,88,0.4782608695652174
Seraphine,Tristana,566,297,0.5247349823321554
Olaf,Tristana,214,119,0.5560747663551402
Jax,Urgot,400,189,0.4725
Olaf,Qiyana,103,65,0.6310679611650486
Draven,Olaf,133,63,0.47368421052631576
Galio,Urgot,290,147,0.506896551724138
MissFortune,Qiyana,492,280,0.5691056910569106
Draven,MissFortune,722,337,0.4667590027700831
Morgana,Qiyana,365,201,0.5506849315068493
Azir,Darius,256,120,0.46875
Azir,Viego,235,104,0.4425531914893617
Azir,Xayah,123,51,0.4146341463414634
Annie,Azir,119,68,0.5714285714285714
Darius,Twitch,546,262,0.47985347985347987
Twitch,Xayah,351,176,0.5014245014245015
Malphite,Yorick,414,215,0.5193236714975845
Leblanc,Malphite,413,199,0.48184019370460046
FiddleSticks,Malphite,398,196,0.49246231155778897
Leblanc,Nocturne,215,98,0.4558139534883721
FiddleSticks,Nocturne,209,102,0.4880382775119617
Sylas,Yorick,450,223,0.4955555555555556
Darius,Leblanc,380,181,0.4763157894736842
Darius,FiddleSticks,375,199,0.5306666666666666
Ivern,Yorick,127,47,0.3700787401574803
Ivern,Leblanc,109,55,0.5045871559633027
FiddleSticks,Ivern,112,59,0.5267857142857143
Gangplank,Naafiri,148,71,0.4797297297297297
Hwei,Shaco,353,164,0.46458923512747874
Hwei,Naafiri,225,108,0.48
Naafiri,Zyra,282,128,0.45390070921985815
Katarina,Neeko,277,123,0.44404332129963897
Amumu,Neeko,377,209,0.5543766578249337
Nidalee,Samira,194,84,0.4329896907216495
Quinn,Teemo,370,169,0.45675675675675675
Mordekaiser,Nidalee,312,180,0.5769230769230769
Mordekaiser,Quinn,301,149,0.4950166112956811
Nidalee,Twitch,305,144,0.4721311475409836
Kayle,Twitch,485,239,0.4927835051546392
Akshan,AurelionSol,154,71,0.461038961038961
AurelionSol,Quinn,174,78,0.4482758620689655
Quinn,Soraka,211,98,0.46445497630331756
Gnar,Shyvana,71,42,0.5915492957746479
Evelynn,Shyvana,79,40,0.5063291139240507
Caitlyn,Shyvana,395,196,0.4962025316455696
Blitzcrank,Shyvana,199,102,0.5125628140703518
Gnar,Yone,260,115,0.4423076923076923
Gnar,Sona,150,69,0.46
Akali,Sion,436,202,0.463302752293578
Akali,Samira,349,170,0.4871060171919771
Belveth,Sion,193,103,0.533678756476684
Belveth,Neeko,131,66,0.5038167938931297
Samira,Viktor,240,120,0.5
Azir,Seraphine,211,106,0.5023696682464455
Poppy,Zaahen,415,202,0.4867469879518072
Maokai,Zaahen,295,119,0.4033898305084746
Poppy,Zac,210,100,0.47619047619047616
Fizz,Zac,210,106,0.5047619047619047
Zac,Zeri,131,71,0.5419847328244275
Lux,Maokai,557,297,0.533213644524237
Lucian,Poppy,325,151,0.4646153846153846
Lucian,Zeri,241,123,0.5103734439834025
Aatrox,Ornn,332,176,0.5301204819277109
Nocturne,Rell,140,64,0.45714285714285713
Lux,Rell,465,231,0.4967741935483871
Annie,Heimerdinger,170,90,0.5294117647058824
Heimerdinger,Zeri,145,69,0.47586206896551725
Aatrox,Graves,315,139,0.44126984126984126
Aatrox,Zeri,222,110,0.4954954954954955
Renata,Sylas,193,99,0.5129533678756477
Renata,Tristana,201,107,0.5323383084577115
Graves,Soraka,288,120,0.4166666666666667
Gwen,KSante,175,106,0.6057142857142858
Gwen,Khazix,257,124,0.48249027237354086
Draven,Gwen,260,112,0.4307692307692308
KSante,Kayn,223,103,0.4618834080717489
Draven,Kayn,342,167,0.48830409356725146
Ahri,Draven,441,226,0.5124716553287982
Caitlyn,KSante,418,228,0.5454545454545454
KSante,Velkoz,172,65,0.37790697674418605
Khazix,Velkoz,274,132,0.48175182481751827
Diana,Velkoz,498,230,0.46184738955823296
Draven,Velkoz,289,149,0.5155709342560554
Darius,Illaoi,377,184,0.4880636604774536
Illaoi,Viego,325,162,0.49846153846153846
Fizz,Illaoi,260,122,0.46923076923076923
Bard,Illaoi,179,90,0.5027932960893855
MissFortune,Sejuani,370,198,0.5351351351351351
Bard,Sejuani,140,63,0.45
Fizz,Yuumi,285,143,0.5017543859649123
Kled,Sejuani,76,35,0.4605263157894737
JarvanIV,Kled,117,56,0.47863247863247865
Kled,Lillia,125,59,0.472
Kled,Tristana,148,70,0.47297297297297297
Janna,Skarner,61,29,0.47540983606557374
Katarina,Skarner,110,49,0.44545454545454544
Shen,Skarner,120,59,0.49166666666666664
Sejuani,Skarner,56,26,0.4642857142857143
Lillia,Skarner,112,71,0.6339285714285714
Skarner,Tristana,135,61,0.45185185185185184
Janna,Vi,174,71,0.40804597701149425
Katarina,Vi,264,121,0.4583333333333333
Shen,Vi,282,152,0.5390070921985816
Lillia,Vi,238,120,0.5042016806722689
Corki,JarvanIV,179,88,0.49162011173184356
Sejuani,Syndra,108,56,0.5185185185185185
Lillia,Syndra,229,117,0.5109170305676856
Syndra,Tristana,382,186,0.4869109947643979
Janna,Nami,325,171,0.5261538461538462
Nami,Sejuani,214,111,0.5186915887850467
Illaoi,Sejuani,128,80,0.625
JarvanIV,Tristana,399,191,0.47869674185463656
Lissandra,Mordekaiser,242,117,0.4834710743801653
LeeSin,Sylas,524,247,0.4713740458015267
Garen,Neeko,465,231,0.4967741935483871
LeeSin,Neeko,301,139,0.46179401993355484
Lissandra,Neeko,169,79,0.46745562130177515
Garen,Lulu,466,257,0.5515021459227468
Kayle,Zyra,412,207,0.5024271844660194
Kassadin,Teemo,238,93,0.3907563025210084
Ambessa,Azir,156,83,0.532051282051282
Azir,Zyra,200,79,0.395
Aphelios,Karthus,145,80,0.5517241379310345
Aphelios,Kassadin,122,70,0.5737704918032787
Alistar,Ambessa,219,96,0.4383561643835616
Leona,Qiyana,238,133,0.5588235294117647
Leona,Poppy,387,195,0.5038759689922481
FiddleSticks,Naafiri,180,91,0.5055555555555555
Yasuo,Zoe,461,257,0.5574837310195228
Naafiri,Zoe,183,107,0.5846994535519126
DrMundo,Kled,246,122,0.4959349593495935
DrMundo,DrMundo,151,12,0.07947019867549669
Tristana,Zaahen,702,322,0.4586894586894587
Kled,Sett,228,103,0.4517543859649123
Sett,Sett,186,10,0.053763440860215055
Singed,Tristana,340,180,0.5294117647058824
Singed,Singed,70,0,0.0
Swain,Tristana,570,296,0.519298245614035
Kled,Swain,146,60,0.410958904109589
Sett,Swain,671,334,0.4977645305514158
Singed,Swain,359,174,0.48467966573816157
Sett,Twitch,598,327,0.5468227424749164
Singed,Twitch,287,127,0.4425087108013937
Jax,Kled,180,93,0.5166666666666667
Jax,Singed,387,182,0.4702842377260982
Aurora,Janna,180,112,0.6222222222222222
Janna,Zyra,238,117,0.49159663865546216
Singed,Vex,191,97,0.5078534031413613
Aurora,Sona,240,130,0.5416666666666666
Draven,Zoe,195,100,0.5128205128205128
Aurora,Draven,217,114,0.5253456221198156
Kayle,Zoe,256,145,0.56640625
Kayle,Vex,266,137,0.5150375939849624
AurelionSol,Gangplank,170,91,0.5352941176470588
Gangplank,Soraka,247,106,0.4291497975708502
Elise,Yuumi,140,67,0.4785714285714286
Elise,JarvanIV,123,49,0.3983739837398374
Elise,Gangplank,98,49,0.5
Galio,JarvanIV,283,162,0.5724381625441696
Chogath,JarvanIV,383,205,0.5352480417754569
Garen,Quinn,337,183,0.543026706231454
Evelynn,Quinn,108,57,0.5277777777777778
Evelynn,Viego,250,120,0.48
Evelynn,Tristana,241,99,0.4107883817427386
Evelynn,Twitch,228,115,0.5043859649122807
Orianna,Tristana,338,169,0.5
Viego,Zyra,465,224,0.4817204301075269
Tristana,Zyra,490,249,0.5081632653061224
Twitch,Zyra,473,232,0.4904862579281184
Ornn,Zyra,320,141,0.440625
MissFortune,Ornn,610,307,0.5032786885245901
Mordekaiser,Poppy,417,231,0.5539568345323741
Singed,Yorick,255,114,0.4470588235294118
Naafiri,Yorick,223,109,0.48878923766816146
Renata,Yorick,106,45,0.42452830188679247
Qiyana,Singed,141,45,0.3191489361702128
Naafiri,Qiyana,150,80,0.5333333333333333
Qiyana,Renata,88,36,0.4090909090909091
Ahri,Malphite,914,429,0.46936542669584247
Draven,Singed,205,101,0.4926829268292683
Draven,Naafiri,177,78,0.4406779661016949
Draven,Renata,137,73,0.5328467153284672
Leona,Naafiri,331,168,0.5075528700906344
Chogath,Diana,615,314,0.510569105691057
Anivia,Chogath,331,175,0.5287009063444109
Garen,Lillia,487,248,0.5092402464065708
Diana,Lillia,414,213,0.5144927536231884
Diana,Neeko,383,196,0.5117493472584856
Anivia,Nautilus,331,167,0.5045317220543807
Irelia,Volibear,441,216,0.4897959183673469
DrMundo,Maokai,382,193,0.5052356020942408
Alistar,DrMundo,392,189,0.48214285714285715
Diana,Maokai,262,144,0.549618320610687
Alistar,Diana,289,137,0.4740484429065744
Irelia,Soraka,300,135,0.45
Maokai,Soraka,229,114,0.4978165938864629
Alistar,Soraka,252,122,0.48412698412698413
Kaisa,Trundle,580,290,0.5
Kaisa,Vi,526,261,0.49619771863117873
Akshan,Diana,287,152,0.5296167247386759
Akshan,Yuumi,192,101,0.5260416666666666
Jayce,Sion,257,124,0.48249027237354086
Jayce,Leblanc,178,98,0.550561797752809
Ahri,Tryndamere,417,218,0.5227817745803357
Leblanc,Tryndamere,185,93,0.5027027027027027
Leblanc,Thresh,366,164,0.44808743169398907
Mel,Twitch,784,382,0.4872448979591837
Illaoi,Zyra,262,114,0.4351145038167939
Sejuani,Tryndamere,117,64,0.5470085470085471
Darius,Tryndamere,363,172,0.4738292011019284
Sivir,Tryndamere,277,136,0.49097472924187724
Fizz,Sivir,314,156,0.4968152866242038
Morgana,Sejuani,326,187,0.5736196319018405
Karma,Sion,368,180,0.4891304347826087
Shaco,Teemo,729,344,0.4718792866941015
DrMundo,Zyra,582,302,0.5189003436426117
Ambessa,Leblanc,190,103,0.5421052631578948
Leblanc,Zyra,287,135,0.47038327526132406
Leblanc,Smolder,462,229,0.49567099567099565
Leblanc,Nami,390,167,0.4282051282051282
Jhin,Ryze,552,283,0.5126811594202898
Rell,Zyra,189,94,0.4973544973544973
Rell,Ryze,130,63,0.4846153846153846
MissFortune,Yorick,859,433,0.5040745052386496
Lulu,Yorick,271,134,0.4944649446494465
Naafiri,Nocturne,235,106,0.451063829787234
Lulu,Naafiri,192,96,0.5
Briar,Ryze,278,148,0.5323741007194245
Akali,Ryze,264,124,0.4696969696969697
Lulu,Ryze,202,92,0.45544554455445546
Sion,Sona,349,162,0.46418338108882523
Sona,Zed,359,190,0.5292479108635098
Aphelios,Sona,254,125,0.4921259842519685
Kayle,Yorick,327,168,0.5137614678899083
Amumu,Yorick,367,196,0.5340599455040872
Garen,Yorick,449,220,0.48997772828507796
Kayle,Skarner,117,69,0.5897435897435898
Amumu,Skarner,127,77,0.6062992125984252
Garen,Skarner,180,95,0.5277777777777778
Skarner,Zeri,72,27,0.375
Lulu,Skarner,110,56,0.509090909090909
Galio,Zeri,202,116,0.5742574257425742
Ashe,Lulu,697,394,0.5652797704447633
Gragas,Graves,180,86,0.4777777777777778
Graves,JarvanIV,261,131,0.5019157088122606
Graves,Zed,359,183,0.5097493036211699
Aurora,Gragas,203,105,0.5172413793103449
Aurora,Velkoz,274,126,0.45985401459854014
Gragas,Jinx,508,226,0.4448818897637795
Lulu,Zed,407,185,0.45454545454545453
Lulu,Velkoz,338,142,0.42011834319526625
Qiyana,Renekton,140,51,0.36428571428571427
Qiyana,Yunara,250,110,0.44
Braum,Qiyana,129,65,0.5038759689922481
Braum,Kaisa,473,236,0.4989429175475687
Braum,Lux,594,264,0.4444444444444444
Kennen,Nunu,137,68,0.49635036496350365
Kennen,Shaco,183,101,0.5519125683060109
Hecarim,Kennen,103,51,0.49514563106796117
Karthus,Kennen,121,71,0.5867768595041323
Nunu,Singed,233,125,0.5364806866952789
JarvanIV,Nunu,255,131,0.5137254901960784
Hecarim,JarvanIV,178,78,0.43820224719101125
JarvanIV,Karthus,177,93,0.5254237288135594
Nautilus,Skarner,155,82,0.5290322580645161
Nautilus,Soraka,505,236,0.46732673267326735
KogMaw,Skarner,80,45,0.5625
KogMaw,Smolder,371,195,0.5256064690026954
Seraphine,Skarner,146,75,0.5136986301369864
Blitzcrank,Seraphine,474,244,0.5147679324894515
Senna,Skarner,153,99,0.6470588235294118
Mel,Skarner,222,113,0.509009009009009
Jayce,Lux,480,217,0.45208333333333334
Leona,Syndra,362,169,0.46685082872928174
Chogath,FiddleSticks,381,200,0.5249343832020997
Nocturne,Tryndamere,209,90,0.430622009569378
Maokai,Rengar,134,83,0.6194029850746269
Maokai,Nocturne,169,73,0.4319526627218935
Nocturne,Nunu,218,112,0.5137614678899083
Kayle,Nunu,315,150,0.47619047619047616
Nunu,Orianna,195,107,0.5487179487179488
FiddleSticks,Rengar,194,108,0.5567010309278351
FiddleSticks,Kayle,300,168,0.56
Renekton,TahmKench,255,148,0.5803921568627451
Kayle,Renekton,281,144,0.5124555160142349
Karma,Renekton,244,138,0.5655737704918032
Kayle,Mel,741,403,0.543859649122807
RekSai,Senna,129,69,0.5348837209302325
Ivern,RekSai,44,25,0.5681818181818182
LeeSin,RekSai,125,62,0.496
RekSai,Rumble,41,21,0.5121951219512195
Rammus,RekSai,63,38,0.6031746031746031
Kayle,RekSai,110,65,0.5909090909090909
Jax,Rumble,201,112,0.5572139303482587
Jax,Rammus,259,119,0.4594594594594595
Rumble,Samira,120,58,0.48333333333333334
Irelia,Senna,413,188,0.4552058111380145
Irelia,Ivern,127,65,0.5118110236220472
Irelia,Rumble,124,65,0.5241935483870968
Irelia,Rammus,156,80,0.5128205128205128
Amumu,Ivern,183,109,0.5956284153005464
Amumu,LeeSin,421,247,0.5866983372921615
Amumu,Rumble,182,89,0.489010989010989
Amumu,Rammus,228,130,0.5701754385964912
LeeSin,Thresh,511,237,0.4637964774951076
LeeSin,LeeSin,31,1,0.03225806451612903
LeeSin,Rammus,165,84,0.509090909090909
Senna,Vayne,624,303,0.4855769230769231
Rammus,Vayne,321,170,0.5295950155763239
Gangplank,Vi,175,73,0.41714285714285715
Annie,Ekko,250,120,0.48
Gangplank,Maokai,137,64,0.46715328467153283
Annie,Maokai,155,76,0.49032258064516127
Rengar,Taric,109,48,0.44036697247706424
Galio,Rengar,243,142,0.5843621399176955
Taric,Viego,183,96,0.5245901639344263
Jinx,Vi,616,300,0.487012987012987
Jinx,Samira,650,303,0.46615384615384614
Swain,Taric,218,129,0.591743119266055
Gangplank,Lulu,233,119,0.5107296137339056
Lulu,Volibear,453,216,0.4768211920529801
Fizz,Lulu,317,177,0.5583596214511041
Akali,Kaisa,772,386,0.5
Kassadin,Zed,144,66,0.4583333333333333
Maokai,Zed,267,130,0.4868913857677903
Maokai,Yone,275,124,0.4509090909090909
Poppy,Xayah,217,100,0.4608294930875576
Brand,Maokai,373,207,0.5549597855227882
Elise,Nasus,145,61,0.4206896551724138
Elise,Shaco,184,74,0.40217391304347827
Elise,Leona,163,84,0.5153374233128835
Elise,Neeko,141,58,0.41134751773049644
Nasus,Riven,268,136,0.5074626865671642
Leona,Riven,311,147,0.47266881028938906
Kaisa,Shaco,752,343,0.45611702127659576
Janna,Shaco,244,118,0.48360655737704916
Janna,Neeko,190,106,0.5578947368421052
Kennen,Yasuo,313,158,0.5047923322683706
Kennen,Nocturne,95,41,0.43157894736842106
Hwei,Kennen,155,89,0.5741935483870968
Kennen,Lucian,226,109,0.4823008849557522
Olaf,Riven,123,68,0.5528455284552846
Aphelios,Riven,228,118,0.5175438596491229
Amumu,Aphelios,342,176,0.5146198830409356
Amumu,Pantheon,613,319,0.5203915171288744
Olaf,Vex,136,69,0.5073529411764706
Fizz,Vex,249,127,0.5100401606425703
KogMaw,Olaf,121,61,0.5041322314049587
KogMaw,Udyr,148,69,0.46621621621621623
Fizz,KogMaw,191,90,0.4712041884816754
KogMaw,Pantheon,335,178,0.5313432835820896
Kassadin,Olaf,78,43,0.5512820512820513
Kassadin,Udyr,121,52,0.4297520661157025
Fizz,Kassadin,144,76,0.5277777777777778
Kassadin,Pantheon,223,104,0.4663677130044843
Lillia,Twitch,307,145,0.4723127035830619
Olaf,Thresh,196,116,0.5918367346938775
Jax,Lucian,568,306,0.5387323943661971
Jhin,Nunu,656,348,0.5304878048780488
Mordekaiser,Rell,293,157,0.5358361774744027
Nunu,Rell,163,69,0.4233128834355828
Rell,Yasuo,338,163,0.4822485207100592
DrMundo,Tryndamere,440,210,0.4772727272727273
Malzahar,Tryndamere,363,176,0.48484848484848486
Leona,Vladimir,395,206,0.5215189873417722
Blitzcrank,Leona,516,245,0.4748062015503876
Jax,Nilah,218,110,0.5045871559633027
Janna,Jax,286,142,0.4965034965034965
Janna,XinZhao,193,92,0.47668393782383417
Janna,Morgana,402,186,0.4626865671641791
Nidalee,Tryndamere,197,86,0.4365482233502538
Nidalee,Varus,295,149,0.5050847457627119
FiddleSticks,Nidalee,197,109,0.5532994923857868
Draven,Varus,294,164,0.5578231292517006
Amumu,Tryndamere,331,173,0.5226586102719033
Nunu,Zaahen,370,158,0.42702702702702705
Kled,Zac,70,29,0.4142857142857143
Nunu,Zac,167,88,0.5269461077844312
Anivia,Zac,145,69,0.47586206896551725
Syndra,Zac,175,92,0.5257142857142857
Anivia,Kaisa,394,208,0.5279187817258884
Kled,Pantheon,187,84,0.44919786096256686
Nunu,Pantheon,390,192,0.49230769230769234
Anivia,Pantheon,331,170,0.513595166163142
Malzahar,Vi,354,190,0.536723163841808
Nilah,Smolder,246,116,0.4715447154471545
Alistar,Vi,237,99,0.4177215189873418
Alistar,Karma,248,122,0.49193548387096775
Alistar,Smolder,442,212,0.4796380090497738
Kaisa,Soraka,660,306,0.4636363636363636
Corki,Kaisa,322,154,0.4782608695652174
Corki,Sett,262,111,0.42366412213740456
Corki,Thresh,258,116,0.4496124031007752
Neeko,Smolder,524,263,0.5019083969465649
Gwen,Ziggs,284,127,0.4471830985915493
Gwen,Pyke,407,195,0.47911547911547914
Ahri,LeeSin,544,281,0.5165441176470589
Nautilus,Singed,418,209,0.5
Ashe,Vladimir,587,293,0.4991482112436116
Gragas,Karma,212,96,0.4528301886792453
Rammus,Sona,160,78,0.4875
Brand,Sona,476,228,0.4789915966386555
Rammus,XinZhao,164,78,0.47560975609756095
Azir,XinZhao,163,69,0.4233128834355828
Cassiopeia,Rammus,85,46,0.5411764705882353
Cassiopeia,Shen,122,72,0.5901639344262295
Cassiopeia,Karma,159,76,0.4779874213836478
Azir,Cassiopeia,72,38,0.5277777777777778
Cassiopeia,Rell,80,32,0.4
Cassiopeia,Velkoz,173,73,0.42196531791907516
DrMundo,Rell,287,125,0.4355400696864111
Rammus,Renekton,142,69,0.4859154929577465
Azir,Renekton,123,54,0.43902439024390244
Rell,Renekton,158,77,0.4873417721518987
Shen,Vayne,529,263,0.497164461247637
Azir,Vayne,255,106,0.41568627450980394
Rammus,Shen,168,85,0.5059523809523809
Karma,Rammus,176,92,0.5227272727272727
Azir,Rammus,93,44,0.4731182795698925
Brand,Rammus,240,142,0.5916666666666667
Rammus,Rell,117,61,0.5213675213675214
Rammus,Velkoz,176,77,0.4375
Darius,Rammus,269,151,0.5613382899628253
Azir,Zed,187,76,0.40641711229946526
Darius,Zed,551,274,0.49727767695099817
Brand,Rumble,190,93,0.48947368421052634
Galio,Rumble,182,92,0.5054945054945055
Rell,Zaahen,287,119,0.4146341463414634
Akshan,Brand,328,145,0.4420731707317073
Akshan,Galio,231,113,0.48917748917748916
Akshan,Lucian,272,141,0.5183823529411765
Galio,Kaisa,659,345,0.5235204855842185
Brand,Rakan,245,135,0.5510204081632653
Galio,Rakan,187,97,0.5187165775401069
Lucian,Rakan,210,121,0.5761904761904761
Rakan,Rell,113,58,0.5132743362831859
MonkeyKing,Tryndamere,193,93,0.48186528497409326
MasterYi,MonkeyKing,387,168,0.43410852713178294
Orianna,Vex,214,109,0.5093457943925234
Orianna,Swain,332,165,0.49698795180722893
Braum,MonkeyKing,181,80,0.4419889502762431
Braum,Vex,177,94,0.5310734463276836
Braum,Swain,308,140,0.45454545454545453
Riven,Urgot,230,97,0.4217391304347826
Urgot,Viego,344,187,0.5436046511627907
Bard,Urgot,210,89,0.4238095238095238
Bard,Diana,377,174,0.46153846153846156
Bard,Vex,160,88,0.55
Katarina,Xerath,332,173,0.5210843373493976
Bard,Xerath,264,114,0.4318181818181818
Ambessa,Malphite,445,210,0.47191011235955055
Ambessa,Diana,379,187,0.49340369393139843
Ambessa,Kennen,147,60,0.40816326530612246
Ambessa,Kalista,108,53,0.49074074074074076
Ambessa,Sion,332,168,0.5060240963855421
Kennen,Udyr,110,52,0.4727272727272727
Kalista,Udyr,98,53,0.5408163265306123
Sion,Udyr,289,146,0.5051903114186851
Hwei,Kalista,109,56,0.5137614678899083
Ashe,Kennen,354,192,0.5423728813559322
Kennen,Nami,203,95,0.46798029556650245
Kalista,Nami,161,78,0.484472049689441
Lulu,Sion,377,171,0.4535809018567639
Evelynn,Naafiri,137,59,0.4306569343065693
Azir,Ornn,185,85,0.4594594594594595
Azir,Evelynn,89,38,0.42696629213483145
Azir,Morgana,366,159,0.4344262295081967
Draven,Evelynn,130,59,0.45384615384615384
Draven,Lulu,263,130,0.49429657794676807
Garen,Kled,170,79,0.4647058823529412
Garen,Samira,454,252,0.5550660792951542
AurelionSol,Samira,245,118,0.4816326530612245
AurelionSol,Leona,343,180,0.5247813411078717
Kled,Smolder,213,107,0.5023474178403756
Chogath,Udyr,352,178,0.5056818181818182
Nocturne,Udyr,205,106,0.5170731707317073
Udyr,Yone,340,173,0.5088235294117647
Sona,Udyr,206,94,0.4563106796116505
Nocturne,Vex,196,117,0.5969387755102041
Elise,Volibear,219,93,0.4246575342465753
JarvanIV,Kindred,202,106,0.5247524752475248
Elise,Kindred,117,70,0.5982905982905983
Kindred,Vex,155,75,0.4838709677419355
Kindred,Vayne,383,184,0.4804177545691906
JarvanIV,Teemo,512,257,0.501953125
Renata,Teemo,250,115,0.46
JarvanIV,Ziggs,248,119,0.4798387096774194
Elise,Ziggs,133,70,0.5263157894736842
Anivia,Singed,209,102,0.4880382775119617
Anivia,Jhin,513,254,0.4951267056530214
Singed,TahmKench,273,158,0.5787545787545788
Gnar,Viego,211,103,0.4881516587677725
Corki,Viego,202,91,0.4504950495049505
Gnar,Nunu,144,66,0.4583333333333333
Corki,Nunu,159,90,0.5660377358490566
Gnar,Hwei,141,73,0.5177304964539007
Hwei,Katarina,272,132,0.4852941176470588
Heimerdinger,Katarina,216,108,0.5
Gnar,KSante,80,47,0.5875
KSante,Katarina,154,68,0.44155844155844154
Corki,KSante,95,58,0.6105263157894737
Gragas,Orianna,179,86,0.48044692737430167
Ezreal,Gragas,323,170,0.5263157894736842
Gragas,Seraphine,258,126,0.4883720930232558
Ezreal,Soraka,504,234,0.4642857142857143
Renekton,Urgot,190,85,0.4473684210526316
Urgot,Warwick,407,213,0.5233415233415234
Urgot,Vex,188,110,0.5851063829787234
DrMundo,Vex,411,208,0.5060827250608273
Kaisa,Urgot,519,236,0.45472061657032753
Seraphine,Urgot,343,146,0.42565597667638483
Karthus,Tryndamere,144,75,0.5208333333333334
Kennen,Tryndamere,127,56,0.4409448818897638
Leona,Nocturne,342,152,0.4444444444444444
Ahri,Urgot,471,218,0.46284501061571126
Lulu,Urgot,238,95,0.39915966386554624
Kennen,Lulu,138,74,0.5362318840579711
Jax,Ornn,402,231,0.5746268656716418
Ornn,RekSai,102,49,0.4803921568627451
Kassadin,Khazix,105,57,0.5428571428571428
Khazix,Vayne,398,191,0.4798994974874372
Hwei,Kassadin,127,57,0.44881889763779526
Hwei,Lulu,317,171,0.5394321766561514
Draven,RekSai,94,50,0.5319148936170213
Draven,Kassadin,110,52,0.4727272727272727
Nami,RekSai,170,102,0.6
Kassadin,Nami,207,96,0.463768115942029
Maokai,Varus,265,132,0.4981132075471698
Khazix,Varus,266,135,0.5075187969924813
MissFortune,Varus,969,501,0.5170278637770898
Khazix,Soraka,258,124,0.4806201550387597
Khazix,Vex,211,103,0.4881516587677725
Olaf,Tryndamere,149,76,0.5100671140939598
Rumble,Tryndamere,119,43,0.36134453781512604
Rumble,Xerath,142,67,0.47183098591549294
Draven,Xerath,262,118,0.45038167938931295
Malphite,Rumble,255,132,0.5176470588235295
Evelynn,Irelia,180,100,0.5555555555555556
Leblanc,TahmKench,218,99,0.4541284403669725
Leblanc,Shaco,341,160,0.46920821114369504
Irelia,Jhin,682,346,0.5073313782991202
Gnar,Sett,275,127,0.4618181818181818
Aatrox,Gnar,178,92,0.5168539325842697
Aatrox,Hecarim,217,99,0.45622119815668205
Aatrox,Zoe,307,142,0.46254071661237783
AurelionSol,Zoe,215,121,0.5627906976744186
Galio,Naafiri,281,159,0.5658362989323843
Kayle,Poppy,320,173,0.540625
Seraphine,Xayah,379,200,0.5277044854881267
Kayle,Xayah,323,171,0.5294117647058824
Ambessa,Aurora,242,115,0.47520661157024796
Caitlyn,Kayn,1342,670,0.4992548435171386
Jayce,Morgana,364,175,0.4807692307692308
Ekko,Jayce,261,143,0.5478927203065134
Poppy,Pyke,325,181,0.556923076923077
Jax,Lulu,472,257,0.5444915254237288
Garen,Rumble,207,106,0.5120772946859904
Kayle,Rumble,169,86,0.5088757396449705
Rumble,Xayah,143,71,0.4965034965034965
Lulu,Tristana,421,188,0.44655581947743467
Hecarim,Shaco,213,110,0.5164319248826291
Garen,Zyra,520,245,0.47115384615384615
Annie,Chogath,335,160,0.47761194029850745
Aatrox,Kayle,415,187,0.4506024096385542
Akali,Karthus,215,102,0.4744186046511628
Lillia,Sett,475,244,0.5136842105263157
Kassadin,Lillia,148,73,0.49324324324324326
Nami,Nunu,394,200,0.5076142131979695
Akshan,Nunu,188,93,0.4946808510638298
XinZhao,Zyra,289,147,0.5086505190311419
Kassadin,Zyra,144,61,0.4236111111111111
Akshan,Zyra,228,96,0.42105263157894735
Sett,Vi,449,228,0.5077951002227171
Nami,Vi,379,194,0.5118733509234829
Akshan,Vi,175,85,0.4857142857142857
Kassadin,Samira,115,52,0.45217391304347826
Nami,Samira,413,199,0.48184019370460046
Sett,Urgot,436,230,0.5275229357798165
Urgot,XinZhao,247,122,0.4939271255060729
Kassadin,Urgot,106,47,0.44339622641509435
Kassadin,Nautilus,205,98,0.47804878048780486
Mordekaiser,Sett,901,432,0.4794672586015538
Mordekaiser,XinZhao,434,224,0.5161290322580645
Kassadin,Mordekaiser,224,89,0.39732142857142855
Draven,Sett,402,183,0.4552238805970149
Ekko,Fiora,230,112,0.48695652173913045
Ekko,Kennen,207,112,0.5410628019323671
Kennen,Vex,146,65,0.4452054794520548
Senna,Vex,329,153,0.46504559270516715
Zaahen,Zoe,497,276,0.5553319919517102
Shen,Varus,345,177,0.5130434782608696
Swain,Varus,487,274,0.5626283367556468
Ahri,Ryze,363,177,0.48760330578512395
Briar,Vladimir,334,189,0.5658682634730539
Camille,Viktor,125,61,0.488
Viktor,Vladimir,245,117,0.4775510204081633
Camille,Lucian,169,79,0.46745562130177515
Lucian,Nocturne,332,167,0.5030120481927711
Nocturne,Sona,240,111,0.4625
Bard,Sion,297,148,0.4983164983164983
Bard,Kaisa,563,275,0.48845470692717585
Ezreal,Sion,567,269,0.47442680776014107
Taric,Veigar,243,99,0.4074074074074074
Smolder,Veigar,836,423,0.5059808612440191
Mordekaiser,Smolder,833,452,0.5426170468187275
Irelia,Pyke,374,179,0.4786096256684492
Nunu,RekSai,86,42,0.4883720930232558
RekSai,Zoe,86,43,0.5
Pyke,RekSai,121,66,0.5454545454545454
Viktor,Zoe,207,102,0.4927536231884058
Pyke,Viktor,334,177,0.5299401197604791
Brand,Viktor,368,196,0.532608695652174
Vex,Viktor,199,103,0.5175879396984925
Brand,Qiyana,261,147,0.5632183908045977
Qiyana,Quinn,120,48,0.4
Aatrox,Brand,519,248,0.47784200385356457
Aatrox,Quinn,247,119,0.4817813765182186
Aatrox,Vex,251,128,0.5099601593625498
Diana,Quinn,272,143,0.5257352941176471
Diana,Vex,384,180,0.46875
Rell,Tryndamere,152,62,0.40789473684210525
Rumble,Taliyah,74,35,0.47297297297297297
Taliyah,Velkoz,197,90,0.45685279187817257
Rell,Taliyah,101,50,0.49504950495049505
Kayn,Tristana,658,318,0.48328267477203646
Pantheon,Tristana,696,338,0.48563218390804597
Rell,Tristana,265,124,0.4679245283018868
Leona,Rumble,180,96,0.5333333333333333
Leona,Pantheon,644,340,0.5279503105590062
Jayce,Mordekaiser,250,113,0.452
Smolder,Varus,599,320,0.5342237061769616
Darius,Graves,376,186,0.4946808510638298
Karma,Skarner,102,62,0.6078431372549019
Graves,Skarner,92,54,0.5869565217391305
Ezreal,Skarner,179,88,0.49162011173184356
Akali,Karma,396,201,0.5075757575757576
Akali,Ezreal,606,303,0.5
Leona,Seraphine,476,257,0.5399159663865546
Alistar,Xerath,212,101,0.47641509433962265
Mel,Riven,552,270,0.4891304347826087
Alistar,Leona,362,166,0.4585635359116022
Ashe,Riven,596,301,0.5050335570469798
Amumu,MasterYi,664,361,0.5436746987951807
Amumu,DrMundo,708,378,0.5338983050847458
Alistar,Amumu,287,134,0.46689895470383275
Amumu,Riven,304,172,0.5657894736842105
Chogath,Swain,589,278,0.47198641765704585
Alistar,Yasuo,394,189,0.4796954314720812
Fiora,MissFortune,495,249,0.503030303030303
Mel,Talon,387,191,0.4935400516795866
Seraphine,Talon,281,151,0.5373665480427047
Fiora,Zyra,198,91,0.4595959595959596
Talon,Zyra,211,88,0.41706161137440756
Qiyana,Zyra,184,74,0.40217391304347827
Garen,Urgot,402,185,0.4601990049751244
Warwick,Zeri,260,152,0.5846153846153846
Kaisa,Ryze,423,200,0.4728132387706856
Ryze,Yuumi,211,100,0.47393364928909953
Ambessa,Ornn,248,144,0.5806451612903226
Kalista,LeeSin,149,81,0.5436241610738255
Kalista,Viktor,110,53,0.4818181818181818
Galio,Kalista,160,89,0.55625
LeeSin,Soraka,313,141,0.4504792332268371
Galio,Pyke,406,226,0.5566502463054187
Amumu,Darius,613,324,0.5285481239804242
Garen,Karma,488,263,0.5389344262295082
Lillia,Swain,379,185,0.48812664907651715
Karma,Swain,370,174,0.4702702702702703
Lillia,Naafiri,240,127,0.5291666666666667
Naafiri,Twitch,301,157,0.521594684385382
Ambessa,Nunu,242,124,0.512396694214876
Fiora,Warwick,305,135,0.4426229508196721
Hwei,Nunu,249,117,0.46987951807228917
Pyke,Seraphine,490,231,0.4714285714285714
Aatrox,Khazix,300,163,0.5433333333333333
Khazix,Qiyana,165,85,0.5151515151515151
Khazix,Syndra,249,117,0.46987951807228917
Khazix,Yunara,298,147,0.49328859060402686
Khazix,Shen,247,108,0.43724696356275305
Akali,Qiyana,248,131,0.5282258064516129
Akali,Shen,353,163,0.46175637393767704
Aatrox,Nocturne,286,125,0.4370629370629371
Nocturne,Qiyana,148,94,0.6351351351351351
Evelynn,Xerath,187,81,0.43315508021390375
Evelynn,Pyke,241,128,0.5311203319502075
Pyke,Shyvana,179,79,0.441340782122905
Kalista,Pyke,150,69,0.46
Brand,Shyvana,210,118,0.5619047619047619
Brand,Kalista,214,129,0.602803738317757
Shyvana,Vayne,221,113,0.5113122171945701
Vayne,Vladimir,425,221,0.52
Kalista,Vayne,203,87,0.42857142857142855
Evelynn,Leblanc,133,73,0.5488721804511278
Leblanc,Shyvana,115,58,0.5043478260869565
Leblanc,Vladimir,208,107,0.5144230769230769
Kalista,Leblanc,96,41,0.4270833333333333
Ekko,Nidalee,207,117,0.5652173913043478
Sylas,Ziggs,409,217,0.530562347188264
Yunara,Ziggs,343,158,0.4606413994169096
Nidalee,Ziggs,222,99,0.44594594594594594
Malzahar,Shen,474,243,0.5126582278481012
Malzahar,Yuumi,388,213,0.5489690721649485
Irelia,Nautilus,467,235,0.5032119914346895
Akali,Nautilus,617,325,0.526742301458671
Nautilus,Yuumi,435,221,0.5080459770114942
Akali,Ambessa,380,189,0.49736842105263157
Elise,Vayne,186,81,0.43548387096774194
Elise,Thresh,228,103,0.4517543859649123
Chogath,Darius,647,328,0.5069551777434312
Khazix,Nasus,223,102,0.45739910313901344
Khazix,Zeri,160,78,0.4875
Aphelios,Nasus,283,131,0.4628975265017668
Aphelios,Zeri,149,77,0.5167785234899329
Leona,Senna,510,271,0.5313725490196078
DrMundo,Rengar,377,202,0.5358090185676393
Rengar,Seraphine,296,139,0.46959459459459457
Chogath,Hwei,418,192,0.45933014354066987
Hwei,Smolder,591,299,0.505922165820643
DrMundo,Janna,323,176,0.544891640866873
Janna,Seraphine,229,101,0.4410480349344978
Braum,Sett,354,150,0.423728813559322
Cassiopeia,Nunu,129,54,0.4186046511627907
Ashe,Cassiopeia,311,177,0.5691318327974276
Braum,Cassiopeia,113,53,0.4690265486725664
Veigar,Yone,772,387,0.5012953367875648
Morgana,Yone,923,503,0.5449620801733478
Jinx,Vladimir,622,355,0.5707395498392283
Ambessa,Darius,425,211,0.4964705882352941
Ambessa,Ashe,585,301,0.5145299145299145
Karma,Lillia,314,147,0.4681528662420382
KSante,Yorick,143,58,0.40559440559440557
KSante,Swain,199,67,0.33668341708542715
KSante,Sett,260,99,0.38076923076923075
KSante,Malphite,225,111,0.49333333333333335
KSante,Vayne,280,108,0.38571428571428573
KSante,Sona,163,74,0.4539877300613497
Tristana,Yorick,353,171,0.48441926345609065
Braum,Yorick,221,100,0.45248868778280543
Soraka,Vi,253,124,0.4901185770750988
Sona,Vi,245,130,0.5306122448979592
Malphite,XinZhao,514,272,0.5291828793774319
Tryndamere,XinZhao,261,113,0.4329501915708812
AurelionSol,Soraka,250,131,0.524
AurelionSol,Tryndamere,221,100,0.45248868778280543
Sett,Udyr,397,212,0.5340050377833753
Tryndamere,Udyr,180,86,0.4777777777777778
Blitzcrank,TwistedFate,352,198,0.5625
TwistedFate,Zyra,272,122,0.4485294117647059
Caitlyn,Nilah,330,174,0.5272727272727272
Gangplank,Katarina,207,107,0.5169082125603864
Nilah,Samira,177,91,0.5141242937853108
Galio,Syndra,320,159,0.496875
Lucian,Syndra,391,202,0.5166240409207161
Diana,Vayne,719,349,0.4853963838664812
Trundle,Zaahen,389,178,0.45758354755784064
Graves,Trundle,236,107,0.4533898305084746
Brand,Trundle,408,215,0.5269607843137255
Kayle,Zed,455,227,0.4989010989010989
Ambessa,Sivir,286,130,0.45454545454545453
Sivir,Sona,325,156,0.48
Lucian,Yuumi,335,189,0.564179104477612
Irelia,Ornn,234,106,0.452991452991453
Ornn,Viktor,218,106,0.48623853211009177
Aphelios,Ornn,243,128,0.5267489711934157
Elise,Irelia,121,65,0.5371900826446281
Elise,Gwen,160,79,0.49375
Elise,Viktor,119,62,0.5210084033613446
Irelia,Yasuo,561,260,0.46345811051693403
Corki,Irelia,147,78,0.5306122448979592
Corki,Gwen,136,61,0.4485294117647059
Corki,Viktor,161,79,0.4906832298136646
Aphelios,Corki,123,60,0.4878048780487805
Kled,Neeko,91,52,0.5714285714285714
DrMundo,XinZhao,481,234,0.4864864864864865
Nami,Neeko,462,235,0.5086580086580087
Kled,TahmKench,116,64,0.5517241379310345
Kled,Vi,99,44,0.4444444444444444
Brand,Kled,184,98,0.532608695652174
Fizz,Lillia,260,125,0.4807692307692308
Bard,TahmKench,260,119,0.4576923076923077
Bard,Fizz,276,133,0.48188405797101447
KSante,Zed,227,99,0.43612334801762115
Akshan,Zed,254,133,0.5236220472440944
Kennen,Riven,137,77,0.5620437956204379
Akshan,Riven,182,83,0.45604395604395603
Corki,Malphite,262,118,0.45038167938931295
Corki,Urgot,108,48,0.4444444444444444
KSante,Lillia,165,68,0.4121212121212121
Sion,Trundle,378,179,0.47354497354497355
Karma,Trundle,278,142,0.5107913669064749
Mordekaiser,Viktor,402,191,0.47512437810945274
Sion,Zyra,442,215,0.48642533936651583
Malzahar,Zyra,532,233,0.43796992481203006
Ambessa,Lulu,277,141,0.5090252707581228
Aurora,Gwen,244,142,0.5819672131147541
Lulu,Neeko,323,152,0.47058823529411764
Kled,Xerath,114,58,0.5087719298245614
Kled,Senna,164,87,0.5304878048780488
Aatrox,TwistedFate,309,164,0.5307443365695793
Aatrox,Nautilus,584,315,0.5393835616438356
TwistedFate,Vladimir,264,130,0.49242424242424243
Taric,Vladimir,125,63,0.504
Samira,Taric,145,62,0.42758620689655175
Draven,TwistedFate,214,117,0.5467289719626168
Draven,Taric,110,52,0.4727272727272727
Draven,Zed,336,172,0.5119047619047619
Teemo,Zac,347,171,0.49279538904899134
Akshan,Zac,119,53,0.44537815126050423
Akshan,Volibear,307,146,0.4755700325732899
Akshan,Yasuo,399,177,0.44360902255639095
Twitch,Volibear,551,256,0.4646098003629764
Sylas,Twitch,543,259,0.47697974217311234
Briar,Draven,305,171,0.5606557377049181
Taliyah,Volibear,199,87,0.4371859296482412
Hwei,Thresh,479,220,0.4592901878914405
Taliyah,Yunara,184,101,0.5489130434782609
Blitzcrank,Jax,568,280,0.49295774647887325
Kayle,Velkoz,418,203,0.48564593301435405
Riven,Sion,315,155,0.49206349206349204
Akali,Viego,531,263,0.4952919020715631
Jayce,Riven,174,90,0.5172413793103449
Akali,Jayce,244,132,0.5409836065573771
Riven,Velkoz,279,134,0.48028673835125446
Kayn,KogMaw,287,143,0.49825783972125437
KogMaw,Lissandra,100,51,0.51
Leona,Thresh,660,334,0.5060606060606061
Shen,Trundle,319,160,0.5015673981191222
Lissandra,Trundle,140,68,0.4857142857142857
Riven,Shen,247,126,0.5101214574898786
Aatrox,Cassiopeia,156,68,0.4358974358974359
Cassiopeia,Yunara,161,81,0.5031055900621118
Cassiopeia,Milio,148,69,0.46621621621621623
Aatrox,KogMaw,199,102,0.5125628140703518
Annie,Xerath,239,117,0.4895397489539749
Annie,Yunara,225,115,0.5111111111111111
Annie,Milio,203,100,0.49261083743842365
Karma,Yorick,283,141,0.49823321554770317
Karma,Sivir,318,162,0.5094339622641509
Karma,Singed,291,133,0.4570446735395189
Singed,Vayne,418,197,0.47129186602870815
Pyke,Yorick,347,142,0.4092219020172911
Pyke,Yone,606,297,0.4900990099009901
DrMundo,Skarner,188,104,0.5531914893617021
Skarner,Sylas,159,68,0.4276729559748428
Lux,Skarner,250,147,0.588
Graves,Kayn,376,192,0.5106382978723404
DrMundo,Qiyana,340,208,0.611764705882353
Lux,Qiyana,507,273,0.5384615384615384
Heimerdinger,Pantheon,344,203,0.5901162790697675
Janna,Nidalee,165,98,0.593939393939394
Janna,Jhin,514,263,0.5116731517509727
Neeko,Syndra,240,120,0.5
Draven,Nidalee,176,91,0.5170454545454546
Camille,Volibear,197,98,0.49746192893401014
Camille,Senna,208,104,0.5
Senna,Teemo,751,332,0.4420772303595206
Galio,Senna,450,238,0.5288888888888889
Darius,Lillia,394,198,0.5025380710659898
Darius,Nautilus,694,327,0.4711815561959654
DrMundo,Lillia,521,235,0.4510556621880998
Corki,Diana,185,88,0.4756756756756757
Lillia,Seraphine,375,196,0.5226666666666666
Jinx,Kayn,1163,585,0.5030094582975064
Elise,Xerath,155,69,0.44516129032258067
Elise,Smolder,264,126,0.4772727272727273
Chogath,Soraka,458,227,0.49563318777292575
Elise,Soraka,153,66,0.43137254901960786
Malzahar,Urgot,379,190,0.5013192612137203
Nilah,Urgot,116,52,0.4482758620689655
Ashe,Veigar,1178,570,0.4838709677419355
Irelia,Sett,495,230,0.46464646464646464
Chogath,Olaf,269,115,0.4275092936802974
Olaf,XinZhao,153,83,0.5424836601307189
Olaf,Yunara,173,92,0.5317919075144508
Veigar,Zaahen,763,380,0.4980340760157274
Seraphine,XinZhao,390,191,0.4897435897435897
Sylas,Xerath,499,240,0.48096192384769537
Kassadin,Xerath,135,60,0.4444444444444444
AurelionSol,Nasus,296,154,0.5202702702702703
AurelionSol,Kassadin,125,58,0.464
Heimerdinger,Nunu,235,119,0.5063829787234042
Ambessa,Gangplank,197,96,0.4873096446700508
Brand,Gangplank,282,156,0.5531914893617021
Ambessa,TwistedFate,270,144,0.5333333333333333
Brand,TwistedFate,424,232,0.5471698113207547
Jhin,TwistedFate,678,352,0.5191740412979351
Teemo,Vladimir,517,265,0.5125725338491296
Maokai,Vladimir,210,107,0.5095238095238095
Maokai,Viego,284,132,0.4647887323943662
Maokai,Sivir,222,101,0.45495495495495497
Maokai,Veigar,317,151,0.47634069400630913
Aurora,KSante,118,68,0.576271186440678
Aurora,Graves,202,112,0.5544554455445545
Akshan,Aurora,204,89,0.4362745098039216
Akshan,Senna,308,140,0.45454545454545453
Nami,Ryze,303,159,0.5247524752475248
Diana,Viktor,334,183,0.5479041916167665
Lissandra,Yone,222,117,0.527027027027027
Lissandra,Urgot,125,58,0.464
Ezreal,Urgot,402,182,0.4527363184079602
Ezreal,Sett,749,334,0.4459279038718291
Velkoz,Yunara,387,205,0.5297157622739018
Lissandra,Olaf,71,32,0.4507042253521127
Ezreal,Olaf,232,93,0.40086206896551724
Syndra,Vladimir,267,145,0.5430711610486891
Syndra,Ziggs,255,134,0.5254901960784314
Karthus,TahmKench,175,86,0.49142857142857144
Ahri,Vladimir,477,271,0.5681341719077568
Aurora,Jax,370,175,0.47297297297297297
Aphelios,Jax,444,226,0.509009009009009
Karma,Warwick,445,209,0.4696629213483146
Aurora,Karma,266,122,0.45864661654135336
Aphelios,Karma,275,146,0.5309090909090909
Galio,Karma,355,190,0.5352112676056338
Neeko,Swain,407,187,0.4594594594594595
Jayce,Swain,240,110,0.4583333333333333
Jayce,Teemo,310,139,0.4483870967741935
Rumble,Teemo,277,141,0.5090252707581228
Neeko,Tristana,429,211,0.49184149184149184
Janna,Rumble,78,41,0.5256410256410257
Gnar,Rammus,85,36,0.4235294117647059
Hwei,Rammus,154,75,0.487012987012987
Kaisa,Rammus,315,140,0.4444444444444444
Maokai,Rammus,122,61,0.5
Gnar,Veigar,243,111,0.4567901234567901
Aphelios,Maokai,207,107,0.5169082125603864
Gnar,Milio,166,73,0.4397590361445783
Renekton,Yone,419,215,0.513126491646778
Hecarim,Renekton,170,69,0.40588235294117647
Fiora,Hecarim,116,64,0.5517241379310345
Hecarim,Xayah,165,80,0.48484848484848486
Hecarim,LeeSin,213,109,0.5117370892018779
LeeSin,Xerath,364,158,0.4340659340659341
Ashe,Fiora,443,225,0.5079006772009029
Jax,Orianna,343,172,0.5014577259475219
Hwei,Orianna,267,132,0.4943820224719101
Samira,Soraka,301,158,0.5249169435215947
MasterYi,Olaf,205,85,0.4146341463414634
Nocturne,Olaf,147,73,0.4965986394557823
Olaf,Vladimir,142,71,0.5
Olaf,Senna,208,116,0.5576923076923077
Mordekaiser,Vladimir,439,227,0.5170842824601367
Irelia,MasterYi,427,200,0.468384074941452
Irelia,Nocturne,276,124,0.4492753623188406
Karma,Vladimir,286,152,0.5314685314685315
Azir,Trundle,142,60,0.4225352112676056
Lucian,Trundle,343,165,0.48104956268221577
Azir,MasterYi,213,97,0.45539906103286387
Azir,Azir,18,1,0.05555555555555555
Azir,Lucian,198,101,0.51010101010101
Nami,Nami,38,1,0.02631578947368421
Poppy,Warwick,372,194,0.521505376344086
Fiora,Urgot,171,77,0.4502923976608187
Akshan,Fiora,127,56,0.4409448818897638
Akshan,Nocturne,173,96,0.5549132947976878
Fiora,Varus,207,106,0.5120772946859904
Nocturne,Varus,302,157,0.5198675496688742
Lulu,Soraka,325,149,0.4584615384615385
Kassadin,Riven,129,66,0.5116279069767442
Kassadin,Ryze,89,41,0.4606741573033708
Ashe,Ryze,450,229,0.5088888888888888
Ryze,Zyra,225,103,0.4577777777777778
Kassadin,Tristana,193,92,0.47668393782383417
Kassadin,Seraphine,151,74,0.4900662251655629
Urgot,Yorick,246,131,0.532520325203252
Syndra,Yorick,234,112,0.47863247863247865
Syndra,Xerath,353,153,0.43342776203966005
Ashe,Syndra,687,321,0.4672489082969432
Jax,XinZhao,430,216,0.5023255813953489
Mel,Milio,720,342,0.475
Heimerdinger,Zaahen,432,223,0.5162037037037037
Ezreal,Zaahen,735,336,0.45714285714285713
Chogath,Lissandra,226,119,0.5265486725663717
Ashe,Lissandra,329,151,0.45896656534954405
Ryze,XinZhao,223,101,0.452914798206278
Annie,Singed,172,81,0.47093023255813954
Annie,Swain,283,141,0.49823321554770317
Amumu,Garen,672,357,0.53125
Azir,Briar,202,93,0.4603960396039604
Azir,Veigar,267,94,0.352059925093633
Azir,Twitch,200,93,0.465
Azir,TahmKench,186,86,0.46236559139784944
Twitch,Yunara,491,243,0.49490835030549896
TahmKench,Yunara,348,165,0.47413793103448276
Nautilus,TahmKench,506,263,0.5197628458498024
Akshan,Velkoz,220,93,0.42272727272727273
Karthus,MasterYi,239,122,0.5104602510460251
Leblanc,Velkoz,281,119,0.4234875444839858
Malphite,Samira,445,231,0.5191011235955056
Malphite,Zyra,554,262,0.4729241877256318
Galio,Nocturne,282,142,0.5035460992907801
Gnar,Nautilus,232,117,0.5043103448275862
Brand,MonkeyKing,334,153,0.45808383233532934
Gnar,Kassadin,82,44,0.5365853658536586
Blitzcrank,Kassadin,175,95,0.5428571428571428
Kassadin,MonkeyKing,96,42,0.4375
Kayle,Quinn,218,101,0.463302752293578
Evelynn,Galio,211,95,0.45023696682464454
Evelynn,Ezreal,273,156,0.5714285714285714
Evelynn,Janna,111,46,0.4144144144144144
Annie,Galio,270,134,0.4962962962962963
Annie,Ziggs,203,102,0.5024630541871922
Galio,Yunara,429,243,0.5664335664335665
Kindred,Sylas,334,148,0.4431137724550898
Fizz,Irelia,297,152,0.5117845117845118
Anivia,JarvanIV,217,105,0.4838709677419355
JarvanIV,Twitch,412,213,0.5169902912621359
Anivia,Viego,248,122,0.49193548387096775
Fizz,Viego,428,214,0.5
Quinn,Riven,158,84,0.5316455696202531
Quinn,Viego,261,133,0.5095785440613027
Hwei,Quinn,212,104,0.49056603773584906
Caitlyn,Quinn,500,246,0.492
Kindred,Riven,181,88,0.4861878453038674
Brand,Kindred,326,181,0.5552147239263804
Malzahar,Riven,353,209,0.5920679886685553
Hwei,Malzahar,455,233,0.512087912087912
Hwei,Ziggs,279,137,0.4910394265232975
Riven,Swain,325,136,0.41846153846153844
Qiyana,XinZhao,193,86,0.44559585492227977
Qiyana,Volibear,263,109,0.4144486692015209
Varus,Volibear,477,213,0.44654088050314467
Nunu,Vex,210,104,0.49523809523809526
Varus,Vex,280,119,0.425
Brand,Vex,379,201,0.5303430079155673
Nunu,Velkoz,269,120,0.44609665427509293
MasterYi,Nasus,493,240,0.486815415821501
Ezreal,Nocturne,451,212,0.4700665188470067
Jinx,Nocturne,685,326,0.4759124087591241
Azir,Ezreal,259,120,0.46332046332046334
Ezreal,Gnar,273,142,0.5201465201465202
Ezreal,Lillia,460,203,0.44130434782608696
DrMundo,Gnar,261,136,0.5210727969348659
Alistar,Kayn,354,169,0.4774011299435028
Azir,Skarner,58,27,0.46551724137931033
Skarner,Veigar,178,79,0.4438202247191011
Gnar,Skarner,66,44,0.6666666666666666
Skarner,Zed,121,55,0.45454545454545453
Gragas,Skarner,92,50,0.5434782608695652
Khazix,Skarner,94,45,0.4787234042553192
Alistar,Skarner,103,50,0.4854368932038835
Gnar,Yuumi,158,75,0.47468354430379744
Khazix,Yuumi,198,99,0.5
Azir,Vi,168,75,0.44642857142857145
Gragas,Vi,208,102,0.49038461538461536
Khazix,Vi,200,104,0.52
Cassiopeia,Katarina,147,66,0.4489795918367347
Ambessa,Rakan,200,108,0.54
LeeSin,Rakan,194,101,0.520618556701031
Cassiopeia,Rakan,82,39,0.47560975609756095
Aatrox,Viktor,308,167,0.5422077922077922
Shaco,Viktor,335,175,0.5223880597014925
Jinx,Shaco,920,474,0.5152173913043478
Akshan,LeeSin,236,145,0.614406779661017
Akshan,Pyke,265,125,0.4716981132075472
Hwei,LeeSin,308,162,0.525974025974026
LeeSin,TwistedFate,267,149,0.5580524344569289
RekSai,Swain,135,46,0.34074074074074073
Diana,RekSai,128,63,0.4921875
Diana,TahmKench,422,231,0.54739336492891
Karma,RekSai,104,57,0.5480769230769231
Gangplank,RekSai,75,49,0.6533333333333333
Gangplank,Hwei,178,99,0.5561797752808989
Gangplank,Jinx,436,198,0.4541284403669725
RekSai,Volibear,138,59,0.427536231884058
TahmKench,Volibear,476,220,0.46218487394957986
Vi,Volibear,401,204,0.5087281795511222
Jinx,Jinx,91,24,0.26373626373626374
Jinx,Rammus,377,180,0.47745358090185674
Gwen,Illaoi,225,106,0.4711111111111111
Gwen,Jayce,192,96,0.5
Gwen,Swain,403,195,0.4838709677419355
TwistedFate,Yone,401,197,0.4912718204488778
Illaoi,Yuumi,214,109,0.5093457943925234
Jayce,Yuumi,179,97,0.5418994413407822
Heimerdinger,Jax,344,176,0.5116279069767442
Heimerdinger,Rakan,152,83,0.5460526315789473
Heimerdinger,Swain,353,171,0.48441926345609065
Rakan,Zaahen,304,146,0.48026315789473684
Jax,Zac,306,151,0.4934640522875817
Varus,Zac,241,104,0.4315352697095436
Olaf,Zac,126,78,0.6190476190476191
Rakan,Zac,129,60,0.46511627906976744
Swain,Zac,281,156,0.5551601423487544
Tryndamere,Varus,245,140,0.5714285714285714
Renata,Varus,183,90,0.4918032786885246
Olaf,Renata,82,44,0.5365853658536586
Rakan,Renata,91,47,0.5164835164835165
Kennen,Quinn,106,52,0.49056603773584906
Elise,Quinn,104,48,0.46153846153846156
Kindred,Quinn,160,78,0.4875
Gwen,Kennen,171,88,0.5146198830409356
Gwen,Kindred,218,117,0.536697247706422
Aatrox,Gwen,397,201,0.5062972292191436
Ambessa,Elise,122,64,0.5245901639344263
Ambessa,Brand,373,167,0.4477211796246649
Kennen,Vladimir,125,60,0.48
Elise,Vladimir,141,83,0.5886524822695035
Kindred,Vladimir,220,109,0.4954545454545455
JarvanIV,Ornn,251,120,0.47808764940239046
Galio,Ornn,329,184,0.5592705167173252
Camille,Malphite,241,108,0.44813278008298757
KogMaw,Lillia,173,82,0.47398843930635837
Kalista,Sett,212,107,0.5047169811320755
Diana,Kalista,129,63,0.4883720930232558
Camille,Kalista,52,24,0.46153846153846156
Camille,Pantheon,245,112,0.45714285714285713
Kassadin,Lux,316,129,0.40822784810126583
Annie,Ashe,398,211,0.5301507537688442
Annie,Kassadin,110,57,0.5181818181818182
Annie,Hecarim,124,65,0.5241935483870968
Ashe,Gnar,360,183,0.5083333333333333
Gnar,Poppy,142,76,0.5352112676056338
Gnar,Hecarim,87,50,0.5747126436781609
Gangplank,Syndra,192,90,0.46875
Gangplank,LeeSin,207,101,0.48792270531400966
Gangplank,Taric,94,44,0.46808510638297873
Ashe,Taric,326,169,0.5184049079754601
Pyke,Syndra,334,174,0.5209580838323353
Pyke,Taric,185,84,0.4540540540540541
Leona,Lillia,385,185,0.4805194805194805
Quinn,Rammus,107,47,0.4392523364485981
Blitzcrank,Quinn,246,137,0.556910569105691
Briar,Rammus,242,118,0.48760330578512395
Malzahar,Ryze,337,186,0.5519287833827893
Rammus,Ryze,146,76,0.5205479452054794
Gnar,Jhin,377,197,0.5225464190981433
Ambessa,Vi,235,106,0.451063829787234
Nunu,Vi,238,125,0.5252100840336135
Skarner,Vi,103,43,0.4174757281553398
Ambessa,Galio,289,128,0.4429065743944637
Skarner,Ziggs,80,35,0.4375
Ambessa,Blitzcrank,304,153,0.5032894736842105
Blitzcrank,Skarner,163,90,0.5521472392638037
Aatrox,Fiora,261,132,0.5057471264367817
Aatrox,Zilean,206,105,0.5097087378640777
Fizz,Zilean,191,96,0.5026178010471204
Kled,Yunara,129,63,0.4883720930232558
Nami,Zilean,292,169,0.5787671232876712
Trundle,Viego,416,197,0.4735576923076923
Syndra,Trundle,242,113,0.4669421487603306
Syndra,Vex,212,102,0.4811320754716981
Seraphine,Trundle,406,206,0.5073891625615764
Morgana,Swain,824,434,0.5266990291262136
Diana,Sett,714,338,0.4733893557422969
Elise,Heimerdinger,110,46,0.41818181818181815
Elise,Twitch,191,89,0.46596858638743455
Karthus,Maokai,180,94,0.5222222222222223
Maokai,Senna,296,150,0.5067567567567568
Jinx,Maokai,503,265,0.5268389662027833
Alistar,Tryndamere,213,88,0.4131455399061033
Kayn,Riven,421,221,0.5249406175771971
Riven,Smolder,484,228,0.47107438016528924
Riven,Samira,242,118,0.48760330578512395
Nocturne,Singed,216,105,0.4861111111111111
Malphite,Singed,402,170,0.4228855721393035
Xerath,Yuumi,296,156,0.527027027027027
Briar,Yuumi,352,199,0.5653409090909091
Aatrox,Renekton,307,168,0.5472312703583062
Renekton,Twitch,296,157,0.5304054054054054
Mel,Renekton,478,259,0.5418410041841004
Teemo,Tryndamere,447,225,0.5033557046979866
Corki,Teemo,268,134,0.5
Corki,Pantheon,218,98,0.44954128440366975
Corki,Zed,178,83,0.46629213483146065
Renata,Zed,160,84,0.525
Morgana,Renata,293,170,0.5802047781569966
JarvanIV,Khazix,249,134,0.5381526104417671
Shyvana,Zaahen,194,88,0.4536082474226804
Khazix,Shyvana,112,51,0.45535714285714285
Belveth,Zaahen,236,119,0.5042372881355932
Belveth,Swain,174,93,0.5344827586206896
Nasus,Yorick,324,167,0.5154320987654321
Kayn,Nasus,485,241,0.49690721649484537
Nasus,Varus,349,204,0.5845272206303725
Trundle,Varus,290,148,0.5103448275862069
Skarner,Zaahen,187,72,0.3850267379679144
Riven,XinZhao,238,117,0.49159663865546216
Skarner,XinZhao,107,38,0.35514018691588783
Skarner,Yone,180,78,0.43333333333333335
Mordekaiser,Varus,544,287,0.5275735294117647
Ezreal,Varus,556,263,0.47302158273381295
Varus,Xayah,329,165,0.5015197568389058
Skarner,Varus,107,58,0.5420560747663551
Ezreal,Poppy,402,189,0.4701492537313433
Poppy,Skarner,96,49,0.5104166666666666
Camille,Kled,50,24,0.48
Kled,Talon,92,53,0.5760869565217391
Nunu,Talon,183,101,0.5519125683060109
Janna,Nunu,199,90,0.45226130653266333
Azir,Camille,83,35,0.42168674698795183
Azir,Janna,124,62,0.5
Camille,Milio,176,81,0.4602272727272727
Milio,Talon,258,132,0.5116279069767442
Milio,Twitch,419,230,0.548926014319809
Aatrox,Diana,548,260,0.4744525547445255
Fiora,Volibear,284,148,0.5211267605633803
Mel,Orianna,572,294,0.513986013986014
Leona,Renekton,318,161,0.5062893081761006
Garen,Riven,407,225,0.5528255528255528
Riven,Vladimir,241,145,0.6016597510373444
Ekko,Zed,495,252,0.509090909090909
Orianna,Renekton,198,102,0.5151515151515151
Kayn,Orianna,343,169,0.49271137026239065
Hwei,Nocturne,271,128,0.47232472324723246
Hwei,Renekton,234,118,0.5042735042735043
Akali,Hwei,377,196,0.519893899204244
Renekton,Varus,261,124,0.47509578544061304
Urgot,Yasuo,484,231,0.4772727272727273
Diana,Graves,397,223,0.5617128463476071
Fizz,Graves,283,147,0.519434628975265
Graves,Shen,244,117,0.47950819672131145
Poppy,Vi,239,117,0.4895397489539749
Ashe,Kindred,561,319,0.5686274509803921
Cassiopeia,Pyke,172,88,0.5116279069767442
Akali,Cassiopeia,148,71,0.4797297297297297
Cassiopeia,Lissandra,64,33,0.515625
Akali,Gragas,268,142,0.5298507462686567
Gragas,Lissandra,111,56,0.5045045045045045
Lissandra,Ornn,137,71,0.5182481751824818
KogMaw,Pyke,266,141,0.5300751879699248
Akali,KogMaw,229,114,0.4978165938864629
Kaisa,Skarner,195,96,0.49230769230769234
Hwei,Skarner,125,68,0.544
Annie,Seraphine,229,104,0.45414847161572053
Annie,Mordekaiser,332,168,0.5060240963855421
Illaoi,Varus,274,160,0.583941605839416
Kayn,Ryze,301,147,0.4883720930232558
Ryze,Varus,246,114,0.4634146341463415
Neeko,Ryze,180,88,0.4888888888888889
Akshan,Rengar,152,69,0.45394736842105265
Akshan,Annie,176,82,0.4659090909090909
Janna,Kayn,291,152,0.5223367697594502
Akshan,Janna,131,67,0.5114503816793893
Poppy,Vladimir,235,122,0.5191489361702127
Poppy,Ziggs,220,104,0.4727272727272727
Poppy,Swain,328,144,0.43902439024390244
Annie,Vladimir,177,87,0.4915254237288136
Janna,Rengar,143,90,0.6293706293706294
Janna,Vladimir,181,90,0.4972375690607735
Janna,Ziggs,203,94,0.4630541871921182
Janna,Swain,269,131,0.48698884758364314
KSante,Rumble,74,37,0.5
KSante,Yone,258,103,0.3992248062015504
Irelia,Lillia,244,106,0.4344262295081967
Rumble,Sivir,136,54,0.39705882352941174
Bard,Rumble,106,49,0.46226415094339623
Bard,Thresh,430,225,0.5232558139534884
Garen,Sona,454,230,0.5066079295154186
Aatrox,Jax,532,249,0.4680451127819549
Aatrox,Lux,973,469,0.48201438848920863
Lux,Nidalee,543,285,0.5248618784530387
Ambessa,Quinn,173,83,0.4797687861271676
Pantheon,Xerath,554,271,0.4891696750902527
Ahri,Quinn,360,177,0.49166666666666664
Ahri,Xerath,616,325,0.5275974025974026
Ahri,XinZhao,490,233,0.47551020408163264
MasterYi,Sivir,436,231,0.5298165137614679
Jayce,Nocturne,131,56,0.42748091603053434
Jayce,Nidalee,148,78,0.527027027027027
Nocturne,Vladimir,236,132,0.559322033898305
Nidalee,Vladimir,190,99,0.5210526315789473
TahmKench,Vladimir,262,123,0.46946564885496184
TahmKench,Varus,310,174,0.5612903225806452
Malphite,Varus,591,323,0.5465313028764806
Shaco,Shen,407,205,0.5036855036855037
Elise,Fizz,155,84,0.5419354838709678
Karthus,Nidalee,180,97,0.5388888888888889
Elise,LeeSin,151,78,0.5165562913907285
MonkeyKing,Xerath,273,138,0.5054945054945055
Milio,Xerath,343,187,0.5451895043731778
MonkeyKing,Velkoz,250,127,0.508
Neeko,Velkoz,348,158,0.4540229885057471
MonkeyKing,Poppy,192,99,0.515625
KogMaw,Poppy,158,79,0.5
Braum,KSante,117,61,0.5213675213675214
KSante,Neeko,147,69,0.46938775510204084
KSante,Milio,158,68,0.43037974683544306
Braum,Khazix,188,94,0.5
Khazix,MonkeyKing,207,104,0.5024154589371981
Khazix,Milio,273,119,0.4358974358974359
Janna,Sett,289,129,0.4463667820069204
Brand,Janna,308,153,0.4967532467532468
Ezreal,Lissandra,277,132,0.47653429602888087
Lissandra,Vex,117,60,0.5128205128205128
Brand,Lissandra,208,121,0.5817307692307693
Ezreal,Zilean,296,141,0.47635135135135137
Ezreal,Udyr,306,134,0.43790849673202614
Gangplank,Zaahen,312,138,0.4423076923076923
Gangplank,JarvanIV,193,95,0.49222797927461137
Gangplank,Viktor,168,83,0.49404761904761907
Gangplank,Tristana,269,140,0.5204460966542751
Aurora,Tristana,348,157,0.4511494252873563
Soraka,TahmKench,288,146,0.5069444444444444
Lucian,Rammus,178,90,0.5056179775280899
Fizz,Seraphine,417,235,0.5635491606714629
Fizz,XinZhao,305,139,0.4557377049180328
Fizz,Rammus,164,80,0.4878048780487805
DrMundo,Sejuani,266,151,0.5676691729323309
Aurora,Sejuani,130,60,0.46153846153846156
Maokai,Sejuani,119,62,0.5210084033613446
Sejuani,Thresh,235,124,0.5276595744680851
Kled,Malphite,216,99,0.4583333333333333
Aurora,Smolder,446,215,0.4820627802690583
Amumu,Amumu,89,4,0.0449438202247191
Amumu,Kled,177,93,0.5254237288135594
Aurora,Leona,330,171,0.5181818181818182
Leona,Sett,648,297,0.4583333333333333
Kled,Leona,154,86,0.5584415584415584
Sett,Yuumi,440,263,0.5977272727272728
Kled,Yuumi,103,55,0.5339805825242718
Amumu,Shen,401,202,0.5037406483790524
Evelynn,Malzahar,263,126,0.4790874524714829
KogMaw,Malzahar,269,138,0.5130111524163569
Malzahar,Nidalee,286,148,0.5174825174825175
Evelynn,Gragas,107,54,0.5046728971962616
Gragas,KogMaw,126,65,0.5158730158730159
Akshan,Evelynn,102,46,0.45098039215686275
Akshan,KogMaw,153,70,0.45751633986928103
Akshan,Nidalee,149,61,0.40939597315436244
Leona,Teemo,747,357,0.4779116465863454
Akali,Rengar,265,142,0.5358490566037736
Rengar,Yunara,278,124,0.4460431654676259
Akali,Vex,333,159,0.4774774774774775
Ryze,Tryndamere,169,71,0.42011834319526625
Aurora,Tryndamere,206,83,0.4029126213592233
Tryndamere,Vayne,376,189,0.5026595744680851
Milio,Tryndamere,234,125,0.5341880341880342
Ryze,Udyr,167,91,0.5449101796407185
MasterYi,Udyr,364,167,0.45879120879120877
Aurora,Udyr,173,90,0.5202312138728323
Fizz,Ryze,227,123,0.5418502202643172
Jinx,Ryze,479,258,0.5386221294363257
Kassadin,Zac,90,49,0.5444444444444444
Naafiri,Riven,159,85,0.5345911949685535
Kayn,Naafiri,391,197,0.5038363171355499
Kassadin,Naafiri,88,42,0.4772727272727273
Blitzcrank,Naafiri,264,141,0.5340909090909091
Janna,Zeri,126,68,0.5396825396825397
Janna,Viego,241,117,0.4854771784232365
MonkeyKing,Nasus,244,125,0.5122950819672131
Nasus,Viego,440,216,0.4909090909090909
MonkeyKing,Shaco,303,159,0.5247524752475248
Brand,Viego,562,283,0.50355871886121
Garen,Olaf,266,130,0.48872180451127817
Olaf,Udyr,110,58,0.5272727272727272
Kaisa,Olaf,262,130,0.4961832061068702
Nautilus,Olaf,255,102,0.4
Malphite,Zac,373,192,0.514745308310992
Illaoi,Xerath,246,125,0.508130081300813
Irelia,Maokai,155,73,0.47096774193548385
Irelia,Qiyana,175,87,0.49714285714285716
Irelia,Naafiri,219,107,0.4885844748858447
Irelia,Trundle,293,145,0.4948805460750853
Azir,Swain,211,85,0.4028436018957346
Naafiri,Swain,310,127,0.4096774193548387
Swain,Trundle,387,205,0.5297157622739018
Maokai,Nunu,205,111,0.5414634146341464
Azir,Nunu,138,56,0.4057971014492754
AurelionSol,Nunu,226,105,0.4646017699115044
Nunu,Qiyana,161,86,0.5341614906832298
Nunu,Trundle,264,136,0.5151515151515151
DrMundo,Trundle,584,273,0.4674657534246575
Maokai,Maokai,30,0,0.0
Azir,Maokai,109,56,0.5137614678899083
Maokai,Qiyana,137,78,0.5693430656934306
Ashe,Ashe,127,32,0.25196850393700787
Blitzcrank,Zed,467,263,0.563169164882227
Naafiri,Zed,298,158,0.5302013422818792
Trundle,Zed,358,195,0.5446927374301676
Annie,Nidalee,153,72,0.47058823529411764
Annie,Trundle,194,109,0.5618556701030928
Pantheon,Xayah,453,242,0.5342163355408388
Heimerdinger,Zed,303,165,0.5445544554455446
Khazix,Zed,334,162,0.48502994011976047
Khazix,Yasuo,487,243,0.4989733059548255
Lulu,Veigar,409,172,0.42053789731051344
Pyke,Talon,282,130,0.46099290780141844
Ornn,Vex,193,89,0.46113989637305697
Karma,Pantheon,507,235,0.4635108481262327
Belveth,Karma,164,83,0.5060975609756098
Belveth,Teemo,239,103,0.4309623430962343
Belveth,Shaco,203,101,0.4975369458128079
Lucian,Varus,435,219,0.503448275862069
Renekton,Rumble,102,52,0.5098039215686274
Lucian,Renekton,313,142,0.4536741214057508
Kayn,Rumble,177,96,0.5423728813559322
Rumble,Ziggs,150,71,0.47333333333333333
Leona,Lucian,474,254,0.5358649789029536
Nidalee,Sett,310,128,0.4129032258064516
Hecarim,Nidalee,151,72,0.4768211920529801
Diana,Hecarim,260,135,0.5192307692307693
Diana,Smolder,789,420,0.532319391634981
Bard,Hecarim,178,90,0.5056179775280899
FiddleSticks,Galio,275,131,0.4763636363636364
Gwen,Vayne,505,233,0.4613861386138614
Bard,Galio,274,135,0.4927007299270073
Camille,RekSai,52,27,0.5192307692307693
Camille,Chogath,191,94,0.49214659685863876
Blitzcrank,Camille,170,109,0.6411764705882353
Khazix,Nilah,114,55,0.4824561403508772
Blitzcrank,Khazix,287,133,0.4634146341463415
Azir,Nilah,79,26,0.3291139240506329
Azir,RekSai,65,31,0.47692307692307695
Azir,Chogath,262,104,0.3969465648854962
Azir,Teemo,273,111,0.4065934065934066
Ezreal,Nilah,216,100,0.46296296296296297
Ezreal,RekSai,141,76,0.5390070921985816
Nilah,Thresh,227,113,0.4977973568281938
DrMundo,Graves,446,255,0.5717488789237668
DrMundo,Gangplank,330,188,0.5696969696969697
Galio,Zilean,215,104,0.48372093023255813
Gangplank,Xayah,180,88,0.4888888888888889
Xayah,Zilean,184,84,0.45652173913043476
Graves,Sion,328,176,0.5365853658536586
Sion,Zilean,223,99,0.4439461883408072
Kayle,Sion,421,200,0.4750593824228028
Chogath,Graves,373,178,0.4772117962466488
Chogath,Zilean,287,156,0.5435540069686411
Gangplank,Garen,290,135,0.46551724137931033
Garen,Ornn,410,219,0.5341463414634147
Ahri,Orianna,451,264,0.5853658536585366
Hwei,Yunara,391,184,0.47058823529411764
Orianna,Xayah,252,122,0.48412698412698413
Ornn,Quinn,164,88,0.5365853658536586
Mel,Ryze,411,222,0.5401459854014599
Galio,Ryze,270,156,0.5777777777777777
Neeko,Urgot,246,115,0.46747967479674796
Ekko,Nocturne,335,170,0.5074626865671642
Ekko,Neeko,346,187,0.5404624277456648
Graves,Nocturne,237,101,0.42616033755274263
Graves,Neeko,270,126,0.4666666666666667
Elise,Graves,136,74,0.5441176470588235
Elise,Janna,97,41,0.422680412371134
Janna,Zed,267,123,0.4606741573033708
Amumu,Vayne,644,357,0.5543478260869565
Milio,TahmKench,281,134,0.47686832740213525
Milio,Teemo,580,291,0.5017241379310344
Nasus,Shen,335,157,0.46865671641791046
Katarina,Nasus,313,165,0.5271565495207667
Draven,Shen,225,115,0.5111111111111111
Ambessa,Camille,171,84,0.49122807017543857
Ambessa,Urgot,184,89,0.483695652173913
Naafiri,Udyr,177,84,0.4745762711864407
Udyr,Urgot,172,73,0.42441860465116277
Camille,Karma,150,79,0.5266666666666666
Camille,Thresh,236,103,0.4364406779661017
DrMundo,Gwen,730,361,0.4945205479452055
Maokai,Mel,402,207,0.5149253731343284
Smolder,Teemo,990,491,0.49595959595959593
Draven,Twitch,310,149,0.4806451612903226
Karma,Neeko,327,155,0.4740061162079511
Aurora,Sion,316,155,0.49050632911392406
Aurora,Lissandra,131,61,0.46564885496183206
Nami,Twitch,574,302,0.5261324041811847
Diana,Ivern,196,102,0.5204081632653061
Chogath,Ivern,222,116,0.5225225225225225
Quinn,Xerath,244,114,0.4672131147540984
Heimerdinger,Ivern,109,53,0.48623853211009177
Blitzcrank,Heimerdinger,303,138,0.45544554455445546
Ezreal,Xayah,453,211,0.46578366445916114
Ezreal,Karthus,295,135,0.4576271186440678
Rell,Shen,169,78,0.46153846153846156
Karthus,Rell,115,54,0.46956521739130436
AurelionSol,Tristana,347,167,0.4812680115273775
AurelionSol,Rell,159,84,0.5283018867924528
Kayn,Lulu,444,207,0.46621621621621623
Taliyah,Yasuo,280,131,0.46785714285714286
Nami,Taliyah,257,134,0.5214007782101168
Riven,Rumble,113,50,0.4424778761061947
Nunu,Riven,238,119,0.5
Ekko,Rumble,159,75,0.4716981132075472
Lux,Rumble,341,170,0.49853372434017595
Draven,Lux,676,323,0.47781065088757396
Pyke,Sejuani,209,84,0.4019138755980861
Akali,Akali,35,4,0.11428571428571428
Kaisa,Shyvana,280,143,0.5107142857142857
Leona,Shyvana,212,97,0.45754716981132076
Lulu,Shyvana,122,54,0.4426229508196721
Blitzcrank,Kaisa,701,381,0.543509272467903
Leona,Zilean,229,110,0.48034934497816595
Lulu,Zilean,186,86,0.46236559139784944
Illaoi,Nunu,198,108,0.5454545454545454
Illaoi,Naafiri,162,86,0.5308641975308642
Katarina,Naafiri,221,115,0.5203619909502263
Volibear,Zeri,272,135,0.4963235294117647
Nunu,Zeri,159,87,0.5471698113207547
Naafiri,Zeri,134,75,0.5597014925373134
Naafiri,Yuumi,205,108,0.526829268292683
Bard,Malphite,434,218,0.5023041474654378
Nocturne,Shyvana,144,78,0.5416666666666666
Ashe,Shyvana,321,175,0.5451713395638629
Akali,Annie,208,100,0.4807692307692308
Garen,Rell,276,136,0.4927536231884058
Annie,Rell,109,51,0.46788990825688076
DrMundo,Riven,376,199,0.5292553191489362
Fizz,Velkoz,312,142,0.4551282051282051
Yuumi,Zilean,160,79,0.49375
Rammus,Shyvana,77,39,0.5064935064935064
Caitlyn,Rammus,418,197,0.47129186602870815
Poppy,XinZhao,232,115,0.4956896551724138
Karma,Poppy,240,108,0.45
Poppy,Shyvana,115,58,0.5043478260869565
Poppy,Yuumi,234,113,0.4829059829059829
Belveth,Jinx,324,160,0.49382716049382713
Belveth,Rengar,110,64,0.5818181818181818
Belveth,Shyvana,78,46,0.5897435897435898
Azir,Shyvana,77,38,0.4935064935064935
Karma,Maokai,252,125,0.49603174603174605
Ambessa,Karthus,149,83,0.5570469798657718
Akshan,Katarina,211,105,0.4976303317535545
Akshan,Yunara,266,128,0.48120300751879697
Bard,Ornn,228,115,0.5043859649122807
Bard,Leona,327,154,0.4709480122324159
Riven,Warwick,392,181,0.461734693877551
Velkoz,Yuumi,282,165,0.5851063829787234
Skarner,Yuumi,91,41,0.45054945054945056
Brand,Ryze,346,177,0.5115606936416185
Ryze,Skarner,83,44,0.5301204819277109
Karthus,Swain,271,142,0.5239852398523985
JarvanIV,Quinn,189,96,0.5079365079365079
Galio,Warwick,489,255,0.5214723926380368
Gwen,Zilean,167,82,0.49101796407185627
Gwen,Karthus,166,71,0.42771084337349397
Zaahen,Zyra,523,275,0.5258126195028681
LeeSin,Syndra,287,127,0.4425087108013937
AurelionSol,Syndra,230,127,0.5521739130434783
Cassiopeia,Ekko,167,80,0.47904191616766467
Ekko,Heimerdinger,293,143,0.4880546075085324
Cassiopeia,Volibear,197,79,0.4010152284263959
Amumu,Lulu,368,216,0.5869565217391305
Akshan,Lulu,223,126,0.5650224215246636
Lulu,Tryndamere,233,104,0.44635193133047213
Cassiopeia,Seraphine,166,95,0.572289156626506
Akshan,Karma,214,105,0.49065420560747663
Heimerdinger,Karma,247,126,0.5101214574898786
Evelynn,Ivern,80,39,0.4875
Ivern,Twitch,188,86,0.4574468085106383
Aatrox,Urgot,326,144,0.44171779141104295
Milio,Shaco,338,191,0.5650887573964497
Graves,TwistedFate,235,113,0.4808510638297872
TwistedFate,Zoe,221,111,0.502262443438914
Kaisa,Zoe,506,260,0.5138339920948617
Poppy,Urgot,211,95,0.45023696682464454
Poppy,Zoe,203,96,0.4729064039408867
Bard,Orianna,201,90,0.44776119402985076
Lissandra,Orianna,138,71,0.5144927536231884
KogMaw,Orianna,196,100,0.5102040816326531
Khazix,Udyr,163,71,0.43558282208588955
Irelia,Udyr,192,89,0.4635416666666667
Darius,Gragas,322,159,0.4937888198757764
Gragas,Warwick,323,151,0.4674922600619195
Shen,Veigar,497,252,0.5070422535211268
TahmKench,Veigar,482,246,0.5103734439834025
Kindred,Yorick,235,108,0.4595744680851064
Fizz,Yorick,278,136,0.4892086330935252
Diana,Kindred,270,143,0.5296296296296297
Diana,Zyra,497,237,0.4768611670020121
Akshan,Illaoi,154,78,0.5064935064935064
Akshan,Fizz,199,95,0.47738693467336685
Kindred,Urgot,160,74,0.4625
Caitlyn,Urgot,649,306,0.4714946070878274
Pyke,Urgot,313,131,0.4185303514376997
Diana,Pyke,510,286,0.5607843137254902
Gangplank,Velkoz,198,81,0.4090909090909091
Gangplank,Kalista,78,34,0.4358974358974359
Taric,Tristana,199,96,0.4824120603015075
Gwen,Taric,143,71,0.4965034965034965
Taric,Yuumi,154,81,0.525974025974026
LeeSin,Nasus,324,154,0.47530864197530864
Heimerdinger,Shen,237,131,0.5527426160337553
Shen,Xayah,235,122,0.5191489361702127
Ambessa,Trundle,235,116,0.49361702127659574
Ambessa,Shen,270,138,0.5111111111111111
MasterYi,Thresh,673,333,0.4947994056463596
Garen,Poppy,368,193,0.5244565217391305
Irelia,Kindred,194,116,0.5979381443298969
Kindred,Volibear,342,147,0.4298245614035088
Kindred,Poppy,200,100,0.5
Soraka,Zac,218,109,0.5
Fizz,Samira,286,148,0.5174825174825175
Alistar,Jinx,504,244,0.48412698412698413
AurelionSol,Orianna,201,102,0.5074626865671642
Gangplank,Sona,187,85,0.45454545454545453
Braum,Orianna,213,110,0.5164319248826291
Skarner,Yunara,125,57,0.456
Skarner,Smolder,180,76,0.4222222222222222
Maokai,Taliyah,118,72,0.6101694915254238
Gragas,Swain,247,103,0.41700404858299595
Gragas,Senna,295,131,0.4440677966101695
MasterYi,Rammus,455,230,0.5054945054945055
Nautilus,Zilean,307,154,0.501628664495114
Ambessa,Olaf,140,72,0.5142857142857142
Ambessa,Ezreal,446,220,0.49327354260089684
Olaf,Skarner,57,31,0.543859649122807
Braum,Skarner,74,36,0.4864864864864865
Ahri,DrMundo,886,402,0.45372460496614
Brand,Braum,338,188,0.5562130177514792
Graves,Vladimir,258,137,0.5310077519379846
Braum,Vladimir,213,112,0.5258215962441315
Graves,Khazix,247,137,0.5546558704453441
Khazix,Leblanc,232,121,0.521551724137931
Kled,Leblanc,86,42,0.4883720930232558
Braum,Kled,82,43,0.524390243902439
Braum,Sion,255,117,0.4588235294117647
Trundle,Viktor,215,118,0.5488372093023256
Maokai,Warwick,305,143,0.46885245901639344
Viktor,Zyra,309,137,0.44336569579288027
KSante,Pantheon,269,97,0.36059479553903345
KSante,Sylas,258,107,0.41472868217054265
KSante,Pyke,181,73,0.40331491712707185
Akshan,MissFortune,554,251,0.45306859205776173
Morgana,Samira,559,285,0.5098389982110912
Darius,Nidalee,276,157,0.5688405797101449
Vladimir,Yorick,257,108,0.42023346303501946
Riven,Veigar,377,162,0.4297082228116711
Lulu,Poppy,227,112,0.4933920704845815
Naafiri,Viego,354,173,0.4887005649717514
Nilah,Poppy,125,66,0.528
Diana,Nilah,208,104,0.5
Rell,TahmKench,206,112,0.5436893203883495
Irelia,Rell,135,63,0.4666666666666667
Ambessa,Yorick,241,105,0.43568464730290457
Ambessa,Karma,271,131,0.4833948339483395
Nocturne,Vi,244,111,0.45491803278688525
Darius,Qiyana,258,156,0.6046511627906976
Khazix,Riven,251,118,0.4701195219123506
Bard,Qiyana,178,98,0.550561797752809
Bard,Varus,279,116,0.4157706093189964
Hecarim,Trundle,205,102,0.4975609756097561
Trundle,Zyra,311,142,0.4565916398713826
Ambessa,JarvanIV,266,120,0.45112781954887216
Camille,LeeSin,169,83,0.4911242603550296
Akshan,Camille,81,48,0.5925925925925926
Caitlyn,Camille,374,185,0.4946524064171123
Akshan,Poppy,182,91,0.5
Poppy,Velkoz,239,105,0.4393305439330544
Aurora,Viego,298,142,0.47651006711409394
Draven,Viego,313,157,0.5015974440894568
Katarina,Warwick,448,210,0.46875
Aurora,Twitch,314,159,0.5063694267515924
Diana,MonkeyKing,338,185,0.5473372781065089
MonkeyKing,Vayne,386,190,0.49222797927461137
MonkeyKing,Taric,118,58,0.4915254237288136
Graves,Syndra,261,109,0.41762452107279696
Ornn,Syndra,237,109,0.459915611814346
Ornn,Taric,138,64,0.463768115942029
Mel,Taric,290,143,0.49310344827586206
Diana,Leblanc,348,180,0.5172413793103449
Leblanc,Syndra,226,105,0.4646017699115044
Kayle,Nocturne,318,169,0.5314465408805031
Gangplank,Malphite,318,142,0.44654088050314467
MonkeyKing,Viktor,227,112,0.4933920704845815
MonkeyKing,Quinn,156,87,0.5576923076923077
Amumu,Nautilus,569,312,0.5483304042179262
Fizz,Mordekaiser,471,240,0.5095541401273885
Ornn,Taliyah,151,75,0.4966887417218543
Ornn,Riven,199,108,0.542713567839196
Briar,Smolder,697,362,0.5193687230989957
Ornn,Warwick,396,192,0.48484848484848486
FiddleSticks,Warwick,409,191,0.4669926650366748
FiddleSticks,Senna,352,190,0.5397727272727273
Akshan,Singed,188,86,0.4574468085106383
Akshan,Warwick,282,126,0.44680851063829785
Singed,Xayah,217,126,0.5806451612903226
Warwick,Xayah,377,200,0.5305039787798409
Nidalee,Talon,159,72,0.4528301886792453
Nidalee,Swain,276,131,0.4746376811594203
Nidalee,Zoe,189,97,0.5132275132275133
Galio,Zoe,275,160,0.5818181818181818
Galio,Lucian,420,244,0.580952380952381
Talon,Thresh,305,146,0.4786885245901639
Varus,Zilean,200,102,0.51
Kassadin,Syndra,142,71,0.5
Kassadin,Sivir,132,61,0.4621212121212121
Sivir,Zilean,215,109,0.5069767441860465
Aatrox,Zyra,350,168,0.48
Zilean,Zyra,217,98,0.45161290322580644
KogMaw,Sion,245,114,0.46530612244897956
Qiyana,Sion,239,103,0.4309623430962343
Ekko,KogMaw,244,120,0.4918032786885246
Ekko,Trundle,314,156,0.4968152866242038
Ekko,Samira,311,156,0.5016077170418006
Kennen,KogMaw,124,64,0.5161290322580645
Kennen,Trundle,128,56,0.4375
Kennen,Qiyana,105,53,0.5047619047619047
Kennen,Samira,137,66,0.48175182481751827
Jinx,Qiyana,441,247,0.5600907029478458
Gwen,Yorick,283,150,0.5300353356890459
Gragas,Gwen,195,86,0.441025641025641
Zac,Zilean,131,63,0.48091603053435117
Malzahar,Zac,292,148,0.5068493150684932
Vladimir,Zac,212,115,0.5424528301886793
Malzahar,Samira,405,231,0.5703703703703704
Samira,Vladimir,248,129,0.5201612903225806
Malzahar,Orianna,362,200,0.5524861878453039
DrMundo,Ziggs,434,235,0.5414746543778802
Aphelios,DrMundo,421,194,0.46080760095011875
Aphelios,Braum,189,87,0.4603174603174603
Fiora,Zoe,142,80,0.5633802816901409
Fiora,Sona,172,75,0.436046511627907
Belveth,MissFortune,349,178,0.5100286532951289
Belveth,Sona,150,81,0.54
Aatrox,Janna,231,122,0.5281385281385281
Leblanc,Mordekaiser,377,178,0.47214854111405835
Hecarim,Malphite,363,163,0.4490358126721763
Aurora,Hecarim,157,88,0.5605095541401274
DrMundo,Kalista,215,105,0.4883720930232558
Kalista,Katarina,126,64,0.5079365079365079
Kalista,Veigar,204,91,0.44607843137254904
Kalista,Velkoz,123,46,0.37398373983739835
Galio,Veigar,539,291,0.5398886827458256
Nocturne,Xayah,235,113,0.4808510638297872
Brand,Nocturne,417,232,0.5563549160671463
Draven,Veigar,356,163,0.45786516853932585
Neeko,Warwick,457,204,0.44638949671772427
Briar,Pyke,490,258,0.5265306122448979
Briar,Lissandra,185,96,0.518918918918919
Lissandra,Yorick,133,70,0.5263157894736842
Lissandra,Nunu,116,61,0.5258620689655172
Nunu,Urgot,215,117,0.5441860465116279
Lissandra,Zyra,169,65,0.38461538461538464
Gwen,Zyra,337,147,0.4362017804154303
Urgot,Zyra,270,130,0.48148148148148145
Soraka,Veigar,493,244,0.4949290060851927
Lillia,Veigar,479,224,0.46764091858037576
Gwen,Irelia,300,155,0.5166666666666667
Irelia,Ryze,176,87,0.4943181818181818
LeeSin,Ryze,230,93,0.4043478260869565
Anivia,LeeSin,202,103,0.5099009900990099
AurelionSol,Briar,307,144,0.46905537459283386
Anivia,AurelionSol,221,102,0.46153846153846156
Gwen,Shaco,365,196,0.536986301369863
Braum,Draven,184,98,0.532608695652174
Draven,Poppy,172,78,0.45348837209302323
Poppy,Twitch,294,136,0.46258503401360546
Kayle,Varus,402,204,0.5074626865671642
KogMaw,MasterYi,247,106,0.4291497975708502
Neeko,Ornn,260,137,0.5269230769230769
MasterYi,Neeko,424,239,0.5636792452830188
FiddleSticks,Irelia,227,118,0.5198237885462555
Irelia,Viktor,249,126,0.5060240963855421
Swain,Viktor,332,174,0.5240963855421686
Ambessa,Swain,322,150,0.4658385093167702
Aurora,Swain,353,184,0.5212464589235127
Lulu,Swain,355,165,0.4647887323943662
Aurora,Talon,182,97,0.532967032967033
Aphelios,Aurora,237,119,0.5021097046413502
LeeSin,Rell,191,87,0.45549738219895286
Aurora,Rell,161,74,0.45962732919254656
Lulu,Rell,168,80,0.47619047619047616
Akali,Kindred,275,139,0.5054545454545455
Akali,Draven,319,145,0.45454545454545453
Akali,Ziggs,331,149,0.4501510574018127
Fiora,Nasus,163,87,0.5337423312883436
Fiora,RekSai,68,39,0.5735294117647058
Fiora,Pantheon,325,159,0.48923076923076925
Hecarim,RekSai,69,41,0.5942028985507246
Nasus,Viktor,245,120,0.4897959183673469
RekSai,Viktor,77,35,0.45454545454545453
Lulu,Nasus,312,133,0.42628205128205127
Lulu,RekSai,99,46,0.46464646464646464
JarvanIV,Trundle,283,149,0.5265017667844523
Akali,JarvanIV,335,168,0.5014925373134328
JarvanIV,Zeri,161,67,0.4161490683229814
Neeko,Zeri,216,109,0.5046296296296297
Yorick,Zed,380,210,0.5526315789473685
Malzahar,Zed,545,295,0.5412844036697247
Kayn,Yorick,486,208,0.4279835390946502
Nautilus,Yorick,406,181,0.4458128078817734
Khazix,Quinn,162,66,0.4074074074074074
Aurora,Quinn,168,89,0.5297619047619048
Fizz,Sion,344,156,0.45348837209302323
Jhin,Kassadin,297,152,0.5117845117845118
JarvanIV,Kassadin,110,63,0.5727272727272728
FiddleSticks,Kassadin,100,60,0.6
Diana,Kassadin,181,99,0.5469613259668509
FiddleSticks,Zaahen,414,211,0.5096618357487923
FiddleSticks,Vi,218,103,0.4724770642201835
Heimerdinger,Vi,218,126,0.5779816513761468
Gnar,Rumble,83,43,0.5180722891566265
Gnar,Malzahar,213,108,0.5070422535211268
Gnar,Twitch,204,105,0.5147058823529411
Hecarim,Rumble,90,46,0.5111111111111111
Hecarim,Poppy,155,73,0.47096774193548385
Anivia,Rumble,108,53,0.49074074074074076
Anivia,Malzahar,308,138,0.44805194805194803
Anivia,Poppy,178,86,0.48314606741573035
Poppy,Xerath,272,141,0.5183823529411765
Orianna,RekSai,103,48,0.46601941747572817
Aphelios,RekSai,86,54,0.627906976744186
Orianna,Vayne,399,191,0.47869674185463656
Aphelios,Vayne,436,215,0.49311926605504586
Gangplank,Singed,188,71,0.3776595744680851
Orianna,Singed,215,101,0.4697674418604651
Aphelios,Singed,219,112,0.5114155251141552
JarvanIV,Jax,444,219,0.49324324324324326
Diana,Janna,306,160,0.5228758169934641
Janna,Nautilus,304,150,0.4934210526315789
Renekton,Vi,203,91,0.4482758620689655
Aatrox,Anivia,237,106,0.4472573839662447
Anivia,Vi,167,75,0.4491017964071856
Anivia,Varus,260,132,0.5076923076923077
Skarner,Trundle,98,50,0.5102040816326531
Chogath,Skarner,186,105,0.5645161290322581
Karma,Xayah,291,127,0.436426116838488
Lucian,Xerath,412,199,0.4830097087378641
Senna,Xerath,511,238,0.4657534246575342
Diana,Jayce,270,129,0.4777777777777778
Blitzcrank,Kayle,431,218,0.505800464037123
Fizz,Malzahar,466,208,0.44635193133047213
Malzahar,Pantheon,693,378,0.5454545454545454
Pantheon,Zilean,278,138,0.49640287769784175
Evelynn,Shen,154,83,0.538961038961039
Evelynn,FiddleSticks,130,60,0.46153846153846156
FiddleSticks,Shaco,317,153,0.48264984227129337
Evelynn,Kindred,155,78,0.5032258064516129
Annie,Kindred,142,78,0.5492957746478874
Kindred,Varus,241,133,0.5518672199170125
Trundle,Tryndamere,260,123,0.47307692307692306
Jax,Trundle,487,251,0.5154004106776181
Tryndamere,Viktor,195,110,0.5641025641025641
Hecarim,Mordekaiser,277,124,0.44765342960288806
Hecarim,Senna,237,112,0.47257383966244726
Mordekaiser,Thresh,737,403,0.5468113975576662
Nasus,Thresh,451,215,0.47671840354767187
Sett,Sion,619,352,0.568659127625202
Kayn,Rammus,240,128,0.5333333333333333
Anivia,Rammus,103,51,0.49514563106796117
Sion,Taliyah,214,113,0.5280373831775701
Anivia,Taliyah,112,56,0.5
Milio,Taliyah,163,81,0.49693251533742333
Velkoz,Vi,272,151,0.5551470588235294
Ezreal,Nautilus,754,342,0.4535809018567639
Cassiopeia,FiddleSticks,113,59,0.5221238938053098
FiddleSticks,Udyr,171,86,0.5029239766081871
FiddleSticks,Kayn,404,217,0.5371287128712872
KogMaw,Lux,512,246,0.48046875
Kaisa,Udyr,421,196,0.4655581947743468
Cassiopeia,Warwick,212,103,0.4858490566037736
Cassiopeia,Renekton,106,55,0.5188679245283019
Renekton,Volibear,373,180,0.48257372654155495
Renekton,Udyr,172,77,0.4476744186046512
Kayn,Renekton,334,162,0.48502994011976047
KogMaw,Renekton,159,70,0.44025157232704404
Cassiopeia,Lucian,195,92,0.4717948717948718
Cassiopeia,Kled,59,33,0.559322033898305
Kled,Viego,139,68,0.4892086330935252
Kayn,Kled,180,93,0.5166666666666667
Kled,KogMaw,63,32,0.5079365079365079
Ambessa,Irelia,247,121,0.4898785425101215
Taliyah,Vayne,234,116,0.49572649572649574
Draven,Pantheon,384,204,0.53125
Hwei,Velkoz,376,166,0.44148936170212766
Hecarim,Yorick,170,79,0.4647058823529412
Naafiri,Syndra,209,98,0.4688995215311005
Naafiri,Sona,201,98,0.48756218905472637
Nocturne,Shaco,363,192,0.5289256198347108
Ekko,Lissandra,201,92,0.4577114427860697
MonkeyKing,Zyra,272,131,0.48161764705882354
Lissandra,Twitch,206,107,0.5194174757281553
Renekton,Skarner,87,52,0.5977011494252874
Draven,Renekton,211,105,0.4976303317535545
Draven,Sejuani,142,68,0.4788732394366197
Draven,Kaisa,538,298,0.5539033457249071
Vex,XinZhao,208,105,0.5048076923076923
Vex,Vladimir,192,97,0.5052083333333334
LeeSin,Lucian,384,193,0.5026041666666666
Lucian,Vex,307,139,0.4527687296416938
LeeSin,Renata,151,71,0.47019867549668876
Renata,Vex,105,55,0.5238095238095238
MissFortune,Renata,342,170,0.49707602339181284
Nidalee,Viego,284,144,0.5070422535211268
Sivir,Viego,444,230,0.5180180180180181
Nidalee,Yone,330,147,0.44545454545454544
Qiyana,Yone,287,124,0.43205574912891986
Anivia,DrMundo,322,165,0.5124223602484472
Talon,Yone,352,178,0.5056818181818182
DrMundo,RekSai,159,86,0.5408805031446541
Leblanc,RekSai,80,34,0.425
DrMundo,Kennen,238,138,0.5798319327731093
Kennen,Khazix,136,66,0.4852941176470588
Kennen,Leblanc,125,60,0.48
Kennen,Zilean,121,62,0.512396694214876
DrMundo,Nilah,251,128,0.5099601593625498
Leblanc,Nilah,99,46,0.46464646464646464
Aphelios,Nilah,127,55,0.4330708661417323
Nilah,Zilean,79,41,0.5189873417721519
Leblanc,Xerath,295,140,0.4745762711864407
Aphelios,Xerath,312,141,0.4519230769230769
Evelynn,Morgana,317,144,0.45425867507886436
Gragas,Malzahar,287,104,0.3623693379790941
Orianna,Xerath,313,124,0.3961661341853035
Lulu,Orianna,285,149,0.5228070175438596
Rengar,Rumble,94,37,0.39361702127659576
Rumble,Varus,159,80,0.5031446540880503
Neeko,Rumble,159,68,0.4276729559748428
Neeko,Pyke,374,200,0.5347593582887701
Irelia,Renekton,230,123,0.5347826086956522
Irelia,Sivir,275,129,0.4690909090909091
Sivir,Twitch,377,193,0.5119363395225465
Irelia,Taric,119,56,0.47058823529411764
Taric,Twitch,176,89,0.5056818181818182
Maokai,Taric,118,60,0.5084745762711864
Alistar,Brand,340,141,0.4147058823529412
Alistar,Corki,153,68,0.4444444444444444
Corki,Xerath,167,66,0.39520958083832336
Alistar,Lux,551,261,0.47368421052631576
Kalista,Tryndamere,111,53,0.4774774774774775
Riven,Xayah,232,114,0.49137931034482757
Naafiri,Nasus,244,117,0.47950819672131145
Orianna,Shen,239,114,0.4769874476987448
Orianna,Riven,210,99,0.4714285714285714
Kalista,Orianna,97,42,0.4329896907216495
Draven,Trundle,228,107,0.4692982456140351
Draven,Kalista,84,39,0.4642857142857143
Swain,Velkoz,427,214,0.5011709601873536
Elise,Trundle,117,48,0.41025641025641024
Elise,Seraphine,151,76,0.5033112582781457
Fizz,Malphite,518,246,0.4749034749034749
Elise,Zed,173,92,0.5317919075144508
Elise,Nami,243,119,0.4897119341563786
Ahri,Rell,296,154,0.5202702702702703
Katarina,Rell,185,90,0.4864864864864865
Braum,Rell,137,52,0.3795620437956204
Blitzcrank,JarvanIV,361,184,0.5096952908587258
Braum,JarvanIV,222,108,0.4864864864864865
Fizz,Kalista,121,56,0.4628099173553719
Kalista,Seraphine,152,87,0.5723684210526315
Kalista,Zed,156,84,0.5384615384615384
Blitzcrank,Kalista,141,73,0.5177304964539007
Fizz,Talon,224,124,0.5535714285714286
Katarina,Ryze,216,105,0.4861111111111111
Chogath,Illaoi,360,170,0.4722222222222222
Leblanc,Milio,257,117,0.45525291828793774
AurelionSol,Illaoi,180,89,0.49444444444444446
AurelionSol,Varus,290,153,0.5275862068965518
Ekko,Pyke,427,221,0.5175644028103045
Lillia,TwistedFate,252,137,0.5436507936507936
Nilah,Udyr,123,68,0.5528455284552846
Lillia,Nilah,127,72,0.5669291338582677
Nilah,Zed,174,93,0.5344827586206896
Nilah,Zyra,159,66,0.41509433962264153
Pantheon,Udyr,367,190,0.5177111716621253
Pantheon,Zyra,552,256,0.463768115942029
Cassiopeia,MissFortune,300,149,0.49666666666666665
Fizz,Ornn,242,136,0.5619834710743802
Ivern,Tristana,201,95,0.472636815920398
Jax,Katarina,485,265,0.5463917525773195
FiddleSticks,Mordekaiser,397,184,0.4634760705289673
Olaf,Zed,177,93,0.5254237288135594
FiddleSticks,Kennen,124,66,0.532258064516129
Ivern,Kennen,69,30,0.43478260869565216
Kennen,Olaf,90,35,0.3888888888888889
Katarina,Kennen,172,80,0.46511627906976744
Khazix,Smolder,481,235,0.4885654885654886
Hecarim,Ornn,195,111,0.5692307692307692
FiddleSticks,Hecarim,134,72,0.5373134328358209
Hecarim,Ivern,110,54,0.4909090909090909
Hecarim,Khazix,197,100,0.5076142131979695
KogMaw,Nocturne,152,86,0.5657894736842105
Kalista,Kled,55,24,0.43636363636363634
Karma,Kled,120,62,0.5166666666666667
Kalista,Shaco,151,74,0.4900662251655629
Khazix,Shaco,331,168,0.5075528700906344
Kalista,Syndra,118,61,0.5169491525423728
Khazix,Morgana,532,246,0.462406015037594
Darius,Tristana,617,323,0.5235008103727715
Kassadin,Talon,100,41,0.41
Swain,Talon,253,136,0.5375494071146245
Kassadin,Malzahar,199,90,0.45226130653266333
Kassadin,Yunara,175,96,0.5485714285714286
Brand,Xayah,389,210,0.5398457583547558
Sivir,Xayah,314,171,0.5445859872611465
Braum,Singed,165,72,0.43636363636363634
Braum,Irelia,203,108,0.5320197044334976
Braum,Briar,253,126,0.4980237154150198
Singed,Urgot,214,95,0.4439252336448598
Irelia,Urgot,243,97,0.3991769547325103
Hecarim,Urgot,176,84,0.4772727272727273
Hecarim,Hecarim,25,0,0.0
Hecarim,Karma,213,121,0.568075117370892
Nasus,Rengar,216,108,0.5
Nasus,Orianna,262,135,0.5152671755725191
Leona,Orianna,300,154,0.5133333333333333
Malphite,Rammus,295,148,0.5016949152542373
Orianna,Rammus,125,60,0.48
Rammus,Sivir,161,87,0.5403726708074534
Shaco,Yone,619,308,0.4975767366720517
Lux,Orianna,690,356,0.5159420289855072
Kled,MasterYi,171,80,0.4678362573099415
Ivern,Kled,59,33,0.559322033898305
Ivern,Sylas,224,112,0.5
Ivern,Kaisa,292,156,0.5342465753424658
Ivern,Milio,150,76,0.5066666666666667
Kled,Rell,77,46,0.5974025974025974
MonkeyKing,Rell,132,66,0.5
Rell,Sylas,262,119,0.4541984732824427
Bard,Jax,400,195,0.4875
RekSai,Vi,87,38,0.4367816091954023
Ahri,RekSai,152,90,0.5921052631578947
Bard,RekSai,93,56,0.6021505376344086
Gnar,Zeri,95,43,0.45263157894736844
Chogath,KSante,253,124,0.4901185770750988
Viego,Zilean,254,128,0.5039370078740157
MissFortune,Zilean,490,266,0.5428571428571428
Kled,Naafiri,96,46,0.4791666666666667
Annie,Kled,72,42,0.5833333333333334
Kled,Pyke,140,71,0.5071428571428571
Anivia,Naafiri,172,93,0.5406976744186046
Anivia,Annie,166,86,0.5180722891566265
Irelia,Ziggs,239,104,0.4351464435146444
Kayn,Yone,728,356,0.489010989010989
Ambessa,LeeSin,319,166,0.5203761755485894
Ambessa,Zoe,260,132,0.5076923076923077
Seraphine,Zoe,312,158,0.5064102564102564
Azir,Tristana,239,98,0.4100418410041841
Urgot,Velkoz,259,135,0.5212355212355212
Trundle,Volibear,516,262,0.5077519379844961
Lissandra,Volibear,190,91,0.4789473684210526
Kennen,Lissandra,102,48,0.47058823529411764
FiddleSticks,Xayah,239,140,0.5857740585774058
Annie,Leblanc,159,86,0.5408805031446541
Syndra,Taliyah,174,88,0.5057471264367817
Leblanc,Taliyah,137,68,0.49635036496350365
AurelionSol,Leblanc,222,122,0.5495495495495496
Belveth,Jax,244,109,0.44672131147540983
Belveth,Mel,273,142,0.5201465201465202
AurelionSol,Zac,200,115,0.575
AurelionSol,Diana,348,181,0.5201149425287356
Jhin,Zac,495,251,0.5070707070707071
Zac,Zyra,235,123,0.5234042553191489
Gragas,KSante,123,64,0.5203252032520326
KSante,Skarner,64,29,0.453125
KSante,Morgana,308,137,0.4448051948051948
Gragas,Leblanc,154,70,0.45454545454545453
Leblanc,Skarner,75,39,0.52
Gragas,Nilah,109,51,0.46788990825688076
Nilah,Skarner,49,26,0.5306122448979592
Nilah,Yasuo,302,156,0.5165562913907285
Amumu,Khazix,301,170,0.5647840531561462
Anivia,TahmKench,229,110,0.48034934497816595
Ezreal,Rumble,229,107,0.4672489082969432
Rumble,Senna,181,91,0.5027624309392266
Heimerdinger,Urgot,240,130,0.5416666666666666
Leblanc,Urgot,186,77,0.41397849462365593
Leblanc,Leblanc,20,3,0.15
Lillia,Rammus,161,84,0.5217391304347826
Belveth,Lillia,145,65,0.4482758620689655
Rammus,Sett,288,128,0.4444444444444444
Rammus,Urgot,140,65,0.4642857142857143
Amumu,Urgot,338,176,0.5207100591715976
Malphite,Renekton,383,201,0.5248041775456919
Belveth,Malphite,260,112,0.4307692307692308
Gwen,Rammus,162,87,0.5370370370370371
Gwen,Renekton,251,112,0.44621513944223107
Belveth,Gwen,145,77,0.5310344827586206
Ekko,Malzahar,559,264,0.47227191413237923
Bard,Ekko,329,164,0.49848024316109424
Vladimir,Yone,456,220,0.4824561403508772
Naafiri,Xerath,256,134,0.5234375
Jax,Poppy,413,211,0.5108958837772397
Poppy,Zyra,275,136,0.49454545454545457
JarvanIV,Lillia,248,119,0.4798387096774194
Twitch,Vi,343,161,0.46938775510204084
Ryze,Teemo,405,198,0.4888888888888889
Ryze,Velkoz,241,112,0.46473029045643155
Janna,Taric,119,66,0.5546218487394958
Ryze,Taric,113,61,0.5398230088495575
Nunu,Taric,140,62,0.44285714285714284
Rakan,Ryze,157,73,0.46496815286624205
Nunu,Rakan,177,101,0.5706214689265536
Jayce,Rakan,133,66,0.49624060150375937
Illaoi,Sylas,350,178,0.5085714285714286
Elise,Sylas,210,105,0.5
Ambessa,FiddleSticks,197,89,0.4517766497461929
FiddleSticks,Vex,194,82,0.422680412371134
FiddleSticks,TahmKench,230,125,0.5434782608695652
Naafiri,TahmKench,226,125,0.5530973451327433
Brand,FiddleSticks,384,182,0.4739583333333333
FiddleSticks,Yone,400,200,0.5
Tristana,TwistedFate,402,212,0.527363184079602
Aphelios,Sylas,469,236,0.5031982942430704
Aphelios,Tristana,382,202,0.5287958115183246
Janna,Yone,308,142,0.461038961038961
Skarner,Udyr,98,37,0.37755102040816324
Yasuo,Yasuo,112,26,0.23214285714285715
Skarner,Zyra,113,49,0.4336283185840708
Jax,Skarner,140,82,0.5857142857142857
Milio,Skarner,107,64,0.5981308411214953
DrMundo,Milio,542,277,0.511070110701107
Milio,Volibear,491,257,0.5234215885947047
Kennen,Skarner,63,34,0.5396825396825397
Kennen,Warwick,194,90,0.4639175257731959
Kennen,MasterYi,207,105,0.5072463768115942
Kennen,Volibear,207,101,0.48792270531400966
Jinx,Skarner,233,137,0.5879828326180258
Akali,RekSai,120,63,0.525
RekSai,TahmKench,104,48,0.46153846153846156
Nami,TahmKench,448,236,0.5267857142857143
Akshan,RekSai,69,33,0.4782608695652174
Akshan,Vayne,302,151,0.5
Akshan,Leona,275,139,0.5054545454545455
Akshan,Hecarim,147,79,0.5374149659863946
Akshan,Nami,289,116,0.4013840830449827
RekSai,Veigar,136,57,0.41911764705882354
RekSai,Yone,161,71,0.4409937888198758
Yone,Yone,94,12,0.1276595744680851
Nautilus,Nilah,228,104,0.45614035087719296
Nilah,RekSai,54,36,0.6666666666666666
Hecarim,Nilah,99,41,0.41414141414141414
Nami,Nilah,216,105,0.4861111111111111
Alistar,Seraphine,265,132,0.4981132075471698
Karthus,Talon,134,75,0.5597014925373134
Karthus,Milio,194,109,0.5618556701030928
Gnar,Karthus,89,35,0.39325842696629215
Alistar,Darius,326,162,0.49693251533742333
Darius,Gnar,232,108,0.46551724137931033
Darius,Zac,347,200,0.5763688760806917
Darius,Yunara,516,270,0.5232558139534884
Alistar,KogMaw,173,78,0.4508670520231214
Gnar,KogMaw,112,60,0.5357142857142857
KogMaw,Rell,140,62,0.44285714285714284
KogMaw,Zac,132,67,0.5075757575757576
Nocturne,Talon,155,79,0.5096774193548387
Gnar,Nocturne,152,76,0.5
Nocturne,Zac,193,98,0.5077720207253886
Galio,Vi,299,148,0.49498327759197325
Vi,Zac,187,108,0.5775401069518716
Vi,Yunara,310,165,0.532258064516129
Sona,Yunara,355,195,0.5492957746478874
Karma,Orianna,315,157,0.4984126984126984
Gwen,Yuumi,288,142,0.4930555555555556
Shaco,Yuumi,407,227,0.5577395577395577
Ezreal,KSante,246,125,0.508130081300813
KSante,Sion,169,78,0.46153846153846156
KSante,Karthus,109,49,0.44954128440366975
KSante,Xayah,143,66,0.46153846153846156
KSante,Orianna,136,59,0.4338235294117647
KSante,Yuumi,164,83,0.5060975609756098
Karthus,Leblanc,176,93,0.5284090909090909
Sylas,Xayah,404,211,0.5222772277227723
Amumu,Sion,477,225,0.4716981132075472
Hecarim,Zyra,224,100,0.44642857142857145
Jayce,Zyra,229,101,0.4410480349344978
Neeko,Zyra,340,150,0.4411764705882353
Hecarim,Seraphine,241,114,0.4730290456431535
TwistedFate,Yorick,232,98,0.4224137931034483
TwistedFate,Zac,206,81,0.3932038834951456
Orianna,Talon,169,88,0.5207100591715976
Leblanc,Pantheon,418,211,0.5047846889952153
Karma,Leblanc,285,154,0.5403508771929825
Lillia,Rumble,133,66,0.49624060150375937
Rammus,Rumble,77,39,0.5064935064935064
Rumble,Zoe,120,64,0.5333333333333333
KogMaw,Rumble,117,61,0.5213675213675214
Aurora,Ornn,228,121,0.5307017543859649
Aurora,TwistedFate,225,127,0.5644444444444444
Ornn,Shaco,334,152,0.4550898203592814
Karthus,Rammus,88,45,0.5113636363636364
Karthus,Nautilus,288,155,0.5381944444444444
TwistedFate,TwistedFate,46,2,0.043478260869565216
KogMaw,TwistedFate,218,122,0.5596330275229358
Morgana,TwistedFate,558,294,0.5268817204301075
Milio,Ornn,292,153,0.523972602739726
Milio,Zoe,234,126,0.5384615384615384
Nunu,Ornn,224,122,0.5446428571428571
Janna,Urgot,176,85,0.48295454545454547
Renata,Urgot,112,48,0.42857142857142855
Kayn,Nidalee,252,137,0.5436507936507936
Kayn,Renata,185,90,0.4864864864864865
Malzahar,Renata,181,83,0.4585635359116022
Caitlyn,Janna,503,244,0.4850894632206759
Neeko,Sona,267,144,0.5393258426966292
Renata,Sona,125,62,0.496
Kayle,Singed,332,154,0.463855421686747
Singed,Smolder,429,210,0.48951048951048953
MasterYi,Taliyah,187,91,0.48663101604278075
Ahri,Taliyah,279,134,0.48028673835125446
Sejuani,Vayne,226,90,0.39823008849557523
Lulu,Sejuani,158,64,0.4050632911392405
Lulu,Taliyah,147,73,0.4965986394557823
Mordekaiser,Vex,361,189,0.5235457063711911
Brand,Nidalee,360,202,0.5611111111111111
Gnar,Neeko,165,86,0.5212121212121212
Neeko,Sylas,482,228,0.4730290456431535
Nasus,Singed,306,154,0.5032679738562091
Braum,Nasus,209,101,0.48325358851674644
Amumu,Singed,361,174,0.481994459833795
Katarina,Singed,232,105,0.4525862068965517
MasterYi,Sion,532,254,0.4774436090225564
MasterYi,Yunara,552,280,0.5072463768115942
Leona,Neeko,326,177,0.5429447852760736
Vladimir,Zilean,183,90,0.4918032786885246
Vi,Zilean,170,80,0.47058823529411764
FiddleSticks,Zilean,174,81,0.46551724137931033
JarvanIV,Vladimir,288,162,0.5625
Draven,Ivern,87,39,0.4482758620689655
Ivern,Malphite,238,128,0.5378151260504201
Ivern,Vi,112,46,0.4107142857142857
Vi,Vladimir,243,135,0.5555555555555556
Vi,Vi,54,3,0.05555555555555555
Draven,Kennen,150,76,0.5066666666666667
Briar,Kennen,148,77,0.5202702702702703
Kennen,Malphite,255,116,0.4549019607843137
Briar,Ornn,320,192,0.6
Ornn,Vladimir,270,119,0.44074074074074077
FiddleSticks,Ornn,205,111,0.5414634146341464
Ambessa,Ambessa,42,5,0.11904761904761904
Ambessa,Draven,238,128,0.5378151260504201
Briar,Briar,65,5,0.07692307692307693
Azir,Sion,217,84,0.3870967741935484
JarvanIV,Veigar,407,203,0.4987714987714988
JarvanIV,Senna,405,218,0.5382716049382716
Alistar,Maokai,183,87,0.47540983606557374
Alistar,JarvanIV,225,112,0.49777777777777776
Alistar,Azir,130,67,0.5153846153846153
Illaoi,Yone,398,213,0.535175879396985
Kayn,Vi,366,173,0.4726775956284153
Fizz,Vi,253,124,0.4901185770750988
Trundle,Udyr,229,111,0.4847161572052402
Milio,Trundle,253,136,0.5375494071146245
Shen,Sivir,302,154,0.5099337748344371
Nilah,Ziggs,129,68,0.5271317829457365
Nautilus,Rengar,342,184,0.5380116959064327
Blitzcrank,Rengar,250,139,0.556
Nilah,Rengar,98,56,0.5714285714285714
Gangplank,Malzahar,264,112,0.42424242424242425
Malzahar,Twitch,497,237,0.4768611670020121
Gangplank,Teemo,333,141,0.42342342342342343
Irelia,Nidalee,177,95,0.536723163841808
Nasus,Neeko,322,155,0.4813664596273292
MissFortune,Renekton,672,337,0.5014880952380952
Annie,Darius,312,165,0.5288461538461539
Akali,Kalista,142,64,0.4507042253521127
Samira,Teemo,597,295,0.49413735343383586
Corki,Trundle,145,67,0.46206896551724136
Belveth,Zyra,163,67,0.4110429447852761
Naafiri,Urgot,213,95,0.4460093896713615
Belveth,Naafiri,125,63,0.504
Garen,Naafiri,399,216,0.5413533834586466
Gwen,Naafiri,220,113,0.5136363636363637
Anivia,Xerath,247,125,0.5060728744939271
Mordekaiser,Urgot,425,208,0.4894117647058824
Mordekaiser,Mordekaiser,85,10,0.11764705882352941
Belveth,Ziggs,132,64,0.48484848484848486
Belveth,Velkoz,154,57,0.37012987012987014
Garen,Velkoz,520,248,0.47692307692307695
Anivia,Velkoz,259,119,0.4594594594594595
Belveth,TwistedFate,139,79,0.5683453237410072
Gwen,TwistedFate,228,101,0.44298245614035087
Anivia,TwistedFate,193,97,0.5025906735751295
Belveth,Tryndamere,120,55,0.4583333333333333
Poppy,Tryndamere,191,103,0.5392670157068062
JarvanIV,Singed,226,107,0.47345132743362833
Renata,Singed,141,68,0.48226950354609927
Sejuani,Singed,146,60,0.410958904109589
Gnar,Tryndamere,138,68,0.4927536231884058
Renata,Tryndamere,107,52,0.48598130841121495
Renata,Yone,217,106,0.48847926267281105
Graves,Renata,136,62,0.45588235294117646
Graves,Sejuani,133,57,0.42857142857142855
Renata,Veigar,250,115,0.46
Gnar,Nasus,157,62,0.39490445859872614
JarvanIV,Nasus,295,140,0.4745762711864407
Nasus,Zed,402,233,0.5796019900497512
Nasus,Renata,159,85,0.5345911949685535
MasterYi,Vi,369,176,0.47696476964769646
Renata,Vi,114,53,0.4649122807017544
Illaoi,Milio,229,121,0.5283842794759825
Kled,Yorick,113,58,0.5132743362831859
Rell,Yorick,140,63,0.45
FiddleSticks,Rell,148,75,0.5067567567567568
Kled,Yone,176,69,0.39204545454545453
Kled,Yasuo,227,122,0.5374449339207048
Bard,Kled,92,44,0.4782608695652174
Gragas,Urgot,195,88,0.4512820512820513
Urgot,Viktor,220,116,0.5272727272727272
Leblanc,Trundle,224,100,0.44642857142857145
Leblanc,Viktor,208,106,0.5096153846153846
Gragas,Kayle,217,95,0.4377880184331797
Kayle,Xerath,455,218,0.47912087912087914
Kayle,Trundle,353,180,0.509915014164306
MissFortune,Nasus,894,456,0.5100671140939598
Nasus,Zilean,188,92,0.48936170212765956
Udyr,Zilean,127,69,0.5433070866141733
Nilah,Viego,182,94,0.5164835164835165
KogMaw,Riven,153,77,0.5032679738562091
Ashe,Nilah,323,166,0.5139318885448917
KogMaw,Zyra,242,103,0.4256198347107438
Ambessa,Senna,352,197,0.5596590909090909
Ambessa,Hwei,268,139,0.5186567164179104
Ambessa,Khazix,276,143,0.5181159420289855
Velkoz,Zyra,381,178,0.4671916010498688
Sion,Zac,251,114,0.4541832669322709
MissFortune,Zac,494,242,0.4898785425101215
Brand,Zac,312,172,0.5512820512820513
Senna,Sion,466,233,0.5
Aatrox,Skarner,125,72,0.576
Heimerdinger,Skarner,85,51,0.6
Skarner,TahmKench,116,53,0.45689655172413796
Aatrox,Fizz,343,172,0.5014577259475219
Fizz,TahmKench,299,156,0.5217391304347826
Heimerdinger,Lucian,304,181,0.5953947368421053
Lucian,TahmKench,361,188,0.5207756232686981
Heimerdinger,Yuumi,241,138,0.5726141078838174
TahmKench,Yuumi,251,132,0.5258964143426295
Khazix,Ornn,220,99,0.45
Ornn,Ziggs,229,104,0.45414847161572053
Bard,Kayle,258,124,0.4806201550387597
Nilah,Zaahen,238,117,0.49159663865546216
Nilah,Zoe,117,70,0.5982905982905983
Bard,Nilah,100,53,0.53
Karma,Khazix,268,134,0.5
Karma,Zoe,264,137,0.5189393939393939
Katarina,Trundle,301,131,0.43521594684385384
Nidalee,Vayne,316,151,0.4778481012658228
Lulu,Nidalee,233,105,0.45064377682403434
Anivia,Warwick,282,132,0.46808510638297873
Annie,Samira,196,99,0.5051020408163265
Annie,Renata,101,59,0.5841584158415841
Briar,Rengar,268,159,0.5932835820895522
Rengar,Vladimir,200,92,0.46
Yasuo,Zilean,321,172,0.5358255451713395
Soraka,Taliyah,148,73,0.49324324324324326
Jayce,Volibear,241,121,0.5020746887966805
Alistar,Jayce,141,76,0.5390070921985816
Akali,Rammus,188,80,0.425531914893617
Alistar,Rammus,138,72,0.5217391304347826
Rammus,Soraka,190,92,0.4842105263157895
Aphelios,Lucian,379,205,0.5408970976253298
Lucian,Xayah,389,192,0.493573264781491
Galio,Yorick,319,157,0.49216300940438873
Galio,LeeSin,361,205,0.5678670360110804
Galio,Vex,268,148,0.5522388059701493
Heimerdinger,JarvanIV,199,109,0.5477386934673367
Heimerdinger,Viktor,214,113,0.5280373831775701
Heimerdinger,Neeko,271,147,0.5424354243542435
Chogath,Shyvana,233,125,0.5364806866952789
Akali,Viktor,314,161,0.5127388535031847
MissFortune,Viktor,697,373,0.5351506456241033
Lissandra,Nasus,150,76,0.5066666666666667
Anivia,Lissandra,112,64,0.5714285714285714
Anivia,Milio,198,87,0.4393939393939394
Samira,Xerath,310,147,0.47419354838709676
Amumu,Annie,296,154,0.5202702702702703
Annie,Jayce,159,83,0.5220125786163522
Evelynn,Ornn,150,78,0.52
Evelynn,Hwei,161,87,0.5403726708074534
Aatrox,Rakan,221,107,0.4841628959276018
Quinn,Shyvana,72,35,0.4861111111111111
Rakan,Shyvana,91,39,0.42857142857142855
JarvanIV,Lux,792,402,0.5075757575757576
Lux,Rakan,501,260,0.5189620758483033
Akshan,Gragas,136,70,0.5147058823529411
Gragas,Neeko,201,93,0.4626865671641791
Akshan,JarvanIV,215,103,0.4790697674418605
Akshan,Kayle,262,123,0.46946564885496184
Camille,Galio,162,74,0.4567901234567901
Elise,Lucian,195,89,0.4564102564102564
Brand,Elise,199,103,0.5175879396984925
Graves,Ornn,249,142,0.570281124497992
Ornn,Rakan,174,66,0.3793103448275862
Kassadin,Sejuani,66,21,0.3181818181818182
Anivia,Vayne,349,167,0.4785100286532951
Anivia,Kassadin,106,47,0.44339622641509435
Anivia,Veigar,348,176,0.5057471264367817
Anivia,Blitzcrank,290,151,0.5206896551724138
Nasus,Rumble,118,62,0.5254237288135594
Rumble,Sona,120,52,0.43333333333333335
Blitzcrank,Blitzcrank,59,4,0.06779661016949153
Blitzcrank,Sett,638,306,0.47962382445141066
Nunu,Swain,353,166,0.4702549575070821
Nasus,Rakan,169,84,0.4970414201183432
Blitzcrank,Rakan,255,128,0.5019607843137255
Fiora,Kled,74,44,0.5945945945945946
Fiora,XinZhao,187,89,0.47593582887700536
Fizz,Smolder,607,308,0.5074135090609555
Ambessa,MasterYi,393,178,0.4529262086513995
Trundle,Ziggs,248,127,0.5120967741935484
Samira,Trundle,264,124,0.4696969696969697
Zeri,Ziggs,166,76,0.4578313253012048
Nautilus,Zeri,266,140,0.5263157894736842
Akali,Akshan,252,134,0.5317460317460317
Akshan,Xayah,195,94,0.48205128205128206
Akali,Nilah,175,87,0.49714285714285716
Rakan,Warwick,271,114,0.42066420664206644
Irelia,Varus,277,122,0.4404332129963899
Irelia,Sona,227,118,0.5198237885462555
Anivia,Volibear,292,144,0.4931506849315068
Khazix,Lillia,216,97,0.44907407407407407
Graves,Janna,184,89,0.483695652173913
Janna,TahmKench,201,102,0.5074626865671642
Janna,Twitch,238,116,0.48739495798319327
Sett,TahmKench,560,322,0.575
DrMundo,Rakan,274,122,0.44525547445255476
Ashe,Rakan,445,235,0.5280898876404494
Gnar,Pyke,213,109,0.5117370892018779
Kassadin,MissFortune,338,152,0.44970414201183434
Garen,Kennen,233,112,0.48068669527896996
Karthus,Viego,231,113,0.48917748917748916
Karthus,MissFortune,422,211,0.5
Akali,Milio,400,196,0.49
Jax,Maokai,314,158,0.5031847133757962
Maokai,Thresh,324,172,0.5308641975308642
FiddleSticks,Yorick,247,105,0.4251012145748988
FiddleSticks,Trundle,209,112,0.5358851674641149
AurelionSol,Seraphine,340,176,0.5176470588235295
Qiyana,Shen,194,73,0.37628865979381443
Leblanc,Shen,245,110,0.4489795918367347
Maokai,Sona,236,113,0.4788135593220339
Ahri,Neeko,509,253,0.49705304518664045
Gragas,Varus,206,99,0.48058252427184467
Gragas,Twitch,237,120,0.5063291139240507
Twitch,Ziggs,358,181,0.505586592178771
Olaf,Ziggs,133,74,0.556390977443609
Ziggs,Zyra,343,160,0.46647230320699706
Belveth,Olaf,98,43,0.4387755102040816
Briar,Nilah,172,89,0.5174418604651163
Qiyana,Shaco,247,115,0.46558704453441296
Nilah,Qiyana,100,52,0.52
Ambessa,Poppy,253,114,0.4505928853754941
Ekko,Shaco,467,221,0.4732334047109208
Ekko,TwistedFate,348,178,0.5114942528735632
Ryze,Yorick,181,86,0.47513812154696133
Thresh,Yorick,472,209,0.4427966101694915
DrMundo,Fiora,357,189,0.5294117647058824
DrMundo,FiddleSticks,417,216,0.5179856115107914
Azir,Fiora,110,53,0.4818181818181818
Azir,Syndra,200,87,0.435
Azir,FiddleSticks,127,48,0.3779527559055118
Gnar,Janna,95,53,0.5578947368421052
Riven,Volibear,368,167,0.453804347826087
Janna,Senna,305,152,0.49836065573770494
Belveth,KSante,80,38,0.475
KSante,Kassadin,89,50,0.5617977528089888
KSante,Mel,279,119,0.4265232974910394
Belveth,Hecarim,119,61,0.5126050420168067
Hecarim,Kassadin,91,45,0.4945054945054945
Belveth,Malzahar,190,81,0.4263157894736842
Kassadin,Swain,168,62,0.36904761904761907
Singed,Soraka,257,137,0.5330739299610895
Fizz,Xerath,368,178,0.483695652173913
Cassiopeia,Vi,119,46,0.3865546218487395
Cassiopeia,Syndra,123,71,0.5772357723577236
Cassiopeia,Jhin,313,141,0.4504792332268371
Karma,Milio,363,180,0.49586776859504134
Kennen,Zaahen,268,112,0.417910447761194
Kennen,Zeri,105,57,0.5428571428571428
Kennen,Sion,207,98,0.47342995169082125
MonkeyKing,Zeri,149,79,0.5302013422818792
MonkeyKing,Sion,320,156,0.4875
Ekko,Taliyah,165,91,0.5515151515151515
Taliyah,Tristana,224,100,0.44642857142857145
Diana,Gangplank,273,150,0.5494505494505495
Gangplank,Qiyana,122,73,0.5983606557377049
Brand,Tryndamere,408,221,0.5416666666666666
Gangplank,Lucian,264,134,0.5075757575757576
Gangplank,Ivern,104,48,0.46153846153846156
Ivern,Yasuo,290,135,0.46551724137931033
Galio,Ivern,155,83,0.535483870967742
Fiora,Yorick,155,61,0.3935483870967742
Orianna,Yorick,246,122,0.4959349593495935
Milio,Orianna,298,165,0.5536912751677853
TwistedFate,Viego,345,150,0.43478260869565216
Akali,TwistedFate,331,150,0.45317220543806647
Ezreal,Nami,724,323,0.44613259668508287
Lucian,Sona,392,185,0.4719387755102041
Aphelios,Sion,313,163,0.5207667731629393
Pyke,Sion,468,232,0.49572649572649574
Aatrox,Aatrox,30,5,0.16666666666666666
Aatrox,Karma,353,157,0.4447592067988669
Aatrox,Trundle,299,156,0.5217391304347826
Taric,Vex,143,66,0.46153846153846156
Aphelios,Taric,121,63,0.5206611570247934
Naafiri,Taric,104,47,0.4519230769230769
Karma,Taric,136,62,0.45588235294117646
Taric,Trundle,147,76,0.5170068027210885
Hecarim,Vex,156,69,0.4423076923076923
Hecarim,MasterYi,286,134,0.46853146853146854
Aphelios,Neeko,248,116,0.46774193548387094
Aphelios,Trundle,256,128,0.5
Trundle,Trundle,42,3,0.07142857142857142
Aatrox,Gangplank,224,118,0.5267857142857143
Aphelios,Gangplank,151,83,0.5496688741721855
Gangplank,Trundle,186,93,0.5
Aatrox,MonkeyKing,259,125,0.4826254826254826
Xerath,Zeri,202,119,0.5891089108910891
Malphite,Ziggs,476,233,0.4894957983193277
AurelionSol,Ziggs,227,108,0.47577092511013214
Soraka,Zilean,183,84,0.45901639344262296
Pyke,Zilean,240,108,0.45
Gwen,Samira,325,148,0.4553846153846154
Irelia,TwistedFate,232,121,0.521551724137931
Bard,TwistedFate,237,120,0.5063291139240507
Irelia,Zyra,298,149,0.5
Bard,Zyra,262,109,0.41603053435114506
Rumble,Taric,74,37,0.5
Rumble,Zilean,107,53,0.4953271028037383
Naafiri,Rumble,101,51,0.504950495049505
Taric,Velkoz,146,69,0.4726027397260274
Soraka,Velkoz,372,183,0.49193548387096775
Kalista,Taric,78,41,0.5256410256410257
Kalista,Zilean,87,42,0.4827586206896552
Kalista,Soraka,117,55,0.4700854700854701
Brand,Taric,215,126,0.586046511627907
Brand,Naafiri,336,179,0.5327380952380952
Malphite,Taric,238,111,0.46638655462184875
Gwen,Trundle,309,153,0.49514563106796117
Ezreal,TahmKench,486,223,0.4588477366255144
Rammus,Yunara,194,107,0.5515463917525774
Nasus,Rammus,180,86,0.4777777777777778
Viego,Yunara,574,302,0.5261324041811847
Ivern,Taliyah,96,49,0.5104166666666666
LeeSin,Taliyah,138,72,0.5217391304347826
Taliyah,Veigar,222,90,0.40540540540540543
Shyvana,Taliyah,76,38,0.5
Braum,Taliyah,133,63,0.47368421052631576
Mordekaiser,Taliyah,201,108,0.5373134328358209
Nunu,Shyvana,133,74,0.556390977443609
Bard,Nunu,193,99,0.5129533678756477
Braum,Nunu,199,92,0.4623115577889447
Azir,Ivern,79,39,0.4936708860759494
Azir,Braum,115,68,0.591304347826087
Akali,Veigar,554,272,0.49097472924187724
Akali,Braum,302,138,0.45695364238410596
Ivern,Sett,225,99,0.44
LeeSin,Sett,424,204,0.4811320754716981
Sett,Shyvana,271,143,0.5276752767527675
Seraphine,Shyvana,183,76,0.41530054644808745
LeeSin,Viego,450,209,0.46444444444444444
Elise,MissFortune,330,149,0.45151515151515154
Elise,Talon,93,56,0.6021505376344086
Nasus,Talon,212,122,0.5754716981132075
Elise,Tryndamere,123,64,0.5203252032520326
Elise,Taric,69,31,0.4492753623188406
Nasus,Taric,152,75,0.4934210526315789
Jhin,Taric,353,176,0.4985835694050991
Orianna,Veigar,392,173,0.4413265306122449
Orianna,Varus,295,154,0.5220338983050847
Aphelios,Varus,316,158,0.5
Anivia,Talon,152,72,0.47368421052631576
Viktor,Xerath,323,154,0.47678018575851394
Alistar,Garen,342,163,0.4766081871345029
Gragas,Zaahen,286,117,0.4090909090909091
Vi,Warwick,430,228,0.5302325581395348
AurelionSol,Gragas,193,94,0.48704663212435234
AurelionSol,Vi,221,106,0.4796380090497738
Maokai,Shaco,261,139,0.5325670498084292
TahmKench,Taric,175,83,0.4742857142857143
KogMaw,TahmKench,201,120,0.5970149253731343
Nasus,Quinn,204,107,0.5245098039215687
Nasus,Poppy,216,109,0.5046296296296297
Quinn,Vi,157,84,0.535031847133758
Rengar,Senna,293,135,0.46075085324232085
Annie,Yuumi,198,105,0.5303030303030303
Briar,Cassiopeia,150,68,0.4533333333333333
Cassiopeia,Sett,215,100,0.46511627906976744
Annie,Volibear,283,143,0.5053003533568905
Cassiopeia,Kalista,62,34,0.5483870967741935
Kalista,Shyvana,68,31,0.45588235294117646
Annie,Kalista,96,56,0.5833333333333334
Braum,Karthus,139,72,0.5179856115107914
DrMundo,Jayce,336,172,0.5119047619047619
Jayce,Viktor,175,83,0.4742857142857143
Jayce,Xayah,171,94,0.5497076023391813
Amumu,Rakan,227,114,0.5022026431718062
Vex,Xayah,242,111,0.45867768595041325
Aurora,Maokai,206,104,0.5048543689320388
Aurora,Leblanc,197,109,0.5532994923857868
Gangplank,Sejuani,119,51,0.42857142857142855
Leblanc,Sejuani,118,55,0.4661016949152542
Gangplank,Lux,515,250,0.4854368932038835
Gangplank,Yuumi,176,84,0.4772727272727273
Annie,Kayle,258,132,0.5116279069767442
Xayah,Yuumi,222,126,0.5675675675675675
Gragas,Tryndamere,158,79,0.5
Graves,Tryndamere,210,106,0.5047619047619047
Karma,Sylas,553,276,0.49909584086799275
Pantheon,Zeri,263,144,0.5475285171102662
Rengar,Trundle,207,90,0.43478260869565216
Cassiopeia,Rengar,94,47,0.5
Aphelios,Cassiopeia,114,57,0.5
Ornn,Shen,272,117,0.43014705882352944
Ornn,Trundle,277,134,0.48375451263537905
Ivern,Zaahen,219,107,0.4885844748858447
Ivern,Ornn,154,69,0.44805194805194803
Ivern,Karma,145,80,0.5517241379310345
Syndra,Urgot,217,107,0.4930875576036866
JarvanIV,KogMaw,198,96,0.48484848484848486
JarvanIV,Velkoz,336,170,0.5059523809523809
KogMaw,Mel,381,185,0.48556430446194226
Draven,Yone,378,181,0.47883597883597884
Nautilus,Ryze,294,140,0.47619047619047616
Sejuani,Swain,231,101,0.43722943722943725
Belveth,Volibear,210,105,0.5
Belveth,Sejuani,85,49,0.5764705882352941
Belveth,Kindred,101,41,0.40594059405940597
Belveth,Karthus,97,52,0.5360824742268041
Karthus,Yasuo,254,129,0.5078740157480315
Fizz,Karthus,197,92,0.467005076142132
Annie,Teemo,380,184,0.4842105263157895
Leblanc,XinZhao,220,96,0.43636363636363634
Jhin,XinZhao,682,314,0.4604105571847507
Aurora,Senna,365,200,0.547945205479452
Aurora,Shyvana,132,62,0.4696969696969697
AurelionSol,Zyra,309,147,0.47572815533980584
AurelionSol,Shyvana,127,56,0.4409448818897638
AurelionSol,Sejuani,147,82,0.5578231292517006
Sejuani,Sylas,255,123,0.4823529411764706
Leona,Sejuani,214,109,0.5093457943925234
Kled,Shaco,145,73,0.503448275862069
Jinx,Kled,261,122,0.4674329501915709
Kled,Nocturne,91,42,0.46153846153846156
Belveth,Kayle,175,92,0.5257142857142857
Kayle,Taliyah,160,85,0.53125
Jax,Taliyah,225,120,0.5333333333333333
Jax,KogMaw,292,153,0.523972602739726
Khazix,Taliyah,119,52,0.4369747899159664
Chogath,Zac,301,163,0.5415282392026578
Evelynn,Zac,111,48,0.43243243243243246
Elise,Evelynn,87,42,0.4827586206896552
Evelynn,Samira,157,62,0.39490445859872614
Aphelios,Nocturne,214,110,0.514018691588785
Nocturne,TwistedFate,227,132,0.5814977973568282
Ashe,TwistedFate,609,336,0.5517241379310345
Fizz,Ziggs,282,133,0.4716312056737589
Fizz,Varus,323,179,0.5541795665634675
XinZhao,Ziggs,267,146,0.5468164794007491
Rakan,XinZhao,170,83,0.48823529411764705
Neeko,Vi,233,115,0.49356223175965663
Corki,Vi,135,80,0.5925925925925926
Corki,Ziggs,165,76,0.46060606060606063
Corki,Rakan,103,51,0.49514563106796117
LeeSin,Yunara,391,189,0.4833759590792839
Azir,Taliyah,87,39,0.4482758620689655
Swain,Taliyah,204,117,0.5735294117647058
Nunu,Taliyah,124,64,0.5161290322580645
Shen,Shyvana,174,96,0.5517241379310345
Azir,Kaisa,308,143,0.4642857142857143
Belveth,Trundle,144,60,0.4166666666666667
Belveth,Twitch,180,100,0.5555555555555556
Fizz,Trundle,294,160,0.54421768707483
Gangplank,Pantheon,310,136,0.43870967741935485
FiddleSticks,Lucian,318,178,0.559748427672956
Elise,FiddleSticks,131,68,0.5190839694656488
FiddleSticks,Milio,306,152,0.49673202614379086
FiddleSticks,Rakan,138,66,0.4782608695652174
Lucian,Vi,325,173,0.5323076923076923
Elise,Vi,121,58,0.4793388429752066
Janna,Lux,475,239,0.5031578947368421
Nami,Ornn,410,221,0.5390243902439025
Nami,Varus,520,297,0.5711538461538461
Lissandra,Nami,237,106,0.4472573839662447
Akshan,Rammus,129,53,0.4108527131782946
Akshan,Syndra,198,90,0.45454545454545453
Tryndamere,Vladimir,225,127,0.5644444444444444
Blitzcrank,Gwen,357,192,0.5378151260504201
Morgana,RekSai,178,94,0.5280898876404494
Blitzcrank,RekSai,109,55,0.5045871559633027
Sejuani,Warwick,245,118,0.4816326530612245
Briar,Sejuani,186,107,0.5752688172043011
Sejuani,Shaco,167,80,0.47904191616766467
Aatrox,Seraphine,466,232,0.4978540772532189
Illaoi,RekSai,72,39,0.5416666666666666
Alistar,Illaoi,203,83,0.4088669950738916
Briar,RekSai,125,73,0.584
RekSai,Vayne,155,62,0.4
Azir,Naafiri,125,59,0.472
Amumu,Tristana,538,270,0.5018587360594795
KSante,Sivir,151,70,0.46357615894039733
KSante,Xerath,168,67,0.39880952380952384
Kayn,Lissandra,206,101,0.49029126213592233
Lissandra,Xerath,164,72,0.43902439024390244
Kayn,Nautilus,722,374,0.518005540166205
Braum,Kindred,147,72,0.4897959183673469
Braum,TahmKench,198,99,0.5
Yasuo,Zac,388,207,0.5335051546391752
KSante,RekSai,70,30,0.42857142857142855
AurelionSol,KSante,132,63,0.4772727272727273
Naafiri,RekSai,72,39,0.5416666666666666
MissFortune,RekSai,230,129,0.5608695652173913
AurelionSol,MissFortune,645,307,0.475968992248062
RekSai,Zyra,106,52,0.49056603773584906
Kassadin,Volibear,152,69,0.45394736842105265
Kassadin,Katarina,133,71,0.5338345864661654
Kassadin,Pyke,174,92,0.5287356321839081
Gangplank,Smolder,340,163,0.47941176470588237
Sylas,Vladimir,466,253,0.5429184549356223
Malzahar,Zilean,282,141,0.5
Smolder,Zilean,343,173,0.5043731778425656
Nidalee,Senna,294,145,0.4931972789115646
KSante,Tristana,172,71,0.4127906976744186
KSante,Nidalee,116,57,0.49137931034482757
Amumu,Morgana,875,434,0.496
Varus,Yorick,289,129,0.4463667820069204
Blitzcrank,Yorick,295,131,0.4440677966101695
Karthus,Zaahen,270,120,0.4444444444444444
Rakan,Yasuo,351,170,0.4843304843304843
Rammus,Yone,275,128,0.46545454545454545
Rammus,Viego,243,125,0.51440329218107
Rammus,Seraphine,214,118,0.5514018691588785
JarvanIV,Rammus,152,81,0.5328947368421053
Kled,Rammus,69,39,0.5652173913043478
Kled,Orianna,91,55,0.6043956043956044
Alistar,Milio,240,97,0.4041666666666667
Lulu,Vladimir,309,153,0.49514563106796117
Aatrox,Kindred,266,129,0.4849624060150376
Aatrox,Zed,451,230,0.5099778270509978
AurelionSol,Garen,393,203,0.5165394402035624
AurelionSol,Velkoz,302,139,0.4602649006622517
Kayle,TwistedFate,326,175,0.5368098159509203
Pantheon,Singed,417,188,0.45083932853717024
Lux,Singed,600,271,0.45166666666666666
TwistedFate,Twitch,374,177,0.4732620320855615
Yunara,Zyra,406,171,0.4211822660098522
Elise,Riven,127,64,0.5039370078740157
Elise,Yone,243,121,0.49794238683127573
Elise,Sivir,162,83,0.5123456790123457
Elise,Pyke,207,108,0.5217391304347826
Elise,Lulu,157,83,0.5286624203821656
Aatrox,Elise,165,85,0.5151515151515151
Elise,Ornn,107,45,0.4205607476635514
Aatrox,Warwick,505,230,0.45544554455445546
Belveth,Viktor,115,53,0.4608695652173913
Milio,Viktor,300,170,0.5666666666666667
Akali,Singed,297,128,0.43097643097643096
Singed,Vladimir,269,161,0.5985130111524164
Singed,Zeri,140,85,0.6071428571428571
Evelynn,LeeSin,184,85,0.46195652173913043
LeeSin,Orianna,250,115,0.46
Orianna,TwistedFate,233,121,0.51931330472103
RekSai,Zac,76,40,0.5263157894736842
Rammus,Vex,135,60,0.4444444444444444
Rammus,Talon,106,53,0.5
Kled,Vladimir,127,64,0.5039370078740157
Kaisa,Kaisa,67,11,0.16417910447761194
Kled,Malzahar,141,70,0.49645390070921985
Malzahar,Talon,286,144,0.5034965034965035
Kled,Taric,56,30,0.5357142857142857
Kayle,Taric,170,75,0.4411764705882353
Talon,Taric,95,43,0.45263157894736844
Orianna,Taric,123,63,0.5121951219512195
Hwei,Taric,143,67,0.46853146853146854
Nilah,Renekton,129,64,0.49612403100775193
Malphite,Viktor,414,228,0.5507246376811594
Nilah,Viktor,119,62,0.5210084033613446
Nilah,Twitch,200,122,0.61
Heimerdinger,Kayle,297,155,0.5218855218855218
Kayle,Leblanc,279,154,0.5519713261648745
Irelia,Kalista,102,53,0.5196078431372549
Ornn,Qiyana,179,99,0.553072625698324
Ivern,Qiyana,91,44,0.4835164835164835
Heimerdinger,Qiyana,136,69,0.5073529411764706
Kalista,Qiyana,68,39,0.5735294117647058
Leblanc,Qiyana,155,80,0.5161290322580645
Nautilus,Qiyana,251,136,0.5418326693227091
Ivern,Swain,201,76,0.3781094527363184
Heimerdinger,Vayne,363,200,0.5509641873278237
Kalista,Rakan,57,25,0.43859649122807015
Annie,Rakan,114,59,0.5175438596491229
Graves,LeeSin,301,155,0.5149501661129569
Poppy,Quinn,148,75,0.5067567567567568
Janna,Varus,225,141,0.6266666666666667
Akali,Sona,334,155,0.46407185628742514
Quinn,Trundle,171,90,0.5263157894736842
Trundle,Vi,262,131,0.5
Cassiopeia,Kayle,166,83,0.5
Cassiopeia,Sylas,210,100,0.47619047619047616
Cassiopeia,Malzahar,186,85,0.45698924731182794
Caitlyn,Cassiopeia,346,171,0.49421965317919075
Aatrox,Nunu,335,175,0.5223880597014925
Aatrox,Xerath,385,188,0.4883116883116883
Galio,Xerath,379,202,0.5329815303430079
Alistar,Khazix,159,93,0.5849056603773585
Qiyana,Taliyah,94,49,0.5212765957446809
Blitzcrank,Qiyana,221,123,0.5565610859728507
Nidalee,Taliyah,131,60,0.4580152671755725
Gragas,Renekton,182,85,0.46703296703296704
Gragas,Shaco,292,128,0.4383561643835616
Janna,Renekton,172,80,0.46511627906976744
Janna,Shen,176,75,0.42613636363636365
MonkeyKing,Volibear,353,195,0.5524079320113314
Chogath,Vi,408,217,0.5318627450980392
Chogath,Quinn,304,153,0.5032894736842105
Quinn,Zed,256,129,0.50390625
Karma,Quinn,208,96,0.46153846153846156
Rammus,Yasuo,348,170,0.4885057471264368
Naafiri,Rammus,140,58,0.4142857142857143
Rammus,Thresh,251,138,0.549800796812749
Riven,Zed,344,175,0.5087209302325582
Brand,Khazix,377,193,0.5119363395225465
Khazix,Samira,208,89,0.42788461538461536
Annie,Zed,263,133,0.5057034220532319
Fiora,Trundle,180,76,0.4222222222222222
Camille,Tristana,183,82,0.44808743169398907
Akshan,Tristana,290,136,0.4689655172413793
Camille,Talon,97,42,0.4329896907216495
Leblanc,Talon,169,89,0.5266272189349113
Camille,Soraka,163,81,0.49693251533742333
Camille,Trundle,110,43,0.39090909090909093
Briar,Trundle,411,225,0.5474452554744526
Kennen,TahmKench,144,78,0.5416666666666666
Ashe,Camille,315,167,0.5301587301587302
Camille,TahmKench,141,69,0.48936170212765956
Camille,Malzahar,180,80,0.4444444444444444
JarvanIV,Viktor,255,120,0.47058823529411764
TahmKench,Zyra,362,160,0.4419889502762431
Lulu,Vex,241,121,0.5020746887966805
Amumu,Vex,296,153,0.5168918918918919
Gangplank,Jayce,153,68,0.4444444444444444
Gangplank,MonkeyKing,147,62,0.4217687074829932
Gangplank,Rakan,121,52,0.4297520661157025
Diana,Ziggs,401,199,0.49625935162094764
MonkeyKing,Vladimir,232,126,0.5431034482758621
Velkoz,Vladimir,277,157,0.5667870036101083
Rakan,Vladimir,189,100,0.5291005291005291
Rakan,Sivir,205,95,0.4634146341463415
Fiora,Illaoi,141,62,0.4397163120567376
Illaoi,Leblanc,175,105,0.6
Viktor,Ziggs,262,122,0.46564885496183206
AurelionSol,Ornn,243,126,0.5185185185185185
AurelionSol,Draven,200,104,0.52
Ashe,Skarner,240,136,0.5666666666666667
Rakan,Skarner,74,39,0.527027027027027
Soraka,Zoe,262,139,0.5305343511450382
Ezreal,Zoe,417,196,0.47002398081534774
Nidalee,Nunu,187,74,0.39572192513368987
Pyke,Renekton,295,137,0.46440677966101696
Shen,Sion,376,194,0.5159574468085106
Mordekaiser,Zoe,355,176,0.49577464788732395
Leblanc,Quinn,161,73,0.453416149068323
Leblanc,Zoe,206,113,0.5485436893203883
Mordekaiser,Shen,558,294,0.5268817204301075
Amumu,Taliyah,155,80,0.5161290322580645
Braum,Zed,281,129,0.45907473309608543
Nunu,Sejuani,149,71,0.47651006711409394
Ezreal,Sejuani,264,120,0.45454545454545453
Ahri,Corki,251,137,0.545816733067729
Corki,Kled,66,34,0.5151515151515151
Corki,Ezreal,243,131,0.5390946502057613
Alistar,Nunu,209,82,0.3923444976076555
Nunu,Skarner,94,53,0.5638297872340425
Ahri,Skarner,176,100,0.5681818181818182
Skarner,Tryndamere,109,44,0.4036697247706422
Aatrox,TahmKench,347,166,0.4783861671469741
Illaoi,MonkeyKing,158,83,0.5253164556962026
MonkeyKing,Warwick,382,194,0.5078534031413613
MonkeyKing,TahmKench,229,114,0.4978165938864629
Evelynn,Warwick,264,119,0.45075757575757575
Evelynn,Rell,87,46,0.5287356321839081
Aatrox,Volibear,506,261,0.5158102766798419
Syndra,Vi,232,106,0.45689655172413796
Renekton,Soraka,266,128,0.48120300751879697
Naafiri,Pyke,306,168,0.5490196078431373
Ekko,Ekko,29,4,0.13793103448275862
Rumble,Volibear,220,113,0.5136363636363637
Shyvana,Veigar,254,135,0.531496062992126
Shyvana,Urgot,132,61,0.4621212121212121
Ryze,Zaahen,294,129,0.4387755102040816
Sylas,Viktor,401,211,0.5261845386533666
Jayce,Samira,202,90,0.44554455445544555
Corki,Lucian,252,131,0.5198412698412699
Corki,Udyr,101,49,0.48514851485148514
Neeko,Udyr,191,87,0.45549738219895286
Janna,Udyr,141,67,0.475177304964539
Jayce,Tryndamere,163,76,0.4662576687116564
Janna,Tryndamere,175,93,0.5314285714285715
Amumu,Malzahar,571,281,0.4921190893169877
Olaf,Zyra,148,71,0.4797297297297297
Kassadin,TwistedFate,133,75,0.5639097744360902
Kindred,TwistedFate,209,104,0.49760765550239233
DrMundo,TwistedFate,456,258,0.5657894736842105
Nidalee,Zyra,247,106,0.4291497975708502
Kassadin,Nidalee,111,58,0.5225225225225225
Qiyana,Vladimir,188,89,0.4734042553191489
Kassadin,Qiyana,91,42,0.46153846153846156
Qiyana,TwistedFate,169,83,0.4911242603550296
Udyr,Vladimir,223,130,0.5829596412556054
Graves,Udyr,197,93,0.4720812182741117
Diana,Olaf,208,102,0.49038461538461536
Hecarim,Samira,174,75,0.43103448275862066
DrMundo,Zeri,322,160,0.4968944099378882
Gwen,Heimerdinger,232,119,0.5129310344827587
Gwen,Zeri,184,104,0.5652173913043478
Ambessa,Varus,284,152,0.5352112676056338
Zeri,Zoe,149,82,0.5503355704697986
Yuumi,Zoe,245,107,0.43673469387755104
Chogath,Singed,395,200,0.5063291139240507
Khazix,Sona,256,113,0.44140625
Khazix,Singed,196,98,0.5
Garen,Gragas,350,207,0.5914285714285714
Singed,Sivir,246,137,0.556910569105691
Neeko,Singed,214,112,0.5233644859813084
Gragas,Zilean,139,72,0.5179856115107914
Kindred,Zilean,142,78,0.5492957746478874
Heimerdinger,Veigar,445,225,0.5056179775280899
Zeri,Zilean,117,57,0.48717948717948717
Rell,Varus,188,122,0.648936170212766
Quinn,Varus,245,120,0.4897959183673469
Nunu,Rammus,157,91,0.5796178343949044
Garen,Rammus,281,139,0.49466192170818507
Fiora,Syndra,191,100,0.5235602094240838
Fiora,Jinx,412,177,0.42961165048543687
Fiora,Karma,206,110,0.5339805825242718
MonkeyKing,Viego,326,159,0.48773006134969327
Karma,Katarina,325,159,0.48923076923076925
Pantheon,Rell,269,133,0.4944237918215613
Leblanc,Ziggs,239,107,0.4476987447698745
Aatrox,Leblanc,301,157,0.521594684385382
Lulu,Seraphine,410,209,0.5097560975609756
Elise,Gnar,87,39,0.4482758620689655
Blitzcrank,Gnar,161,78,0.484472049689441
Cassiopeia,Elise,69,41,0.5942028985507246
Cassiopeia,Yasuo,259,134,0.5173745173745173
Elise,Karma,138,59,0.427536231884058
Kayle,Nidalee,213,103,0.4835680751173709
Belveth,Fizz,149,71,0.47651006711409394
Leblanc,Lulu,259,116,0.44787644787644787
Kayle,Urgot,302,152,0.5033112582781457
Kayle,Shaco,455,246,0.5406593406593406
Kassadin,Shaco,154,68,0.44155844155844154
Akali,Kassadin,151,68,0.4503311258278146
Orianna,Renata,126,61,0.48412698412698413
Cassiopeia,Renata,67,31,0.4626865671641791
Kalista,Renata,52,23,0.4423076923076923
Kalista,Teemo,198,86,0.43434343434343436
AurelionSol,Braum,176,101,0.5738636363636364
Kalista,Riven,106,51,0.4811320754716981
Lillia,Zoe,235,119,0.5063829787234042
Vladimir,Zoe,216,97,0.44907407407407407
FiddleSticks,Riven,203,119,0.5862068965517241
FiddleSticks,Zoe,210,120,0.5714285714285714
Riven,TwistedFate,235,124,0.5276595744680851
TwistedFate,XinZhao,252,97,0.38492063492063494
Sett,TwistedFate,428,255,0.5957943925233645
Briar,Zyra,408,195,0.47794117647058826
Kalista,Zyra,144,63,0.4375
Janna,Singed,181,84,0.46408839779005523
Graves,Ryze,171,84,0.49122807017543857
Ryze,Talon,153,92,0.6013071895424836
Hecarim,Talon,158,88,0.5569620253164557
Hecarim,Tristana,280,129,0.4607142857142857
Bard,Renekton,215,111,0.5162790697674419
Gnar,LeeSin,151,77,0.5099337748344371
Gnar,Renekton,127,56,0.4409448818897638
Quinn,Smolder,350,178,0.5085714285714286
AurelionSol,AurelionSol,46,1,0.021739130434782608
AurelionSol,Renekton,199,103,0.5175879396984925
Nautilus,Nautilus,55,4,0.07272727272727272
Kled,Nidalee,81,47,0.5802469135802469
Ekko,Kled,130,70,0.5384615384615384
Kled,Sivir,131,63,0.48091603053435117
Sivir,Zoe,275,155,0.5636363636363636
Maokai,Zoe,164,89,0.5426829268292683
Gragas,Xerath,259,108,0.416988416988417
Illaoi,Renekton,195,100,0.5128205128205128
Aurora,Karthus,148,68,0.4594594594594595
Illaoi,XinZhao,210,109,0.5190476190476191
Graves,XinZhao,258,117,0.45348837209302323
Kassadin,XinZhao,138,55,0.39855072463768115
Ekko,Illaoi,282,127,0.450354609929078
Kassadin,Yasuo,220,104,0.4727272727272727
Illaoi,Twitch,263,135,0.5133079847908745
Karma,Twitch,421,212,0.503562945368171
Kassadin,Yuumi,154,91,0.5909090909090909
Rumble,Vex,109,44,0.4036697247706422
MonkeyKing,Rumble,114,48,0.42105263157894735
Jayce,Ziggs,202,88,0.43564356435643564
Kindred,Rumble,96,48,0.5
Sett,Vex,343,185,0.5393586005830904
Ivern,Vex,90,45,0.5
Ivern,Leona,179,96,0.5363128491620112
Graves,Ivern,110,44,0.4
Akshan,Graves,191,89,0.46596858638743455
Blitzcrank,Graves,297,168,0.5656565656565656
Akshan,Leblanc,168,91,0.5416666666666666
Gragas,Sylas,356,166,0.46629213483146065
Blitzcrank,Gragas,263,139,0.5285171102661597
Riven,Seraphine,337,153,0.4540059347181009
Malphite,Quinn,390,218,0.558974358974359
Bard,Quinn,184,88,0.4782608695652174
Kindred,MasterYi,332,135,0.4066265060240964
Kindred,Twitch,272,121,0.44485294117647056
Akshan,Anivia,162,77,0.47530864197530864
Anivia,Bard,168,85,0.5059523809523809
Corki,DrMundo,222,88,0.3963963963963964
Gangplank,Urgot,159,59,0.3710691823899371
Gangplank,Volibear,283,131,0.4628975265017668
Anivia,Gangplank,142,75,0.528169014084507
Corki,Gangplank,126,67,0.5317460317460317
Corki,Zyra,165,78,0.4727272727272727
Sylas,XinZhao,471,229,0.4861995753715499
Talon,Tryndamere,173,81,0.4682080924855491
Janna,Riven,170,95,0.5588235294117647
Illaoi,Trundle,245,132,0.5387755102040817
Khazix,Ryze,182,86,0.4725274725274725
Renata,Ryze,122,63,0.5163934426229508
Renata,Trundle,111,61,0.5495495495495496
Gnar,MonkeyKing,126,55,0.4365079365079365
Shaco,Yunara,452,221,0.4889380530973451
Nidalee,Yorick,153,67,0.43790849673202614
Gnar,Udyr,110,47,0.42727272727272725
Aatrox,Draven,302,149,0.49337748344370863
Ivern,Xerath,138,69,0.5
Nunu,Poppy,204,112,0.5490196078431373
MasterYi,Renata,203,104,0.5123152709359606
Akali,Renata,159,72,0.4528301886792453
Galio,Renata,167,93,0.5568862275449101
Fiora,Karthus,100,53,0.53
Jhin,Karthus,426,208,0.48826291079812206
Karma,Taliyah,170,81,0.4764705882352941
Aurora,Corki,129,63,0.4883720930232558
Blitzcrank,Corki,222,108,0.4864864864864865
Draven,Qiyana,141,84,0.5957446808510638
Sivir,Yorick,296,157,0.5304054054054054
Pantheon,Yorick,463,219,0.47300215982721383
Annie,Zac,135,71,0.5259259259259259
Annie,Olaf,105,47,0.44761904761904764
Bard,Jayce,176,102,0.5795454545454546
Milio,Zac,220,116,0.5272727272727272
Milio,Olaf,162,74,0.4567901234567901
KogMaw,Neeko,203,112,0.5517241379310345
Malzahar,Olaf,217,108,0.4976958525345622
Taliyah,Urgot,132,62,0.4696969696969697
Malzahar,Yone,658,323,0.4908814589665654
Gragas,Jayce,147,73,0.4965986394557823
Braum,Jayce,137,72,0.5255474452554745
Heimerdinger,Jayce,146,80,0.547945205479452
Gragas,Zac,157,68,0.43312101910828027
Neeko,Zac,180,107,0.5944444444444444
Braum,Zac,174,88,0.5057471264367817
Annie,Fiora,126,74,0.5873015873015873
Annie,Warwick,297,153,0.5151515151515151
Gwen,Varus,321,170,0.5295950155763239
Aphelios,Briar,329,144,0.4376899696048632
KSante,Malzahar,202,84,0.4158415841584158
Hwei,Warwick,439,240,0.5466970387243736
Jax,Ryze,300,152,0.5066666666666667
Ryze,Vi,198,99,0.5
Ivern,Sona,154,68,0.44155844155844154
Ivern,Sion,196,93,0.4744897959183674
Amumu,Zilean,236,127,0.538135593220339
Ekko,Viktor,370,181,0.4891891891891892
Viktor,Zeri,148,92,0.6216216216216216
Kayle,Talon,235,125,0.5319148936170213
Gwen,Talon,225,112,0.49777777777777776
KSante,Kaisa,311,147,0.47266881028938906
KSante,Poppy,161,71,0.4409937888198758
Garen,MasterYi,809,379,0.4684796044499382
Lucian,MasterYi,551,271,0.49183303085299457
Rengar,Urgot,150,62,0.41333333333333333
Swain,Urgot,337,171,0.5074183976261127
Evelynn,Rengar,139,69,0.49640287769784175
Evelynn,Nilah,92,46,0.5
Nilah,Seraphine,172,93,0.5406976744186046
Taric,Vayne,214,109,0.5093457943925234
Katarina,Khazix,287,149,0.519163763066202
Azir,Katarina,136,56,0.4117647058823529
Katarina,Soraka,322,153,0.4751552795031056
Samira,Yone,446,228,0.5112107623318386
Riven,Viktor,221,115,0.5203619909502263
Irelia,Rengar,203,113,0.5566502463054187
Ahri,Fiora,330,171,0.5181818181818182
Morgana,Taliyah,276,146,0.5289855072463768
Gwen,MasterYi,472,200,0.423728813559322
Milio,Veigar,511,261,0.5107632093933464
Kayn,Syndra,403,195,0.4838709677419355
Ambessa,Pyke,326,178,0.5460122699386503
Renekton,Shaco,294,151,0.5136054421768708
Renekton,Vex,169,73,0.4319526627218935
Renekton,Zilean,150,75,0.5
Lillia,Zilean,162,91,0.5617283950617284
KSante,Taliyah,82,35,0.4268292682926829
KSante,Ziggs,128,55,0.4296875
Akshan,Yorick,195,91,0.4666666666666667
Akshan,Ziggs,178,79,0.4438202247191011
Rengar,Viktor,168,82,0.4880952380952381
Kassadin,Ziggs,124,57,0.4596774193548387
Syndra,Udyr,204,100,0.49019607843137253
Leona,Udyr,302,157,0.5198675496688742
Jayce,Naafiri,149,67,0.44966442953020136
Kaisa,Naafiri,445,209,0.4696629213483146
Milio,Naafiri,234,118,0.5042735042735043
Annie,Mel,412,205,0.4975728155339806
Alistar,Kalista,108,61,0.5648148148148148
Chogath,Jayce,292,172,0.589041095890411
Katarina,Riven,256,139,0.54296875
Corki,Fiora,98,48,0.4897959183673469
Camille,Singed,107,56,0.5233644859813084
Kennen,Singed,150,73,0.4866666666666667
Nilah,Singed,135,62,0.45925925925925926
Camille,Zaahen,242,103,0.4256198347107438
Nunu,Syndra,221,108,0.48868778280542985
Diana,Zeri,276,151,0.5471014492753623
Ahri,Janna,354,179,0.5056497175141242
Draven,Janna,178,80,0.449438202247191
Lux,Shyvana,413,212,0.513317191283293
Karma,Shyvana,145,78,0.5379310344827586
Aurora,Thresh,431,215,0.4988399071925754
Graves,Nilah,117,53,0.452991452991453
Graves,Zoe,200,97,0.485
Jinx,Zoe,589,314,0.533106960950764
Pyke,Ziggs,337,157,0.4658753709198813
Nilah,Pyke,182,89,0.489010989010989
Fiora,Garen,324,149,0.45987654320987653
Fiora,Tryndamere,152,62,0.40789473684210525
Cassiopeia,Zoe,109,59,0.5412844036697247
Urgot,Vladimir,225,130,0.5777777777777777
LeeSin,Urgot,252,129,0.5119047619047619
Fizz,Leblanc,279,139,0.4982078853046595
Fizz,Poppy,254,132,0.5196850393700787
LeeSin,Zilean,187,90,0.48128342245989303
Riven,Sejuani,131,64,0.48854961832061067
Belveth,Yone,233,114,0.4892703862660944
Heimerdinger,Yorick,262,117,0.44656488549618323
Senna,Sona,408,181,0.44362745098039214
Illaoi,Ivern,127,72,0.5669291338582677
Ivern,Syndra,120,60,0.5
Anivia,Zeri,117,61,0.5213675213675214
Alistar,Zeri,135,64,0.4740740740740741
Alistar,Neeko,211,101,0.4786729857819905
Nasus,Nilah,163,87,0.5337423312883436
Gnar,JarvanIV,149,63,0.4228187919463087
JarvanIV,Nilah,115,49,0.4260869565217391
Gnar,Katarina,134,66,0.4925373134328358
Katarina,Nilah,151,71,0.47019867549668876
Gnar,Thresh,230,107,0.4652173913043478
Belveth,Vladimir,154,81,0.525974025974026
Aphelios,KSante,148,87,0.5878378378378378
Aphelios,Vladimir,253,126,0.4980237154150198
Rakan,Viego,239,113,0.47280334728033474
RekSai,Vladimir,101,51,0.504950495049505
Katarina,RekSai,120,57,0.475
Olaf,Viktor,123,63,0.5121951219512195
Alistar,Olaf,134,54,0.40298507462686567
Alistar,Zac,176,91,0.5170454545454546
Alistar,Sivir,252,104,0.4126984126984127
Ambessa,Taric,117,61,0.5213675213675214
Smolder,Taric,275,144,0.5236363636363637
Smolder,TwistedFate,438,226,0.5159817351598174
Amumu,Draven,267,146,0.5468164794007491
Sion,Skarner,124,66,0.532258064516129
Skarner,Zoe,86,45,0.5232558139534884
Cassiopeia,Irelia,117,64,0.5470085470085471
Olaf,Soraka,150,80,0.5333333333333333
Katarina,Rengar,235,133,0.5659574468085107
Kaisa,TahmKench,607,316,0.5205930807248764
Fiora,JarvanIV,171,89,0.52046783625731
Graves,Maokai,197,101,0.5126903553299492
Jayce,Sett,281,124,0.4412811387900356
Malzahar,Syndra,420,217,0.5166666666666667
Lux,Syndra,700,343,0.49
Pyke,Riven,359,187,0.520891364902507
JarvanIV,KSante,187,108,0.5775401069518716
KSante,Zoe,124,62,0.5
Katarina,Zoe,266,140,0.5263157894736842
Briar,Orianna,296,159,0.5371621621621622
Aphelios,Orianna,213,117,0.5492957746478874
Samira,Shen,299,153,0.5117056856187291
Rakan,Shen,187,93,0.49732620320855614
Garen,Zoe,376,232,0.6170212765957447
Nocturne,Ziggs,234,106,0.452991452991453
Fizz,Zoe,249,138,0.5542168674698795
KSante,Karma,168,75,0.44642857142857145
Rumble,Yunara,165,81,0.4909090909090909
Rumble,Vi,148,79,0.5337837837837838
KSante,Vi,139,47,0.3381294964028777
Sion,Vi,326,151,0.46319018404907975
Rammus,Vi,144,68,0.4722222222222222
Rumble,XinZhao,135,64,0.4740740740740741
KSante,XinZhao,164,71,0.4329268292682927
Sion,XinZhao,361,190,0.5263157894736842
Poppy,Rumble,115,56,0.48695652173913045
Poppy,Rammus,139,70,0.5035971223021583
KSante,Urgot,132,63,0.4772727272727273
Sion,Urgot,300,146,0.4866666666666667
Jhin,Rumble,317,147,0.4637223974763407
Draven,Illaoi,175,103,0.5885714285714285
Belveth,Hwei,151,78,0.5165562913907285
Briar,Sion,483,247,0.5113871635610766
Belveth,Briar,183,85,0.4644808743169399
Ahri,Ahri,66,12,0.18181818181818182
Elise,Zyra,164,72,0.43902439024390244
Olaf,Taric,101,56,0.5544554455445545
Gragas,Olaf,107,52,0.48598130841121495
Olaf,Twitch,201,111,0.5522388059701493
Olaf,Syndra,130,74,0.5692307692307692
Taric,Warwick,233,118,0.5064377682403434
Kalista,Warwick,187,79,0.42245989304812837
Taric,Viktor,123,59,0.4796747967479675
Gnar,Taric,85,45,0.5294117647058824
Gnar,Gragas,110,62,0.5636363636363636
Gnar,Syndra,158,79,0.5
Diana,Taric,209,100,0.4784688995215311
Diana,Nasus,424,221,0.5212264150943396
Renekton,XinZhao,222,108,0.4864864864864865
Aphelios,Poppy,224,125,0.5580357142857143
Soraka,Trundle,289,141,0.48788927335640137
Naafiri,Shen,241,107,0.44398340248962653
Camille,Hwei,134,68,0.5074626865671642
Shaco,Zac,268,135,0.503731343283582
Annie,Renekton,172,79,0.45930232558139533
Rammus,Zaahen,307,145,0.4723127035830619
Hwei,Sivir,314,154,0.49044585987261147
LeeSin,MasterYi,451,204,0.4523281596452328
Elise,Jax,192,88,0.4583333333333333
Elise,Samira,120,56,0.4666666666666667
Elise,Zac,97,41,0.422680412371134
Tristana,Zac,287,144,0.5017421602787456
Braum,Samira,186,89,0.478494623655914
Illaoi,Ziggs,209,114,0.5454545454545454
Belveth,Taliyah,81,33,0.4074074074074074
Shen,Taliyah,160,87,0.54375
Taliyah,Warwick,205,99,0.48292682926829267
Belveth,Varus,150,64,0.4266666666666667
TwistedFate,Varus,290,142,0.4896551724137931
Varus,Viego,411,192,0.46715328467153283
Kayn,TwistedFate,372,218,0.5860215053763441
Caitlyn,JarvanIV,794,382,0.4811083123425693
Lissandra,Teemo,249,122,0.4899598393574297
Lissandra,Vayne,247,118,0.4777327935222672
Khazix,Sion,289,136,0.47058823529411764
Khazix,Zilean,166,84,0.5060240963855421
Aatrox,Tryndamere,261,111,0.42528735632183906
JarvanIV,Kayn,457,213,0.4660831509846827
Rumble,Smolder,254,129,0.5078740157480315
Akali,Nidalee,237,113,0.4767932489451477
Diana,Ekko,574,299,0.5209059233449478
Kayle,Zeri,184,98,0.532608695652174
Camille,KogMaw,96,39,0.40625
Lillia,Rengar,190,112,0.5894736842105263
Rengar,TwistedFate,210,100,0.47619047619047616
KogMaw,Rengar,121,62,0.512396694214876
Ambessa,Renekton,291,127,0.436426116838488
Evelynn,Renekton,146,71,0.4863013698630137
Evelynn,Nocturne,186,73,0.3924731182795699
Ambessa,Mordekaiser,413,204,0.4939467312348668
Evelynn,Mordekaiser,307,138,0.4495114006514658
Malzahar,Mordekaiser,726,377,0.5192837465564738
Illaoi,Maokai,174,99,0.5689655172413793
Neeko,Talon,205,113,0.551219512195122
Maokai,Tristana,291,133,0.4570446735395189
Anivia,Kindred,149,73,0.4899328859060403
Chogath,Kindred,325,179,0.5507692307692308
Karthus,Kindred,157,73,0.46496815286624205
Diana,Urgot,330,146,0.44242424242424244
Rammus,Warwick,306,146,0.477124183006536
Khazix,Rammus,114,41,0.35964912280701755
Rammus,Varus,174,92,0.5287356321839081
Anivia,Kayle,243,122,0.5020576131687243
Anivia,Yuumi,186,94,0.5053763440860215
Gangplank,Nunu,142,65,0.45774647887323944
Akshan,Gangplank,130,75,0.5769230769230769
Sett,Syndra,426,215,0.5046948356807511
Belveth,TahmKench,131,72,0.549618320610687
Alistar,AurelionSol,202,103,0.5099009900990099
Alistar,Heimerdinger,175,85,0.4857142857142857
Karthus,Naafiri,133,70,0.5263157894736842
Camille,Darius,207,103,0.4975845410628019
Udyr,Zoe,180,103,0.5722222222222222
Ambessa,Sejuani,133,73,0.5488721804511278
Mel,Sejuani,280,152,0.5428571428571428
Fizz,Tristana,439,196,0.44646924829157175
Ivern,Kindred,108,53,0.49074074074074076
Ambessa,Taliyah,152,87,0.5723684210526315
Maokai,TwistedFate,230,138,0.6
Maokai,Samira,211,112,0.5308056872037915
Maokai,Poppy,187,86,0.45989304812834225
Ambessa,Jayce,195,104,0.5333333333333333
Jayce,Khazix,164,81,0.49390243902439024
Cassiopeia,Jayce,94,45,0.4787234042553192
Jayce,Maokai,161,77,0.4782608695652174
Khazix,Talon,193,97,0.5025906735751295
Cassiopeia,Talon,109,59,0.5412844036697247
Khazix,Sivir,246,108,0.43902439024390244
Cassiopeia,Sivir,149,63,0.4228187919463087
Bard,Khazix,201,95,0.472636815920398
Bard,Cassiopeia,135,63,0.4666666666666667
Bard,Maokai,169,85,0.5029585798816568
Qiyana,Sett,281,118,0.4199288256227758
Corki,Qiyana,85,49,0.5764705882352941
Corki,Pyke,197,89,0.4517766497461929
Garen,Talon,330,190,0.5757575757575758
Talon,TwistedFate,186,89,0.478494623655914
Fiora,Katarina,193,91,0.47150259067357514
Fiora,Teemo,337,140,0.41543026706231456
Aatrox,Ryze,269,138,0.5130111524163569
Aurora,Olaf,140,69,0.4928571428571429
Illaoi,Urgot,203,96,0.4729064039408867
Kindred,Rammus,126,50,0.3968253968253968
Alistar,Urgot,207,101,0.48792270531400966
Alistar,Kindred,188,90,0.4787234042553192
Lillia,Sona,274,133,0.4854014598540146
Hecarim,Tryndamere,166,74,0.4457831325301205
Hecarim,Taric,99,54,0.5454545454545454
Ahri,Taric,245,124,0.5061224489795918
Braum,LeeSin,239,142,0.5941422594142259
Lillia,Singed,261,137,0.524904214559387
KogMaw,Vayne,352,181,0.5142045454545454
Camille,Ekko,194,99,0.5103092783505154
Camille,Irelia,140,76,0.5428571428571428
Graves,Naafiri,206,102,0.49514563106796117
XinZhao,Zoe,239,139,0.5815899581589958
Veigar,Vladimir,428,221,0.5163551401869159
Poppy,Yorick,237,100,0.4219409282700422
Riven,Singed,236,109,0.461864406779661
Azir,Riven,133,65,0.48872180451127817
Alistar,Riven,206,96,0.46601941747572817
Alistar,Belveth,130,67,0.5153846153846153
Leblanc,Singed,203,90,0.4433497536945813
Azir,Leblanc,173,82,0.47398843930635837
Alistar,Leblanc,166,94,0.5662650602409639
Singed,Varus,256,124,0.484375
Akshan,Kled,79,37,0.46835443037974683
Akali,Alistar,275,129,0.4690909090909091
Kayn,Kennen,223,108,0.484304932735426
Kennen,Swain,212,91,0.42924528301886794
Camille,Seraphine,174,84,0.4827586206896552
Alistar,Taric,140,64,0.45714285714285713
Karthus,Taric,104,51,0.49038461538461536
Katarina,Qiyana,210,103,0.49047619047619045
Garen,KSante,257,156,0.6070038910505836
Janna,Khazix,172,97,0.563953488372093
Kindred,Velkoz,268,135,0.503731343283582
Rell,Velkoz,164,89,0.5426829268292683
Jhin,Kindred,581,282,0.4853700516351119
Annie,Lucian,279,156,0.5591397849462365
Annie,Cassiopeia,96,50,0.5208333333333334
Aurora,Cassiopeia,124,57,0.4596774193548387
Alistar,Aurora,200,96,0.48
Alistar,Rell,175,88,0.5028571428571429
Vex,Yorick,212,106,0.5
Sejuani,Zaahen,200,91,0.455
Sejuani,Vex,105,53,0.5047619047619047
Samira,Vex,222,112,0.5045045045045045
Garen,RekSai,147,72,0.4897959183673469
RekSai,Udyr,72,36,0.5
Udyr,Zeri,115,57,0.4956521739130435
Aatrox,Azir,188,102,0.5425531914893617
Azir,TwistedFate,158,80,0.5063291139240507
Azir,Zeri,112,57,0.5089285714285714
RekSai,Samira,84,45,0.5357142857142857
Leona,RekSai,127,69,0.5433070866141733
AurelionSol,Ivern,124,72,0.5806451612903226
Camille,Neeko,130,67,0.5153846153846153
Neeko,Yuumi,272,142,0.5220588235294118
Aatrox,Swain,484,239,0.493801652892562
Seraphine,Zed,518,265,0.5115830115830116
Leona,Talon,240,114,0.475
Irelia,Orianna,221,118,0.5339366515837104
Aurora,Nidalee,200,104,0.52
Nidalee,Orianna,174,77,0.4425287356321839
Gnar,Lulu,146,78,0.5342465753424658
Diana,Lissandra,211,103,0.4881516587677725
Lillia,Rakan,173,89,0.5144508670520231
Rakan,Zeri,126,71,0.5634920634920635
Azir,Quinn,82,38,0.4634146341463415
Quinn,Taric,101,46,0.45544554455445546
Taric,Zoe,108,62,0.5740740740740741
Nocturne,Soraka,285,156,0.5473684210526316
Kennen,Mordekaiser,232,104,0.4482758620689655
Kaisa,Kennen,329,158,0.48024316109422494
Kennen,Varus,193,102,0.5284974093264249
Chogath,Lucian,580,283,0.4879310344827586
DrMundo,KSante,238,132,0.5546218487394958
KSante,Nami,238,103,0.4327731092436975
Ezreal,Yorick,451,183,0.4057649667405765
Illaoi,Nasus,271,149,0.5498154981549815
Karthus,Lissandra,124,71,0.5725806451612904
Gangplank,Lissandra,90,42,0.4666666666666667
Olaf,Rammus,97,52,0.5360824742268041
Nasus,Taliyah,140,78,0.5571428571428572
Evelynn,Gangplank,101,49,0.48514851485148514
Ashe,Evelynn,396,217,0.547979797979798
Akshan,Varus,236,138,0.5847457627118644
Quinn,Taliyah,107,50,0.4672897196261682
Seraphine,Taliyah,185,91,0.4918918918918919
KSante,Zaahen,271,117,0.4317343173431734
Teemo,Zoe,436,238,0.5458715596330275
Quinn,Udyr,114,56,0.49122807017543857
KSante,Udyr,131,60,0.4580152671755725
Illaoi,Udyr,162,83,0.5123456790123457
Udyr,Xerath,267,147,0.550561797752809
KSante,Zyra,171,68,0.39766081871345027
Xerath,Zyra,394,184,0.467005076142132
Aurora,Riven,224,110,0.49107142857142855
Azir,Nasus,169,67,0.39644970414201186
Anivia,Azir,107,50,0.4672897196261682
Malzahar,Varus,473,262,0.5539112050739958
Gangplank,Tryndamere,169,80,0.47337278106508873
LeeSin,Qiyana,223,119,0.5336322869955157
Chogath,Qiyana,246,138,0.5609756097560976
Qiyana,Soraka,207,84,0.4057971014492754
Nautilus,Neeko,431,218,0.505800464037123
AurelionSol,Riven,206,115,0.558252427184466
AurelionSol,Talon,173,95,0.5491329479768786
Ambessa,Maokai,174,81,0.46551724137931033
Seraphine,Syndra,346,169,0.4884393063583815
Annie,Quinn,151,77,0.5099337748344371
Akali,Lissandra,203,83,0.4088669950738916
Irelia,Singed,207,102,0.4927536231884058
Irelia,Lucian,345,176,0.5101449275362319
Galio,Singed,283,147,0.519434628975265
Khazix,TwistedFate,233,102,0.43776824034334766
Diana,KogMaw,235,99,0.42127659574468085
Diana,Heimerdinger,321,172,0.5358255451713395
Garen,KogMaw,327,152,0.4648318042813456
Ambessa,Jax,390,196,0.5025641025641026
Blitzcrank,Rammus,236,121,0.5127118644067796
Olaf,Velkoz,165,96,0.5818181818181818
Morgana,Olaf,294,149,0.5068027210884354
Evelynn,Yorick,149,69,0.46308724832214765
Yone,Yorick,474,244,0.5147679324894515
Jax,Vex,340,160,0.47058823529411764
Aurora,Evelynn,125,70,0.56
Evelynn,JarvanIV,144,58,0.4027777777777778
AurelionSol,Evelynn,138,69,0.5
Maokai,Rell,132,62,0.4696969696969697
Maokai,Tryndamere,177,85,0.480225988700565
Kayle,Kayle,58,3,0.05172413793103448
Kayle,Rell,206,115,0.558252427184466
Rell,Singed,156,73,0.46794871794871795
Bard,FiddleSticks,212,105,0.49528301886792453
Taric,Tryndamere,129,66,0.5116279069767442
Bard,Taric,127,59,0.4645669291338583
Kayle,Kindred,286,158,0.5524475524475524
KogMaw,Zed,237,117,0.4936708860759494
FiddleSticks,Heimerdinger,226,107,0.47345132743362833
Corki,FiddleSticks,117,61,0.5213675213675214
KogMaw,Twitch,297,157,0.5286195286195287
Malphite,Zoe,397,231,0.5818639798488665
Yone,Zoe,383,215,0.5613577023498695
Xayah,Zoe,227,112,0.4933920704845815
FiddleSticks,Lillia,224,106,0.4732142857142857
Lillia,Zaahen,415,199,0.4795180722891566
Ekko,FiddleSticks,318,143,0.449685534591195
FiddleSticks,Janna,165,92,0.5575757575757576
Janna,Yuumi,164,84,0.5121951219512195
Jax,RekSai,163,90,0.5521472392638037
Kennen,Leona,196,95,0.4846938775510204
RekSai,Yasuo,183,65,0.3551912568306011
RekSai,Varus,101,49,0.48514851485148514
Renekton,Singed,187,79,0.42245989304812837
Aurora,Renekton,179,91,0.5083798882681564
Singed,Syndra,209,101,0.48325358851674644
Hwei,Singed,250,111,0.444
Lucian,Yone,564,285,0.5053191489361702
Heimerdinger,Ziggs,257,127,0.49416342412451364
FiddleSticks,Xerath,267,136,0.5093632958801498
Camille,Zed,189,99,0.5238095238095238
Fiora,Ziggs,162,80,0.49382716049382713
Graves,Zyra,321,151,0.470404984423676
Malphite,Poppy,391,212,0.5421994884910486
Poppy,Syndra,236,112,0.4745762711864407
Bard,Poppy,247,122,0.4939271255060729
Qiyana,Talon,147,71,0.48299319727891155
Syndra,Talon,208,110,0.5288461538461539
Bard,Neeko,237,119,0.5021097046413502
Yunara,Zed,468,223,0.47649572649572647
Cassiopeia,Ezreal,255,117,0.4588235294117647
Cassiopeia,Soraka,150,73,0.4866666666666667
Sion,Vex,274,139,0.5072992700729927
RekSai,Smolder,170,82,0.4823529411764706
RekSai,Sona,108,43,0.39814814814814814
Nilah,Nunu,131,68,0.5190839694656488
AurelionSol,Nilah,131,73,0.5572519083969466
RekSai,Sejuani,75,34,0.4533333333333333
Pyke,XinZhao,375,161,0.42933333333333334
Gnar,Lillia,127,62,0.4881889763779528
Aatrox,Shyvana,156,83,0.532051282051282
Aatrox,Sion,407,204,0.5012285012285013
Shyvana,Udyr,96,45,0.46875
Darius,Taric,211,108,0.5118483412322274
Garen,Taric,243,116,0.4773662551440329
Cassiopeia,Kayn,204,100,0.49019607843137253
Jayce,Singed,154,69,0.44805194805194803
Nocturne,Xerath,304,143,0.47039473684210525
Ahri,Cassiopeia,217,113,0.5207373271889401
Elise,Olaf,67,28,0.417910447761194
Cassiopeia,JarvanIV,137,59,0.4306569343065693
Mel,Rammus,319,164,0.5141065830721003
Kalista,Zaahen,190,80,0.42105263157894735
Ashe,Renata,302,155,0.5132450331125827
Rammus,Sylas,247,122,0.4939271255060729
Azir,Nocturne,158,70,0.4430379746835443
Ivern,Zoe,122,63,0.5163934426229508
Ivern,Nidalee,110,60,0.5454545454545454
Orianna,Zoe,226,104,0.46017699115044247
Fizz,Gnar,153,86,0.5620915032679739
Blitzcrank,Fizz,374,197,0.5267379679144385
Briar,Zac,255,135,0.5294117647058824
Leblanc,Zac,153,69,0.45098039215686275
Xayah,Zac,189,99,0.5238095238095238
Amumu,Leblanc,295,166,0.5627118644067797
Renekton,Sona,214,94,0.4392523364485981
AurelionSol,Azir,173,109,0.630057803468208
Alistar,Sett,368,176,0.4782608695652174
Graves,Yone,407,188,0.4619164619164619
Lux,XinZhao,787,373,0.47395171537484115
Irelia,Tristana,369,169,0.45799457994579945
Kindred,Zed,279,138,0.4946236559139785
Janna,Kindred,165,92,0.5575757575757576
MonkeyKing,Nilah,123,58,0.4715447154471545
Anivia,Kled,91,35,0.38461538461538464
Anivia,Nilah,118,55,0.4661016949152542
Gnar,Kled,74,36,0.4864864864864865
Gnar,TwistedFate,142,73,0.5140845070422535
Annie,Gnar,86,42,0.4883720930232558
Gnar,Senna,219,98,0.4474885844748858
Gnar,Nilah,78,38,0.48717948717948717
Annie,Rammus,114,62,0.543859649122807
Nilah,Rammus,83,38,0.4578313253012048
Swain,Swain,89,4,0.0449438202247191
Riven,Sett,420,181,0.430952380952381
Gangplank,Gnar,104,49,0.47115384615384615
Hecarim,Lillia,185,83,0.4486486486486487
Lillia,Renata,117,58,0.49572649572649574
Fizz,Renata,136,80,0.5882352941176471
Camille,Urgot,111,44,0.3963963963963964
Camille,Vi,131,60,0.4580152671755725
Camille,Kassadin,71,39,0.5492957746478874
Jinx,Kassadin,284,154,0.5422535211267606
Elise,Gragas,87,37,0.42528735632183906
Elise,Hwei,136,71,0.5220588235294118
FiddleSticks,Gnar,127,71,0.5590551181102362
Nidalee,Tristana,330,151,0.4575757575757576
Nidalee,Thresh,343,161,0.46938775510204084
Milio,Ziggs,310,167,0.5387096774193548
Sivir,Vi,281,141,0.501779359430605
Rumble,Yasuo,255,117,0.4588235294117647
Ahri,Rumble,219,118,0.5388127853881278
Qiyana,Veigar,264,115,0.4356060606060606
Talon,Veigar,325,152,0.4676923076923077
Leblanc,TwistedFate,243,112,0.4609053497942387
Qiyana,Riven,197,104,0.5279187817258884
Draven,Gangplank,148,76,0.5135135135135135
Ambessa,Kassadin,127,66,0.5196850393700787
Lissandra,Naafiri,152,83,0.5460526315789473
Ryze,Yunara,257,131,0.5097276264591439
Briar,Kassadin,162,95,0.5864197530864198
Kassadin,Orianna,130,61,0.46923076923076923
Aphelios,Rengar,208,119,0.5721153846153846
Aphelios,Malzahar,414,198,0.4782608695652174
Galio,Gnar,180,104,0.5777777777777777
Gnar,Xayah,145,73,0.503448275862069
Nasus,RekSai,102,53,0.5196078431372549
Gangplank,Shyvana,83,37,0.4457831325301205
RekSai,Shyvana,58,30,0.5172413793103449
Aphelios,Shyvana,112,48,0.42857142857142855
Annie,RekSai,70,43,0.6142857142857143
Kindred,Olaf,117,58,0.49572649572649574
LeeSin,Ornn,249,125,0.5020080321285141
Lulu,Varus,303,141,0.46534653465346537
Evelynn,Malphite,279,149,0.5340501792114696
Evelynn,Yunara,220,103,0.4681818181818182
Evelynn,Zyra,183,73,0.3989071038251366
Nasus,Syndra,266,131,0.4924812030075188
Evelynn,Nasus,158,65,0.41139240506329117
Jayce,Kled,63,27,0.42857142857142855
Kled,LeeSin,113,59,0.5221238938053098
Diana,Kled,170,90,0.5294117647058824
Draven,Senna,332,160,0.4819277108433735
Nocturne,Rakan,168,85,0.5059523809523809
Camille,Gwen,162,77,0.47530864197530864
Cassiopeia,Gwen,146,71,0.4863013698630137
Camille,Mel,296,138,0.46621621621621623
Camille,Zeri,93,42,0.45161290322580644
Cassiopeia,Zeri,89,47,0.5280898876404494
Zeri,Zeri,13,0,0.0
Olaf,Zeri,92,48,0.5217391304347826
Gragas,Zeri,132,64,0.48484848484848486
Yuumi,Zeri,164,89,0.5426829268292683
Camille,Kaisa,313,158,0.5047923322683706
Aatrox,Aurora,258,140,0.5426356589147286
Maokai,Viktor,186,95,0.510752688172043
Ivern,Maokai,122,68,0.5573770491803278
Skarner,Syndra,108,48,0.4444444444444444
Jax,Veigar,719,353,0.4909596662030598
Skarner,Velkoz,127,41,0.3228346456692913
AurelionSol,Urgot,217,102,0.4700460829493088
AurelionSol,RekSai,72,43,0.5972222222222222
Shyvana,Yorick,144,64,0.4444444444444444
Kindred,Shyvana,94,45,0.4787234042553192
RekSai,Tristana,111,55,0.4954954954954955
RekSai,Rengar,94,46,0.48936170212765956
Kassadin,Rakan,79,32,0.4050632911392405
Lulu,Qiyana,190,99,0.5210526315789473
Lulu,Xayah,262,133,0.5076335877862596
Lulu,Rakan,172,77,0.4476744186046512
Graves,Zilean,156,75,0.4807692307692308
Tryndamere,Zilean,135,68,0.5037037037037037
Lissandra,Zilean,99,47,0.47474747474747475
AurelionSol,Graves,202,112,0.5544554455445545
AurelionSol,Lissandra,130,64,0.49230769230769234
Qiyana,Urgot,142,61,0.4295774647887324
Urgot,Veigar,392,180,0.45918367346938777
Ambessa,Ryze,217,114,0.5253456221198156
Lucian,Ryze,271,138,0.5092250922509225
Taric,Udyr,112,59,0.5267857142857143
RekSai,Teemo,159,81,0.5094339622641509
MasterYi,RekSai,123,62,0.5040650406504065
RekSai,Taric,49,23,0.46938775510204084
Gnar,Kayle,164,90,0.5487804878048781
Alistar,Gnar,131,57,0.4351145038167939
Khazix,Urgot,201,98,0.48756218905472637
Ryze,Vladimir,224,121,0.5401785714285714
DrMundo,Taliyah,243,135,0.5555555555555556
Taliyah,Vladimir,156,71,0.4551282051282051
Rengar,Riven,210,91,0.43333333333333335
Kayle,Rengar,245,133,0.5428571428571428
Rengar,Sion,234,113,0.4829059829059829
Amumu,KSante,219,136,0.6210045662100456
KSante,Syndra,139,70,0.5035971223021583
Amumu,Cassiopeia,193,104,0.538860103626943
Cassiopeia,Draven,121,68,0.5619834710743802
Nidalee,Ryze,167,85,0.5089820359281437
Nidalee,Shyvana,108,52,0.48148148148148145
Caitlyn,Caitlyn,138,44,0.3188405797101449
Aphelios,Nidalee,194,104,0.5360824742268041
Aphelios,Yuumi,239,136,0.5690376569037657
Syndra,Zoe,261,132,0.5057471264367817
Illaoi,Shyvana,115,62,0.5391304347826087
Shyvana,Tristana,195,99,0.5076923076923077
Taliyah,Yone,231,113,0.48917748917748916
Azir,Urgot,117,55,0.4700854700854701
Rengar,XinZhao,211,78,0.3696682464454976
Rakan,Rengar,144,78,0.5416666666666666
Azir,Yasuo,301,157,0.521594684385382
Udyr,Vi,180,88,0.4888888888888889
Fiora,Ryze,140,70,0.5
Chogath,Warwick,691,347,0.5021707670043415
Azir,Fizz,132,65,0.49242424242424243
Azir,Jayce,103,47,0.4563106796116505
Draven,Jayce,179,90,0.5027932960893855
Illaoi,Jayce,131,79,0.6030534351145038
Sejuani,Trundle,184,91,0.4945652173913043
Sejuani,Taric,77,37,0.4805194805194805
Sejuani,Zed,199,91,0.457286432160804
Poppy,Sejuani,134,60,0.44776119402985076
Anivia,Trundle,182,88,0.4835164835164835
Anivia,Taric,122,50,0.4098360655737705
Anivia,Zed,290,139,0.4793103448275862
Nocturne,Smolder,479,259,0.5407098121085595
Darius,Rumble,185,84,0.4540540540540541
Jinx,Rumble,327,155,0.4740061162079511
Anivia,Darius,329,173,0.5258358662613982
Evelynn,Kayle,189,94,0.4973544973544973
Aatrox,Nidalee,230,119,0.5173913043478261
Kennen,MonkeyKing,121,49,0.4049586776859504
MonkeyKing,Nidalee,165,82,0.49696969696969695
Nidalee,Viktor,186,102,0.5483870967741935
Kennen,Seraphine,210,107,0.5095238095238095
Akshan,Akshan,13,3,0.23076923076923078
Viktor,Yorick,236,113,0.4788135593220339
Zed,Zoe,321,172,0.5358255451713395
Xerath,Xerath,23,8,0.34782608695652173
TahmKench,Zoe,231,130,0.5627705627705628
Annie,Zoe,162,103,0.6358024691358025
MonkeyKing,Zoe,218,124,0.5688073394495413
Ivern,Kayn,206,99,0.48058252427184467
FiddleSticks,MonkeyKing,204,96,0.47058823529411764
Alistar,FiddleSticks,198,95,0.4797979797979798
Ivern,Soraka,163,72,0.44171779141104295
Fiora,Tristana,236,106,0.4491525423728814
Diana,Fiora,275,151,0.5490909090909091
Janna,Olaf,106,51,0.4811320754716981
Khazix,Tryndamere,194,89,0.4587628865979381
Bard,Gwen,261,121,0.46360153256704983
Chogath,Zeri,268,148,0.5522388059701493
Leblanc,Zeri,155,66,0.4258064516129032
Ezreal,Shen,494,209,0.4230769230769231
Garen,Zac,323,183,0.56656346749226
Zac,Zoe,156,76,0.48717948717948717
Aphelios,Zoe,232,120,0.5172413793103449
Talon,Vex,146,66,0.4520547945205479
Akali,Udyr,240,110,0.4583333333333333
Fiora,Taric,86,41,0.47674418604651164
Anivia,Gwen,207,106,0.5120772946859904
Amumu,Qiyana,210,134,0.638095238095238
Anivia,Qiyana,131,80,0.6106870229007634
Corki,Sylas,217,112,0.5161290322580645
Bard,Pyke,312,163,0.5224358974358975
Nunu,Zilean,160,77,0.48125
Amumu,Ryze,276,154,0.5579710144927537
Ryze,Yone,333,161,0.48348348348348347
Ryze,Zilean,148,75,0.5067567567567568
Alistar,Twitch,258,118,0.4573643410852713
Alistar,Zilean,147,58,0.3945578231292517
Ahri,Illaoi,435,226,0.5195402298850574
Rumble,Sett,246,110,0.44715447154471544
Olaf,Teemo,302,162,0.5364238410596026
Belveth,DrMundo,235,122,0.5191489361702127
Belveth,Darius,216,118,0.5462962962962963
Belveth,Syndra,138,62,0.4492753623188406
Heimerdinger,Ornn,215,114,0.5302325581395348
Braum,Varus,257,134,0.5214007782101168
Ryze,Ziggs,196,96,0.4897959183673469
Camille,Leblanc,108,51,0.4722222222222222
Leblanc,Samira,209,86,0.41148325358851673
Camille,Lux,375,175,0.4666666666666667
Karthus,Vex,152,79,0.5197368421052632
Nasus,Urgot,293,129,0.4402730375426621
Urgot,Xayah,208,109,0.5240384615384616
MonkeyKing,Singed,203,93,0.458128078817734
Akshan,Kassadin,94,50,0.5319148936170213
Akshan,Shaco,276,150,0.5434782608695652
Kennen,Nasus,162,60,0.37037037037037035
Braum,Kennen,129,66,0.5116279069767442
JarvanIV,Riven,239,120,0.502092050209205
Nami,Riven,397,220,0.5541561712846348
JarvanIV,Sejuani,138,79,0.572463768115942
Ekko,Syndra,343,183,0.5335276967930029
Lissandra,Talon,100,42,0.42
Tryndamere,Xerath,278,152,0.5467625899280576
Aurora,Trundle,243,128,0.5267489711934157
Illaoi,Swain,317,158,0.49842271293375395
Illaoi,Nilah,132,75,0.5681818181818182
Aurora,Nilah,106,45,0.42452830188679247
Kayn,Rakan,283,140,0.49469964664310956
Aurora,Rakan,143,80,0.5594405594405595
AurelionSol,Twitch,330,157,0.47575757575757577
Fiora,Vladimir,181,81,0.44751381215469616
Ambessa,KSante,171,101,0.5906432748538012
KSante,Rengar,128,51,0.3984375
KSante,Viktor,121,54,0.4462809917355372
KSante,Nilah,62,27,0.43548387096774194
FiddleSticks,Nilah,107,51,0.4766355140186916
Janna,Ornn,189,94,0.4973544973544973
Jayce,Malzahar,246,107,0.4349593495934959
Corki,TwistedFate,171,96,0.5614035087719298
Elise,Singed,145,57,0.3931034482758621
Elise,Orianna,114,57,0.5
Qiyana,Zilean,105,53,0.5047619047619047
Elise,Zilean,74,38,0.5135135135135135
Corki,XinZhao,157,70,0.445859872611465
Annie,XinZhao,182,104,0.5714285714285714
Corki,KogMaw,131,70,0.5343511450381679
Corki,Draven,135,64,0.4740740740740741
Annie,Draven,167,93,0.5568862275449101
Annie,Varus,257,139,0.5408560311284046
JarvanIV,Yorick,231,94,0.4069264069264069
Kennen,Yorick,136,57,0.41911764705882354
Gnar,Kennen,103,54,0.5242718446601942
Galio,Sejuani,181,95,0.5248618784530387
Sejuani,Sivir,158,83,0.5253164556962026
Nocturne,Renekton,222,107,0.481981981981982
Gangplank,Sivir,199,94,0.4723618090452261
Blitzcrank,LeeSin,381,201,0.5275590551181102
Riven,Zilean,164,74,0.45121951219512196
Nocturne,Zilean,148,81,0.5472972972972973
Kindred,Neeko,224,102,0.45535714285714285
Graves,Rammus,150,72,0.48
Ekko,Rammus,184,104,0.5652173913043478
Ornn,Viego,352,178,0.5056818181818182
Orianna,Sona,218,98,0.44954128440366975
Nami,Rakan,260,137,0.5269230769230769
Aphelios,Illaoi,181,98,0.5414364640883977
Leblanc,Naafiri,186,85,0.45698924731182794
Leblanc,Lissandra,149,63,0.4228187919463087
Aphelios,Leblanc,236,130,0.5508474576271186
Corki,Naafiri,107,53,0.4953271028037383
Anivia,Shyvana,107,59,0.5514018691588785
Akali,Xayah,323,171,0.5294117647058824
Veigar,Xayah,458,236,0.5152838427947598
Shyvana,Smolder,263,131,0.49809885931558934
Kennen,Shyvana,85,44,0.5176470588235295
Kennen,Rammus,98,33,0.336734693877551
Ahri,Ivern,241,122,0.5062240663900415
Rumble,Trundle,123,73,0.5934959349593496
Elise,Sona,145,68,0.4689655172413793
Kennen,Sivir,173,78,0.4508670520231214
Garen,Kassadin,201,109,0.5422885572139303
Amumu,Rell,246,139,0.5650406504065041
Kennen,Rell,101,36,0.3564356435643564
Cassiopeia,Kennen,80,31,0.3875
Cassiopeia,Tristana,196,94,0.47959183673469385
Katarina,Quinn,199,105,0.5276381909547738
Braum,Olaf,106,44,0.41509433962264153
Aurora,Braum,190,113,0.5947368421052631
Ambessa,Graves,260,144,0.5538461538461539
Talon,Zoe,159,77,0.48427672955974843
Neeko,Zoe,262,120,0.4580152671755725
Maokai,Vayne,367,184,0.5013623978201635
Akshan,FiddleSticks,185,92,0.4972972972972973
Ambessa,Evelynn,145,80,0.5517241379310345
Ambessa,Lucian,335,169,0.5044776119402985
Naafiri,Quinn,147,69,0.46938775510204084
Taric,Varus,167,82,0.49101796407185627
Lissandra,Viego,159,90,0.5660377358490566
Tryndamere,Zoe,153,74,0.48366013071895425
Riven,Tristana,339,150,0.4424778761061947
Karma,Riven,242,133,0.5495867768595041
Braum,Galio,278,138,0.49640287769784175
Annie,Tryndamere,184,80,0.43478260869565216
Irelia,Shaco,335,183,0.5462686567164179
Azir,Soraka,169,64,0.378698224852071
Ambessa,Kled,87,44,0.5057471264367817
Karthus,Urgot,154,74,0.4805194805194805
Lucian,Urgot,289,138,0.47750865051903113
Nautilus,Zoe,366,200,0.546448087431694
Karthus,Twitch,256,121,0.47265625
Karthus,Seraphine,233,125,0.5364806866952789
Hecarim,Heimerdinger,154,62,0.4025974025974026
Hecarim,Nocturne,184,82,0.44565217391304346
Gwen,Hwei,298,156,0.5234899328859061
Hwei,MonkeyKing,242,122,0.5041322314049587
Hwei,Sylas,433,227,0.5242494226327945
Gwen,Janna,180,77,0.42777777777777776
Elise,Yorick,132,63,0.4772727272727273
Kayle,Shyvana,177,84,0.4745762711864407
Elise,Shyvana,54,25,0.46296296296296297
Shyvana,Varus,178,81,0.4550561797752809
Ezreal,Kayle,504,219,0.43452380952380953
Orianna,Warwick,331,158,0.4773413897280967
Garen,Nocturne,469,247,0.5266524520255863
Evelynn,Vladimir,142,75,0.528169014084507
Shaco,Vladimir,321,170,0.5295950155763239
FiddleSticks,Fiora,156,82,0.5256410256410257
Orianna,Sion,297,140,0.4713804713804714
KogMaw,Zaahen,242,103,0.4256198347107438
Irelia,KogMaw,182,85,0.46703296703296704
Fizz,Janna,192,95,0.4947916666666667
Leblanc,Rell,111,63,0.5675675675675675
Ezreal,KogMaw,357,163,0.4565826330532213
Katarina,Kayle,337,170,0.5044510385756676
Ambessa,Orianna,248,134,0.5403225806451613
Poppy,Shen,287,139,0.4843205574912892
Heimerdinger,Leona,305,145,0.47540983606557374
Janna,MasterYi,249,110,0.44176706827309237
Ornn,Poppy,235,122,0.5191489361702127
Warwick,Zilean,257,130,0.5058365758754864
Taric,Zilean,98,48,0.4897959183673469
Nilah,Taric,82,36,0.43902439024390244
KSante,Vladimir,145,68,0.4689655172413793
Ambessa,Morgana,505,248,0.4910891089108911
Camille,Renekton,130,56,0.4307692307692308
Camille,Corki,82,35,0.4268292682926829
Corki,Khazix,113,62,0.5486725663716814
Corki,Milio,150,78,0.52
Camille,Xayah,130,58,0.4461538461538462
Camille,Yorick,116,48,0.41379310344827586
Camille,Naafiri,108,51,0.4722222222222222
Naafiri,Nidalee,139,77,0.5539568345323741
Rengar,Vex,155,70,0.45161290322580644
JarvanIV,Milio,345,162,0.46956521739130436
Belveth,Milio,130,73,0.5615384615384615
Belveth,Skarner,69,37,0.5362318840579711
Ambessa,Milio,292,143,0.4897260273972603
Ambessa,Skarner,93,53,0.5698924731182796
Bard,Skarner,89,46,0.5168539325842697
Draven,TahmKench,226,116,0.5132743362831859
Aphelios,Draven,195,99,0.5076923076923077
Aphelios,Heimerdinger,198,104,0.5252525252525253
Fiora,Jax,266,117,0.4398496240601504
Aurora,Fiora,165,76,0.46060606060606063
Aurora,Belveth,126,69,0.5476190476190477
Belveth,Pyke,200,99,0.495
Vladimir,Xayah,263,137,0.5209125475285171
Khazix,Rumble,104,49,0.47115384615384615
Ezreal,Vex,369,154,0.4173441734417344
Lucian,Nasus,376,182,0.48404255319148937
Pyke,Renata,186,97,0.521505376344086
Renata,Zyra,137,51,0.3722627737226277
Belveth,Yunara,178,104,0.5842696629213483
Renata,Yunara,175,96,0.5485714285714286
Bard,Belveth,138,68,0.4927536231884058
Bard,Renata,108,46,0.42592592592592593
Belveth,Renekton,125,64,0.512
Renata,Renekton,101,48,0.4752475247524752
Vi,Yone,377,201,0.53315649867374
Hwei,TahmKench,283,164,0.5795053003533569
Lissandra,Viktor,149,77,0.5167785234899329
Pantheon,Taric,239,110,0.4602510460251046
Nautilus,Taric,272,118,0.4338235294117647
Kassadin,Yorick,112,48,0.42857142857142855
Kassadin,Veigar,224,115,0.5133928571428571
Kennen,Syndra,142,74,0.5211267605633803
Kennen,Veigar,250,116,0.464
Illaoi,Ornn,208,117,0.5625
Diana,Evelynn,261,144,0.5517241379310345
Heimerdinger,Orianna,186,103,0.553763440860215
Janna,JarvanIV,212,102,0.4811320754716981
Janna,Orianna,188,88,0.46808510638297873
Janna,Yorick,162,81,0.5
Aatrox,Twitch,419,216,0.5155131264916468
Sivir,Zac,222,123,0.5540540540540541
Riven,Vi,216,103,0.47685185185185186
Kayle,XinZhao,342,146,0.4269005847953216
XinZhao,Zac,229,123,0.537117903930131
Nidalee,Vi,173,84,0.48554913294797686
Corki,Yone,208,104,0.5
Gwen,Lillia,312,133,0.42628205128205127
Azir,Gwen,178,71,0.398876404494382
Azir,Corki,88,45,0.5113636363636364
Gwen,Renata,135,67,0.4962962962962963
Corki,Renata,86,47,0.5465116279069767
Akshan,KSante,96,48,0.5
TahmKench,Vex,235,109,0.46382978723404256
Sivir,Vex,281,134,0.47686832740213525
Kassadin,Rammus,85,37,0.43529411764705883
Ezreal,Rammus,242,101,0.41735537190082644
Fiora,Poppy,140,69,0.4928571428571429
Poppy,Taric,144,72,0.5
Poppy,Talon,181,97,0.5359116022099447
Fiora,Kindred,159,82,0.5157232704402516
Kindred,Taric,109,57,0.5229357798165137
Kindred,Talon,138,70,0.5072463768115942
Fiora,Lux,525,248,0.4723809523809524
Naafiri,Pantheon,405,198,0.4888888888888889
TahmKench,Talon,161,76,0.4720496894409938
Heimerdinger,Taric,129,57,0.4418604651162791
Heimerdinger,Naafiri,192,107,0.5572916666666666
Lissandra,Veigar,233,111,0.47639484978540775
LeeSin,Shyvana,156,77,0.4935897435897436
Bard,Darius,364,181,0.49725274725274726
Orianna,Shyvana,110,47,0.42727272727272725
Sylas,Udyr,319,182,0.5705329153605015
Gragas,Samira,214,91,0.4252336448598131
Karthus,Qiyana,111,68,0.6126126126126126
Karthus,Riven,149,75,0.5033557046979866
Galio,KSante,191,101,0.5287958115183246
Graves,Lissandra,143,75,0.5244755244755245
Lissandra,Singed,126,69,0.5476190476190477
Lissandra,Varus,187,108,0.5775401069518716
Aurora,RekSai,73,30,0.410958904109589
Aurora,Malzahar,350,157,0.44857142857142857
Aurora,Renata,117,49,0.4188034188034188
JarvanIV,RekSai,92,50,0.5434782608695652
JarvanIV,Renata,129,60,0.46511627906976744
Katarina,Renata,132,66,0.5
Rakan,RekSai,85,41,0.4823529411764706
Nilah,Rakan,98,46,0.46938775510204084
Hwei,Nidalee,246,132,0.5365853658536586
Hwei,Leblanc,247,136,0.5506072874493927
Khazix,Zac,136,64,0.47058823529411764
Azir,Khazix,143,64,0.44755244755244755
Azir,Velkoz,165,74,0.4484848484848485
Rengar,TahmKench,208,88,0.4230769230769231
Maokai,Ryze,181,87,0.48066298342541436
MissFortune,MissFortune,136,44,0.3235294117647059
Annie,Zeri,115,72,0.6260869565217392
Cassiopeia,Illaoi,103,52,0.5048543689320388
Sett,Viktor,369,189,0.5121951219512195
Fizz,Nasus,320,155,0.484375
LeeSin,Skarner,112,57,0.5089285714285714
Sett,Skarner,172,99,0.5755813953488372
Rumble,Yone,197,96,0.4873096446700508
Chogath,Rumble,201,106,0.527363184079602
Rumble,Singed,124,61,0.49193548387096775
Kennen,Rumble,87,40,0.45977011494252873
Brand,Renata,208,115,0.5528846153846154
Ekko,Renata,155,71,0.45806451612903226
Renata,Vayne,228,106,0.4649122807017544
Kaisa,Renata,279,135,0.4838709677419355
FiddleSticks,TwistedFate,236,129,0.5466101694915254
FiddleSticks,Sona,211,114,0.5402843601895735
Rengar,Zoe,199,94,0.4723618090452261
Camille,Gnar,78,36,0.46153846153846156
Camille,Gangplank,92,49,0.532608695652174
Karthus,Sona,172,77,0.4476744186046512
Milio,Singed,231,117,0.5064935064935064
Nasus,Yuumi,289,164,0.5674740484429066
TahmKench,Urgot,267,116,0.4344569288389513
Amumu,Kindred,291,169,0.5807560137457045
Galio,Thresh,504,281,0.5575396825396826
Pantheon,Rakan,308,152,0.4935064935064935
Kalista,Vi,120,50,0.4166666666666667
Urgot,Vi,232,112,0.4827586206896552
AurelionSol,Rammus,141,70,0.49645390070921985
Alistar,Malphite,394,186,0.4720812182741117
Morgana,Morgana,95,15,0.15789473684210525
Kalista,Pantheon,188,80,0.425531914893617
Ryze,Senna,281,155,0.5516014234875445
Leblanc,Pyke,307,163,0.5309446254071661
Ambessa,Rumble,124,53,0.4274193548387097
Jax,Vladimir,412,225,0.5461165048543689
Rammus,Tryndamere,188,93,0.4946808510638298
Irelia,Vi,204,97,0.47549019607843135
Irelia,Tryndamere,200,88,0.44
Garen,Nilah,225,122,0.5422222222222223
Nilah,Sylas,240,132,0.55
Kennen,Nilah,74,37,0.5
Kennen,TwistedFate,164,86,0.524390243902439
Kennen,Kennen,14,0,0.0
Jax,Kennen,241,132,0.5477178423236515
Samira,Skarner,111,49,0.44144144144144143
Annie,Skarner,73,41,0.5616438356164384
Annie,TwistedFate,213,137,0.6431924882629108
Annie,Nilah,130,57,0.43846153846153846
Annie,Lissandra,108,44,0.4074074074074074
Skarner,Warwick,179,84,0.4692737430167598
Lissandra,Warwick,198,88,0.4444444444444444
Rell,Skarner,76,49,0.6447368421052632
Rell,TwistedFate,170,100,0.5882352941176471
MasterYi,Rell,271,141,0.5202952029520295
Nilah,Rell,87,40,0.45977011494252873
Evelynn,Skarner,64,32,0.5
Evelynn,Lissandra,91,48,0.5274725274725275
Fiora,KSante,142,85,0.5985915492957746
KSante,TwistedFate,142,74,0.5211267605633803
KSante,Varus,160,74,0.4625
Fiora,Janna,116,65,0.5603448275862069
Qiyana,Samira,152,60,0.39473684210526316
Renata,Shyvana,60,29,0.48333333333333334
Hwei,Twitch,392,205,0.5229591836734694
Ivern,Naafiri,122,53,0.4344262295081967
Fizz,Taric,158,72,0.45569620253164556
Taric,Vi,106,51,0.4811320754716981
Karma,Kindred,217,115,0.5299539170506913
Rakan,Xerath,184,89,0.483695652173913
RekSai,Zeri,54,24,0.4444444444444444
Draven,Malzahar,330,147,0.44545454545454544
Lissandra,TwistedFate,165,89,0.5393939393939394
Lissandra,Smolder,263,129,0.49049429657794674
Orianna,Pyke,307,162,0.5276872964169381
Gnar,RekSai,61,31,0.5081967213114754
Kindred,RekSai,78,41,0.5256410256410257
Gnar,Orianna,153,74,0.48366013071895425
Kindred,Orianna,206,105,0.5097087378640777
Kindred,Nilah,112,56,0.5
Mel,Nilah,279,134,0.48028673835125446
Rakan,Yuumi,168,90,0.5357142857142857
Camille,Kayn,229,105,0.4585152838427948
Nunu,TwistedFate,250,142,0.568
Xayah,Zed,401,215,0.5361596009975063
Jayce,Ryze,167,81,0.48502994011976047
Jayce,Urgot,135,55,0.4074074074074074
Kayn,Taric,205,103,0.5024390243902439
Trundle,Zilean,165,71,0.4303030303030303
Aurora,Zeri,160,74,0.4625
Aurora,Shaco,308,145,0.4707792207792208
Olaf,Sona,140,67,0.4785714285714286
Briar,Illaoi,277,129,0.4657039711191336
Naafiri,Varus,236,123,0.5211864406779662
Fizz,Viktor,243,116,0.4773662551440329
Alistar,Lillia,205,95,0.4634146341463415
Sett,Taliyah,208,127,0.6105769230769231
Sivir,Taliyah,138,82,0.5942028985507246
KogMaw,Naafiri,139,76,0.5467625899280576
Naafiri,Sylas,399,192,0.48120300751879697
Lucian,Shen,379,181,0.47757255936675463
KogMaw,Varus,245,132,0.5387755102040817
Belveth,JarvanIV,134,66,0.4925373134328358
JarvanIV,Ryze,194,105,0.5412371134020618
Poppy,Ryze,185,82,0.44324324324324327
Alistar,Gangplank,161,92,0.5714285714285714
Alistar,Syndra,222,124,0.5585585585585585
Alistar,Poppy,208,95,0.4567307692307692
Akshan,Nasus,206,81,0.3932038834951456
Kassadin,Vladimir,137,61,0.44525547445255476
Vladimir,Zeri,148,74,0.5
RekSai,Shaco,117,61,0.5213675213675214
Hwei,Urgot,237,120,0.5063291139240507
Gwen,Nilah,161,81,0.5031055900621118
Cassiopeia,Nilah,85,40,0.47058823529411764
Cassiopeia,Leona,197,95,0.48223350253807107
Cassiopeia,Singed,122,58,0.47540983606557374
Kindred,Leona,276,127,0.4601449275362319
Elise,Kayle,159,80,0.5031446540880503
Elise,Nilah,62,34,0.5483870967741935
Elise,Velkoz,171,78,0.45614035087719296
Briar,Nunu,291,154,0.5292096219931272
RekSai,Ryze,73,31,0.4246575342465753
RekSai,Soraka,83,34,0.40963855421686746
KSante,Rammus,86,36,0.4186046511627907
Lissandra,Rammus,95,47,0.49473684210526314
Fiora,Gangplank,127,64,0.5039370078740157
Fiora,Lissandra,86,40,0.46511627906976744
Azir,KSante,95,39,0.4105263157894737
Azir,Xerath,203,80,0.39408866995073893
Azir,Lissandra,83,31,0.37349397590361444
Olaf,Trundle,144,70,0.4861111111111111
Olaf,Rengar,102,66,0.6470588235294118
Rengar,Yone,364,178,0.489010989010989
Lulu,Samira,285,138,0.4842105263157895
Anivia,Camille,92,48,0.5217391304347826
Camille,Illaoi,102,41,0.4019607843137255
Azir,Ryze,108,47,0.4351851851851852
Anivia,Sejuani,137,76,0.5547445255474452
Sejuani,Senna,206,91,0.441747572815534
Ryze,Sejuani,120,59,0.49166666666666664
Karma,Ryze,247,121,0.4898785425101215
Galio,Riven,290,152,0.5241379310344828
Anivia,Karthus,146,68,0.4657534246575342
Anivia,Sona,226,102,0.45132743362831856
Anivia,Riven,204,108,0.5294117647058824
Naafiri,Smolder,420,205,0.4880952380952381
MonkeyKing,Yorick,255,128,0.5019607843137255
MonkeyKing,Riven,212,128,0.6037735849056604
Azir,MonkeyKing,122,43,0.3524590163934426
KSante,Zeri,96,43,0.4479166666666667
Amumu,Zeri,233,142,0.6094420600858369
Sion,Yorick,401,193,0.48129675810473815
Riven,Syndra,217,101,0.46543778801843316
Hecarim,Xerath,209,97,0.46411483253588515
Kennen,Xerath,154,74,0.4805194805194805
Naafiri,TwistedFate,218,120,0.5504587155963303
Aatrox,Veigar,502,245,0.48804780876494025
Maokai,Nidalee,178,85,0.47752808988764045
Akshan,Khazix,169,96,0.5680473372781065
Renekton,Sion,289,142,0.4913494809688581
Alistar,Sion,302,131,0.4337748344370861
Alistar,Nilah,118,60,0.5084745762711864
Hecarim,Lulu,215,101,0.4697674418604651
Alistar,Lulu,230,123,0.5347826086956522
Diana,Khazix,387,216,0.5581395348837209
Seraphine,Zeri,239,125,0.5230125523012552
Ahri,Camille,238,129,0.542016806722689
Gnar,Shaco,215,104,0.48372093023255813
Anivia,Gnar,125,64,0.512
Anivia,Rakan,122,58,0.47540983606557374
Bard,Gnar,125,64,0.512
Alistar,Ryze,176,80,0.45454545454545453
Gragas,Ryze,154,72,0.4675324675324675
Gragas,Rakan,143,72,0.5034965034965035
Olaf,RekSai,57,31,0.543859649122807
Olaf,Pantheon,216,122,0.5648148148148148
Karthus,RekSai,59,30,0.5084745762711864
Karthus,Renata,87,42,0.4827586206896552
Renata,Taric,61,31,0.5081967213114754
Lissandra,Taric,82,38,0.4634146341463415
Riven,Taric,106,55,0.5188679245283019
Gwen,RekSai,111,58,0.5225225225225225
Annie,Gwen,188,92,0.48936170212765956
Nasus,Nasus,36,4,0.1111111111111111
Kalista,Ziggs,119,61,0.5126050420168067
Lux,Renata,297,155,0.5218855218855218
Alistar,Ziggs,184,85,0.46195652173913043
Kassadin,Trundle,106,44,0.41509433962264153
Kassadin,Soraka,145,64,0.4413793103448276
Lillia,Rell,170,104,0.611764705882353
Alistar,Viego,281,150,0.5338078291814946
Shyvana,Viego,215,105,0.4883720930232558
Ezreal,Shyvana,224,93,0.41517857142857145
Fiora,Gragas,136,68,0.5
Annie,Yorick,188,95,0.5053191489361702
Velkoz,Yorick,284,140,0.49295774647887325
Fiora,Neeko,175,80,0.45714285714285713
MonkeyKing,Nunu,214,118,0.5514018691588785
Fiora,Singed,182,91,0.5
MonkeyKing,Zac,167,86,0.5149700598802395
AurelionSol,MonkeyKing,182,89,0.489010989010989
Camille,Olaf,79,28,0.35443037974683544
Camille,Sylas,254,120,0.47244094488188976
Olaf,Taliyah,77,47,0.6103896103896104
Alistar,Quinn,142,75,0.528169014084507
Anivia,Yorick,187,103,0.5508021390374331
Anivia,Urgot,155,78,0.5032258064516129
Urgot,Varus,283,168,0.5936395759717314
Aatrox,Akshan,217,107,0.4930875576036866
KogMaw,Shyvana,102,51,0.5
Belveth,KogMaw,82,45,0.5487804878048781
Belveth,Rakan,92,42,0.45652173913043476
Amumu,KogMaw,258,128,0.49612403100775193
Anivia,Olaf,109,47,0.43119266055045874
Maokai,Rumble,126,62,0.49206349206349204
Ezreal,Maokai,362,159,0.43922651933701656
Braum,Maokai,144,69,0.4791666666666667
Karma,Rakan,194,88,0.4536082474226804
Rakan,Rumble,97,43,0.44329896907216493
Rumble,Seraphine,184,99,0.5380434782608695
Blitzcrank,Braum,296,154,0.5202702702702703
Darius,Renata,181,107,0.5911602209944752
Ivern,Renekton,136,70,0.5147058823529411
Irelia,Renata,110,51,0.4636363636363636
Evelynn,Renata,64,34,0.53125
Evelynn,Katarina,154,83,0.538961038961039
Ezreal,Renata,198,106,0.5353535353535354
Garen,Renata,185,102,0.5513513513513514
LeeSin,Udyr,214,97,0.4532710280373832
Kindred,Sona,196,84,0.42857142857142855
Aphelios,Lillia,254,123,0.484251968503937
Hecarim,Shen,198,92,0.46464646464646464
Hecarim,Zaahen,271,130,0.4797047970479705
FiddleSticks,KSante,131,83,0.6335877862595419
Cassiopeia,MasterYi,192,92,0.4791666666666667
TwistedFate,Zilean,186,93,0.5
Cassiopeia,Zilean,105,47,0.44761904761904764
Diana,Shaco,560,303,0.5410714285714285
KogMaw,Leblanc,167,93,0.5568862275449101
Karma,Kassadin,127,63,0.49606299212598426
Briar,Corki,138,70,0.5072463768115942
Ambessa,Corki,140,76,0.5428571428571428
Quinn,Warwick,278,142,0.5107913669064749
Ivern,Rammus,84,43,0.5119047619047619
Belveth,Ivern,88,42,0.4772727272727273
Ivern,Ivern,22,1,0.045454545454545456
Camille,Twitch,166,87,0.5240963855421686
Camille,Ornn,132,62,0.4696969696969697
Camille,Rammus,91,39,0.42857142857142855
Belveth,Rammus,93,49,0.5268817204301075
Belveth,Belveth,60,0,0.0
Belveth,Gragas,95,60,0.631578947368421
Rell,Teemo,267,129,0.48314606741573035
Jax,Sejuani,224,113,0.5044642857142857
Rakan,Sejuani,79,40,0.5063291139240507
Anivia,Renata,110,58,0.5272727272727272
Camille,Riven,143,70,0.48951048951048953
Leblanc,Riven,230,103,0.44782608695652176
Karthus,LeeSin,201,103,0.5124378109452736
FiddleSticks,Zeri,163,87,0.5337423312883436
Kindred,Zeri,135,64,0.4740740740740741
Orianna,Zeri,159,87,0.5471698113207547
Nocturne,Swain,363,180,0.49586776859504134
Graves,Singed,206,88,0.42718446601941745
Graves,Quinn,181,96,0.5303867403314917
Singed,Zilean,196,98,0.5
Cassiopeia,MonkeyKing,107,52,0.48598130841121495
Cassiopeia,Gangplank,86,45,0.5232558139534884
MonkeyKing,Thresh,383,198,0.5169712793733682
Gangplank,Taliyah,88,51,0.5795454545454546
Renekton,Talon,186,97,0.521505376344086
Pyke,TwistedFate,355,167,0.4704225352112676
Gragas,Illaoi,148,68,0.4594594594594595
Illaoi,LeeSin,223,122,0.547085201793722
Graves,Leblanc,211,97,0.4597156398104265
Poppy,Smolder,429,206,0.4801864801864802
Blitzcrank,Poppy,272,141,0.5183823529411765
Poppy,Sona,213,89,0.41784037558685444
Blitzcrank,Vladimir,346,195,0.5635838150289018
Sejuani,Sona,140,67,0.4785714285714286
FiddleSticks,Zac,159,90,0.5660377358490566
Janna,Sion,260,130,0.5
Rakan,TwistedFate,167,98,0.5868263473053892
Aurora,Elise,135,71,0.5259259259259259
Kayle,Rakan,209,107,0.5119617224880383
Rakan,Zed,226,128,0.5663716814159292
Khazix,Kindred,180,91,0.5055555555555555
Gangplank,Leblanc,175,91,0.52
Akali,Gnar,189,94,0.4973544973544973
Akali,Vi,302,127,0.4205298013245033
Akali,Leblanc,306,158,0.5163398692810458
Hwei,Vi,270,141,0.5222222222222223
Poppy,TahmKench,240,126,0.525
Kaisa,Riven,531,242,0.455743879472693
Gangplank,Gragas,136,69,0.5073529411764706
Evelynn,Rakan,100,53,0.53
Lillia,Orianna,245,139,0.5673469387755102
Karma,Nidalee,227,115,0.5066079295154186
Nidalee,Velkoz,232,107,0.46120689655172414
Ambessa,Nidalee,178,91,0.5112359550561798
Kassadin,Leona,172,74,0.43023255813953487
Fiora,Kassadin,86,48,0.5581395348837209
Qiyana,Ryze,132,56,0.42424242424242425
Galio,Illaoi,265,150,0.5660377358490566
Anivia,Ryze,172,88,0.5116279069767442
Anivia,Illaoi,174,81,0.46551724137931033
MonkeyKing,Skarner,69,34,0.4927536231884058
MonkeyKing,Swain,293,135,0.46075085324232085
Neeko,Skarner,100,58,0.58
KogMaw,Sejuani,102,54,0.5294117647058824
Kindred,Viktor,195,99,0.5076923076923077
Kindred,Milio,242,101,0.41735537190082644
Aphelios,Shaco,344,192,0.5581395348837209
MasterYi,XinZhao,439,207,0.4715261958997722
Kalista,Karthus,96,43,0.4479166666666667
Kalista,Vladimir,119,59,0.4957983193277311
Karthus,Shyvana,88,41,0.4659090909090909
Ivern,Viktor,107,57,0.5327102803738317
Sejuani,Velkoz,152,78,0.5131578947368421
KogMaw,Tristana,307,170,0.5537459283387622
Orianna,Thresh,458,232,0.5065502183406113
Ivern,Malzahar,202,93,0.4603960396039604
Alistar,Galio,291,119,0.40893470790378006
Xerath,Zac,223,111,0.4977578475336323
Graves,Teemo,468,227,0.48504273504273504
TahmKench,Tryndamere,275,126,0.4581818181818182
Kindred,Samira,211,98,0.46445497630331756
Janna,Samira,176,85,0.48295454545454547
Fizz,Fizz,45,6,0.13333333333333333
Fizz,Nilah,139,75,0.539568345323741
Fizz,Rengar,250,143,0.572
Ornn,Rengar,210,108,0.5142857142857142
Hwei,Poppy,250,131,0.524
Lissandra,Zed,259,136,0.525096525096525
Lissandra,Vladimir,138,60,0.43478260869565216
Fizz,Rakan,182,98,0.5384615384615384
RekSai,Renata,39,12,0.3076923076923077
Lissandra,Rakan,80,46,0.575
Poppy,Rakan,180,81,0.45
Quinn,Rakan,116,64,0.5517241379310345
Gwen,Vex,225,115,0.5111111111111111
Kled,RekSai,38,24,0.631578947368421
RekSai,Velkoz,92,43,0.4673913043478261
Nidalee,RekSai,75,39,0.52
Nidalee,Skarner,74,34,0.4594594594594595
Hwei,Leona,389,198,0.5089974293059126
RekSai,Sion,140,68,0.4857142857142857
Draven,Sion,318,147,0.46226415094339623
Hecarim,Rakan,124,60,0.4838709677419355
Draven,Vladimir,236,115,0.4872881355932203
RekSai,Seraphine,112,59,0.5267857142857143
Amumu,Anivia,278,147,0.5287769784172662
Amumu,Kassadin,165,86,0.5212121212121212
Aatrox,Kassadin,156,76,0.48717948717948717
Illaoi,KogMaw,140,72,0.5142857142857142
KogMaw,Sylas,257,135,0.5252918287937743
Darius,Kled,180,91,0.5055555555555555
Corki,Darius,228,110,0.4824561403508772
Corki,Galio,178,87,0.4887640449438202
Amumu,RekSai,122,70,0.5737704918032787
Hecarim,Swain,270,105,0.3888888888888889
RekSai,Sett,134,58,0.43283582089552236
RekSai,Yuumi,100,54,0.54
Sejuani,Yuumi,132,63,0.4772727272727273
Gragas,Sejuani,122,57,0.4672131147540984
Braum,Yuumi,183,99,0.5409836065573771
Braum,Gragas,155,80,0.5161290322580645
Alistar,Janna,171,79,0.4619883040935672
Kennen,Kled,62,39,0.6290322580645161
Darius,Rengar,325,172,0.5292307692307693
Kled,Seraphine,149,71,0.47651006711409394
Anivia,KSante,114,61,0.5350877192982456
Gnar,Khazix,133,71,0.5338345864661654
Anivia,Hwei,234,112,0.47863247863247865
Annie,Elise,100,52,0.52
Gragas,Soraka,210,84,0.4
Camille,Quinn,79,36,0.45569620253164556
Karthus,Sejuani,99,47,0.47474747474747475
Sejuani,TahmKench,162,86,0.5308641975308642
Anivia,KogMaw,170,84,0.49411764705882355
Ambessa,KogMaw,136,75,0.5514705882352942
KogMaw,Renata,108,47,0.4351851851851852
Renata,Viktor,122,64,0.5245901639344263
Nautilus,Renata,216,104,0.48148148148148145
Quinn,Yuumi,175,84,0.48
Corki,Sion,188,83,0.44148936170212766
Corki,Malzahar,234,109,0.4658119658119658
Chogath,Lulu,424,248,0.5849056603773585
Corki,Yunara,175,80,0.45714285714285713
Illaoi,Olaf,136,63,0.4632352941176471
Illaoi,Malzahar,289,140,0.4844290657439446
Olaf,Varus,165,99,0.6
Shen,Talon,167,86,0.5149700598802395
Shen,Zilean,162,77,0.47530864197530864
Ekko,Zilean,216,117,0.5416666666666666
Blitzcrank,Shen,370,175,0.47297297297297297
Jax,Zeri,247,134,0.5425101214574899
Rell,Zeri,119,65,0.5462184873949579
Mordekaiser,Shyvana,227,115,0.5066079295154186
Kassadin,Renekton,101,39,0.38613861386138615
Karthus,Malzahar,239,114,0.4769874476987448
Gwen,Rumble,132,69,0.5227272727272727
Rumble,Shyvana,72,40,0.5555555555555556
Ekko,Rell,231,111,0.4805194805194805
Milio,Rakan,205,122,0.5951219512195122
Azir,Singed,148,62,0.4189189189189189
Azir,Poppy,144,63,0.4375
Azir,Warwick,225,85,0.37777777777777777
AurelionSol,Katarina,254,122,0.48031496062992124
Lissandra,Poppy,125,68,0.544
Alistar,Lissandra,122,76,0.6229508196721312
Alistar,Irelia,191,101,0.5287958115183246
Kayle,Udyr,273,140,0.5128205128205128
Poppy,Sivir,228,121,0.5307017543859649
Aatrox,Heimerdinger,257,119,0.46303501945525294
Elise,Qiyana,108,53,0.49074074074074076
Elise,Taliyah,77,37,0.4805194805194805
Neeko,Taliyah,143,75,0.5244755244755245
Amumu,Azir,217,125,0.576036866359447
Azir,Brand,230,92,0.4
Azir,Shaco,197,82,0.41624365482233505
Sejuani,Talon,103,56,0.5436893203883495
Neeko,Sejuani,145,76,0.5241379310344828
Belveth,Talon,101,58,0.5742574257425742
Belveth,Xayah,118,56,0.4745762711864407
Belveth,Nami,204,89,0.4362745098039216
Kalista,Talon,81,46,0.5679012345679012
Akshan,Shen,218,104,0.47706422018348627
Akshan,Ivern,105,49,0.4666666666666667
Nasus,Nocturne,271,142,0.5239852398523985
Fizz,Lissandra,175,81,0.46285714285714286
Kaisa,Rumble,254,125,0.4921259842519685
Naafiri,Singed,191,78,0.4083769633507853
AurelionSol,Rumble,150,72,0.48
Kennen,Renata,82,41,0.5
Amumu,Kennen,206,108,0.5242718446601942
JarvanIV,Kennen,148,80,0.5405405405405406
Janna,Renata,94,43,0.4574468085106383
Hecarim,Janna,129,56,0.43410852713178294
Corki,Evelynn,83,46,0.5542168674698795
Skarner,Volibear,146,59,0.4041095890410959
Elise,Skarner,71,32,0.4507042253521127
Renekton,Sylas,404,205,0.5074257425742574
Sylas,Taric,264,118,0.44696969696969696
Sylas,Sylas,52,2,0.038461538461538464
Kennen,Orianna,155,81,0.5225806451612903
Kennen,Renekton,120,63,0.525
Kennen,Taric,79,40,0.5063291139240507
Kennen,Sylas,258,123,0.47674418604651164
Briar,Lillia,351,186,0.5299145299145299
Kennen,XinZhao,146,75,0.5136986301369864
Alistar,XinZhao,249,111,0.4457831325301205
Ornn,Yorick,221,96,0.4343891402714932
Ornn,Rell,198,86,0.43434343434343436
Nilah,Zac,88,53,0.6022727272727273
KogMaw,Vex,146,69,0.4726027397260274
MonkeyKing,Veigar,403,206,0.511166253101737
Twitch,Twitch,44,4,0.09090909090909091
Evelynn,Thresh,264,135,0.5113636363636364
Draven,Leblanc,212,105,0.49528301886792453
Evelynn,Smolder,300,159,0.53
Evelynn,Syndra,150,73,0.4866666666666667
Nocturne,Sion,306,167,0.545751633986928
Gwen,MonkeyKing,204,89,0.4362745098039216
Illaoi,Irelia,221,121,0.5475113122171946
Renata,Skarner,46,20,0.43478260869565216
Skarner,Sona,104,46,0.4423076923076923
Alistar,Renata,99,63,0.6363636363636364
Annie,Lillia,194,93,0.4793814432989691
Annie,Orianna,187,91,0.48663101604278075
Ivern,Lillia,135,59,0.43703703703703706
Anivia,Leblanc,165,90,0.5454545454545454
Anivia,Samira,198,108,0.5454545454545454
Anivia,Janna,132,63,0.4772727272727273
Orianna,TahmKench,229,110,0.48034934497816595
Draven,Gnar,124,60,0.4838709677419355
Corki,Seraphine,174,87,0.5
Corki,TahmKench,160,76,0.475
Samira,Talon,160,84,0.525
Alistar,Fizz,232,108,0.46551724137931033
Aatrox,Maokai,239,116,0.48535564853556484
Camille,Maokai,94,36,0.3829787234042553
Gwen,Leblanc,257,133,0.5175097276264592
Cassiopeia,Nasus,145,69,0.47586206896551725
Cassiopeia,Lillia,116,47,0.4051724137931034
Cassiopeia,Hwei,150,70,0.4666666666666667
Cassiopeia,KogMaw,108,54,0.5
Nunu,Renata,132,79,0.5984848484848485
Elise,Renata,59,28,0.4745762711864407
Elise,KogMaw,92,36,0.391304347826087
Renata,Sett,236,108,0.4576271186440678
Bard,Rengar,206,104,0.5048543689320388
Rengar,Zac,149,73,0.4899328859060403
Kalista,Rengar,90,52,0.5777777777777777
Cassiopeia,Garen,214,98,0.45794392523364486
Cassiopeia,Zac,106,59,0.5566037735849056
Rammus,Teemo,295,146,0.49491525423728816
Draven,Fiora,160,87,0.54375
Hecarim,TwistedFate,171,78,0.45614035087719296
Bard,Samira,219,98,0.4474885844748858
Rumble,Viktor,124,61,0.49193548387096775
Bard,Viktor,214,109,0.5093457943925234
Kayn,RekSai,160,87,0.54375
RekSai,Yunara,135,65,0.48148148148148145
Nautilus,RekSai,153,71,0.46405228758169936
Rumble,Syndra,131,72,0.549618320610687
Anivia,Kayn,273,142,0.5201465201465202
Corki,Ekko,186,88,0.4731182795698925
Braum,Renata,97,46,0.4742268041237113
Graves,Nautilus,397,203,0.5113350125944585
Gnar,Olaf,92,41,0.44565217391304346
Ahri,Gnar,272,127,0.46691176470588236
Graves,Rakan,190,92,0.4842105263157895
Gwen,Sylas,473,239,0.5052854122621564
Nidalee,Quinn,147,69,0.46938775510204084
Pantheon,Pantheon,70,12,0.17142857142857143
Akshan,Nilah,102,43,0.4215686274509804
Fizz,Tryndamere,276,146,0.5289855072463768
Hecarim,Thresh,329,173,0.5258358662613982
Aatrox,KSante,200,99,0.495
Aatrox,Ziggs,321,146,0.45482866043613707
KSante,Kled,82,43,0.524390243902439
Alistar,KSante,134,72,0.5373134328358209
Lillia,Ryze,187,87,0.46524064171123
Corki,Mordekaiser,244,110,0.45081967213114754
Kled,Morgana,187,96,0.5133689839572193
Evelynn,Lulu,168,90,0.5357142857142857
Evelynn,Rammus,104,56,0.5384615384615384
Hecarim,Leblanc,157,91,0.5796178343949044
Darius,Janna,301,150,0.4983388704318937
Gwen,Seraphine,437,220,0.5034324942791762
Camille,Shaco,178,87,0.4887640449438202
Nami,Shaco,589,297,0.5042444821731749
Neeko,Sion,340,155,0.45588235294117646
Udyr,XinZhao,230,117,0.508695652173913
Aatrox,XinZhao,334,148,0.4431137724550898
Leblanc,Udyr,164,76,0.4634146341463415
Ryze,Trundle,200,110,0.55
Elise,Pantheon,248,106,0.4274193548387097
Elise,Vex,96,47,0.4895833333333333
LeeSin,Vex,224,92,0.4107142857142857
Sejuani,Yorick,136,64,0.47058823529411764
FiddleSticks,Veigar,393,190,0.48346055979643765
Vladimir,Zyra,312,145,0.46474358974358976
Sejuani,XinZhao,149,82,0.5503355704697986
Akali,Urgot,299,137,0.45819397993311034
Maokai,Urgot,191,84,0.4397905759162304
Cassiopeia,Maokai,137,68,0.49635036496350365
Kennen,Ryze,121,62,0.512396694214876
Ezreal,Ryze,388,176,0.4536082474226804
Lulu,XinZhao,289,128,0.4429065743944637
LeeSin,Ziggs,280,146,0.5214285714285715
Rengar,Veigar,313,141,0.4504792332268371
Akshan,Alistar,164,83,0.5060975609756098
Belveth,Garen,229,105,0.4585152838427948
Belveth,Evelynn,97,54,0.5567010309278351
Belveth,Qiyana,83,49,0.5903614457831325
Kled,Qiyana,55,27,0.4909090909090909
Illaoi,Kled,97,46,0.4742268041237113
Chogath,Chogath,172,4,0.023255813953488372
Skarner,Soraka,83,38,0.4578313253012048
Skarner,Vladimir,93,45,0.4838709677419355
Alistar,Vladimir,247,108,0.43724696356275305
Elise,Illaoi,94,44,0.46808510638297873
Elise,Syndra,152,80,0.5263157894736842
Sejuani,Seraphine,201,101,0.5024875621890548
Leblanc,Sivir,263,120,0.45627376425855515
Irelia,Lulu,267,146,0.5468164794007491
AurelionSol,Warwick,370,199,0.5378378378378378
Ambessa,Lissandra,142,74,0.5211267605633803
Hecarim,Neeko,169,80,0.47337278106508873
Hecarim,Orianna,164,74,0.45121951219512196
Fiora,Shaco,239,126,0.5271966527196653
Anivia,Belveth,100,51,0.51
Renekton,Tryndamere,200,87,0.435
Anivia,Smolder,374,174,0.46524064171123
Anivia,Anivia,17,0,0.0
Anivia,Nasus,213,116,0.5446009389671361
Heimerdinger,Xayah,233,118,0.5064377682403434
Kalista,Twitch,161,84,0.5217391304347826
Kalista,Lulu,122,50,0.4098360655737705
Heimerdinger,Nami,307,176,0.5732899022801303
MonkeyKing,Shyvana,100,48,0.48
Shyvana,XinZhao,140,67,0.4785714285714286
Kled,Thresh,172,79,0.45930232558139533
Kled,XinZhao,124,51,0.4112903225806452
Graves,Seraphine,325,168,0.5169230769230769
Gragas,Kalista,110,55,0.5
Draven,KogMaw,193,77,0.39896373056994816
KogMaw,Zeri,141,78,0.5531914893617021
TahmKench,Zeri,189,95,0.5026455026455027
Chogath,Janna,292,158,0.541095890410959
Kindred,Trundle,180,83,0.46111111111111114
Kindred,Syndra,175,94,0.5371428571428571
Ornn,Zeri,155,72,0.4645161290322581
Azir,Vladimir,154,80,0.5194805194805194
Azir,Diana,210,95,0.4523809523809524
Ezreal,Kled,193,89,0.46113989637305697
Brand,Ivern,215,115,0.5348837209302325
Kassadin,Tryndamere,121,58,0.4793388429752066
Hecarim,KSante,87,43,0.4942528735632184
Ivern,KSante,75,34,0.4533333333333333
Kled,Sion,145,58,0.4
Kassadin,Sion,178,85,0.47752808988764045
Belveth,RekSai,52,29,0.5576923076923077
Belveth,Pantheon,221,102,0.46153846153846156
Fiora,Naafiri,156,87,0.5576923076923077
Fiora,Kalista,82,45,0.5487804878048781
Aatrox,Nasus,301,142,0.4717607973421927
Lissandra,Sona,142,70,0.49295774647887325
Sion,TahmKench,368,216,0.5869565217391305
Sion,Sion,61,3,0.04918032786885246
Maokai,TahmKench,245,134,0.5469387755102041
Aatrox,Karthus,168,90,0.5357142857142857
Elise,Milio,163,65,0.3987730061349693
Cassiopeia,Trundle,129,57,0.4418604651162791
Graves,Orianna,214,116,0.5420560747663551
Graves,Samira,235,120,0.5106382978723404
Kassadin,Thresh,176,86,0.48863636363636365
Kassadin,Renata,76,36,0.47368421052631576
Renata,Velkoz,141,65,0.46099290780141844
Olaf,Olaf,24,1,0.041666666666666664
Blitzcrank,Fiora,226,103,0.4557522123893805
Fiora,Veigar,284,136,0.4788732394366197
Fiora,Fiora,20,2,0.1
Fiora,Rammus,106,45,0.42452830188679247
Naafiri,Olaf,146,61,0.4178082191780822
Nidalee,Olaf,112,46,0.4107142857142857
Camille,Gragas,97,45,0.4639175257731959
Ambessa,Gragas,216,112,0.5185185185185185
Azir,Pyke,215,92,0.42790697674418604
Lucian,Viktor,329,162,0.49240121580547114
Aphelios,Kalista,91,56,0.6153846153846154
Kalista,Milio,113,43,0.3805309734513274
Akshan,Garen,361,169,0.46814404432132967
Shyvana,Singed,123,64,0.5203252032520326
Shyvana,Talon,82,38,0.4634146341463415
Talon,Ziggs,166,87,0.5240963855421686
Shyvana,TwistedFate,119,73,0.6134453781512605
Rammus,Syndra,141,78,0.5531914893617021
Gangplank,Milio,221,93,0.42081447963800905
Anivia,Yunara,255,130,0.5098039215686274
Galio,Lissandra,183,101,0.5519125683060109
Lissandra,Shaco,196,110,0.5612244897959183
JarvanIV,Yuumi,242,134,0.5537190082644629
Cassiopeia,Janna,108,57,0.5277777777777778
FiddleSticks,Malzahar,354,169,0.4774011299435028
Gnar,Sylas,265,130,0.49056603773584906
Ambessa,Shyvana,127,63,0.49606299212598426
Khazix,Naafiri,193,89,0.46113989637305697
Aurora,Teemo,414,226,0.5458937198067633
Aurora,Ivern,109,59,0.5412844036697247
Ambessa,Xayah,220,105,0.4772727272727273
Anivia,Ivern,101,48,0.4752475247524752
Alistar,Ivern,112,60,0.5357142857142857
Nunu,Xerath,282,140,0.49645390070921985
Nidalee,Sivir,215,110,0.5116279069767442
MasterYi,Nilah,233,100,0.4291845493562232
Belveth,Graves,128,59,0.4609375
Graves,Pyke,284,150,0.528169014084507
Cassiopeia,Hecarim,92,45,0.4891304347826087
Aatrox,Xayah,330,161,0.48787878787878786
JarvanIV,Xayah,242,126,0.5206611570247934
Alistar,Senna,342,157,0.4590643274853801
Anivia,RekSai,70,35,0.5
Zac,Zed,298,154,0.5167785234899329
Nami,Vladimir,421,226,0.5368171021377672
Camille,Lulu,171,82,0.47953216374269003
Qiyana,Zeri,116,56,0.4827586206896552
Elise,RekSai,34,13,0.38235294117647056
Elise,Zoe,106,53,0.5
Elise,Maokai,109,42,0.3853211009174312
Cassiopeia,RekSai,49,23,0.46938775510204084
Cassiopeia,Twitch,195,93,0.47692307692307695
Caitlyn,RekSai,238,120,0.5042016806722689
Akshan,Heimerdinger,165,77,0.4666666666666667
Lucian,Renata,172,79,0.45930232558139533
AurelionSol,Renata,128,68,0.53125
Renata,Sion,169,89,0.5266272189349113
Anivia,Soraka,211,102,0.4834123222748815
Anivia,Heimerdinger,189,80,0.42328042328042326
RekSai,Vex,57,24,0.42105263157894735
Galio,RekSai,132,78,0.5909090909090909
KogMaw,RekSai,65,34,0.5230769230769231
Rakan,Yunara,215,104,0.48372093023255813
Milio,Renata,151,89,0.5894039735099338
Heimerdinger,Khazix,174,110,0.632183908045977
Pyke,Sona,340,161,0.47352941176470587
Hwei,Rumble,130,64,0.49230769230769234
Gragas,Rumble,103,36,0.34951456310679613
Akali,Khazix,321,150,0.4672897196261682
Quinn,Ziggs,180,90,0.5
Taliyah,Udyr,111,66,0.5945945945945946
Lissandra,Udyr,116,61,0.5258620689655172
Kassadin,Lulu,147,70,0.47619047619047616
Graves,Nasus,252,132,0.5238095238095238
Velkoz,Vex,295,154,0.5220338983050847
Shen,Viktor,278,147,0.5287769784172662
Shyvana,Syndra,128,58,0.453125
Hwei,Illaoi,216,108,0.5
Nilah,Vladimir,137,63,0.45985401459854014
Quinn,Urgot,150,64,0.4266666666666667
FiddleSticks,Renata,98,65,0.6632653061224489
Naafiri,Renata,104,49,0.47115384615384615
Taric,Urgot,110,61,0.5545454545454546
Sona,Zilean,177,96,0.5423728813559322
Olaf,Shen,143,81,0.5664335664335665
Shen,Zoe,254,144,0.5669291338582677
Corki,Talon,114,51,0.4473684210526316
Smolder,Zeri,362,193,0.5331491712707183
Corki,Elise,81,45,0.5555555555555556
Briar,Zeri,205,109,0.5317073170731708
Neeko,Shen,294,133,0.4523809523809524
Evelynn,XinZhao,158,69,0.43670886075949367
Evelynn,Orianna,134,68,0.5074626865671642
Nocturne,Poppy,199,98,0.49246231155778897
Gangplank,Riven,163,75,0.4601226993865031
Nilah,Nocturne,151,76,0.5033112582781457
Galio,TwistedFate,293,167,0.5699658703071673
Galio,Nilah,161,87,0.5403726708074534
Lucian,Nilah,198,106,0.5353535353535354
Taric,TwistedFate,132,77,0.5833333333333334
Sivir,Talon,184,99,0.5380434782608695
Yorick,Zoe,211,117,0.5545023696682464
Nocturne,Viego,430,231,0.5372093023255814
Briar,Hwei,365,203,0.5561643835616439
Azir,Udyr,129,51,0.3953488372093023
Gnar,Irelia,154,76,0.4935064935064935
Maokai,Ornn,185,96,0.518918918918919
Belveth,Zeri,85,42,0.49411764705882355
KogMaw,Tryndamere,165,82,0.49696969696969695
Kayn,Vex,338,167,0.4940828402366864
Thresh,Vex,328,162,0.49390243902439024
Gangplank,Zac,137,58,0.4233576642335766
Akali,Zac,222,115,0.5180180180180181
TwistedFate,Viktor,235,104,0.4425531914893617
Kled,Zoe,84,42,0.5
Qiyana,Viktor,140,66,0.4714285714285714
Renata,Riven,113,61,0.5398230088495575
Kindred,Malzahar,286,119,0.4160839160839161
Kassadin,TahmKench,148,82,0.5540540540540541
Annie,Nocturne,188,96,0.5106382978723404
Sejuani,Soraka,162,73,0.4506172839506173
Kalista,Sona,137,61,0.44525547445255476
Graves,Nunu,221,91,0.4117647058823529
Anivia,Aphelios,178,92,0.5168539325842697
Aphelios,Rell,175,83,0.4742857142857143
Qiyana,Rell,109,46,0.42201834862385323
Fiora,Rakan,116,51,0.4396551724137931
Hecarim,Zac,124,58,0.46774193548387094
Corki,Sona,153,68,0.4444444444444444
Corki,Poppy,105,51,0.4857142857142857
Diana,Poppy,375,192,0.512
Graves,Talon,179,89,0.4972067039106145
Azir,Kayle,191,84,0.4397905759162304
Azir,Rakan,97,46,0.4742268041237113
Fiora,Samira,180,86,0.4777777777777778
Ivern,Skarner,63,32,0.5079365079365079
Cassiopeia,Ivern,77,37,0.4805194805194805
Lucian,Sejuani,198,99,0.5
Orianna,Sejuani,119,59,0.4957983193277311
Orianna,Taliyah,140,70,0.5
Irelia,Viego,438,200,0.45662100456621
Akshan,Pantheon,304,140,0.4605263157894737
LeeSin,Tryndamere,261,118,0.4521072796934866
Azir,Yorick,127,57,0.44881889763779526
Yone,Zeri,269,137,0.5092936802973977
Karthus,Zeri,123,65,0.5284552845528455
Belveth,Kennen,68,44,0.6470588235294118
Belveth,Leona,205,111,0.5414634146341464
Kennen,Shen,155,63,0.4064516129032258
Gangplank,Kennen,101,55,0.5445544554455446
Gangplank,Swain,256,127,0.49609375
Gangplank,Leona,242,119,0.49173553719008267
Anivia,Hecarim,137,63,0.45985401459854014
Leblanc,Olaf,123,48,0.3902439024390244
Olaf,Renekton,99,54,0.5454545454545454
Anivia,Swain,288,134,0.4652777777777778
Akshan,Orianna,188,90,0.4787234042553192
Karthus,Orianna,147,76,0.5170068027210885
Leblanc,Maokai,182,80,0.43956043956043955
Briar,Quinn,229,123,0.537117903930131
Corki,Yorick,130,64,0.49230769230769234
Akali,Corki,187,92,0.4919786096256685
Annie,Jinx,449,237,0.5278396436525612
Karthus,Yorick,149,70,0.4697986577181208
Karthus,Poppy,154,85,0.551948051948052
Camille,Hecarim,104,56,0.5384615384615384
Camille,Varus,158,83,0.5253164556962026
Irelia,Zilean,165,79,0.47878787878787876
Kled,Quinn,75,33,0.44
JarvanIV,Taliyah,172,81,0.47093023255813954
Kassadin,Kled,45,21,0.4666666666666667
Kassadin,Taliyah,74,48,0.6486486486486487
Brand,Taliyah,210,114,0.5428571428571428
Bard,Xayah,234,119,0.5085470085470085
Aphelios,TahmKench,232,117,0.5043103448275862
Kalista,Lissandra,63,29,0.4603174603174603
Kalista,Lucian,160,80,0.5
Ivern,Kalista,50,24,0.48
Kalista,Renekton,114,50,0.43859649122807015
Riven,Zoe,192,81,0.421875
Milio,Taric,142,73,0.5140845070422535
Milio,Vladimir,279,151,0.5412186379928315
Elise,Mordekaiser,201,100,0.4975124378109453
Leblanc,Ornn,200,102,0.51
Anivia,Kennen,106,57,0.5377358490566038
Darius,Ryze,306,154,0.5032679738562091
Hecarim,Ryze,134,52,0.3880597014925373
Kalista,Sion,125,53,0.424
Kalista,Ryze,92,43,0.4673913043478261
Belveth,Katarina,139,69,0.49640287769784175
Karma,Lucian,438,223,0.5091324200913242
Gnar,MasterYi,211,101,0.4786729857819905
Amumu,Shaco,476,261,0.5483193277310925
Lissandra,Milio,169,78,0.46153846153846156
Ezreal,Rengar,346,164,0.47398843930635837
Rengar,Thresh,357,142,0.39775910364145656
Diana,Yorick,461,204,0.44251626898047725
Kindred,Zac,153,70,0.45751633986928103
Jayce,Quinn,154,83,0.538961038961039
Aphelios,Olaf,135,56,0.4148148148148148
Alistar,Zaahen,322,130,0.40372670807453415
KSante,Shaco,187,82,0.4385026737967914
KSante,Maokai,130,63,0.4846153846153846
Illaoi,Orianna,166,80,0.4819277108433735
Belveth,Orianna,120,52,0.43333333333333335
Kindred,Sion,286,126,0.4405594405594406
RekSai,Twitch,124,70,0.5645161290322581
Elise,Kaisa,298,154,0.5167785234899329
Ivern,MasterYi,188,89,0.4734042553191489
Anivia,FiddleSticks,176,88,0.5
FiddleSticks,Poppy,194,103,0.5309278350515464
MonkeyKing,Nocturne,213,106,0.49765258215962443
Briar,MonkeyKing,272,140,0.5147058823529411
RekSai,Warwick,138,61,0.4420289855072464
KogMaw,Yorick,163,72,0.44171779141104295
Nunu,Yorick,255,110,0.43137254901960786
Hwei,Nilah,156,79,0.5064102564102564
Corki,Warwick,223,110,0.49327354260089684
Anivia,Corki,128,61,0.4765625
Corki,Nami,217,97,0.4470046082949309
Kled,Nasus,109,53,0.48623853211009177
Naafiri,Shyvana,131,58,0.44274809160305345
Nasus,Shyvana,165,89,0.5393939393939394
Samira,Shyvana,130,66,0.5076923076923077
Nasus,Skarner,89,54,0.6067415730337079
Malzahar,Skarner,151,92,0.609271523178808
Naafiri,Taliyah,117,68,0.5811965811965812
Quinn,Vladimir,186,97,0.521505376344086
Rell,Vladimir,171,88,0.5146198830409356
Evelynn,Heimerdinger,133,51,0.38345864661654133
Ahri,Anivia,398,193,0.4849246231155779
Rell,Viego,208,97,0.46634615384615385
Anivia,Rell,131,73,0.5572519083969466
Karthus,Viktor,167,72,0.4311377245508982
Azir,JarvanIV,156,74,0.47435897435897434
Annie,Zyra,242,125,0.5165289256198347
Heimerdinger,Janna,152,81,0.5328947368421053
Ekko,Janna,243,119,0.4897119341563786
Nilah,Ornn,129,76,0.5891472868217055
Nilah,Shaco,174,98,0.5632183908045977
MonkeyKing,Xayah,218,110,0.5045871559633027
MonkeyKing,Naafiri,181,99,0.5469613259668509
Illaoi,Taric,104,45,0.4326923076923077
Kindred,Kindred,13,1,0.07692307692307693
Alistar,Udyr,174,83,0.47701149425287354
Soraka,Taric,149,72,0.48322147651006714
Evelynn,Singed,130,50,0.38461538461538464
Elise,Yunara,150,73,0.4866666666666667
Kassadin,Sona,120,54,0.45
Kayle,Naafiri,260,131,0.5038461538461538
Gwen,Zoe,239,116,0.48535564853556484
Heimerdinger,Quinn,194,97,0.5
Heimerdinger,Samira,224,111,0.4955357142857143
Cassiopeia,Qiyana,80,40,0.5
Qiyana,Ziggs,157,69,0.4394904458598726
Malphite,Malphite,77,3,0.03896103896103896
Braum,Yone,356,190,0.5337078651685393
Ornn,Skarner,112,56,0.5
Skarner,Vex,76,37,0.4868421052631579
Quinn,TwistedFate,179,98,0.547486033519553
Heimerdinger,KSante,85,46,0.5411764705882353
Leona,Samira,338,168,0.4970414201183432
Poppy,Varus,264,135,0.5113636363636364
Malzahar,Malzahar,51,7,0.13725490196078433
Gnar,Rengar,127,73,0.5748031496062992
Aurora,Kled,89,51,0.5730337078651685
Kled,Ornn,126,67,0.5317460317460317
Rumble,Yuumi,151,78,0.5165562913907285
Lillia,Ornn,284,152,0.5352112676056338
Ornn,Udyr,231,110,0.47619047619047616
Aurora,Aurora,24,2,0.08333333333333333
Aurora,Kindred,179,95,0.5307262569832403
Hecarim,Illaoi,134,65,0.48507462686567165
Evelynn,Hecarim,116,61,0.5258620689655172
Olaf,TwistedFate,149,97,0.6510067114093959
Irelia,Syndra,263,122,0.46387832699619774
Lulu,Riven,257,129,0.5019455252918288
Lulu,Syndra,289,142,0.4913494809688581
Shyvana,Zyra,157,72,0.4585987261146497
Milio,Samira,295,160,0.5423728813559322
Evelynn,KogMaw,97,51,0.5257731958762887
Kassadin,MasterYi,199,101,0.507537688442211
Elise,Shen,138,71,0.5144927536231884
Kled,Rumble,66,30,0.45454545454545453
Gangplank,Kled,79,35,0.4430379746835443
Orianna,Rumble,140,75,0.5357142857142857
Irelia,Veigar,418,226,0.5406698564593302
Braum,Shyvana,99,47,0.47474747474747475
KSante,Kennen,74,39,0.527027027027027
Kennen,Viego,179,104,0.5810055865921788
Kennen,Sona,155,77,0.4967741935483871
Ivern,Taric,76,39,0.5131578947368421
Galio,Taric,169,82,0.48520710059171596
Fiora,Ivern,86,43,0.5
Fiora,Galio,207,103,0.4975845410628019
Skarner,Viego,149,62,0.4161073825503356
Ivern,Karthus,86,44,0.5116279069767442
Ivern,Olaf,83,30,0.3614457831325301
Tryndamere,Yuumi,235,130,0.5531914893617021
Gragas,Leona,268,116,0.43283582089552236
Talon,Zac,137,69,0.5036496350364964
Graves,Nami,402,195,0.48507462686567165
JarvanIV,Kalista,103,46,0.44660194174757284
Kalista,Samira,110,55,0.5
Nidalee,Nocturne,150,65,0.43333333333333335
Graves,Zac,177,80,0.4519774011299435
FiddleSticks,Olaf,157,82,0.5222929936305732
FiddleSticks,Soraka,252,125,0.49603174603174605
Rammus,Zac,110,56,0.509090909090909
Rammus,Trundle,157,68,0.43312101910828027
Jayce,KogMaw,141,70,0.49645390070921985
KogMaw,Rakan,107,52,0.48598130841121495
Fiora,Skarner,55,30,0.5454545454545454
Ivern,Ziggs,117,67,0.5726495726495726
Rakan,Volibear,279,120,0.43010752688172044
KogMaw,Vi,193,88,0.45595854922279794
KogMaw,Sivir,226,117,0.5176991150442478
Fiora,Sivir,214,97,0.4532710280373832
Shyvana,Zeri,106,55,0.5188679245283019
Bard,Yunara,397,209,0.5264483627204031
MonkeyKing,Urgot,179,89,0.4972067039106145
Cassiopeia,Evelynn,74,35,0.47297297297297297
DrMundo,Ivern,242,127,0.5247933884297521
Ivern,Nilah,87,37,0.42528735632183906
Taric,Zeri,90,47,0.5222222222222223
Jayce,Nilah,95,43,0.45263157894736844
Amumu,Nilah,207,114,0.5507246376811594
Milio,Nilah,149,76,0.5100671140939598
Jayce,Jayce,11,1,0.09090909090909091
Poppy,Yasuo,511,258,0.5048923679060665
Cassiopeia,Nami,203,96,0.4729064039408867
Naafiri,Ryze,167,87,0.5209580838323353
Gangplank,Quinn,125,53,0.424
Nasus,Zac,199,104,0.5226130653266332
Aurora,Zac,178,90,0.5056179775280899
Elise,Renekton,141,65,0.46099290780141844
Elise,Sejuani,70,23,0.32857142857142857
Kindred,Ornn,192,106,0.5520833333333334
Aphelios,Syndra,273,127,0.4652014652014652
Illaoi,Samira,221,109,0.49321266968325794
Samira,Sejuani,140,73,0.5214285714285715
Riven,Sivir,250,129,0.516
Ryze,Vex,177,91,0.5141242937853108
Soraka,Vex,237,120,0.5063291139240507
Ryze,Zeri,136,71,0.5220588235294118
Jayce,Zeri,128,56,0.4375
Aatrox,Camille,194,92,0.4742268041237113
Akshan,Irelia,181,81,0.44751381215469616
Illaoi,Illaoi,28,1,0.03571428571428571
Ivern,Sejuani,84,42,0.5
Ivern,Poppy,140,83,0.5928571428571429
Rengar,Xerath,248,112,0.45161290322580644
Kennen,Rengar,130,58,0.4461538461538462
JarvanIV,Rengar,215,116,0.5395348837209303
Akali,MonkeyKing,304,128,0.42105263157894735
Rell,Syndra,154,65,0.42207792207792205
Corki,Jayce,116,54,0.46551724137931033
Jayce,Shaco,235,122,0.5191489361702127
Fizz,Renekton,239,120,0.502092050209205
Illaoi,TahmKench,247,117,0.47368421052631576
Kassadin,Rumble,63,36,0.5714285714285714
Ambessa,Zeri,179,96,0.5363128491620112
Graves,Shyvana,143,66,0.46153846153846156
Hwei,Nasus,290,142,0.4896551724137931
Gragas,Ziggs,186,75,0.4032258064516129
Tristana,Ziggs,386,199,0.5155440414507773
Singed,Viktor,175,91,0.52
Heimerdinger,Rell,162,79,0.4876543209876543
KSante,Ryze,124,59,0.47580645161290325
Azir,Nidalee,118,64,0.5423728813559322
Malzahar,MonkeyKing,343,177,0.5160349854227405
Corki,Kassadin,74,43,0.581081081081081
Bard,Kassadin,111,50,0.45045045045045046
Fiora,Orianna,171,91,0.5321637426900585
Camille,Nidalee,96,44,0.4583333333333333
Camille,Vladimir,173,83,0.4797687861271676
Bard,Camille,105,56,0.5333333333333333
Diana,Nidalee,230,121,0.5260869565217391
JarvanIV,Qiyana,171,88,0.5146198830409356
JarvanIV,TwistedFate,252,139,0.5515873015873016
JarvanIV,Nidalee,185,88,0.4756756756756757
Nidalee,Riven,162,81,0.5
Nidalee,Poppy,161,74,0.45962732919254656
Qiyana,Thresh,291,117,0.4020618556701031
Belveth,Rell,90,46,0.5111111111111111
Akshan,Belveth,105,45,0.42857142857142855
Gangplank,Samira,176,90,0.5113636363636364
Corki,Swain,197,92,0.467005076142132
Illaoi,KSante,118,63,0.5338983050847458
Aurora,Azir,158,85,0.5379746835443038
Azir,Zilean,95,40,0.42105263157894735
Hwei,Hwei,13,2,0.15384615384615385
Kayn,Skarner,152,79,0.5197368421052632
Akshan,Skarner,80,46,0.575
Quinn,Quinn,17,2,0.11764705882352941
Bard,Zoe,242,127,0.5247933884297521
Evelynn,Karthus,110,56,0.509090909090909
MonkeyKing,Olaf,143,62,0.43356643356643354
Olaf,Xayah,122,66,0.5409836065573771
Sejuani,Xayah,141,66,0.46808510638297873
Evelynn,Sejuani,73,33,0.4520547945205479
Irelia,KSante,121,62,0.512396694214876
Sivir,Udyr,228,96,0.42105263157894735
Orianna,Ryze,163,82,0.5030674846625767
Draven,Orianna,225,122,0.5422222222222223
Akshan,Naafiri,168,88,0.5238095238095238
Jax,Taric,224,121,0.5401785714285714
Lucian,Taric,197,94,0.47715736040609136
Belveth,Fiora,79,44,0.5569620253164557
Belveth,Nocturne,114,54,0.47368421052631576
Nunu,Sion,285,138,0.4842105263157895
Ivern,Nami,231,122,0.5281385281385281
Kled,Taliyah,70,35,0.5
Skarner,TwistedFate,103,55,0.5339805825242718
Nocturne,Skarner,67,40,0.5970149253731343
Elise,Nocturne,134,54,0.40298507462686567
Ryze,Shyvana,126,64,0.5079365079365079
Ryze,Ryze,34,0,0.0
Elise,Ryze,106,48,0.4528301886792453
Amumu,Xerath,457,253,0.5536105032822757
Alistar,Velkoz,227,87,0.3832599118942731
Sejuani,Taliyah,89,48,0.5393258426966292
Warwick,Warwick,94,14,0.14893617021276595
Taric,Xerath,149,63,0.4228187919463087
Ivern,Warwick,190,79,0.41578947368421054
KogMaw,Quinn,133,68,0.5112781954887218
Nidalee,Qiyana,134,63,0.4701492537313433
Qiyana,RekSai,60,28,0.4666666666666667
RekSai,Taliyah,53,28,0.5283018867924528
Lissandra,Taliyah,87,41,0.47126436781609193
Samira,Udyr,195,88,0.4512820512820513
Darius,Udyr,351,171,0.48717948717948717
Jayce,Vayne,307,152,0.495114006514658
Jayce,Nasus,168,79,0.47023809523809523
Cassiopeia,Karthus,79,43,0.5443037974683544
Cassiopeia,Ryze,128,55,0.4296875
Kindred,Ryze,150,78,0.52
Nasus,Ryze,243,122,0.5020576131687243
Camille,Zac,78,41,0.5256410256410257
Skarner,Zac,81,32,0.3950617283950617
Skarner,Xerath,98,44,0.4489795918367347
Milio,Zilean,210,95,0.4523809523809524
Nunu,Yunara,326,155,0.4754601226993865
Leblanc,Rumble,121,57,0.47107438016528924
Nami,Rumble,213,103,0.4835680751173709
Yorick,Yorick,20,3,0.15
Gnar,Yorick,142,68,0.4788732394366197
LeeSin,Yorick,258,114,0.4418604651162791
Ryze,Singed,216,100,0.46296296296296297
Kled,Renata,52,30,0.5769230769230769
Elise,Kled,54,22,0.4074074074074074
Alistar,Elise,98,54,0.5510204081632653
Urgot,Zoe,188,108,0.574468085106383
Elise,Urgot,112,52,0.4642857142857143
Kennen,Urgot,125,52,0.416
Kennen,Zyra,201,106,0.527363184079602
Katarina,Katarina,35,3,0.08571428571428572
KSante,Lucian,190,87,0.45789473684210524
Jayce,Renekton,132,53,0.4015151515151515
Braum,Xayah,185,87,0.4702702702702703
Kennen,Yuumi,135,80,0.5925925925925926
Ivern,Yuumi,153,78,0.5098039215686274
Blitzcrank,Zilean,245,125,0.5102040816326531
Akshan,Aphelios,171,75,0.43859649122807015
Evelynn,Viktor,133,69,0.518796992481203
Gragas,Naafiri,167,86,0.5149700598802395
Varus,Viktor,275,142,0.5163636363636364
Renata,Udyr,89,43,0.48314606741573035
Evelynn,Urgot,133,64,0.48120300751879697
Rumble,Warwick,171,84,0.49122807017543857
Milio,Rumble,137,82,0.5985401459854015
Smolder,Smolder,69,4,0.057971014492753624
Smolder,Talon,378,211,0.5582010582010583
Skarner,Talon,57,28,0.49122807017543857
Alistar,Graves,197,93,0.4720812182741117
Ahri,Nilah,212,101,0.47641509433962265
KogMaw,Ryze,177,91,0.5141242937853108
Gangplank,KogMaw,129,55,0.4263565891472868
Gangplank,Zeri,135,72,0.5333333333333333
Rammus,Zeri,104,61,0.5865384615384616
Belveth,Shen,145,73,0.503448275862069
Fiora,Taliyah,92,41,0.44565217391304346
Aurora,Orianna,233,115,0.49356223175965663
Aurora,Gnar,140,65,0.4642857142857143
Gnar,Ornn,166,79,0.4759036144578313
Ornn,Talon,177,81,0.4576271186440678
Annie,Ornn,199,109,0.5477386934673367
Kalista,Khazix,129,63,0.4883720930232558
JarvanIV,Zoe,234,126,0.5384615384615384
Akshan,Zoe,151,67,0.44370860927152317
Anivia,Ornn,192,110,0.5729166666666666
Gangplank,Udyr,154,63,0.4090909090909091
Aphelios,XinZhao,287,140,0.4878048780487805
TahmKench,XinZhao,307,141,0.4592833876221498
Naafiri,Vi,212,91,0.42924528301886794
Shyvana,Skarner,77,49,0.6363636363636364
Aatrox,RekSai,132,71,0.5378787878787878
Illaoi,Nocturne,207,111,0.5362318840579711
Nocturne,RekSai,79,43,0.5443037974683544
Annie,Zaahen,272,117,0.43014705882352944
MonkeyKing,XinZhao,221,119,0.5384615384615384
Hecarim,Zoe,163,90,0.5521472392638037
LeeSin,Nilah,143,61,0.42657342657342656
Nilah,Varus,164,81,0.49390243902439024
Nilah,Senna,203,110,0.541871921182266
Cassiopeia,Varus,181,89,0.49171270718232046
Jax,KSante,242,137,0.5661157024793388
KSante,Zac,135,66,0.4888888888888889
Aatrox,Lissandra,170,85,0.5
Evelynn,Sett,276,129,0.4673913043478261
Rumble,Zac,118,62,0.5254237288135594
Qiyana,Trundle,180,80,0.4444444444444444
Kalista,Zeri,67,38,0.5671641791044776
Kalista,Yunara,133,62,0.46616541353383456
Evelynn,Maokai,135,62,0.45925925925925926
Karma,KogMaw,232,111,0.47844827586206895
Darius,Vladimir,395,210,0.5316455696202531
Gnar,Varus,190,85,0.4473684210526316
Aphelios,Evelynn,137,73,0.5328467153284672
Evelynn,Graves,141,86,0.6099290780141844
Camille,Orianna,107,53,0.4953271028037383
Camille,Vayne,246,116,0.4715447154471545
Braum,Vi,193,79,0.40932642487046633
Camille,Janna,109,63,0.5779816513761468
KogMaw,Yuumi,201,112,0.5572139303482587
Annie,Khazix,163,91,0.558282208588957
Rammus,Viktor,126,64,0.5079365079365079
Annie,Viktor,153,88,0.5751633986928104
Chogath,RekSai,137,69,0.5036496350364964
Belveth,Nidalee,104,59,0.5673076923076923
Fiora,Sejuani,88,45,0.5113636363636364
Hecarim,Warwick,306,135,0.4411764705882353
Draven,Yorick,224,99,0.4419642857142857
Talon,Volibear,273,124,0.4542124542124542
Kalista,Yorick,93,43,0.46236559139784944
Quinn,Syndra,159,81,0.5094339622641509
Akshan,Udyr,144,64,0.4444444444444444
Graves,Kindred,206,83,0.4029126213592233
Graves,Urgot,194,76,0.3917525773195876
Hecarim,Yunara,245,115,0.46938775510204084
Belveth,Soraka,176,78,0.4431818181818182
LeeSin,Xayah,271,155,0.5719557195571956
Katarina,Lissandra,200,96,0.48
Lissandra,Soraka,161,80,0.4968944099378882
Soraka,Vladimir,296,164,0.5540540540540541
Renata,Sejuani,78,36,0.46153846153846156
Kayn,Sejuani,221,121,0.5475113122171946
Hecarim,Lissandra,101,53,0.5247524752475248
Hecarim,Rell,136,76,0.5588235294117647
Akali,Janna,227,102,0.44933920704845814
Aurora,LeeSin,290,156,0.5379310344827586
FiddleSticks,LeeSin,239,120,0.502092050209205
Belveth,Braum,86,42,0.4883720930232558
Jayce,Shen,164,75,0.4573170731707317
Fizz,Kennen,148,80,0.5405405405405406
Braum,Riven,190,88,0.4631578947368421
Belveth,Maokai,116,61,0.5258620689655172
Khazix,Orianna,207,102,0.4927536231884058
Jayce,KSante,97,57,0.5876288659793815
Karthus,Sion,192,94,0.4895833333333333
Taliyah,Talon,111,44,0.3963963963963964
Diana,Sejuani,202,112,0.5544554455445545
Anivia,Evelynn,131,58,0.44274809160305345
Fizz,Qiyana,179,97,0.5418994413407822
Rengar,Ryze,155,66,0.4258064516129032
Jayce,Shyvana,98,44,0.4489795918367347
Lillia,Lissandra,153,80,0.5228758169934641
Lissandra,Nidalee,127,62,0.4881889763779528
Camille,Lissandra,57,33,0.5789473684210527
Braum,Rengar,144,82,0.5694444444444444
Akali,Evelynn,194,103,0.5309278350515464
Ambessa,Samira,246,123,0.5
Ezreal,Kalista,184,94,0.5108695652173914
Corki,Taric,82,38,0.4634146341463415
Kassadin,Kennen,89,41,0.4606741573033708
Kennen,Pyke,216,116,0.5370370370370371
KSante,Samira,125,53,0.424
Sejuani,Zilean,95,48,0.5052631578947369
Kayle,Zilean,244,127,0.5204918032786885
Alistar,Vex,185,89,0.4810810810810811
Shen,Zac,208,110,0.5288461538461539
Gragas,Kennen,124,64,0.5161290322580645
KogMaw,Viktor,178,97,0.5449438202247191
Lissandra,Tryndamere,108,56,0.5185185185185185
Aphelios,AurelionSol,222,101,0.45495495495495497
Leona,Rakan,225,117,0.52
Camille,JarvanIV,145,80,0.5517241379310345
Rell,Yuumi,155,77,0.4967741935483871
Kennen,Maokai,138,64,0.463768115942029
Kennen,Neeko,169,76,0.44970414201183434
Elise,Hecarim,98,44,0.4489795918367347
Hecarim,Soraka,219,115,0.5251141552511416
Corki,Maokai,120,55,0.4583333333333333
Ivern,Shen,160,79,0.49375
Camille,Shen,133,55,0.41353383458646614
Maokai,Renata,113,55,0.48672566371681414
Leblanc,Poppy,197,80,0.40609137055837563
Riven,Skarner,87,43,0.4942528735632184
Orianna,Rell,146,77,0.5273972602739726
Renekton,Vladimir,220,115,0.5227272727272727
Kalista,Nilah,66,32,0.48484848484848486
Nilah,Velkoz,148,73,0.49324324324324326
Leblanc,Warwick,375,158,0.42133333333333334
Nocturne,Taric,115,48,0.41739130434782606
Irelia,Quinn,177,78,0.4406779661016949
Galio,Janna,214,102,0.4766355140186916
Heimerdinger,Shyvana,119,54,0.453781512605042
Shyvana,Zed,177,86,0.4858757062146893
Qiyana,Rengar,158,65,0.41139240506329117
Milio,Qiyana,210,124,0.5904761904761905
Skarner,Xayah,88,38,0.4318181818181818
Maokai,RekSai,67,36,0.5373134328358209
RekSai,TwistedFate,81,41,0.5061728395061729
AurelionSol,Olaf,131,66,0.5038167938931297
AurelionSol,Udyr,167,96,0.5748502994011976
Olaf,Ornn,157,91,0.5796178343949044
Bard,DrMundo,429,203,0.4731934731934732
Renekton,Viktor,212,101,0.47641509433962265
Hecarim,Zeri,123,66,0.5365853658536586
Corki,Rumble,91,38,0.4175824175824176
Bard,Braum,175,95,0.5428571428571428
Heimerdinger,Kindred,192,110,0.5729166666666666
Hecarim,Kindred,137,51,0.3722627737226277
Xayah,Xayah,11,0,0.0
Ambessa,Heimerdinger,178,92,0.5168539325842697
Ambessa,Hecarim,170,91,0.5352941176470588
Kled,Lissandra,55,31,0.5636363636363636
Kled,Zilean,65,37,0.5692307692307692
Seraphine,Seraphine,39,12,0.3076923076923077
Draven,XinZhao,227,106,0.4669603524229075
Draven,Rell,144,70,0.4861111111111111
Janna,KSante,111,65,0.5855855855855856
KSante,Talon,103,58,0.5631067961165048
Karma,Lissandra,161,74,0.45962732919254656
Tristana,XinZhao,391,182,0.46547314578005117
Soraka,Soraka,36,3,0.08333333333333333
Anivia,Nidalee,160,89,0.55625
Elise,Malzahar,202,87,0.4306930693069307
Elise,Leblanc,111,57,0.5135135135135135
Elise,Nidalee,101,47,0.46534653465346537
Elise,Elise,10,0,0.0
Azir,Elise,73,35,0.4794520547945205
Belveth,Blitzcrank,194,98,0.5051546391752577
Kindred,Skarner,90,52,0.5777777777777777
Fiora,Zeri,97,47,0.4845360824742268
TwistedFate,Zeri,165,89,0.5393939393939394
Cassiopeia,Shyvana,72,39,0.5416666666666666
Gangplank,KSante,88,52,0.5909090909090909
Gangplank,Olaf,103,44,0.42718446601941745
Xayah,Yorick,206,95,0.46116504854368934
Khazix,Rakan,132,69,0.5227272727272727
Rakan,Yorick,185,90,0.4864864864864865
Annie,Fizz,219,114,0.5205479452054794
Annie,Talon,129,61,0.4728682170542636
Galio,Heimerdinger,271,148,0.5461254612546126
Azir,Orianna,133,63,0.47368421052631576
MonkeyKing,RekSai,68,36,0.5294117647058824
Gragas,MonkeyKing,168,72,0.42857142857142855
Kassadin,Zeri,75,39,0.52
Janna,Kassadin,96,53,0.5520833333333334
Bard,Draven,212,92,0.4339622641509434
Neeko,Rell,163,70,0.4294478527607362
MonkeyKing,Renata,100,57,0.57
Orianna,Yuumi,224,113,0.5044642857142857
Rengar,Zaahen,434,157,0.3617511520737327
Riven,Yorick,213,105,0.49295774647887325
KSante,Naafiri,122,42,0.3442622950819672
Vex,Yuumi,188,98,0.5212765957446809
Gnar,Jax,226,99,0.43805309734513276
Skarner,Viktor,92,41,0.44565217391304346
Diana,Skarner,133,73,0.5488721804511278
Kassadin,Maokai,106,64,0.6037735849056604
Nilah,Sona,141,70,0.49645390070921985
Qiyana,Xayah,152,65,0.4276315789473684
Aphelios,Rumble,120,58,0.48333333333333334
Akali,Aphelios,315,148,0.46984126984126984
Braum,Quinn,132,57,0.4318181818181818
Neeko,Taric,145,73,0.503448275862069
Aurora,Taric,124,64,0.5161290322580645
Neeko,Olaf,138,71,0.5144927536231884
Jayce,Skarner,75,38,0.5066666666666667
Cassiopeia,Udyr,85,38,0.4470588235294118
Hecarim,Jayce,141,77,0.5460992907801419
Akshan,Sejuani,117,54,0.46153846153846156
Nilah,Quinn,99,43,0.43434343434343436
Braum,Nilah,114,47,0.41228070175438597
Riven,Riven,18,1,0.05555555555555555
Brand,Fiora,281,148,0.5266903914590747
Fiora,Nidalee,149,86,0.5771812080536913
Braum,Gnar,108,60,0.5555555555555556
Taliyah,Yorick,120,58,0.48333333333333334
Alistar,Rumble,127,56,0.4409448818897638
Tryndamere,Yunara,320,173,0.540625
Akshan,Azir,117,64,0.5470085470085471
Akshan,Neeko,194,90,0.4639175257731959
Nunu,Udyr,189,102,0.5396825396825397
Brand,Nunu,427,228,0.5339578454332553
Udyr,Velkoz,189,89,0.4708994708994709
Ekko,Hecarim,300,143,0.4766666666666667
Amumu,Hecarim,265,151,0.569811320754717
Cassiopeia,Zyra,136,58,0.4264705882352941
Brand,Rell,254,143,0.562992125984252
Rell,Yunara,215,124,0.5767441860465117
Jax,Kassadin,210,122,0.580952380952381
KogMaw,Syndra,193,105,0.5440414507772021
Lillia,Qiyana,140,77,0.55
Rammus,Zyra,182,90,0.4945054945054945
Heimerdinger,Udyr,158,79,0.5
Rammus,Udyr,122,56,0.45901639344262296
Elise,Rammus,66,26,0.3939393939393939
KogMaw,Volibear,278,149,0.5359712230215827
Leblanc,Rengar,180,86,0.4777777777777778
Nidalee,Rumble,110,50,0.45454545454545453
Lulu,Zoe,212,103,0.4858490566037736
Kassadin,Rengar,116,59,0.5086206896551724
Kassadin,Shen,131,57,0.4351145038167939
Irelia,Kassadin,110,61,0.5545454545454546
Maokai,Rakan,125,73,0.584
Skarner,Urgot,92,40,0.43478260869565216
Skarner,Taliyah,70,39,0.5571428571428572
Nunu,Rumble,129,64,0.49612403100775193
Vayne,Vayne,60,5,0.08333333333333333
Chogath,Kassadin,192,95,0.4947916666666667
Ambessa,Rammus,133,61,0.45864661654135336
Ambessa,Zac,198,93,0.4696969696969697
Udyr,Zac,160,77,0.48125
Cassiopeia,TahmKench,168,72,0.42857142857142855
Cassiopeia,Cassiopeia,7,1,0.14285714285714285
Shyvana,TahmKench,160,79,0.49375
Garen,Lissandra,205,119,0.5804878048780487
Lulu,MonkeyKing,219,104,0.4748858447488584
Briar,Qiyana,200,116,0.58
Cassiopeia,Xayah,154,81,0.525974025974026
Belveth,Kalista,59,28,0.4745762711864407
Cassiopeia,Leblanc,113,59,0.5221238938053098
Gnar,Qiyana,91,46,0.5054945054945055
Bard,Nocturne,194,97,0.5
Fizz,Gragas,203,116,0.5714285714285714
Cassiopeia,Jax,198,101,0.51010101010101
JarvanIV,Samira,256,128,0.5
Alistar,Aphelios,189,98,0.5185185185185185
Elise,Khazix,110,58,0.5272727272727272
Evelynn,Taric,90,48,0.5333333333333333
Riven,Shyvana,114,49,0.4298245614035088
Braum,Heimerdinger,176,86,0.48863636363636365
Nautilus,Shyvana,224,109,0.48660714285714285
Akshan,Braum,152,65,0.4276315789473684
Aphelios,Pyke,327,171,0.5229357798165137
Kennen,Rakan,103,57,0.5533980582524272
Aurora,Vex,185,80,0.43243243243243246
Camille,Nocturne,110,53,0.4818181818181818
Gragas,Karthus,134,58,0.43283582089552236
Karthus,Leona,219,103,0.4703196347031963
TahmKench,Yorick,297,133,0.4478114478114478
Ambessa,Belveth,119,60,0.5042016806722689
Heimerdinger,Rengar,174,115,0.6609195402298851
Annie,Ivern,110,54,0.4909090909090909
Olaf,Rumble,71,35,0.49295774647887325
Shyvana,Sion,175,92,0.5257142857142857
Ornn,Sejuani,137,67,0.48905109489051096
Renata,Zac,91,48,0.5274725274725275
FiddleSticks,Qiyana,123,65,0.5284552845528455
Azir,Qiyana,91,46,0.5054945054945055
Pyke,Rell,242,106,0.4380165289256198
Azir,Rell,112,49,0.4375
Yorick,Yuumi,259,155,0.5984555984555985
Shyvana,Vex,123,57,0.4634146341463415
Shyvana,Shyvana,16,0,0.0
Katarina,Rakan,168,89,0.5297619047619048
Jayce,Renata,92,47,0.5108695652173914
Soraka,TwistedFate,292,166,0.5684931506849316
Ambessa,Cassiopeia,113,59,0.5221238938053098
Annie,KSante,98,61,0.6224489795918368
KSante,Singed,140,53,0.37857142857142856
Camille,KSante,96,42,0.4375
Kled,Nilah,63,30,0.47619047619047616
Graves,Kassadin,104,64,0.6153846153846154
Fizz,RekSai,88,46,0.5227272727272727
Camille,Nautilus,214,107,0.5
Lillia,RekSai,105,63,0.6
Illaoi,Syndra,189,93,0.49206349206349204
Rengar,Udyr,142,64,0.4507042253521127
Neeko,Nilah,151,72,0.4768211920529801
Gnar,Zac,121,63,0.5206611570247934
Gnar,Zilean,96,48,0.5
Gragas,Renata,112,55,0.49107142857142855
Renata,XinZhao,109,57,0.5229357798165137
Fiora,Qiyana,87,44,0.5057471264367817
Khazix,Yorick,184,89,0.483695652173913
Karma,Samira,266,145,0.5451127819548872
Kalista,Nautilus,164,89,0.5426829268292683
Gragas,Khazix,170,87,0.5117647058823529
Gnar,Sejuani,89,45,0.5056179775280899
Alistar,Bard,205,88,0.4292682926829268
Alistar,Evelynn,132,67,0.5075757575757576
Azir,Kalista,77,37,0.4805194805194805
Anivia,Kalista,89,44,0.4943820224719101
Darius,Kennen,218,119,0.5458715596330275
Cassiopeia,Skarner,51,29,0.5686274509803921
FiddleSticks,Kalista,100,58,0.58
Kalista,Kindred,87,48,0.5517241379310345
Galio,Gragas,247,131,0.5303643724696356
Vladimir,Vladimir,42,1,0.023809523809523808
Rammus,Skarner,72,41,0.5694444444444444
Galio,Renekton,281,145,0.5160142348754448
Soraka,Swain,454,223,0.4911894273127753
Hecarim,Ziggs,167,70,0.41916167664670656
Ambessa,Neeko,268,147,0.5485074626865671
Gnar,Talon,107,54,0.5046728971962616
Olaf,Vi,156,79,0.5064102564102564
Aphelios,Belveth,127,71,0.5590551181102362
Azir,Rumble,82,41,0.5
Leblanc,Nasus,242,101,0.41735537190082644
Anivia,Elise,98,52,0.5306122448979592
Janna,Taliyah,104,59,0.5673076923076923
KogMaw,Zoe,163,81,0.49693251533742333
Heimerdinger,Poppy,183,109,0.5956284153005464
Gnar,Gwen,137,69,0.5036496350364964
Kalista,Yone,169,91,0.5384615384615384
Elise,Varus,160,73,0.45625
Hwei,Vex,207,112,0.5410628019323671
Kindred,Taliyah,124,61,0.49193548387096775
Cassiopeia,Heimerdinger,102,55,0.5392156862745098
Cassiopeia,Taric,82,37,0.45121951219512196
AurelionSol,Vladimir,223,113,0.5067264573991032
Poppy,Vex,162,66,0.4074074074074074
Camille,Elise,75,38,0.5066666666666667
Singed,XinZhao,254,136,0.5354330708661418
Kassadin,Leblanc,136,75,0.5514705882352942
Ziggs,Ziggs,23,3,0.13043478260869565
Kassadin,Nocturne,98,46,0.46938775510204084
Annie,Nautilus,340,180,0.5294117647058824
RekSai,Singed,74,37,0.5
Camille,Jayce,90,50,0.5555555555555556
Pantheon,Zac,330,172,0.5212121212121212
Taric,Zac,93,39,0.41935483870967744
Taliyah,XinZhao,141,68,0.48226950354609927
Diana,Renata,157,81,0.5159235668789809
Briar,Renata,141,76,0.5390070921985816
Renata,Shen,127,63,0.49606299212598426
Nilah,Pantheon,255,125,0.49019607843137253
DrMundo,Nidalee,319,184,0.5768025078369906
FiddleSticks,Ziggs,221,106,0.4796380090497738
Cassiopeia,Corki,95,47,0.49473684210526314
Corki,Ivern,69,40,0.5797101449275363
Ivern,Lissandra,78,34,0.4358974358974359
Corki,Olaf,85,45,0.5294117647058824
KogMaw,Zilean,144,72,0.5
Draven,Zeri,153,78,0.5098039215686274
Belveth,MonkeyKing,105,47,0.44761904761904764
Elise,MonkeyKing,89,43,0.48314606741573035
Elise,Rengar,108,54,0.5
Corki,Rengar,104,52,0.5
Cassiopeia,Viego,172,80,0.46511627906976744
Kled,Velkoz,123,61,0.4959349593495935
Rumble,Velkoz,142,60,0.4225352112676056
Kled,Poppy,88,38,0.4318181818181818
Fiora,Rumble,90,43,0.4777777777777778
Aphelios,Kled,98,52,0.5306122448979592
Kled,Sylas,171,91,0.5321637426900585
Rumble,Sylas,220,97,0.4409090909090909
Leblanc,Nidalee,198,101,0.51010101010101
Rell,Sejuani,116,64,0.5517241379310345
Anivia,Zilean,157,72,0.4585987261146497
Singed,Zac,165,94,0.5696969696969697
Rell,Renata,91,41,0.45054945054945056
Rell,Urgot,158,82,0.5189873417721519
JarvanIV,Rell,132,62,0.4696969696969697
Kled,Olaf,64,31,0.484375
Nami,Ziggs,427,234,0.5480093676814989
KSante,Nunu,150,65,0.43333333333333335
Ryze,Viktor,175,87,0.49714285714285716
Anivia,Braum,160,84,0.525
Draven,Udyr,157,76,0.4840764331210191
Gwen,Rakan,199,100,0.5025125628140703
Rakan,Yone,286,161,0.5629370629370629
Belveth,Janna,113,54,0.4778761061946903
Rell,Udyr,140,66,0.4714285714285714
MonkeyKing,Ryze,183,100,0.546448087431694
Anivia,Jax,357,181,0.5070028011204482
JarvanIV,Lissandra,156,80,0.5128205128205128
FiddleSticks,FiddleSticks,22,3,0.13636363636363635
FiddleSticks,Katarina,226,129,0.5707964601769911
Chogath,Kled,157,77,0.49044585987261147
Kled,Milio,132,72,0.5454545454545454
Karma,Karma,20,0,0.0
Corki,Nocturne,151,64,0.423841059602649
Braum,RekSai,65,37,0.5692307692307692
Elise,Lissandra,84,43,0.5119047619047619
Brand,Corki,249,139,0.5582329317269076
Anivia,Jayce,143,80,0.5594405594405595
Sejuani,Sion,204,95,0.46568627450980393
Belveth,Udyr,95,48,0.5052631578947369
Quinn,RekSai,64,32,0.5
Kayn,Urgot,350,154,0.44
Corki,Hecarim,129,68,0.5271317829457365
Heimerdinger,Nidalee,209,109,0.5215311004784688
Ornn,Ornn,70,1,0.014285714285714285
Azir,Ekko,207,92,0.4444444444444444
Alistar,Talon,158,82,0.5189873417721519
Azir,Kennen,83,43,0.5180722891566265
Kennen,Naafiri,114,56,0.49122807017543857
Akshan,Taric,100,50,0.5
Renekton,Taric,118,56,0.4745762711864407
Singed,Taric,138,72,0.5217391304347826
Quinn,Singed,143,70,0.48951048951048953
Cassiopeia,Taliyah,81,40,0.49382716049382713
KSante,Taric,77,22,0.2857142857142857
Kennen,Zoe,138,67,0.4855072463768116
RekSai,Xayah,90,42,0.4666666666666667
KSante,LeeSin,164,86,0.524390243902439
Corki,Riven,152,66,0.4342105263157895
Draven,Skarner,67,39,0.582089552238806
Rumble,Yorick,98,46,0.46938775510204084
Fiora,Maokai,132,59,0.44696969696969696
Camille,Kindred,94,38,0.40425531914893614
Bard,Elise,145,69,0.47586206896551725
Renata,TwistedFate,144,74,0.5138888888888888
Hwei,Trundle,291,142,0.4879725085910653
Aurora,Kassadin,114,70,0.6140350877192983
Kassadin,KogMaw,90,47,0.5222222222222223
Olaf,Zilean,92,51,0.5543478260869565
Camille,Draven,101,55,0.5445544554455446
Ekko,Urgot,268,128,0.47761194029850745
Evelynn,Jayce,120,53,0.44166666666666665
Evelynn,Kalista,74,34,0.4594594594594595
Heimerdinger,XinZhao,219,117,0.5342465753424658
Azir,Ziggs,145,62,0.42758620689655175
Qiyana,Udyr,136,60,0.4411764705882353
Illaoi,Zeri,127,60,0.47244094488188976
Taliyah,Tryndamere,113,60,0.5309734513274337
KogMaw,Samira,202,94,0.46534653465346537
Kassadin,Zilean,85,44,0.5176470588235295
Alistar,Sejuani,132,67,0.5075757575757576
Irelia,Rakan,174,84,0.4827586206896552
Aphelios,Naafiri,211,101,0.4786729857819905
Anivia,Fizz,203,95,0.46798029556650245
Fizz,KSante,141,80,0.5673758865248227
Gragas,Heimerdinger,183,82,0.44808743169398907
Draven,Urgot,220,95,0.4318181818181818
Ezreal,Ezreal,45,8,0.17777777777777778
Graves,Graves,22,1,0.045454545454545456
XinZhao,XinZhao,64,3,0.046875
KogMaw,XinZhao,202,95,0.47029702970297027
Braum,Rammus,122,59,0.48360655737704916
Sejuani,Ziggs,146,64,0.4383561643835616
Karma,Ornn,271,144,0.5313653136531366
Janna,Lissandra,122,56,0.45901639344262296
Aphelios,Lissandra,140,64,0.45714285714285713
Karthus,Olaf,105,41,0.3904761904761905
Galio,Kennen,181,103,0.569060773480663
Azir,Samira,169,75,0.4437869822485207
Anivia,Vladimir,176,84,0.4772727272727273
Samira,Yorick,236,107,0.4533898305084746
Heimerdinger,Nilah,121,59,0.48760330578512395
Nilah,Tryndamere,112,58,0.5178571428571429
Kalista,Urgot,103,48,0.46601941747572817
Nilah,Orianna,125,62,0.496
Janna,Kayle,241,115,0.47717842323651455
Azir,KogMaw,115,46,0.4
RekSai,Zaahen,151,65,0.4304635761589404
Yuumi,Yuumi,88,2,0.022727272727272728
Lissandra,Yuumi,149,71,0.47651006711409394
Illaoi,Kassadin,92,58,0.6304347826086957
Rengar,Yuumi,191,87,0.45549738219895286
Ivern,Rengar,99,52,0.5252525252525253
Aphelios,Ivern,126,72,0.5714285714285714
Shyvana,Tryndamere,127,47,0.3700787401574803
Nilah,Shyvana,91,56,0.6153846153846154
Nilah,Syndra,117,57,0.48717948717948717
Olaf,Shyvana,96,53,0.5520833333333334
Ambessa,Janna,180,96,0.5333333333333333
Cassiopeia,Swain,183,90,0.4918032786885246
Cassiopeia,Viktor,111,51,0.4594594594594595
Illaoi,Singed,173,93,0.5375722543352601
Draven,Rengar,189,100,0.5291005291005291
Anivia,Draven,167,85,0.5089820359281437
Nilah,Renata,60,29,0.48333333333333334
Lulu,Renata,149,67,0.44966442953020136
Aphelios,Renata,121,56,0.4628099173553719
Renata,Rengar,103,66,0.6407766990291263
Briar,Kindred,247,146,0.5910931174089069
Fiora,Viktor,154,74,0.4805194805194805
Annie,Belveth,107,53,0.4953271028037383
Hecarim,Velkoz,214,104,0.48598130841121495
Fizz,MonkeyKing,261,122,0.4674329501915709
Hecarim,Skarner,81,38,0.4691358024691358
Zed,Zed,46,2,0.043478260869565216
Olaf,Rakan,81,51,0.6296296296296297
Olaf,Sejuani,90,49,0.5444444444444444
Nilah,Ryze,119,69,0.5798319327731093
Gnar,Urgot,138,59,0.427536231884058
RekSai,Urgot,74,35,0.47297297297297297
Urgot,Urgot,35,1,0.02857142857142857
KSante,Nasus,151,70,0.46357615894039733
FiddleSticks,Rumble,120,59,0.49166666666666664
FiddleSticks,Lissandra,126,66,0.5238095238095238
Kennen,Taliyah,86,45,0.5232558139534884
Diana,Rumble,171,88,0.5146198830409356
Nasus,Udyr,239,133,0.5564853556485355
Taliyah,Taric,64,28,0.4375
Akshan,Ryze,148,80,0.5405405405405406
Fiora,Lillia,180,87,0.48333333333333334
Lillia,Olaf,145,78,0.5379310344827586
Lissandra,MonkeyKing,123,63,0.5121951219512195
Rumble,Zyra,162,83,0.5123456790123457
Gangplank,Rell,115,50,0.43478260869565216
Nilah,Taliyah,68,37,0.5441176470588235
Heimerdinger,Kennen,149,75,0.5033557046979866
Nilah,Shen,155,76,0.49032258064516127
Nidalee,Renata,109,58,0.5321100917431193
Rumble,Talon,76,40,0.5263157894736842
Elise,Poppy,130,58,0.4461538461538462
Kled,TwistedFate,111,62,0.5585585585585585
Samira,Urgot,212,109,0.5141509433962265
Lissandra,Sejuani,82,48,0.5853658536585366
KSante,Renata,76,35,0.4605263157894737
Cassiopeia,KSante,63,37,0.5873015873015873
Draven,Rakan,162,86,0.5308641975308642
Kalista,Kassadin,55,24,0.43636363636363634
Kassadin,Zoe,98,52,0.5306122448979592
Braum,KogMaw,155,84,0.5419354838709678
Naafiri,Rakan,140,75,0.5357142857142857
Cassiopeia,Fiora,77,40,0.5194805194805194
Kayle,Kled,136,63,0.4632352941176471
Trundle,TwistedFate,232,129,0.5560344827586207
Hecarim,Kled,79,44,0.5569620253164557
RekSai,Tryndamere,70,39,0.5571428571428572
Qiyana,Rumble,94,35,0.3723404255319149
Brand,Brand,110,2,0.01818181818181818
Kalista,Ornn,128,71,0.5546875
Corki,Nilah,86,41,0.47674418604651164
RekSai,Trundle,79,36,0.45569620253164556
Belveth,FiddleSticks,126,65,0.5158730158730159
Qiyana,Taric,81,32,0.3950617283950617
Akshan,Elise,110,63,0.5727272727272728
Graves,RekSai,78,47,0.6025641025641025
Elise,Veigar,224,106,0.4732142857142857
Ivern,TahmKench,149,80,0.5369127516778524
Mordekaiser,RekSai,142,83,0.5845070422535211
Ekko,Skarner,123,72,0.5853658536585366
Ivern,Rumble,67,32,0.47761194029850745
Heimerdinger,RekSai,70,46,0.6571428571428571
Renekton,Zoe,210,110,0.5238095238095238
Rengar,Vayne,346,157,0.45375722543352603
Corki,Skarner,59,27,0.4576271186440678
Gragas,Trundle,165,76,0.46060606060606063
Elise,Rumble,61,32,0.5245901639344263
Anivia,XinZhao,199,90,0.45226130653266333
Camille,Sejuani,92,41,0.44565217391304346
Rammus,Sejuani,78,48,0.6153846153846154
Kalista,Trundle,105,47,0.44761904761904764
Udyr,Udyr,35,0,0.0
Irelia,Irelia,24,2,0.08333333333333333
Cassiopeia,Rumble,74,31,0.4189189189189189
Irelia,Olaf,120,63,0.525
Kennen,RekSai,60,30,0.5
Katarina,Leblanc,261,123,0.47126436781609193
Hwei,Shyvana,121,66,0.5454545454545454
Elise,KSante,72,37,0.5138888888888888
Alistar,Trundle,214,105,0.49065420560747663
Ivern,Urgot,135,72,0.5333333333333333
Janna,Kennen,113,57,0.504424778761062
Annie,Camille,72,44,0.6111111111111112
Gnar,Lissandra,85,47,0.5529411764705883
Aphelios,Zilean,167,80,0.47904191616766467
Skarner,Zilean,79,29,0.3670886075949367
Camille,MonkeyKing,125,46,0.368
KogMaw,Qiyana,118,71,0.6016949152542372
Nilah,Yorick,115,52,0.45217391304347826
Rell,Samira,146,81,0.5547945205479452
Nasus,Rell,198,97,0.4898989898989899
Camille,Skarner,50,23,0.46
Fiora,Leblanc,122,63,0.5163934426229508
Shyvana,Soraka,168,75,0.44642857142857145
Fizz,Skarner,106,58,0.5471698113207547
Braum,Lissandra,128,67,0.5234375
Khazix,Sejuani,116,60,0.5172413793103449
Shyvana,Xayah,136,58,0.4264705882352941
Viktor,Zilean,181,95,0.5248618784530387
Rengar,Shyvana,108,45,0.4166666666666667
Belveth,Vi,141,66,0.46808510638297873
Gragas,Zyra,229,87,0.3799126637554585
Aphelios,Irelia,261,138,0.5287356321839081
Rakan,Taliyah,97,41,0.422680412371134
Illaoi,Vladimir,170,96,0.5647058823529412
Akshan,Kennen,112,52,0.4642857142857143
Karthus,Rakan,111,54,0.4864864864864865
Gangplank,Neeko,168,80,0.47619047619047616
Evelynn,KSante,90,44,0.4888888888888889
Nami,Rammus,213,114,0.5352112676056338
Graves,Karthus,171,84,0.49122807017543857
Lillia,Lillia,38,2,0.05263157894736842
Neeko,TwistedFate,284,138,0.4859154929577465
Kled,Nunu,112,52,0.4642857142857143
Cassiopeia,Gnar,74,43,0.581081081081081
Kalista,Vex,89,35,0.39325842696629215
Elise,Kennen,70,31,0.44285714285714284
RekSai,Riven,67,28,0.417910447761194
RekSai,XinZhao,107,46,0.42990654205607476
Gragas,RekSai,65,37,0.5692307692307692
Irelia,RekSai,86,47,0.5465116279069767
Rakan,Zoe,187,99,0.5294117647058824
Rakan,Taric,87,45,0.5172413793103449
Irelia,Lissandra,145,79,0.5448275862068965
Talon,Zilean,121,62,0.512396694214876
Renata,Zeri,84,36,0.42857142857142855
Kennen,Poppy,110,47,0.42727272727272725
Gnar,Ziggs,135,58,0.42962962962962964
Jayce,Talon,108,55,0.5092592592592593
Corki,Renekton,116,51,0.4396551724137931
Fiora,Renata,67,31,0.4626865671641791
Hecarim,Taliyah,107,61,0.5700934579439252
Gnar,Lucian,212,105,0.49528301886792453
Rumble,Shen,149,87,0.5838926174496645
Akshan,Rumble,99,51,0.5151515151515151
KSante,Kalista,74,34,0.4594594594594595
Kindred,Sejuani,104,56,0.5384615384615384
Hecarim,Varus,214,107,0.5
RekSai,Talon,65,34,0.5230769230769231
Ivern,Shyvana,86,37,0.43023255813953487
Ivern,Zilean,78,40,0.5128205128205128
Jayce,RekSai,78,38,0.48717948717948717
Jayce,Qiyana,111,59,0.5315315315315315
RekSai,Zed,112,52,0.4642857142857143
Fiora,Nilah,92,39,0.42391304347826086
Aphelios,Fiora,162,81,0.5
Fiora,Gwen,190,99,0.5210526315789473
Kalista,Sejuani,77,42,0.5454545454545454
Lissandra,Shyvana,74,37,0.5
Gragas,Shyvana,82,36,0.43902439024390244
Belveth,Lissandra,69,35,0.5072463768115942
Kalista,Karma,115,65,0.5652173913043478
Rakan,Singed,146,68,0.4657534246575342
Janna,Viktor,182,93,0.510989010989011
Irelia,TahmKench,270,130,0.48148148148148145
KogMaw,Nilah,93,38,0.40860215053763443
Belveth,Nunu,107,58,0.5420560747663551
Lissandra,Quinn,114,63,0.5526315789473685
Kled,Renekton,104,58,0.5576923076923077
Karma,Rell,190,95,0.5
Rumble,Zeri,95,44,0.4631578947368421
Leblanc,Renata,112,49,0.4375
Janna,RekSai,83,40,0.4819277108433735
RekSai,Xerath,101,44,0.43564356435643564
FiddleSticks,Taric,113,65,0.5752212389380531
Draven,Nilah,117,51,0.4358974358974359
Evelynn,Zilean,108,57,0.5277777777777778
Ivern,Janna,97,51,0.5257731958762887
RekSai,Ziggs,86,43,0.5
Corki,Vladimir,162,78,0.48148148148148145
Alistar,Shyvana,123,58,0.4715447154471545
Olaf,Poppy,128,75,0.5859375
Gragas,Rell,128,59,0.4609375
Nocturne,Samira,230,133,0.5782608695652174
Cassiopeia,LeeSin,160,84,0.525
Poppy,Zeri,154,74,0.4805194805194805
AurelionSol,Elise,108,54,0.5
Corki,Taliyah,90,44,0.4888888888888889
Kalista,Nocturne,107,53,0.4953271028037383
Gragas,Taric,103,43,0.4174757281553398
Thresh,Thresh,39,4,0.10256410256410256
Annie,Urgot,151,64,0.423841059602649
Evelynn,Gnar,83,39,0.46987951807228917
Talon,Talon,7,1,0.14285714285714285
Taric,Taric,19,0,0.0
Akshan,Renekton,148,73,0.49324324324324326
Janna,Ryze,153,79,0.5163398692810458
Quinn,Renata,109,49,0.44954128440366975
Katarina,Taliyah,128,70,0.546875
Corki,Gnar,80,45,0.5625
Cassiopeia,Naafiri,103,46,0.44660194174757284
Kennen,Zac,108,61,0.5648148148148148
Nilah,Zeri,83,53,0.6385542168674698
Cassiopeia,Ziggs,118,51,0.4322033898305085
Kassadin,Kassadin,9,1,0.1111111111111111
Khazix,Lissandra,128,53,0.4140625
Azir,Vex,125,49,0.392
Belveth,Thresh,204,105,0.5147058823529411
Yuumi,Zac,171,85,0.49707602339181284
Corki,Rell,83,44,0.5301204819277109
Ivern,Zeri,89,39,0.43820224719101125
Heimerdinger,Illaoi,187,105,0.5614973262032086
Annie,Rumble,98,56,0.5714285714285714
Sejuani,Shyvana,109,47,0.43119266055045874
Kalista,RekSai,51,28,0.5490196078431373
Lissandra,RekSai,46,23,0.5
Bard,Evelynn,142,70,0.49295774647887325
Taliyah,Vex,113,66,0.584070796460177
Karthus,Skarner,81,40,0.49382716049382713
Kled,Rengar,87,45,0.5172413793103449
KogMaw,Taliyah,103,57,0.5533980582524272
Rumble,Ryze,110,58,0.5272727272727272
Rakan,Udyr,117,56,0.47863247863247865
Gragas,Kassadin,82,38,0.4634146341463415
Camille,Ziggs,130,64,0.49230769230769234
Pantheon,RekSai,153,82,0.5359477124183006
KSante,Sejuani,99,50,0.5050505050505051
Annie,Annie,34,0,0.0
Graves,Kalista,100,54,0.54
Kalista,Shen,109,62,0.5688073394495413
Hecarim,Sejuani,116,59,0.5086206896551724
Braum,Camille,114,61,0.5350877192982456
Quinn,Rumble,90,41,0.45555555555555555
KSante,Olaf,93,43,0.46236559139784944
Karthus,Nilah,95,54,0.5684210526315789
FiddleSticks,RekSai,74,38,0.5135135135135135
Gwen,Gwen,45,9,0.2
Galio,Galio,36,2,0.05555555555555555
KSante,Lissandra,89,40,0.449438202247191
RekSai,Yorick,83,34,0.40963855421686746
Rammus,Taric,103,50,0.4854368932038835
Anivia,Quinn,137,69,0.5036496350364964
Jayce,Zilean,125,60,0.48
Kalista,Lillia,102,45,0.4411764705882353
Gnar,Renata,80,39,0.4875
Anivia,Zoe,206,99,0.48058252427184467
Anivia,Rengar,144,83,0.5763888888888888
Renata,Renata,14,0,0.0
KogMaw,Nidalee,163,85,0.5214723926380368
Pyke,Skarner,135,62,0.45925925925925926
RekSai,Syndra,119,55,0.46218487394957986
Sona,Sona,32,1,0.03125
Jax,Jax,62,8,0.12903225806451613
Rakan,Zilean,119,59,0.4957983193277311
Renekton,Ryze,170,90,0.5294117647058824
Briar,Rumble,158,79,0.5
Fiora,Renekton,145,75,0.5172413793103449
Fiora,Nocturne,206,96,0.46601941747572817
Belveth,Kassadin,60,29,0.48333333333333334
KSante,Shyvana,73,32,0.4383561643835616
KSante,KSante,19,0,0.0
Rumble,Sejuani,79,40,0.5063291139240507
Heimerdinger,Kled,81,45,0.5555555555555556
Olaf,Rell,88,46,0.5227272727272727
Kled,Xayah,94,54,0.574468085106383
Cassiopeia,Yorick,119,53,0.44537815126050423
Rakan,Rakan,9,3,0.3333333333333333
Evelynn,Poppy,135,66,0.4888888888888889
Elise,Kassadin,53,26,0.49056603773584906
Bard,Bard,20,0,0.0
Janna,Sejuani,103,48,0.46601941747572817
Belveth,Gnar,72,33,0.4583333333333333
TahmKench,Zilean,172,87,0.5058139534883721
Camille,Fiora,94,40,0.425531914893617
Evelynn,Evelynn,11,0,0.0
Camille,Qiyana,94,58,0.6170212765957447
Camille,Rumble,60,40,0.6666666666666666
Nilah,Nilah,6,1,0.16666666666666666
Alistar,RekSai,71,40,0.5633802816901409
Gangplank,Skarner,61,23,0.3770491803278688
Khazix,Khazix,19,2,0.10526315789473684
Aphelios,Camille,116,58,0.5
Camille,Taliyah,73,34,0.4657534246575342
Camille,Taric,70,25,0.35714285714285715
Annie,Graves,151,87,0.5761589403973509
Taric,Yorick,106,49,0.46226415094339623
KogMaw,Taric,104,60,0.5769230769230769
Rumble,TahmKench,150,83,0.5533333333333333
Janna,Kalista,90,54,0.6
Gnar,Ivern,76,41,0.5394736842105263
Braum,Neeko,219,116,0.5296803652968036
Kassadin,Shyvana,70,32,0.45714285714285713
Camille,Renata,68,33,0.4852941176470588
Kled,Syndra,104,56,0.5384615384615384
Leona,Leona,91,3,0.03296703296703297
Ivern,Singed,133,63,0.47368421052631576
Illaoi,Rell,154,81,0.525974025974026
Akshan,Cassiopeia,99,55,0.5555555555555556
Lissandra,Riven,113,67,0.5929203539823009
Velkoz,Velkoz,22,2,0.09090909090909091
Urgot,Zilean,151,79,0.5231788079470199
Lissandra,Zac,101,61,0.6039603960396039
Lissandra,Nilah,72,38,0.5277777777777778
Gnar,Vex,115,58,0.5043478260869565
Neeko,Neeko,30,7,0.23333333333333334
Rengar,Rengar,17,5,0.29411764705882354
AurelionSol,Taliyah,110,53,0.4818181818181818
Gangplank,Gangplank,24,0,0.0
Illaoi,Renata,121,55,0.45454545454545453
Renata,Zilean,86,31,0.36046511627906974
Renata,Sivir,147,82,0.5578231292517006
Ryze,Zac,157,86,0.5477707006369427
Shen,Shen,30,1,0.03333333333333333
Kled,Riven,109,49,0.44954128440366975
Vex,Vex,8,0,0.0
Belveth,Jayce,91,53,0.5824175824175825
Poppy,Poppy,32,0,0.0
Rumble,Rumble,8,0,0.0
Ivern,TwistedFate,129,70,0.5426356589147286
Zyra,Zyra,62,1,0.016129032258064516
Zac,Zac,25,0,0.0
Kassadin,Taric,75,37,0.49333333333333335
Varus,Varus,31,5,0.16129032258064516
Tryndamere,Tryndamere,52,5,0.09615384615384616
Lulu,Lulu,22,2,0.09090909090909091
Alistar,Alistar,65,0,0.0
Belveth,Vex,107,50,0.4672897196261682
Rumble,Skarner,54,28,0.5185185185185185
Samira,Samira,18,1,0.05555555555555555
Kalista,Skarner,46,24,0.5217391304347826
Sivir,Skarner,97,62,0.6391752577319587
Poppy,RekSai,84,39,0.4642857142857143
Heimerdinger,Taliyah,116,62,0.5344827586206896
Ambessa,RekSai,99,60,0.6060606060606061
RekSai,Skarner,40,21,0.525
Kassadin,Skarner,47,20,0.425531914893617
Khazix,Taric,119,50,0.42016806722689076
Evelynn,RekSai,51,26,0.5098039215686274
Nunu,Nunu,32,2,0.0625
Draven,Draven,17,1,0.058823529411764705
Qiyana,Skarner,59,30,0.5084745762711864
Belveth,Corki,69,39,0.5652173913043478
Lissandra,Skarner,50,32,0.64
MonkeyKing,MonkeyKing,21,2,0.09523809523809523
Kalista,Kalista,11,0,0.0
Gangplank,Zilean,101,44,0.43564356435643564
Sivir,Sivir,10,0,0.0
Skarner,Taric,65,35,0.5384615384615384
Kalista,Kennen,61,31,0.5081967213114754
Qiyana,Qiyana,11,2,0.18181818181818182
Kassadin,Lissandra,73,40,0.547945205479452
Aphelios,Aphelios,17,4,0.23529411764705882
Janna,Janna,8,0,0.0
Kled,Shyvana,73,36,0.4931506849315068
RekSai,Rell,52,30,0.5769230769230769
Kassadin,RekSai,38,16,0.42105263157894735
Camille,Camille,9,0,0.0
Belveth,Kled,49,25,0.5102040816326531
Belveth,Renata,58,29,0.5
Zoe,Zoe,20,4,0.2
Diana,Diana,30,9,0.3
Elise,Kalista,51,32,0.6274509803921569
Braum,Braum,18,1,0.05555555555555555
Renekton,Renekton,23,3,0.13043478260869565
Taliyah,Taliyah,11,0,0.0
Nidalee,Nidalee,17,1,0.058823529411764705
Belveth,Elise,75,40,0.5333333333333333
Viego,Viego,28,5,0.17857142857142858
TahmKench,TahmKench,49,5,0.10204081632653061
Corki,RekSai,46,19,0.41304347826086957
Milio,Milio,23,2,0.08695652173913043
Gragas,Gragas,19,0,0.0
Nocturne,Nocturne,13,0,0.0
JarvanIV,JarvanIV,18,0,0.0
Rell,Rell,23,1,0.043478260869565216
Sejuani,Sejuani,11,0,0.0
Karthus,Karthus,9,0,0.0
Syndra,Syndra,18,3,0.16666666666666666
KogMaw,KogMaw,16,1,0.0625
Gnar,Gnar,14,1,0.07142857142857142
Skarner,Skarner,8,0,0.0
Orianna,Orianna,8,2,0.25
RekSai,RekSai,9,0,0.0
Viktor,Viktor,8,0,0.0
Lissandra,Lissandra,7,0,0.0
Corki,Corki,10,0,0.0
